ISO-10303-21;
HEADER;
FILE_DESCRIPTION(('Open CASCADE Model'),'2;1');
FILE_NAME('Open CASCADE Shape Model','2026-08-28T20:09:50',('Author'),(
    'Open CASCADE'),'Open CASCADE STEP processor 7.9','Open CASCADE 7.9'
  ,'Unknown');
FILE_SCHEMA(('AUTOMOTIVE_DESIGN { 1 0 10303 214 1 1 1 1 }'));
ENDSEC;
DATA;
#1 = APPLICATION_PROTOCOL_DEFINITION('international standard',
  'automotive_design',2000,#2);
#2 = APPLICATION_CONTEXT(
  'core data for automotive mechanical design processes');
#3 = SHAPE_DEFINITION_REPRESENTATION(#4,#10);
#4 = PRODUCT_DEFINITION_SHAPE('','',#5);
#5 = PRODUCT_DEFINITION('design','',#6,#9);
#6 = PRODUCT_DEFINITION_FORMATION('','',#7);
#7 = PRODUCT('Open CASCADE STEP translator 7.9 7',
  'Open CASCADE STEP translator 7.9 7','',(#8));
#8 = PRODUCT_CONTEXT('',#2,'mechanical');
#9 = PRODUCT_DEFINITION_CONTEXT('part definition',#2,'design');
#10 = ADVANCED_BREP_SHAPE_REPRESENTATION('',(#11,#15),#13151);
#11 = AXIS2_PLACEMENT_3D('',#12,#13,#14);
#12 = CARTESIAN_POINT('',(0.,0.,0.));
#13 = DIRECTION('',(0.,0.,1.));
#14 = DIRECTION('',(1.,0.,-0.));
#15 = MANIFOLD_SOLID_BREP('',#16);
#16 = CLOSED_SHELL('',(#17,#135,#279,#455,#571,#645,#700,#1221,#1246,
    #1329,#1379,#1438,#1492,#1775,#1800,#1876,#1903,#1934,#2073,#2128,
    #2183,#2266,#2371,#2481,#2565,#2649,#2723,#2799,#2854,#2908,#2963,
    #3017,#3072,#3126,#3159,#3213,#3240,#3340,#3371,#3404,#3485,#3539,
    #3613,#3740,#3795,#3873,#3978,#4052,#4117,#4123,#4148,#4252,#4279,
    #4306,#4358,#4385,#4492,#4524,#4549,#4581,#4606,#4684,#4762,#4789,
    #4839,#4866,#4916,#4943,#4991,#4997,#5025,#5031,#5037,#5064,#5091,
    #5118,#5145,#5152,#5179,#5206,#5213,#5220,#5227,#5282,#5289,#8120,
    #8194,#8243,#8290,#8338,#8387,#8436,#8483,#8531,#8580,#8629,#8676,
    #8724,#8773,#8822,#8869,#8917,#8966,#9015,#9062,#9110,#9159,#9208,
    #9255,#9303,#9352,#9401,#9448,#9496,#9545,#9594,#9641,#9689,#9738,
    #9787,#9834,#9882,#9931,#9980,#10027,#10075,#10124,#10173,#10220,
    #10268,#10317,#10366,#10413,#10461,#10510,#10559,#10606,#10654,
    #10703,#10752,#10799,#10847,#10896,#10945,#10992,#11040,#11089,
    #11138,#11185,#11233,#11282,#11331,#11378,#11426,#11475,#11524,
    #11571,#11619,#11668,#11717,#11764,#11812,#11861,#11910,#11957,
    #12005,#12054,#12103,#12150,#12198,#12247,#12296,#12343,#12391,
    #12440,#12489,#12536,#12584,#12633,#12682,#12729,#12777,#12826,
    #12875,#12922,#12950,#13088,#13147));
#17 = ADVANCED_FACE('',(#18),#32,.F.);
#18 = FACE_BOUND('',#19,.F.);
#19 = EDGE_LOOP('',(#20,#55,#83,#111));
#20 = ORIENTED_EDGE('',*,*,#21,.F.);
#21 = EDGE_CURVE('',#22,#24,#26,.T.);
#22 = VERTEX_POINT('',#23);
#23 = CARTESIAN_POINT('',(-11.5,-5.2,-12.95));
#24 = VERTEX_POINT('',#25);
#25 = CARTESIAN_POINT('',(-11.5,-5.2,5.45));
#26 = SURFACE_CURVE('',#27,(#31,#43),.PCURVE_S1.);
#27 = LINE('',#28,#29);
#28 = CARTESIAN_POINT('',(-11.5,-5.2,-13.75));
#29 = VECTOR('',#30,1.);
#30 = DIRECTION('',(0.,0.,1.));
#31 = PCURVE('',#32,#37);
#32 = PLANE('',#33);
#33 = AXIS2_PLACEMENT_3D('',#34,#35,#36);
#34 = CARTESIAN_POINT('',(-11.5,-6.,-13.75));
#35 = DIRECTION('',(1.,0.,0.));
#36 = DIRECTION('',(0.,0.,1.));
#37 = DEFINITIONAL_REPRESENTATION('',(#38),#42);
#38 = LINE('',#39,#40);
#39 = CARTESIAN_POINT('',(0.,-0.8));
#40 = VECTOR('',#41,1.);
#41 = DIRECTION('',(1.,0.));
#42 = ( GEOMETRIC_REPRESENTATION_CONTEXT(2) 
PARAMETRIC_REPRESENTATION_CONTEXT() REPRESENTATION_CONTEXT('2D SPACE',''
  ) );
#43 = PCURVE('',#44,#49);
#44 = CYLINDRICAL_SURFACE('',#45,0.8);
#45 = AXIS2_PLACEMENT_3D('',#46,#47,#48);
#46 = CARTESIAN_POINT('',(-10.7,-5.2,-13.75));
#47 = DIRECTION('',(0.,0.,1.));
#48 = DIRECTION('',(-1.,-0.,0.));
#49 = DEFINITIONAL_REPRESENTATION('',(#50),#54);
#50 = LINE('',#51,#52);
#51 = CARTESIAN_POINT('',(0.,0.));
#52 = VECTOR('',#53,1.);
#53 = DIRECTION('',(0.,1.));
#54 = ( GEOMETRIC_REPRESENTATION_CONTEXT(2) 
PARAMETRIC_REPRESENTATION_CONTEXT() REPRESENTATION_CONTEXT('2D SPACE',''
  ) );
#55 = ORIENTED_EDGE('',*,*,#56,.T.);
#56 = EDGE_CURVE('',#22,#57,#59,.T.);
#57 = VERTEX_POINT('',#58);
#58 = CARTESIAN_POINT('',(-11.5,5.2,-12.95));
#59 = SURFACE_CURVE('',#60,(#64,#71),.PCURVE_S1.);
#60 = LINE('',#61,#62);
#61 = CARTESIAN_POINT('',(-11.5,-6.,-12.95));
#62 = VECTOR('',#63,1.);
#63 = DIRECTION('',(0.,1.,0.));
#64 = PCURVE('',#32,#65);
#65 = DEFINITIONAL_REPRESENTATION('',(#66),#70);
#66 = LINE('',#67,#68);
#67 = CARTESIAN_POINT('',(0.8,0.));
#68 = VECTOR('',#69,1.);
#69 = DIRECTION('',(0.,-1.));
#70 = ( GEOMETRIC_REPRESENTATION_CONTEXT(2) 
PARAMETRIC_REPRESENTATION_CONTEXT() REPRESENTATION_CONTEXT('2D SPACE',''
  ) );
#71 = PCURVE('',#72,#77);
#72 = CYLINDRICAL_SURFACE('',#73,0.8);
#73 = AXIS2_PLACEMENT_3D('',#74,#75,#76);
#74 = CARTESIAN_POINT('',(-10.7,-6.,-12.95));
#75 = DIRECTION('',(0.,1.,0.));
#76 = DIRECTION('',(-1.,0.,0.));
#77 = DEFINITIONAL_REPRESENTATION('',(#78),#82);
#78 = LINE('',#79,#80);
#79 = CARTESIAN_POINT('',(-0.,0.));
#80 = VECTOR('',#81,1.);
#81 = DIRECTION('',(-0.,1.));
#82 = ( GEOMETRIC_REPRESENTATION_CONTEXT(2) 
PARAMETRIC_REPRESENTATION_CONTEXT() REPRESENTATION_CONTEXT('2D SPACE',''
  ) );
#83 = ORIENTED_EDGE('',*,*,#84,.T.);
#84 = EDGE_CURVE('',#57,#85,#87,.T.);
#85 = VERTEX_POINT('',#86);
#86 = CARTESIAN_POINT('',(-11.5,5.2,5.45));
#87 = SURFACE_CURVE('',#88,(#92,#99),.PCURVE_S1.);
#88 = LINE('',#89,#90);
#89 = CARTESIAN_POINT('',(-11.5,5.2,-13.75));
#90 = VECTOR('',#91,1.);
#91 = DIRECTION('',(0.,0.,1.));
#92 = PCURVE('',#32,#93);
#93 = DEFINITIONAL_REPRESENTATION('',(#94),#98);
#94 = LINE('',#95,#96);
#95 = CARTESIAN_POINT('',(0.,-11.2));
#96 = VECTOR('',#97,1.);
#97 = DIRECTION('',(1.,0.));
#98 = ( GEOMETRIC_REPRESENTATION_CONTEXT(2) 
PARAMETRIC_REPRESENTATION_CONTEXT() REPRESENTATION_CONTEXT('2D SPACE',''
  ) );
#99 = PCURVE('',#100,#105);
#100 = CYLINDRICAL_SURFACE('',#101,0.8);
#101 = AXIS2_PLACEMENT_3D('',#102,#103,#104);
#102 = CARTESIAN_POINT('',(-10.7,5.2,-13.75));
#103 = DIRECTION('',(0.,0.,1.));
#104 = DIRECTION('',(-1.,-0.,0.));
#105 = DEFINITIONAL_REPRESENTATION('',(#106),#110);
#106 = LINE('',#107,#108);
#107 = CARTESIAN_POINT('',(-0.,0.));
#108 = VECTOR('',#109,1.);
#109 = DIRECTION('',(-0.,1.));
#110 = ( GEOMETRIC_REPRESENTATION_CONTEXT(2) 
PARAMETRIC_REPRESENTATION_CONTEXT() REPRESENTATION_CONTEXT('2D SPACE',''
  ) );
#111 = ORIENTED_EDGE('',*,*,#112,.T.);
#112 = EDGE_CURVE('',#85,#24,#113,.T.);
#113 = SURFACE_CURVE('',#114,(#118,#124),.PCURVE_S1.);
#114 = LINE('',#115,#116);
#115 = CARTESIAN_POINT('',(-11.5,-6.,5.45));
#116 = VECTOR('',#117,1.);
#117 = DIRECTION('',(0.,-1.,0.));
#118 = PCURVE('',#32,#119);
#119 = DEFINITIONAL_REPRESENTATION('',(#120),#123);
#120 = B_SPLINE_CURVE_WITH_KNOTS('',1,(#121,#122),.UNSPECIFIED.,.F.,.F.,
  (2,2),(-11.2,-0.8),.PIECEWISE_BEZIER_KNOTS.);
#121 = CARTESIAN_POINT('',(19.2,-11.2));
#122 = CARTESIAN_POINT('',(19.2,-0.8));
#123 = ( GEOMETRIC_REPRESENTATION_CONTEXT(2) 
PARAMETRIC_REPRESENTATION_CONTEXT() REPRESENTATION_CONTEXT('2D SPACE',''
  ) );
#124 = PCURVE('',#125,#130);
#125 = PLANE('',#126);
#126 = AXIS2_PLACEMENT_3D('',#127,#128,#129);
#127 = CARTESIAN_POINT('',(-16.,-6.,5.45));
#128 = DIRECTION('',(0.,0.,1.));
#129 = DIRECTION('',(1.,0.,0.));
#130 = DEFINITIONAL_REPRESENTATION('',(#131),#134);
#131 = B_SPLINE_CURVE_WITH_KNOTS('',1,(#132,#133),.UNSPECIFIED.,.F.,.F.,
  (2,2),(-11.2,-0.8),.PIECEWISE_BEZIER_KNOTS.);
#132 = CARTESIAN_POINT('',(4.5,11.2));
#133 = CARTESIAN_POINT('',(4.5,0.8));
#134 = ( GEOMETRIC_REPRESENTATION_CONTEXT(2) 
PARAMETRIC_REPRESENTATION_CONTEXT() REPRESENTATION_CONTEXT('2D SPACE',''
  ) );
#135 = ADVANCED_FACE('',(#136),#44,.T.);
#136 = FACE_BOUND('',#137,.T.);
#137 = EDGE_LOOP('',(#138,#139,#168,#196,#257));
#138 = ORIENTED_EDGE('',*,*,#21,.F.);
#139 = ORIENTED_EDGE('',*,*,#140,.T.);
#140 = EDGE_CURVE('',#22,#141,#143,.T.);
#141 = VERTEX_POINT('',#142);
#142 = CARTESIAN_POINT('',(-10.7,-6.,-12.95));
#143 = SURFACE_CURVE('',#144,(#149,#156),.PCURVE_S1.);
#144 = CIRCLE('',#145,0.8);
#145 = AXIS2_PLACEMENT_3D('',#146,#147,#148);
#146 = CARTESIAN_POINT('',(-10.7,-5.2,-12.95));
#147 = DIRECTION('',(0.,0.,1.));
#148 = DIRECTION('',(-1.,0.,0.));
#149 = PCURVE('',#44,#150);
#150 = DEFINITIONAL_REPRESENTATION('',(#151),#155);
#151 = LINE('',#152,#153);
#152 = CARTESIAN_POINT('',(0.,0.8));
#153 = VECTOR('',#154,1.);
#154 = DIRECTION('',(1.,0.));
#155 = ( GEOMETRIC_REPRESENTATION_CONTEXT(2) 
PARAMETRIC_REPRESENTATION_CONTEXT() REPRESENTATION_CONTEXT('2D SPACE',''
  ) );
#156 = PCURVE('',#157,#162);
#157 = SPHERICAL_SURFACE('',#158,0.8);
#158 = AXIS2_PLACEMENT_3D('',#159,#160,#161);
#159 = CARTESIAN_POINT('',(-10.7,-5.2,-12.95));
#160 = DIRECTION('',(0.,0.,1.));
#161 = DIRECTION('',(-1.,0.,0.));
#162 = DEFINITIONAL_REPRESENTATION('',(#163),#167);
#163 = LINE('',#164,#165);
#164 = CARTESIAN_POINT('',(0.,0.));
#165 = VECTOR('',#166,1.);
#166 = DIRECTION('',(1.,0.));
#167 = ( GEOMETRIC_REPRESENTATION_CONTEXT(2) 
PARAMETRIC_REPRESENTATION_CONTEXT() REPRESENTATION_CONTEXT('2D SPACE',''
  ) );
#168 = ORIENTED_EDGE('',*,*,#169,.T.);
#169 = EDGE_CURVE('',#141,#170,#172,.T.);
#170 = VERTEX_POINT('',#171);
#171 = CARTESIAN_POINT('',(-10.7,-6.,6.));
#172 = SURFACE_CURVE('',#173,(#177,#184),.PCURVE_S1.);
#173 = LINE('',#174,#175);
#174 = CARTESIAN_POINT('',(-10.7,-6.,-13.75));
#175 = VECTOR('',#176,1.);
#176 = DIRECTION('',(0.,0.,1.));
#177 = PCURVE('',#44,#178);
#178 = DEFINITIONAL_REPRESENTATION('',(#179),#183);
#179 = LINE('',#180,#181);
#180 = CARTESIAN_POINT('',(1.570796326795,0.));
#181 = VECTOR('',#182,1.);
#182 = DIRECTION('',(0.,1.));
#183 = ( GEOMETRIC_REPRESENTATION_CONTEXT(2) 
PARAMETRIC_REPRESENTATION_CONTEXT() REPRESENTATION_CONTEXT('2D SPACE',''
  ) );
#184 = PCURVE('',#185,#190);
#185 = PLANE('',#186);
#186 = AXIS2_PLACEMENT_3D('',#187,#188,#189);
#187 = CARTESIAN_POINT('',(-11.5,-6.,-13.75));
#188 = DIRECTION('',(0.,1.,0.));
#189 = DIRECTION('',(0.,0.,1.));
#190 = DEFINITIONAL_REPRESENTATION('',(#191),#195);
#191 = LINE('',#192,#193);
#192 = CARTESIAN_POINT('',(0.,0.8));
#193 = VECTOR('',#194,1.);
#194 = DIRECTION('',(1.,0.));
#195 = ( GEOMETRIC_REPRESENTATION_CONTEXT(2) 
PARAMETRIC_REPRESENTATION_CONTEXT() REPRESENTATION_CONTEXT('2D SPACE',''
  ) );
#196 = ORIENTED_EDGE('',*,*,#197,.F.);
#197 = EDGE_CURVE('',#198,#170,#200,.T.);
#198 = VERTEX_POINT('',#199);
#199 = CARTESIAN_POINT('',(-11.45993420767,-5.45,5.45));
#200 = SURFACE_CURVE('',#201,(#216,#234),.PCURVE_S1.);
#201 = B_SPLINE_CURVE_WITH_KNOTS('',7,(#202,#203,#204,#205,#206,#207,
    #208,#209,#210,#211,#212,#213,#214,#215),.UNSPECIFIED.,.F.,.F.,(8,6,
    8),(0.,0.343469176577,1.),.UNSPECIFIED.);
#202 = CARTESIAN_POINT('',(-11.45993420767,-5.45,5.45));
#203 = CARTESIAN_POINT('',(-11.44355388319,-5.499791875646,5.45));
#204 = CARTESIAN_POINT('',(-11.42328922179,-5.548568710988,
    5.455259008642));
#205 = CARTESIAN_POINT('',(-11.39926616611,-5.595730741844,
    5.465390922734));
#206 = CARTESIAN_POINT('',(-11.37174405059,-5.640750523073,
    5.479958492021));
#207 = CARTESIAN_POINT('',(-11.34109763162,-5.683171333302,
    5.498459337587));
#208 = CARTESIAN_POINT('',(-11.30780724373,-5.722619653356,
    5.520319190931));
#209 = CARTESIAN_POINT('',(-11.2048863287,-5.828049972945,5.591863202633
    ));
#210 = CARTESIAN_POINT('',(-11.12935204192,-5.885890967105,
    5.649051548405));
#211 = CARTESIAN_POINT('',(-11.0481659382,-5.931865394737,5.713285923985
    ));
#212 = CARTESIAN_POINT('',(-10.96325762532,-5.966059059206,
    5.782212699713));
#213 = CARTESIAN_POINT('',(-10.87616734456,-5.988679796165,
    5.853929322772));
#214 = CARTESIAN_POINT('',(-10.78810345848,-6.000000068768,
    5.926948559296));
#215 = CARTESIAN_POINT('',(-10.7,-6.,6.));
#216 = PCURVE('',#44,#217);
#217 = DEFINITIONAL_REPRESENTATION('',(#218),#233);
#218 = B_SPLINE_CURVE_WITH_KNOTS('',7,(#219,#220,#221,#222,#223,#224,
    #225,#226,#227,#228,#229,#230,#231,#232),.UNSPECIFIED.,.F.,.F.,(8,6,
    8),(0.,0.343469176577,1.),.UNSPECIFIED.);
#219 = CARTESIAN_POINT('',(0.317823703928,19.2));
#220 = CARTESIAN_POINT('',(0.383345001882,19.2));
#221 = CARTESIAN_POINT('',(0.449178219781,19.205259008642));
#222 = CARTESIAN_POINT('',(0.515022265062,19.215390922734));
#223 = CARTESIAN_POINT('',(0.580626512362,19.229958492021));
#224 = CARTESIAN_POINT('',(0.64574414243,19.248459337587));
#225 = CARTESIAN_POINT('',(0.710097381156,19.270319190931));
#226 = CARTESIAN_POINT('',(0.89426895129,19.341863202633));
#227 = CARTESIAN_POINT('',(1.011959824828,19.399051548405));
#228 = CARTESIAN_POINT('',(1.126862048864,19.463285923985));
#229 = CARTESIAN_POINT('',(1.239547096036,19.532212699714));
#230 = CARTESIAN_POINT('',(1.350585534135,19.603929322772));
#231 = CARTESIAN_POINT('',(1.460667313529,19.676948559296));
#232 = CARTESIAN_POINT('',(1.570796326795,19.75));
#233 = ( GEOMETRIC_REPRESENTATION_CONTEXT(2) 
PARAMETRIC_REPRESENTATION_CONTEXT() REPRESENTATION_CONTEXT('2D SPACE',''
  ) );
#234 = PCURVE('',#235,#240);
#235 = CYLINDRICAL_SURFACE('',#236,0.55);
#236 = AXIS2_PLACEMENT_3D('',#237,#238,#239);
#237 = CARTESIAN_POINT('',(-16.,-5.45,6.));
#238 = DIRECTION('',(1.,0.,0.));
#239 = DIRECTION('',(0.,-1.,0.));
#240 = DEFINITIONAL_REPRESENTATION('',(#241),#256);
#241 = B_SPLINE_CURVE_WITH_KNOTS('',7,(#242,#243,#244,#245,#246,#247,
    #248,#249,#250,#251,#252,#253,#254,#255),.UNSPECIFIED.,.F.,.F.,(8,6,
    8),(0.,0.343469176577,1.),.UNSPECIFIED.);
#242 = CARTESIAN_POINT('',(1.570796326795,4.540065792321));
#243 = CARTESIAN_POINT('',(1.480265643801,4.55644611681));
#244 = CARTESIAN_POINT('',(1.391580301674,4.576710778204));
#245 = CARTESIAN_POINT('',(1.304619944971,4.600733833886));
#246 = CARTESIAN_POINT('',(1.21935139929,4.628255949405));
#247 = CARTESIAN_POINT('',(1.135819323878,4.658902368371));
#248 = CARTESIAN_POINT('',(1.054152268897,4.69219275627));
#249 = CARTESIAN_POINT('',(0.822492088168,4.795113671291));
#250 = CARTESIAN_POINT('',(0.677085135122,4.870647958075));
#251 = CARTESIAN_POINT('',(0.536595152223,4.951834061798));
#252 = CARTESIAN_POINT('',(0.399803306911,5.03674237468));
#253 = CARTESIAN_POINT('',(0.265583143117,5.123832655432));
#254 = CARTESIAN_POINT('',(0.132820800398,5.211896541512));
#255 = CARTESIAN_POINT('',(0.,5.3));
#256 = ( GEOMETRIC_REPRESENTATION_CONTEXT(2) 
PARAMETRIC_REPRESENTATION_CONTEXT() REPRESENTATION_CONTEXT('2D SPACE',''
  ) );
#257 = ORIENTED_EDGE('',*,*,#258,.F.);
#258 = EDGE_CURVE('',#24,#198,#259,.T.);
#259 = SURFACE_CURVE('',#260,(#265,#272),.PCURVE_S1.);
#260 = CIRCLE('',#261,0.8);
#261 = AXIS2_PLACEMENT_3D('',#262,#263,#264);
#262 = CARTESIAN_POINT('',(-10.7,-5.2,5.45));
#263 = DIRECTION('',(0.,0.,1.));
#264 = DIRECTION('',(-1.,-0.,0.));
#265 = PCURVE('',#44,#266);
#266 = DEFINITIONAL_REPRESENTATION('',(#267),#271);
#267 = LINE('',#268,#269);
#268 = CARTESIAN_POINT('',(0.,19.2));
#269 = VECTOR('',#270,1.);
#270 = DIRECTION('',(1.,0.));
#271 = ( GEOMETRIC_REPRESENTATION_CONTEXT(2) 
PARAMETRIC_REPRESENTATION_CONTEXT() REPRESENTATION_CONTEXT('2D SPACE',''
  ) );
#272 = PCURVE('',#125,#273);
#273 = DEFINITIONAL_REPRESENTATION('',(#274),#278);
#274 = CIRCLE('',#275,0.8);
#275 = AXIS2_PLACEMENT_2D('',#276,#277);
#276 = CARTESIAN_POINT('',(5.3,0.8));
#277 = DIRECTION('',(-1.,0.));
#278 = ( GEOMETRIC_REPRESENTATION_CONTEXT(2) 
PARAMETRIC_REPRESENTATION_CONTEXT() REPRESENTATION_CONTEXT('2D SPACE',''
  ) );
#279 = ADVANCED_FACE('',(#280,#385,#420),#125,.F.);
#280 = FACE_BOUND('',#281,.F.);
#281 = EDGE_LOOP('',(#282,#312,#333,#334,#335,#359));
#282 = ORIENTED_EDGE('',*,*,#283,.F.);
#283 = EDGE_CURVE('',#284,#286,#288,.T.);
#284 = VERTEX_POINT('',#285);
#285 = CARTESIAN_POINT('',(-15.45,-5.45,5.45));
#286 = VERTEX_POINT('',#287);
#287 = CARTESIAN_POINT('',(-15.45,5.45,5.45));
#288 = SURFACE_CURVE('',#289,(#293,#300),.PCURVE_S1.);
#289 = LINE('',#290,#291);
#290 = CARTESIAN_POINT('',(-15.45,-6.,5.45));
#291 = VECTOR('',#292,1.);
#292 = DIRECTION('',(0.,1.,0.));
#293 = PCURVE('',#125,#294);
#294 = DEFINITIONAL_REPRESENTATION('',(#295),#299);
#295 = LINE('',#296,#297);
#296 = CARTESIAN_POINT('',(0.55,0.));
#297 = VECTOR('',#298,1.);
#298 = DIRECTION('',(0.,1.));
#299 = ( GEOMETRIC_REPRESENTATION_CONTEXT(2) 
PARAMETRIC_REPRESENTATION_CONTEXT() REPRESENTATION_CONTEXT('2D SPACE',''
  ) );
#300 = PCURVE('',#301,#306);
#301 = CYLINDRICAL_SURFACE('',#302,0.55);
#302 = AXIS2_PLACEMENT_3D('',#303,#304,#305);
#303 = CARTESIAN_POINT('',(-15.45,-6.,6.));
#304 = DIRECTION('',(0.,1.,0.));
#305 = DIRECTION('',(-1.,0.,0.));
#306 = DEFINITIONAL_REPRESENTATION('',(#307),#311);
#307 = LINE('',#308,#309);
#308 = CARTESIAN_POINT('',(-1.570796326795,0.));
#309 = VECTOR('',#310,1.);
#310 = DIRECTION('',(-0.,1.));
#311 = ( GEOMETRIC_REPRESENTATION_CONTEXT(2) 
PARAMETRIC_REPRESENTATION_CONTEXT() REPRESENTATION_CONTEXT('2D SPACE',''
  ) );
#312 = ORIENTED_EDGE('',*,*,#313,.T.);
#313 = EDGE_CURVE('',#284,#198,#314,.T.);
#314 = SURFACE_CURVE('',#315,(#319,#326),.PCURVE_S1.);
#315 = LINE('',#316,#317);
#316 = CARTESIAN_POINT('',(-16.,-5.45,5.45));
#317 = VECTOR('',#318,1.);
#318 = DIRECTION('',(1.,0.,0.));
#319 = PCURVE('',#125,#320);
#320 = DEFINITIONAL_REPRESENTATION('',(#321),#325);
#321 = LINE('',#322,#323);
#322 = CARTESIAN_POINT('',(0.,0.55));
#323 = VECTOR('',#324,1.);
#324 = DIRECTION('',(1.,0.));
#325 = ( GEOMETRIC_REPRESENTATION_CONTEXT(2) 
PARAMETRIC_REPRESENTATION_CONTEXT() REPRESENTATION_CONTEXT('2D SPACE',''
  ) );
#326 = PCURVE('',#235,#327);
#327 = DEFINITIONAL_REPRESENTATION('',(#328),#332);
#328 = LINE('',#329,#330);
#329 = CARTESIAN_POINT('',(1.570796326795,0.));
#330 = VECTOR('',#331,1.);
#331 = DIRECTION('',(0.,1.));
#332 = ( GEOMETRIC_REPRESENTATION_CONTEXT(2) 
PARAMETRIC_REPRESENTATION_CONTEXT() REPRESENTATION_CONTEXT('2D SPACE',''
  ) );
#333 = ORIENTED_EDGE('',*,*,#258,.F.);
#334 = ORIENTED_EDGE('',*,*,#112,.F.);
#335 = ORIENTED_EDGE('',*,*,#336,.F.);
#336 = EDGE_CURVE('',#337,#85,#339,.T.);
#337 = VERTEX_POINT('',#338);
#338 = CARTESIAN_POINT('',(-11.45993420767,5.45,5.45));
#339 = SURFACE_CURVE('',#340,(#345,#352),.PCURVE_S1.);
#340 = CIRCLE('',#341,0.8);
#341 = AXIS2_PLACEMENT_3D('',#342,#343,#344);
#342 = CARTESIAN_POINT('',(-10.7,5.2,5.45));
#343 = DIRECTION('',(0.,0.,1.));
#344 = DIRECTION('',(-1.,-0.,0.));
#345 = PCURVE('',#125,#346);
#346 = DEFINITIONAL_REPRESENTATION('',(#347),#351);
#347 = CIRCLE('',#348,0.8);
#348 = AXIS2_PLACEMENT_2D('',#349,#350);
#349 = CARTESIAN_POINT('',(5.3,11.2));
#350 = DIRECTION('',(-1.,0.));
#351 = ( GEOMETRIC_REPRESENTATION_CONTEXT(2) 
PARAMETRIC_REPRESENTATION_CONTEXT() REPRESENTATION_CONTEXT('2D SPACE',''
  ) );
#352 = PCURVE('',#100,#353);
#353 = DEFINITIONAL_REPRESENTATION('',(#354),#358);
#354 = LINE('',#355,#356);
#355 = CARTESIAN_POINT('',(-6.28318530718,19.2));
#356 = VECTOR('',#357,1.);
#357 = DIRECTION('',(1.,-0.));
#358 = ( GEOMETRIC_REPRESENTATION_CONTEXT(2) 
PARAMETRIC_REPRESENTATION_CONTEXT() REPRESENTATION_CONTEXT('2D SPACE',''
  ) );
#359 = ORIENTED_EDGE('',*,*,#360,.F.);
#360 = EDGE_CURVE('',#286,#337,#361,.T.);
#361 = SURFACE_CURVE('',#362,(#366,#373),.PCURVE_S1.);
#362 = LINE('',#363,#364);
#363 = CARTESIAN_POINT('',(-16.,5.45,5.45));
#364 = VECTOR('',#365,1.);
#365 = DIRECTION('',(1.,0.,0.));
#366 = PCURVE('',#125,#367);
#367 = DEFINITIONAL_REPRESENTATION('',(#368),#372);
#368 = LINE('',#369,#370);
#369 = CARTESIAN_POINT('',(0.,11.45));
#370 = VECTOR('',#371,1.);
#371 = DIRECTION('',(1.,0.));
#372 = ( GEOMETRIC_REPRESENTATION_CONTEXT(2) 
PARAMETRIC_REPRESENTATION_CONTEXT() REPRESENTATION_CONTEXT('2D SPACE',''
  ) );
#373 = PCURVE('',#374,#379);
#374 = CYLINDRICAL_SURFACE('',#375,0.55);
#375 = AXIS2_PLACEMENT_3D('',#376,#377,#378);
#376 = CARTESIAN_POINT('',(-16.,5.45,6.));
#377 = DIRECTION('',(1.,0.,0.));
#378 = DIRECTION('',(-0.,1.,0.));
#379 = DEFINITIONAL_REPRESENTATION('',(#380),#384);
#380 = LINE('',#381,#382);
#381 = CARTESIAN_POINT('',(-1.570796326795,0.));
#382 = VECTOR('',#383,1.);
#383 = DIRECTION('',(-0.,1.));
#384 = ( GEOMETRIC_REPRESENTATION_CONTEXT(2) 
PARAMETRIC_REPRESENTATION_CONTEXT() REPRESENTATION_CONTEXT('2D SPACE',''
  ) );
#385 = FACE_BOUND('',#386,.F.);
#386 = EDGE_LOOP('',(#387));
#387 = ORIENTED_EDGE('',*,*,#388,.T.);
#388 = EDGE_CURVE('',#389,#389,#391,.T.);
#389 = VERTEX_POINT('',#390);
#390 = CARTESIAN_POINT('',(-12.75,-3.5,5.45));
#391 = SURFACE_CURVE('',#392,(#397,#408),.PCURVE_S1.);
#392 = CIRCLE('',#393,1.25);
#393 = AXIS2_PLACEMENT_3D('',#394,#395,#396);
#394 = CARTESIAN_POINT('',(-14.,-3.5,5.45));
#395 = DIRECTION('',(0.,0.,-1.));
#396 = DIRECTION('',(1.,0.,0.));
#397 = PCURVE('',#125,#398);
#398 = DEFINITIONAL_REPRESENTATION('',(#399),#407);
#399 = ( BOUNDED_CURVE() B_SPLINE_CURVE(2,(#400,#401,#402,#403,#404,#405
,#406),.UNSPECIFIED.,.T.,.F.) B_SPLINE_CURVE_WITH_KNOTS((1,2,2,2,2,1),(
    -2.094395102393,0.,2.094395102393,4.188790204786,6.28318530718,
8.377580409573),.UNSPECIFIED.) CURVE() GEOMETRIC_REPRESENTATION_ITEM() 
RATIONAL_B_SPLINE_CURVE((1.,0.5,1.,0.5,1.,0.5,1.)) REPRESENTATION_ITEM(
  '') );
#400 = CARTESIAN_POINT('',(3.25,2.5));
#401 = CARTESIAN_POINT('',(3.25,0.334936490539));
#402 = CARTESIAN_POINT('',(1.375,1.417468245269));
#403 = CARTESIAN_POINT('',(-0.5,2.5));
#404 = CARTESIAN_POINT('',(1.375,3.582531754731));
#405 = CARTESIAN_POINT('',(3.25,4.665063509461));
#406 = CARTESIAN_POINT('',(3.25,2.5));
#407 = ( GEOMETRIC_REPRESENTATION_CONTEXT(2) 
PARAMETRIC_REPRESENTATION_CONTEXT() REPRESENTATION_CONTEXT('2D SPACE',''
  ) );
#408 = PCURVE('',#409,#414);
#409 = CYLINDRICAL_SURFACE('',#410,1.25);
#410 = AXIS2_PLACEMENT_3D('',#411,#412,#413);
#411 = CARTESIAN_POINT('',(-14.,-3.5,4.25));
#412 = DIRECTION('',(-0.,-0.,-1.));
#413 = DIRECTION('',(1.,0.,0.));
#414 = DEFINITIONAL_REPRESENTATION('',(#415),#419);
#415 = LINE('',#416,#417);
#416 = CARTESIAN_POINT('',(-6.28318530718,-1.2));
#417 = VECTOR('',#418,1.);
#418 = DIRECTION('',(1.,-0.));
#419 = ( GEOMETRIC_REPRESENTATION_CONTEXT(2) 
PARAMETRIC_REPRESENTATION_CONTEXT() REPRESENTATION_CONTEXT('2D SPACE',''
  ) );
#420 = FACE_BOUND('',#421,.F.);
#421 = EDGE_LOOP('',(#422));
#422 = ORIENTED_EDGE('',*,*,#423,.T.);
#423 = EDGE_CURVE('',#424,#424,#426,.T.);
#424 = VERTEX_POINT('',#425);
#425 = CARTESIAN_POINT('',(-12.75,3.5,5.45));
#426 = SURFACE_CURVE('',#427,(#432,#443),.PCURVE_S1.);
#427 = CIRCLE('',#428,1.25);
#428 = AXIS2_PLACEMENT_3D('',#429,#430,#431);
#429 = CARTESIAN_POINT('',(-14.,3.5,5.45));
#430 = DIRECTION('',(0.,0.,-1.));
#431 = DIRECTION('',(1.,0.,0.));
#432 = PCURVE('',#125,#433);
#433 = DEFINITIONAL_REPRESENTATION('',(#434),#442);
#434 = ( BOUNDED_CURVE() B_SPLINE_CURVE(2,(#435,#436,#437,#438,#439,#440
,#441),.UNSPECIFIED.,.T.,.F.) B_SPLINE_CURVE_WITH_KNOTS((1,2,2,2,2,1),(
    -2.094395102393,0.,2.094395102393,4.188790204786,6.28318530718,
8.377580409573),.UNSPECIFIED.) CURVE() GEOMETRIC_REPRESENTATION_ITEM() 
RATIONAL_B_SPLINE_CURVE((1.,0.5,1.,0.5,1.,0.5,1.)) REPRESENTATION_ITEM(
  '') );
#435 = CARTESIAN_POINT('',(3.25,9.5));
#436 = CARTESIAN_POINT('',(3.25,7.334936490539));
#437 = CARTESIAN_POINT('',(1.375,8.417468245269));
#438 = CARTESIAN_POINT('',(-0.5,9.5));
#439 = CARTESIAN_POINT('',(1.375,10.582531754731));
#440 = CARTESIAN_POINT('',(3.25,11.665063509461));
#441 = CARTESIAN_POINT('',(3.25,9.5));
#442 = ( GEOMETRIC_REPRESENTATION_CONTEXT(2) 
PARAMETRIC_REPRESENTATION_CONTEXT() REPRESENTATION_CONTEXT('2D SPACE',''
  ) );
#443 = PCURVE('',#444,#449);
#444 = CYLINDRICAL_SURFACE('',#445,1.25);
#445 = AXIS2_PLACEMENT_3D('',#446,#447,#448);
#446 = CARTESIAN_POINT('',(-14.,3.5,4.25));
#447 = DIRECTION('',(-0.,-0.,-1.));
#448 = DIRECTION('',(1.,0.,0.));
#449 = DEFINITIONAL_REPRESENTATION('',(#450),#454);
#450 = LINE('',#451,#452);
#451 = CARTESIAN_POINT('',(-6.28318530718,-1.2));
#452 = VECTOR('',#453,1.);
#453 = DIRECTION('',(1.,-0.));
#454 = ( GEOMETRIC_REPRESENTATION_CONTEXT(2) 
PARAMETRIC_REPRESENTATION_CONTEXT() REPRESENTATION_CONTEXT('2D SPACE',''
  ) );
#455 = ADVANCED_FACE('',(#456),#100,.T.);
#456 = FACE_BOUND('',#457,.F.);
#457 = EDGE_LOOP('',(#458,#459,#488,#516,#570));
#458 = ORIENTED_EDGE('',*,*,#84,.F.);
#459 = ORIENTED_EDGE('',*,*,#460,.T.);
#460 = EDGE_CURVE('',#57,#461,#463,.T.);
#461 = VERTEX_POINT('',#462);
#462 = CARTESIAN_POINT('',(-10.7,6.,-12.95));
#463 = SURFACE_CURVE('',#464,(#469,#476),.PCURVE_S1.);
#464 = CIRCLE('',#465,0.8);
#465 = AXIS2_PLACEMENT_3D('',#466,#467,#468);
#466 = CARTESIAN_POINT('',(-10.7,5.2,-12.95));
#467 = DIRECTION('',(-0.,0.,-1.));
#468 = DIRECTION('',(-1.,1.110223024625E-15,0.));
#469 = PCURVE('',#100,#470);
#470 = DEFINITIONAL_REPRESENTATION('',(#471),#475);
#471 = LINE('',#472,#473);
#472 = CARTESIAN_POINT('',(-0.,0.8));
#473 = VECTOR('',#474,1.);
#474 = DIRECTION('',(-1.,0.));
#475 = ( GEOMETRIC_REPRESENTATION_CONTEXT(2) 
PARAMETRIC_REPRESENTATION_CONTEXT() REPRESENTATION_CONTEXT('2D SPACE',''
  ) );
#476 = PCURVE('',#477,#482);
#477 = SPHERICAL_SURFACE('',#478,0.8);
#478 = AXIS2_PLACEMENT_3D('',#479,#480,#481);
#479 = CARTESIAN_POINT('',(-10.7,5.2,-12.95));
#480 = DIRECTION('',(0.,0.,1.));
#481 = DIRECTION('',(-1.,1.110223024625E-15,0.));
#482 = DEFINITIONAL_REPRESENTATION('',(#483),#487);
#483 = LINE('',#484,#485);
#484 = CARTESIAN_POINT('',(-0.,0.));
#485 = VECTOR('',#486,1.);
#486 = DIRECTION('',(-1.,0.));
#487 = ( GEOMETRIC_REPRESENTATION_CONTEXT(2) 
PARAMETRIC_REPRESENTATION_CONTEXT() REPRESENTATION_CONTEXT('2D SPACE',''
  ) );
#488 = ORIENTED_EDGE('',*,*,#489,.T.);
#489 = EDGE_CURVE('',#461,#490,#492,.T.);
#490 = VERTEX_POINT('',#491);
#491 = CARTESIAN_POINT('',(-10.7,6.,6.));
#492 = SURFACE_CURVE('',#493,(#497,#504),.PCURVE_S1.);
#493 = LINE('',#494,#495);
#494 = CARTESIAN_POINT('',(-10.7,6.,-13.75));
#495 = VECTOR('',#496,1.);
#496 = DIRECTION('',(0.,0.,1.));
#497 = PCURVE('',#100,#498);
#498 = DEFINITIONAL_REPRESENTATION('',(#499),#503);
#499 = LINE('',#500,#501);
#500 = CARTESIAN_POINT('',(-1.570796326795,0.));
#501 = VECTOR('',#502,1.);
#502 = DIRECTION('',(-0.,1.));
#503 = ( GEOMETRIC_REPRESENTATION_CONTEXT(2) 
PARAMETRIC_REPRESENTATION_CONTEXT() REPRESENTATION_CONTEXT('2D SPACE',''
  ) );
#504 = PCURVE('',#505,#510);
#505 = PLANE('',#506);
#506 = AXIS2_PLACEMENT_3D('',#507,#508,#509);
#507 = CARTESIAN_POINT('',(-11.5,6.,-13.75));
#508 = DIRECTION('',(0.,1.,0.));
#509 = DIRECTION('',(0.,0.,1.));
#510 = DEFINITIONAL_REPRESENTATION('',(#511),#515);
#511 = LINE('',#512,#513);
#512 = CARTESIAN_POINT('',(0.,0.8));
#513 = VECTOR('',#514,1.);
#514 = DIRECTION('',(1.,0.));
#515 = ( GEOMETRIC_REPRESENTATION_CONTEXT(2) 
PARAMETRIC_REPRESENTATION_CONTEXT() REPRESENTATION_CONTEXT('2D SPACE',''
  ) );
#516 = ORIENTED_EDGE('',*,*,#517,.F.);
#517 = EDGE_CURVE('',#337,#490,#518,.T.);
#518 = SURFACE_CURVE('',#519,(#534,#552),.PCURVE_S1.);
#519 = B_SPLINE_CURVE_WITH_KNOTS('',7,(#520,#521,#522,#523,#524,#525,
    #526,#527,#528,#529,#530,#531,#532,#533),.UNSPECIFIED.,.F.,.F.,(8,6,
    8),(0.,0.343469176576,1.),.UNSPECIFIED.);
#520 = CARTESIAN_POINT('',(-11.45993420767,5.45,5.45));
#521 = CARTESIAN_POINT('',(-11.44355388319,5.499791875647,5.45));
#522 = CARTESIAN_POINT('',(-11.42328922179,5.548568710988,5.455259008642
    ));
#523 = CARTESIAN_POINT('',(-11.39926616611,5.595730741844,5.465390922735
    ));
#524 = CARTESIAN_POINT('',(-11.37174405059,5.640750523073,5.479958492021
    ));
#525 = CARTESIAN_POINT('',(-11.34109763162,5.683171333302,5.498459337587
    ));
#526 = CARTESIAN_POINT('',(-11.30780724373,5.722619653356,5.520319190931
    ));
#527 = CARTESIAN_POINT('',(-11.2048863287,5.828049972945,5.591863202633)
  );
#528 = CARTESIAN_POINT('',(-11.12935204192,5.885890967104,5.649051548404
    ));
#529 = CARTESIAN_POINT('',(-11.0481659382,5.931865394737,5.713285923984)
  );
#530 = CARTESIAN_POINT('',(-10.96325762531,5.966059059206,5.782212699714
    ));
#531 = CARTESIAN_POINT('',(-10.87616734456,5.988679796165,5.853929322772
    ));
#532 = CARTESIAN_POINT('',(-10.78810345848,6.000000068768,5.926948559296
    ));
#533 = CARTESIAN_POINT('',(-10.7,6.,6.));
#534 = PCURVE('',#100,#535);
#535 = DEFINITIONAL_REPRESENTATION('',(#536),#551);
#536 = B_SPLINE_CURVE_WITH_KNOTS('',7,(#537,#538,#539,#540,#541,#542,
    #543,#544,#545,#546,#547,#548,#549,#550),.UNSPECIFIED.,.F.,.F.,(8,6,
    8),(0.,0.343469176576,1.),.UNSPECIFIED.);
#537 = CARTESIAN_POINT('',(-0.317823703928,19.2));
#538 = CARTESIAN_POINT('',(-0.383345001882,19.2));
#539 = CARTESIAN_POINT('',(-0.449178219781,19.205259008642));
#540 = CARTESIAN_POINT('',(-0.515022265062,19.215390922735));
#541 = CARTESIAN_POINT('',(-0.580626512362,19.229958492021));
#542 = CARTESIAN_POINT('',(-0.64574414243,19.248459337587));
#543 = CARTESIAN_POINT('',(-0.710097381156,19.270319190931));
#544 = CARTESIAN_POINT('',(-0.89426895129,19.341863202633));
#545 = CARTESIAN_POINT('',(-1.011959824826,19.399051548404));
#546 = CARTESIAN_POINT('',(-1.126862048864,19.463285923984));
#547 = CARTESIAN_POINT('',(-1.239547096036,19.532212699714));
#548 = CARTESIAN_POINT('',(-1.350585534136,19.603929322772));
#549 = CARTESIAN_POINT('',(-1.460667313529,19.676948559296));
#550 = CARTESIAN_POINT('',(-1.570796326795,19.75));
#551 = ( GEOMETRIC_REPRESENTATION_CONTEXT(2) 
PARAMETRIC_REPRESENTATION_CONTEXT() REPRESENTATION_CONTEXT('2D SPACE',''
  ) );
#552 = PCURVE('',#374,#553);
#553 = DEFINITIONAL_REPRESENTATION('',(#554),#569);
#554 = B_SPLINE_CURVE_WITH_KNOTS('',7,(#555,#556,#557,#558,#559,#560,
    #561,#562,#563,#564,#565,#566,#567,#568),.UNSPECIFIED.,.F.,.F.,(8,6,
    8),(0.,0.343469176576,1.),.UNSPECIFIED.);
#555 = CARTESIAN_POINT('',(-1.570796326795,4.540065792321));
#556 = CARTESIAN_POINT('',(-1.480265643801,4.55644611681));
#557 = CARTESIAN_POINT('',(-1.391580301674,4.576710778204));
#558 = CARTESIAN_POINT('',(-1.304619944971,4.600733833886));
#559 = CARTESIAN_POINT('',(-1.21935139929,4.628255949405));
#560 = CARTESIAN_POINT('',(-1.135819323878,4.658902368371));
#561 = CARTESIAN_POINT('',(-1.054152268897,4.69219275627));
#562 = CARTESIAN_POINT('',(-0.822492088168,4.795113671291));
#563 = CARTESIAN_POINT('',(-0.677085135124,4.870647958074));
#564 = CARTESIAN_POINT('',(-0.536595152223,4.951834061797));
#565 = CARTESIAN_POINT('',(-0.399803306911,5.036742374681));
#566 = CARTESIAN_POINT('',(-0.265583143116,5.123832655433));
#567 = CARTESIAN_POINT('',(-0.132820800398,5.211896541512));
#568 = CARTESIAN_POINT('',(0.,5.3));
#569 = ( GEOMETRIC_REPRESENTATION_CONTEXT(2) 
PARAMETRIC_REPRESENTATION_CONTEXT() REPRESENTATION_CONTEXT('2D SPACE',''
  ) );
#570 = ORIENTED_EDGE('',*,*,#336,.T.);
#571 = ADVANCED_FACE('',(#572),#72,.T.);
#572 = FACE_BOUND('',#573,.F.);
#573 = EDGE_LOOP('',(#574,#596,#624,#644));
#574 = ORIENTED_EDGE('',*,*,#575,.F.);
#575 = EDGE_CURVE('',#576,#22,#578,.T.);
#576 = VERTEX_POINT('',#577);
#577 = CARTESIAN_POINT('',(-10.7,-5.2,-13.75));
#578 = SURFACE_CURVE('',#579,(#584,#590),.PCURVE_S1.);
#579 = CIRCLE('',#580,0.8);
#580 = AXIS2_PLACEMENT_3D('',#581,#582,#583);
#581 = CARTESIAN_POINT('',(-10.7,-5.2,-12.95));
#582 = DIRECTION('',(0.,1.,-0.));
#583 = DIRECTION('',(-1.,0.,0.));
#584 = PCURVE('',#72,#585);
#585 = DEFINITIONAL_REPRESENTATION('',(#586),#589);
#586 = B_SPLINE_CURVE_WITH_KNOTS('',1,(#587,#588),.UNSPECIFIED.,.F.,.F.,
  (2,2),(4.712388980385,6.28318530718),.PIECEWISE_BEZIER_KNOTS.);
#587 = CARTESIAN_POINT('',(-1.570796326795,0.8));
#588 = CARTESIAN_POINT('',(0.,0.8));
#589 = ( GEOMETRIC_REPRESENTATION_CONTEXT(2) 
PARAMETRIC_REPRESENTATION_CONTEXT() REPRESENTATION_CONTEXT('2D SPACE',''
  ) );
#590 = PCURVE('',#157,#591);
#591 = DEFINITIONAL_REPRESENTATION('',(#592),#595);
#592 = B_SPLINE_CURVE_WITH_KNOTS('',1,(#593,#594),.UNSPECIFIED.,.F.,.F.,
  (2,2),(4.712388980385,6.28318530718),.PIECEWISE_BEZIER_KNOTS.);
#593 = CARTESIAN_POINT('',(0.,-1.570796326795));
#594 = CARTESIAN_POINT('',(0.,0.));
#595 = ( GEOMETRIC_REPRESENTATION_CONTEXT(2) 
PARAMETRIC_REPRESENTATION_CONTEXT() REPRESENTATION_CONTEXT('2D SPACE',''
  ) );
#596 = ORIENTED_EDGE('',*,*,#597,.T.);
#597 = EDGE_CURVE('',#576,#598,#600,.T.);
#598 = VERTEX_POINT('',#599);
#599 = CARTESIAN_POINT('',(-10.7,5.2,-13.75));
#600 = SURFACE_CURVE('',#601,(#605,#612),.PCURVE_S1.);
#601 = LINE('',#602,#603);
#602 = CARTESIAN_POINT('',(-10.7,-6.,-13.75));
#603 = VECTOR('',#604,1.);
#604 = DIRECTION('',(0.,1.,0.));
#605 = PCURVE('',#72,#606);
#606 = DEFINITIONAL_REPRESENTATION('',(#607),#611);
#607 = LINE('',#608,#609);
#608 = CARTESIAN_POINT('',(-1.570796326795,0.));
#609 = VECTOR('',#610,1.);
#610 = DIRECTION('',(-0.,1.));
#611 = ( GEOMETRIC_REPRESENTATION_CONTEXT(2) 
PARAMETRIC_REPRESENTATION_CONTEXT() REPRESENTATION_CONTEXT('2D SPACE',''
  ) );
#612 = PCURVE('',#613,#618);
#613 = PLANE('',#614);
#614 = AXIS2_PLACEMENT_3D('',#615,#616,#617);
#615 = CARTESIAN_POINT('',(-11.5,-6.,-13.75));
#616 = DIRECTION('',(0.,0.,1.));
#617 = DIRECTION('',(1.,0.,0.));
#618 = DEFINITIONAL_REPRESENTATION('',(#619),#623);
#619 = LINE('',#620,#621);
#620 = CARTESIAN_POINT('',(0.8,0.));
#621 = VECTOR('',#622,1.);
#622 = DIRECTION('',(0.,1.));
#623 = ( GEOMETRIC_REPRESENTATION_CONTEXT(2) 
PARAMETRIC_REPRESENTATION_CONTEXT() REPRESENTATION_CONTEXT('2D SPACE',''
  ) );
#624 = ORIENTED_EDGE('',*,*,#625,.T.);
#625 = EDGE_CURVE('',#598,#57,#626,.T.);
#626 = SURFACE_CURVE('',#627,(#632,#638),.PCURVE_S1.);
#627 = CIRCLE('',#628,0.8);
#628 = AXIS2_PLACEMENT_3D('',#629,#630,#631);
#629 = CARTESIAN_POINT('',(-10.7,5.2,-12.95));
#630 = DIRECTION('',(1.110223024625E-15,1.,-0.));
#631 = DIRECTION('',(-1.,1.110223024625E-15,0.));
#632 = PCURVE('',#72,#633);
#633 = DEFINITIONAL_REPRESENTATION('',(#634),#637);
#634 = B_SPLINE_CURVE_WITH_KNOTS('',1,(#635,#636),.UNSPECIFIED.,.F.,.F.,
  (2,2),(4.712388980385,6.28318530718),.PIECEWISE_BEZIER_KNOTS.);
#635 = CARTESIAN_POINT('',(-1.570796326795,11.2));
#636 = CARTESIAN_POINT('',(0.,11.2));
#637 = ( GEOMETRIC_REPRESENTATION_CONTEXT(2) 
PARAMETRIC_REPRESENTATION_CONTEXT() REPRESENTATION_CONTEXT('2D SPACE',''
  ) );
#638 = PCURVE('',#477,#639);
#639 = DEFINITIONAL_REPRESENTATION('',(#640),#643);
#640 = B_SPLINE_CURVE_WITH_KNOTS('',1,(#641,#642),.UNSPECIFIED.,.F.,.F.,
  (2,2),(4.712388980385,6.28318530718),.PIECEWISE_BEZIER_KNOTS.);
#641 = CARTESIAN_POINT('',(0.,-1.570796326795));
#642 = CARTESIAN_POINT('',(0.,0.));
#643 = ( GEOMETRIC_REPRESENTATION_CONTEXT(2) 
PARAMETRIC_REPRESENTATION_CONTEXT() REPRESENTATION_CONTEXT('2D SPACE',''
  ) );
#644 = ORIENTED_EDGE('',*,*,#56,.F.);
#645 = ADVANCED_FACE('',(#646),#235,.T.);
#646 = FACE_BOUND('',#647,.T.);
#647 = EDGE_LOOP('',(#648,#677,#678,#679));
#648 = ORIENTED_EDGE('',*,*,#649,.F.);
#649 = EDGE_CURVE('',#284,#650,#652,.T.);
#650 = VERTEX_POINT('',#651);
#651 = CARTESIAN_POINT('',(-15.45,-6.,6.));
#652 = SURFACE_CURVE('',#653,(#658,#665),.PCURVE_S1.);
#653 = CIRCLE('',#654,0.55);
#654 = AXIS2_PLACEMENT_3D('',#655,#656,#657);
#655 = CARTESIAN_POINT('',(-15.45,-5.45,6.));
#656 = DIRECTION('',(-1.,6.123233995737E-17,0.));
#657 = DIRECTION('',(-6.123233995737E-17,-1.,0.));
#658 = PCURVE('',#235,#659);
#659 = DEFINITIONAL_REPRESENTATION('',(#660),#664);
#660 = LINE('',#661,#662);
#661 = CARTESIAN_POINT('',(6.28318530718,0.55));
#662 = VECTOR('',#663,1.);
#663 = DIRECTION('',(-1.,-0.));
#664 = ( GEOMETRIC_REPRESENTATION_CONTEXT(2) 
PARAMETRIC_REPRESENTATION_CONTEXT() REPRESENTATION_CONTEXT('2D SPACE',''
  ) );
#665 = PCURVE('',#666,#671);
#666 = SPHERICAL_SURFACE('',#667,0.55);
#667 = AXIS2_PLACEMENT_3D('',#668,#669,#670);
#668 = CARTESIAN_POINT('',(-15.45,-5.45,6.));
#669 = DIRECTION('',(0.,0.,1.));
#670 = DIRECTION('',(-1.,0.,0.));
#671 = DEFINITIONAL_REPRESENTATION('',(#672),#676);
#672 = LINE('',#673,#674);
#673 = CARTESIAN_POINT('',(1.570796326795,-6.28318530718));
#674 = VECTOR('',#675,1.);
#675 = DIRECTION('',(0.,1.));
#676 = ( GEOMETRIC_REPRESENTATION_CONTEXT(2) 
PARAMETRIC_REPRESENTATION_CONTEXT() REPRESENTATION_CONTEXT('2D SPACE',''
  ) );
#677 = ORIENTED_EDGE('',*,*,#313,.T.);
#678 = ORIENTED_EDGE('',*,*,#197,.T.);
#679 = ORIENTED_EDGE('',*,*,#680,.F.);
#680 = EDGE_CURVE('',#650,#170,#681,.T.);
#681 = SURFACE_CURVE('',#682,(#686,#693),.PCURVE_S1.);
#682 = LINE('',#683,#684);
#683 = CARTESIAN_POINT('',(-16.,-6.,6.));
#684 = VECTOR('',#685,1.);
#685 = DIRECTION('',(1.,0.,0.));
#686 = PCURVE('',#235,#687);
#687 = DEFINITIONAL_REPRESENTATION('',(#688),#692);
#688 = LINE('',#689,#690);
#689 = CARTESIAN_POINT('',(0.,0.));
#690 = VECTOR('',#691,1.);
#691 = DIRECTION('',(0.,1.));
#692 = ( GEOMETRIC_REPRESENTATION_CONTEXT(2) 
PARAMETRIC_REPRESENTATION_CONTEXT() REPRESENTATION_CONTEXT('2D SPACE',''
  ) );
#693 = PCURVE('',#185,#694);
#694 = DEFINITIONAL_REPRESENTATION('',(#695),#699);
#695 = LINE('',#696,#697);
#696 = CARTESIAN_POINT('',(19.75,-4.5));
#697 = VECTOR('',#698,1.);
#698 = DIRECTION('',(0.,1.));
#699 = ( GEOMETRIC_REPRESENTATION_CONTEXT(2) 
PARAMETRIC_REPRESENTATION_CONTEXT() REPRESENTATION_CONTEXT('2D SPACE',''
  ) );
#700 = ADVANCED_FACE('',(#701,#983),#185,.F.);
#701 = FACE_BOUND('',#702,.F.);
#702 = EDGE_LOOP('',(#703,#731,#732,#733,#761,#789,#817,#845,#873,#901,
    #929,#957));
#703 = ORIENTED_EDGE('',*,*,#704,.F.);
#704 = EDGE_CURVE('',#141,#705,#707,.T.);
#705 = VERTEX_POINT('',#706);
#706 = CARTESIAN_POINT('',(10.7,-6.,-12.95));
#707 = SURFACE_CURVE('',#708,(#712,#719),.PCURVE_S1.);
#708 = LINE('',#709,#710);
#709 = CARTESIAN_POINT('',(-11.5,-6.,-12.95));
#710 = VECTOR('',#711,1.);
#711 = DIRECTION('',(1.,0.,0.));
#712 = PCURVE('',#185,#713);
#713 = DEFINITIONAL_REPRESENTATION('',(#714),#718);
#714 = LINE('',#715,#716);
#715 = CARTESIAN_POINT('',(0.8,0.));
#716 = VECTOR('',#717,1.);
#717 = DIRECTION('',(0.,1.));
#718 = ( GEOMETRIC_REPRESENTATION_CONTEXT(2) 
PARAMETRIC_REPRESENTATION_CONTEXT() REPRESENTATION_CONTEXT('2D SPACE',''
  ) );
#719 = PCURVE('',#720,#725);
#720 = CYLINDRICAL_SURFACE('',#721,0.8);
#721 = AXIS2_PLACEMENT_3D('',#722,#723,#724);
#722 = CARTESIAN_POINT('',(-11.5,-5.2,-12.95));
#723 = DIRECTION('',(1.,0.,0.));
#724 = DIRECTION('',(0.,-1.,0.));
#725 = DEFINITIONAL_REPRESENTATION('',(#726),#730);
#726 = LINE('',#727,#728);
#727 = CARTESIAN_POINT('',(0.,0.));
#728 = VECTOR('',#729,1.);
#729 = DIRECTION('',(0.,1.));
#730 = ( GEOMETRIC_REPRESENTATION_CONTEXT(2) 
PARAMETRIC_REPRESENTATION_CONTEXT() REPRESENTATION_CONTEXT('2D SPACE',''
  ) );
#731 = ORIENTED_EDGE('',*,*,#169,.T.);
#732 = ORIENTED_EDGE('',*,*,#680,.F.);
#733 = ORIENTED_EDGE('',*,*,#734,.T.);
#734 = EDGE_CURVE('',#650,#735,#737,.T.);
#735 = VERTEX_POINT('',#736);
#736 = CARTESIAN_POINT('',(-15.45,-6.,6.5));
#737 = SURFACE_CURVE('',#738,(#742,#749),.PCURVE_S1.);
#738 = LINE('',#739,#740);
#739 = CARTESIAN_POINT('',(-15.45,-6.,5.45));
#740 = VECTOR('',#741,1.);
#741 = DIRECTION('',(0.,0.,1.));
#742 = PCURVE('',#185,#743);
#743 = DEFINITIONAL_REPRESENTATION('',(#744),#748);
#744 = LINE('',#745,#746);
#745 = CARTESIAN_POINT('',(19.2,-3.95));
#746 = VECTOR('',#747,1.);
#747 = DIRECTION('',(1.,0.));
#748 = ( GEOMETRIC_REPRESENTATION_CONTEXT(2) 
PARAMETRIC_REPRESENTATION_CONTEXT() REPRESENTATION_CONTEXT('2D SPACE',''
  ) );
#749 = PCURVE('',#750,#755);
#750 = CYLINDRICAL_SURFACE('',#751,0.55);
#751 = AXIS2_PLACEMENT_3D('',#752,#753,#754);
#752 = CARTESIAN_POINT('',(-15.45,-5.45,5.45));
#753 = DIRECTION('',(0.,0.,1.));
#754 = DIRECTION('',(-1.,-0.,0.));
#755 = DEFINITIONAL_REPRESENTATION('',(#756),#760);
#756 = LINE('',#757,#758);
#757 = CARTESIAN_POINT('',(1.570796326795,0.));
#758 = VECTOR('',#759,1.);
#759 = DIRECTION('',(0.,1.));
#760 = ( GEOMETRIC_REPRESENTATION_CONTEXT(2) 
PARAMETRIC_REPRESENTATION_CONTEXT() REPRESENTATION_CONTEXT('2D SPACE',''
  ) );
#761 = ORIENTED_EDGE('',*,*,#762,.T.);
#762 = EDGE_CURVE('',#735,#763,#765,.T.);
#763 = VERTEX_POINT('',#764);
#764 = CARTESIAN_POINT('',(-10.7,-6.,6.5));
#765 = SURFACE_CURVE('',#766,(#770,#777),.PCURVE_S1.);
#766 = LINE('',#767,#768);
#767 = CARTESIAN_POINT('',(-16.,-6.,6.5));
#768 = VECTOR('',#769,1.);
#769 = DIRECTION('',(1.,0.,0.));
#770 = PCURVE('',#185,#771);
#771 = DEFINITIONAL_REPRESENTATION('',(#772),#776);
#772 = LINE('',#773,#774);
#773 = CARTESIAN_POINT('',(20.25,-4.5));
#774 = VECTOR('',#775,1.);
#775 = DIRECTION('',(0.,1.));
#776 = ( GEOMETRIC_REPRESENTATION_CONTEXT(2) 
PARAMETRIC_REPRESENTATION_CONTEXT() REPRESENTATION_CONTEXT('2D SPACE',''
  ) );
#777 = PCURVE('',#778,#783);
#778 = CYLINDRICAL_SURFACE('',#779,0.55);
#779 = AXIS2_PLACEMENT_3D('',#780,#781,#782);
#780 = CARTESIAN_POINT('',(-16.,-5.45,6.5));
#781 = DIRECTION('',(1.,0.,0.));
#782 = DIRECTION('',(0.,-1.,0.));
#783 = DEFINITIONAL_REPRESENTATION('',(#784),#788);
#784 = LINE('',#785,#786);
#785 = CARTESIAN_POINT('',(-0.,0.));
#786 = VECTOR('',#787,1.);
#787 = DIRECTION('',(-0.,1.));
#788 = ( GEOMETRIC_REPRESENTATION_CONTEXT(2) 
PARAMETRIC_REPRESENTATION_CONTEXT() REPRESENTATION_CONTEXT('2D SPACE',''
  ) );
#789 = ORIENTED_EDGE('',*,*,#790,.T.);
#790 = EDGE_CURVE('',#763,#791,#793,.T.);
#791 = VERTEX_POINT('',#792);
#792 = CARTESIAN_POINT('',(-10.7,-6.,12.95));
#793 = SURFACE_CURVE('',#794,(#798,#805),.PCURVE_S1.);
#794 = LINE('',#795,#796);
#795 = CARTESIAN_POINT('',(-10.7,-6.,-13.75));
#796 = VECTOR('',#797,1.);
#797 = DIRECTION('',(0.,0.,1.));
#798 = PCURVE('',#185,#799);
#799 = DEFINITIONAL_REPRESENTATION('',(#800),#804);
#800 = LINE('',#801,#802);
#801 = CARTESIAN_POINT('',(0.,0.8));
#802 = VECTOR('',#803,1.);
#803 = DIRECTION('',(1.,0.));
#804 = ( GEOMETRIC_REPRESENTATION_CONTEXT(2) 
PARAMETRIC_REPRESENTATION_CONTEXT() REPRESENTATION_CONTEXT('2D SPACE',''
  ) );
#805 = PCURVE('',#806,#811);
#806 = CYLINDRICAL_SURFACE('',#807,0.8);
#807 = AXIS2_PLACEMENT_3D('',#808,#809,#810);
#808 = CARTESIAN_POINT('',(-10.7,-5.2,-13.75));
#809 = DIRECTION('',(0.,0.,1.));
#810 = DIRECTION('',(-1.,-0.,0.));
#811 = DEFINITIONAL_REPRESENTATION('',(#812),#816);
#812 = LINE('',#813,#814);
#813 = CARTESIAN_POINT('',(1.570796326795,0.));
#814 = VECTOR('',#815,1.);
#815 = DIRECTION('',(0.,1.));
#816 = ( GEOMETRIC_REPRESENTATION_CONTEXT(2) 
PARAMETRIC_REPRESENTATION_CONTEXT() REPRESENTATION_CONTEXT('2D SPACE',''
  ) );
#817 = ORIENTED_EDGE('',*,*,#818,.T.);
#818 = EDGE_CURVE('',#791,#819,#821,.T.);
#819 = VERTEX_POINT('',#820);
#820 = CARTESIAN_POINT('',(10.7,-6.,12.95));
#821 = SURFACE_CURVE('',#822,(#826,#833),.PCURVE_S1.);
#822 = LINE('',#823,#824);
#823 = CARTESIAN_POINT('',(-11.5,-6.,12.95));
#824 = VECTOR('',#825,1.);
#825 = DIRECTION('',(1.,0.,0.));
#826 = PCURVE('',#185,#827);
#827 = DEFINITIONAL_REPRESENTATION('',(#828),#832);
#828 = LINE('',#829,#830);
#829 = CARTESIAN_POINT('',(26.7,0.));
#830 = VECTOR('',#831,1.);
#831 = DIRECTION('',(0.,1.));
#832 = ( GEOMETRIC_REPRESENTATION_CONTEXT(2) 
PARAMETRIC_REPRESENTATION_CONTEXT() REPRESENTATION_CONTEXT('2D SPACE',''
  ) );
#833 = PCURVE('',#834,#839);
#834 = CYLINDRICAL_SURFACE('',#835,0.8);
#835 = AXIS2_PLACEMENT_3D('',#836,#837,#838);
#836 = CARTESIAN_POINT('',(-11.5,-5.2,12.95));
#837 = DIRECTION('',(1.,0.,0.));
#838 = DIRECTION('',(0.,-1.,0.));
#839 = DEFINITIONAL_REPRESENTATION('',(#840),#844);
#840 = LINE('',#841,#842);
#841 = CARTESIAN_POINT('',(-0.,0.));
#842 = VECTOR('',#843,1.);
#843 = DIRECTION('',(-0.,1.));
#844 = ( GEOMETRIC_REPRESENTATION_CONTEXT(2) 
PARAMETRIC_REPRESENTATION_CONTEXT() REPRESENTATION_CONTEXT('2D SPACE',''
  ) );
#845 = ORIENTED_EDGE('',*,*,#846,.F.);
#846 = EDGE_CURVE('',#847,#819,#849,.T.);
#847 = VERTEX_POINT('',#848);
#848 = CARTESIAN_POINT('',(10.7,-6.,6.5));
#849 = SURFACE_CURVE('',#850,(#854,#861),.PCURVE_S1.);
#850 = LINE('',#851,#852);
#851 = CARTESIAN_POINT('',(10.7,-6.,-13.75));
#852 = VECTOR('',#853,1.);
#853 = DIRECTION('',(0.,0.,1.));
#854 = PCURVE('',#185,#855);
#855 = DEFINITIONAL_REPRESENTATION('',(#856),#860);
#856 = LINE('',#857,#858);
#857 = CARTESIAN_POINT('',(0.,22.2));
#858 = VECTOR('',#859,1.);
#859 = DIRECTION('',(1.,0.));
#860 = ( GEOMETRIC_REPRESENTATION_CONTEXT(2) 
PARAMETRIC_REPRESENTATION_CONTEXT() REPRESENTATION_CONTEXT('2D SPACE',''
  ) );
#861 = PCURVE('',#862,#867);
#862 = CYLINDRICAL_SURFACE('',#863,0.8);
#863 = AXIS2_PLACEMENT_3D('',#864,#865,#866);
#864 = CARTESIAN_POINT('',(10.7,-5.2,-13.75));
#865 = DIRECTION('',(0.,0.,1.));
#866 = DIRECTION('',(1.,0.,-0.));
#867 = DEFINITIONAL_REPRESENTATION('',(#868),#872);
#868 = LINE('',#869,#870);
#869 = CARTESIAN_POINT('',(-1.570796326795,0.));
#870 = VECTOR('',#871,1.);
#871 = DIRECTION('',(-0.,1.));
#872 = ( GEOMETRIC_REPRESENTATION_CONTEXT(2) 
PARAMETRIC_REPRESENTATION_CONTEXT() REPRESENTATION_CONTEXT('2D SPACE',''
  ) );
#873 = ORIENTED_EDGE('',*,*,#874,.T.);
#874 = EDGE_CURVE('',#847,#875,#877,.T.);
#875 = VERTEX_POINT('',#876);
#876 = CARTESIAN_POINT('',(15.45,-6.,6.5));
#877 = SURFACE_CURVE('',#878,(#882,#889),.PCURVE_S1.);
#878 = LINE('',#879,#880);
#879 = CARTESIAN_POINT('',(-16.,-6.,6.5));
#880 = VECTOR('',#881,1.);
#881 = DIRECTION('',(1.,0.,0.));
#882 = PCURVE('',#185,#883);
#883 = DEFINITIONAL_REPRESENTATION('',(#884),#888);
#884 = LINE('',#885,#886);
#885 = CARTESIAN_POINT('',(20.25,-4.5));
#886 = VECTOR('',#887,1.);
#887 = DIRECTION('',(0.,1.));
#888 = ( GEOMETRIC_REPRESENTATION_CONTEXT(2) 
PARAMETRIC_REPRESENTATION_CONTEXT() REPRESENTATION_CONTEXT('2D SPACE',''
  ) );
#889 = PCURVE('',#890,#895);
#890 = CYLINDRICAL_SURFACE('',#891,0.55);
#891 = AXIS2_PLACEMENT_3D('',#892,#893,#894);
#892 = CARTESIAN_POINT('',(-16.,-5.45,6.5));
#893 = DIRECTION('',(1.,0.,0.));
#894 = DIRECTION('',(0.,-1.,0.));
#895 = DEFINITIONAL_REPRESENTATION('',(#896),#900);
#896 = LINE('',#897,#898);
#897 = CARTESIAN_POINT('',(-0.,0.));
#898 = VECTOR('',#899,1.);
#899 = DIRECTION('',(-0.,1.));
#900 = ( GEOMETRIC_REPRESENTATION_CONTEXT(2) 
PARAMETRIC_REPRESENTATION_CONTEXT() REPRESENTATION_CONTEXT('2D SPACE',''
  ) );
#901 = ORIENTED_EDGE('',*,*,#902,.F.);
#902 = EDGE_CURVE('',#903,#875,#905,.T.);
#903 = VERTEX_POINT('',#904);
#904 = CARTESIAN_POINT('',(15.45,-6.,6.));
#905 = SURFACE_CURVE('',#906,(#910,#917),.PCURVE_S1.);
#906 = LINE('',#907,#908);
#907 = CARTESIAN_POINT('',(15.45,-6.,5.45));
#908 = VECTOR('',#909,1.);
#909 = DIRECTION('',(0.,0.,1.));
#910 = PCURVE('',#185,#911);
#911 = DEFINITIONAL_REPRESENTATION('',(#912),#916);
#912 = LINE('',#913,#914);
#913 = CARTESIAN_POINT('',(19.2,26.95));
#914 = VECTOR('',#915,1.);
#915 = DIRECTION('',(1.,0.));
#916 = ( GEOMETRIC_REPRESENTATION_CONTEXT(2) 
PARAMETRIC_REPRESENTATION_CONTEXT() REPRESENTATION_CONTEXT('2D SPACE',''
  ) );
#917 = PCURVE('',#918,#923);
#918 = CYLINDRICAL_SURFACE('',#919,0.55);
#919 = AXIS2_PLACEMENT_3D('',#920,#921,#922);
#920 = CARTESIAN_POINT('',(15.45,-5.45,5.45));
#921 = DIRECTION('',(0.,0.,1.));
#922 = DIRECTION('',(1.,0.,-0.));
#923 = DEFINITIONAL_REPRESENTATION('',(#924),#928);
#924 = LINE('',#925,#926);
#925 = CARTESIAN_POINT('',(-1.570796326795,0.));
#926 = VECTOR('',#927,1.);
#927 = DIRECTION('',(-0.,1.));
#928 = ( GEOMETRIC_REPRESENTATION_CONTEXT(2) 
PARAMETRIC_REPRESENTATION_CONTEXT() REPRESENTATION_CONTEXT('2D SPACE',''
  ) );
#929 = ORIENTED_EDGE('',*,*,#930,.F.);
#930 = EDGE_CURVE('',#931,#903,#933,.T.);
#931 = VERTEX_POINT('',#932);
#932 = CARTESIAN_POINT('',(10.7,-6.,6.));
#933 = SURFACE_CURVE('',#934,(#938,#945),.PCURVE_S1.);
#934 = LINE('',#935,#936);
#935 = CARTESIAN_POINT('',(-16.,-6.,6.));
#936 = VECTOR('',#937,1.);
#937 = DIRECTION('',(1.,0.,0.));
#938 = PCURVE('',#185,#939);
#939 = DEFINITIONAL_REPRESENTATION('',(#940),#944);
#940 = LINE('',#941,#942);
#941 = CARTESIAN_POINT('',(19.75,-4.5));
#942 = VECTOR('',#943,1.);
#943 = DIRECTION('',(0.,1.));
#944 = ( GEOMETRIC_REPRESENTATION_CONTEXT(2) 
PARAMETRIC_REPRESENTATION_CONTEXT() REPRESENTATION_CONTEXT('2D SPACE',''
  ) );
#945 = PCURVE('',#946,#951);
#946 = CYLINDRICAL_SURFACE('',#947,0.55);
#947 = AXIS2_PLACEMENT_3D('',#948,#949,#950);
#948 = CARTESIAN_POINT('',(-16.,-5.45,6.));
#949 = DIRECTION('',(1.,0.,0.));
#950 = DIRECTION('',(0.,-1.,0.));
#951 = DEFINITIONAL_REPRESENTATION('',(#952),#956);
#952 = LINE('',#953,#954);
#953 = CARTESIAN_POINT('',(0.,0.));
#954 = VECTOR('',#955,1.);
#955 = DIRECTION('',(0.,1.));
#956 = ( GEOMETRIC_REPRESENTATION_CONTEXT(2) 
PARAMETRIC_REPRESENTATION_CONTEXT() REPRESENTATION_CONTEXT('2D SPACE',''
  ) );
#957 = ORIENTED_EDGE('',*,*,#958,.F.);
#958 = EDGE_CURVE('',#705,#931,#959,.T.);
#959 = SURFACE_CURVE('',#960,(#964,#971),.PCURVE_S1.);
#960 = LINE('',#961,#962);
#961 = CARTESIAN_POINT('',(10.7,-6.,-13.75));
#962 = VECTOR('',#963,1.);
#963 = DIRECTION('',(0.,0.,1.));
#964 = PCURVE('',#185,#965);
#965 = DEFINITIONAL_REPRESENTATION('',(#966),#970);
#966 = LINE('',#967,#968);
#967 = CARTESIAN_POINT('',(0.,22.2));
#968 = VECTOR('',#969,1.);
#969 = DIRECTION('',(1.,0.));
#970 = ( GEOMETRIC_REPRESENTATION_CONTEXT(2) 
PARAMETRIC_REPRESENTATION_CONTEXT() REPRESENTATION_CONTEXT('2D SPACE',''
  ) );
#971 = PCURVE('',#972,#977);
#972 = CYLINDRICAL_SURFACE('',#973,0.8);
#973 = AXIS2_PLACEMENT_3D('',#974,#975,#976);
#974 = CARTESIAN_POINT('',(10.7,-5.2,-13.75));
#975 = DIRECTION('',(0.,0.,1.));
#976 = DIRECTION('',(1.,0.,-0.));
#977 = DEFINITIONAL_REPRESENTATION('',(#978),#982);
#978 = LINE('',#979,#980);
#979 = CARTESIAN_POINT('',(-1.570796326795,0.));
#980 = VECTOR('',#981,1.);
#981 = DIRECTION('',(-0.,1.));
#982 = ( GEOMETRIC_REPRESENTATION_CONTEXT(2) 
PARAMETRIC_REPRESENTATION_CONTEXT() REPRESENTATION_CONTEXT('2D SPACE',''
  ) );
#983 = FACE_BOUND('',#984,.F.);
#984 = EDGE_LOOP('',(#985,#1015,#1044,#1072,#1105,#1133,#1166,#1194));
#985 = ORIENTED_EDGE('',*,*,#986,.F.);
#986 = EDGE_CURVE('',#987,#989,#991,.T.);
#987 = VERTEX_POINT('',#988);
#988 = CARTESIAN_POINT('',(-10.,-6.,-9.));
#989 = VERTEX_POINT('',#990);
#990 = CARTESIAN_POINT('',(-10.,-6.,-6.));
#991 = SURFACE_CURVE('',#992,(#996,#1003),.PCURVE_S1.);
#992 = LINE('',#993,#994);
#993 = CARTESIAN_POINT('',(-10.,-6.,-9.5));
#994 = VECTOR('',#995,1.);
#995 = DIRECTION('',(0.,0.,1.));
#996 = PCURVE('',#185,#997);
#997 = DEFINITIONAL_REPRESENTATION('',(#998),#1002);
#998 = LINE('',#999,#1000);
#999 = CARTESIAN_POINT('',(4.25,1.5));
#1000 = VECTOR('',#1001,1.);
#1001 = DIRECTION('',(1.,0.));
#1002 = ( GEOMETRIC_REPRESENTATION_CONTEXT(2) 
PARAMETRIC_REPRESENTATION_CONTEXT() REPRESENTATION_CONTEXT('2D SPACE',''
  ) );
#1003 = PCURVE('',#1004,#1009);
#1004 = PLANE('',#1005);
#1005 = AXIS2_PLACEMENT_3D('',#1006,#1007,#1008);
#1006 = CARTESIAN_POINT('',(-10.,-8.5,-9.5));
#1007 = DIRECTION('',(1.,0.,0.));
#1008 = DIRECTION('',(0.,0.,1.));
#1009 = DEFINITIONAL_REPRESENTATION('',(#1010),#1014);
#1010 = LINE('',#1011,#1012);
#1011 = CARTESIAN_POINT('',(0.,-2.5));
#1012 = VECTOR('',#1013,1.);
#1013 = DIRECTION('',(1.,0.));
#1014 = ( GEOMETRIC_REPRESENTATION_CONTEXT(2) 
PARAMETRIC_REPRESENTATION_CONTEXT() REPRESENTATION_CONTEXT('2D SPACE',''
  ) );
#1015 = ORIENTED_EDGE('',*,*,#1016,.F.);
#1016 = EDGE_CURVE('',#1017,#987,#1019,.T.);
#1017 = VERTEX_POINT('',#1018);
#1018 = CARTESIAN_POINT('',(-9.5,-6.,-9.5));
#1019 = SURFACE_CURVE('',#1020,(#1025,#1032),.PCURVE_S1.);
#1020 = CIRCLE('',#1021,0.5);
#1021 = AXIS2_PLACEMENT_3D('',#1022,#1023,#1024);
#1022 = CARTESIAN_POINT('',(-9.5,-6.,-9.));
#1023 = DIRECTION('',(0.,1.,-0.));
#1024 = DIRECTION('',(-1.,0.,0.));
#1025 = PCURVE('',#185,#1026);
#1026 = DEFINITIONAL_REPRESENTATION('',(#1027),#1031);
#1027 = CIRCLE('',#1028,0.5);
#1028 = AXIS2_PLACEMENT_2D('',#1029,#1030);
#1029 = CARTESIAN_POINT('',(4.75,2.));
#1030 = DIRECTION('',(0.,-1.));
#1031 = ( GEOMETRIC_REPRESENTATION_CONTEXT(2) 
PARAMETRIC_REPRESENTATION_CONTEXT() REPRESENTATION_CONTEXT('2D SPACE',''
  ) );
#1032 = PCURVE('',#1033,#1038);
#1033 = CYLINDRICAL_SURFACE('',#1034,0.5);
#1034 = AXIS2_PLACEMENT_3D('',#1035,#1036,#1037);
#1035 = CARTESIAN_POINT('',(-9.5,-8.5,-9.));
#1036 = DIRECTION('',(0.,1.,0.));
#1037 = DIRECTION('',(-1.,0.,0.));
#1038 = DEFINITIONAL_REPRESENTATION('',(#1039),#1043);
#1039 = LINE('',#1040,#1041);
#1040 = CARTESIAN_POINT('',(-6.28318530718,2.5));
#1041 = VECTOR('',#1042,1.);
#1042 = DIRECTION('',(1.,-0.));
#1043 = ( GEOMETRIC_REPRESENTATION_CONTEXT(2) 
PARAMETRIC_REPRESENTATION_CONTEXT() REPRESENTATION_CONTEXT('2D SPACE',''
  ) );
#1044 = ORIENTED_EDGE('',*,*,#1045,.T.);
#1045 = EDGE_CURVE('',#1017,#1046,#1048,.T.);
#1046 = VERTEX_POINT('',#1047);
#1047 = CARTESIAN_POINT('',(-4.5,-6.,-9.5));
#1048 = SURFACE_CURVE('',#1049,(#1053,#1060),.PCURVE_S1.);
#1049 = LINE('',#1050,#1051);
#1050 = CARTESIAN_POINT('',(-10.,-6.,-9.5));
#1051 = VECTOR('',#1052,1.);
#1052 = DIRECTION('',(1.,0.,0.));
#1053 = PCURVE('',#185,#1054);
#1054 = DEFINITIONAL_REPRESENTATION('',(#1055),#1059);
#1055 = LINE('',#1056,#1057);
#1056 = CARTESIAN_POINT('',(4.25,1.5));
#1057 = VECTOR('',#1058,1.);
#1058 = DIRECTION('',(0.,1.));
#1059 = ( GEOMETRIC_REPRESENTATION_CONTEXT(2) 
PARAMETRIC_REPRESENTATION_CONTEXT() REPRESENTATION_CONTEXT('2D SPACE',''
  ) );
#1060 = PCURVE('',#1061,#1066);
#1061 = PLANE('',#1062);
#1062 = AXIS2_PLACEMENT_3D('',#1063,#1064,#1065);
#1063 = CARTESIAN_POINT('',(-10.,-8.5,-9.5));
#1064 = DIRECTION('',(0.,0.,1.));
#1065 = DIRECTION('',(1.,0.,0.));
#1066 = DEFINITIONAL_REPRESENTATION('',(#1067),#1071);
#1067 = LINE('',#1068,#1069);
#1068 = CARTESIAN_POINT('',(0.,2.5));
#1069 = VECTOR('',#1070,1.);
#1070 = DIRECTION('',(1.,0.));
#1071 = ( GEOMETRIC_REPRESENTATION_CONTEXT(2) 
PARAMETRIC_REPRESENTATION_CONTEXT() REPRESENTATION_CONTEXT('2D SPACE',''
  ) );
#1072 = ORIENTED_EDGE('',*,*,#1073,.T.);
#1073 = EDGE_CURVE('',#1046,#1074,#1076,.T.);
#1074 = VERTEX_POINT('',#1075);
#1075 = CARTESIAN_POINT('',(-4.,-6.,-9.));
#1076 = SURFACE_CURVE('',#1077,(#1082,#1093),.PCURVE_S1.);
#1077 = CIRCLE('',#1078,0.5);
#1078 = AXIS2_PLACEMENT_3D('',#1079,#1080,#1081);
#1079 = CARTESIAN_POINT('',(-4.5,-6.,-9.));
#1080 = DIRECTION('',(0.,-1.,0.));
#1081 = DIRECTION('',(1.,0.,0.));
#1082 = PCURVE('',#185,#1083);
#1083 = DEFINITIONAL_REPRESENTATION('',(#1084),#1092);
#1084 = ( BOUNDED_CURVE() B_SPLINE_CURVE(2,(#1085,#1086,#1087,#1088,
#1089,#1090,#1091),.UNSPECIFIED.,.T.,.F.) B_SPLINE_CURVE_WITH_KNOTS((1,2
    ,2,2,2,1),(-2.094395102393,0.,2.094395102393,4.188790204786,
6.28318530718,8.377580409573),.UNSPECIFIED.) CURVE() 
GEOMETRIC_REPRESENTATION_ITEM() RATIONAL_B_SPLINE_CURVE((1.,0.5,1.,0.5,
1.,0.5,1.)) REPRESENTATION_ITEM('') );
#1085 = CARTESIAN_POINT('',(4.75,7.5));
#1086 = CARTESIAN_POINT('',(5.616025403784,7.5));
#1087 = CARTESIAN_POINT('',(5.183012701892,6.75));
#1088 = CARTESIAN_POINT('',(4.75,6.));
#1089 = CARTESIAN_POINT('',(4.316987298108,6.75));
#1090 = CARTESIAN_POINT('',(3.883974596216,7.5));
#1091 = CARTESIAN_POINT('',(4.75,7.5));
#1092 = ( GEOMETRIC_REPRESENTATION_CONTEXT(2) 
PARAMETRIC_REPRESENTATION_CONTEXT() REPRESENTATION_CONTEXT('2D SPACE',''
  ) );
#1093 = PCURVE('',#1094,#1099);
#1094 = CYLINDRICAL_SURFACE('',#1095,0.5);
#1095 = AXIS2_PLACEMENT_3D('',#1096,#1097,#1098);
#1096 = CARTESIAN_POINT('',(-4.5,-8.5,-9.));
#1097 = DIRECTION('',(0.,1.,0.));
#1098 = DIRECTION('',(1.,0.,-0.));
#1099 = DEFINITIONAL_REPRESENTATION('',(#1100),#1104);
#1100 = LINE('',#1101,#1102);
#1101 = CARTESIAN_POINT('',(6.28318530718,2.5));
#1102 = VECTOR('',#1103,1.);
#1103 = DIRECTION('',(-1.,-0.));
#1104 = ( GEOMETRIC_REPRESENTATION_CONTEXT(2) 
PARAMETRIC_REPRESENTATION_CONTEXT() REPRESENTATION_CONTEXT('2D SPACE',''
  ) );
#1105 = ORIENTED_EDGE('',*,*,#1106,.T.);
#1106 = EDGE_CURVE('',#1074,#1107,#1109,.T.);
#1107 = VERTEX_POINT('',#1108);
#1108 = CARTESIAN_POINT('',(-4.,-6.,-6.));
#1109 = SURFACE_CURVE('',#1110,(#1114,#1121),.PCURVE_S1.);
#1110 = LINE('',#1111,#1112);
#1111 = CARTESIAN_POINT('',(-4.,-6.,-9.5));
#1112 = VECTOR('',#1113,1.);
#1113 = DIRECTION('',(0.,0.,1.));
#1114 = PCURVE('',#185,#1115);
#1115 = DEFINITIONAL_REPRESENTATION('',(#1116),#1120);
#1116 = LINE('',#1117,#1118);
#1117 = CARTESIAN_POINT('',(4.25,7.5));
#1118 = VECTOR('',#1119,1.);
#1119 = DIRECTION('',(1.,0.));
#1120 = ( GEOMETRIC_REPRESENTATION_CONTEXT(2) 
PARAMETRIC_REPRESENTATION_CONTEXT() REPRESENTATION_CONTEXT('2D SPACE',''
  ) );
#1121 = PCURVE('',#1122,#1127);
#1122 = PLANE('',#1123);
#1123 = AXIS2_PLACEMENT_3D('',#1124,#1125,#1126);
#1124 = CARTESIAN_POINT('',(-4.,-8.5,-9.5));
#1125 = DIRECTION('',(1.,0.,0.));
#1126 = DIRECTION('',(0.,0.,1.));
#1127 = DEFINITIONAL_REPRESENTATION('',(#1128),#1132);
#1128 = LINE('',#1129,#1130);
#1129 = CARTESIAN_POINT('',(0.,-2.5));
#1130 = VECTOR('',#1131,1.);
#1131 = DIRECTION('',(1.,0.));
#1132 = ( GEOMETRIC_REPRESENTATION_CONTEXT(2) 
PARAMETRIC_REPRESENTATION_CONTEXT() REPRESENTATION_CONTEXT('2D SPACE',''
  ) );
#1133 = ORIENTED_EDGE('',*,*,#1134,.T.);
#1134 = EDGE_CURVE('',#1107,#1135,#1137,.T.);
#1135 = VERTEX_POINT('',#1136);
#1136 = CARTESIAN_POINT('',(-4.5,-6.,-5.5));
#1137 = SURFACE_CURVE('',#1138,(#1143,#1154),.PCURVE_S1.);
#1138 = CIRCLE('',#1139,0.5);
#1139 = AXIS2_PLACEMENT_3D('',#1140,#1141,#1142);
#1140 = CARTESIAN_POINT('',(-4.5,-6.,-6.));
#1141 = DIRECTION('',(-0.,-1.,0.));
#1142 = DIRECTION('',(1.,-0.,0.));
#1143 = PCURVE('',#185,#1144);
#1144 = DEFINITIONAL_REPRESENTATION('',(#1145),#1153);
#1145 = ( BOUNDED_CURVE() B_SPLINE_CURVE(2,(#1146,#1147,#1148,#1149,
#1150,#1151,#1152),.UNSPECIFIED.,.T.,.F.) B_SPLINE_CURVE_WITH_KNOTS((1,2
    ,2,2,2,1),(-2.094395102393,0.,2.094395102393,4.188790204786,
6.28318530718,8.377580409573),.UNSPECIFIED.) CURVE() 
GEOMETRIC_REPRESENTATION_ITEM() RATIONAL_B_SPLINE_CURVE((1.,0.5,1.,0.5,
1.,0.5,1.)) REPRESENTATION_ITEM('') );
#1146 = CARTESIAN_POINT('',(7.75,7.5));
#1147 = CARTESIAN_POINT('',(8.616025403784,7.5));
#1148 = CARTESIAN_POINT('',(8.183012701892,6.75));
#1149 = CARTESIAN_POINT('',(7.75,6.));
#1150 = CARTESIAN_POINT('',(7.316987298108,6.75));
#1151 = CARTESIAN_POINT('',(6.883974596216,7.5));
#1152 = CARTESIAN_POINT('',(7.75,7.5));
#1153 = ( GEOMETRIC_REPRESENTATION_CONTEXT(2) 
PARAMETRIC_REPRESENTATION_CONTEXT() REPRESENTATION_CONTEXT('2D SPACE',''
  ) );
#1154 = PCURVE('',#1155,#1160);
#1155 = CYLINDRICAL_SURFACE('',#1156,0.5);
#1156 = AXIS2_PLACEMENT_3D('',#1157,#1158,#1159);
#1157 = CARTESIAN_POINT('',(-4.5,-8.5,-6.));
#1158 = DIRECTION('',(0.,1.,0.));
#1159 = DIRECTION('',(1.,0.,-0.));
#1160 = DEFINITIONAL_REPRESENTATION('',(#1161),#1165);
#1161 = LINE('',#1162,#1163);
#1162 = CARTESIAN_POINT('',(-0.,2.5));
#1163 = VECTOR('',#1164,1.);
#1164 = DIRECTION('',(-1.,0.));
#1165 = ( GEOMETRIC_REPRESENTATION_CONTEXT(2) 
PARAMETRIC_REPRESENTATION_CONTEXT() REPRESENTATION_CONTEXT('2D SPACE',''
  ) );
#1166 = ORIENTED_EDGE('',*,*,#1167,.F.);
#1167 = EDGE_CURVE('',#1168,#1135,#1170,.T.);
#1168 = VERTEX_POINT('',#1169);
#1169 = CARTESIAN_POINT('',(-9.5,-6.,-5.5));
#1170 = SURFACE_CURVE('',#1171,(#1175,#1182),.PCURVE_S1.);
#1171 = LINE('',#1172,#1173);
#1172 = CARTESIAN_POINT('',(-10.,-6.,-5.5));
#1173 = VECTOR('',#1174,1.);
#1174 = DIRECTION('',(1.,0.,0.));
#1175 = PCURVE('',#185,#1176);
#1176 = DEFINITIONAL_REPRESENTATION('',(#1177),#1181);
#1177 = LINE('',#1178,#1179);
#1178 = CARTESIAN_POINT('',(8.25,1.5));
#1179 = VECTOR('',#1180,1.);
#1180 = DIRECTION('',(0.,1.));
#1181 = ( GEOMETRIC_REPRESENTATION_CONTEXT(2) 
PARAMETRIC_REPRESENTATION_CONTEXT() REPRESENTATION_CONTEXT('2D SPACE',''
  ) );
#1182 = PCURVE('',#1183,#1188);
#1183 = PLANE('',#1184);
#1184 = AXIS2_PLACEMENT_3D('',#1185,#1186,#1187);
#1185 = CARTESIAN_POINT('',(-10.,-8.5,-5.5));
#1186 = DIRECTION('',(0.,0.,1.));
#1187 = DIRECTION('',(1.,0.,0.));
#1188 = DEFINITIONAL_REPRESENTATION('',(#1189),#1193);
#1189 = LINE('',#1190,#1191);
#1190 = CARTESIAN_POINT('',(0.,2.5));
#1191 = VECTOR('',#1192,1.);
#1192 = DIRECTION('',(1.,0.));
#1193 = ( GEOMETRIC_REPRESENTATION_CONTEXT(2) 
PARAMETRIC_REPRESENTATION_CONTEXT() REPRESENTATION_CONTEXT('2D SPACE',''
  ) );
#1194 = ORIENTED_EDGE('',*,*,#1195,.F.);
#1195 = EDGE_CURVE('',#989,#1168,#1196,.T.);
#1196 = SURFACE_CURVE('',#1197,(#1202,#1209),.PCURVE_S1.);
#1197 = CIRCLE('',#1198,0.5);
#1198 = AXIS2_PLACEMENT_3D('',#1199,#1200,#1201);
#1199 = CARTESIAN_POINT('',(-9.5,-6.,-6.));
#1200 = DIRECTION('',(0.,1.,0.));
#1201 = DIRECTION('',(-1.,0.,0.));
#1202 = PCURVE('',#185,#1203);
#1203 = DEFINITIONAL_REPRESENTATION('',(#1204),#1208);
#1204 = CIRCLE('',#1205,0.5);
#1205 = AXIS2_PLACEMENT_2D('',#1206,#1207);
#1206 = CARTESIAN_POINT('',(7.75,2.));
#1207 = DIRECTION('',(0.,-1.));
#1208 = ( GEOMETRIC_REPRESENTATION_CONTEXT(2) 
PARAMETRIC_REPRESENTATION_CONTEXT() REPRESENTATION_CONTEXT('2D SPACE',''
  ) );
#1209 = PCURVE('',#1210,#1215);
#1210 = CYLINDRICAL_SURFACE('',#1211,0.5);
#1211 = AXIS2_PLACEMENT_3D('',#1212,#1213,#1214);
#1212 = CARTESIAN_POINT('',(-9.5,-8.5,-6.));
#1213 = DIRECTION('',(0.,1.,0.));
#1214 = DIRECTION('',(-1.,0.,0.));
#1215 = DEFINITIONAL_REPRESENTATION('',(#1216),#1220);
#1216 = LINE('',#1217,#1218);
#1217 = CARTESIAN_POINT('',(0.,2.5));
#1218 = VECTOR('',#1219,1.);
#1219 = DIRECTION('',(1.,0.));
#1220 = ( GEOMETRIC_REPRESENTATION_CONTEXT(2) 
PARAMETRIC_REPRESENTATION_CONTEXT() REPRESENTATION_CONTEXT('2D SPACE',''
  ) );
#1221 = ADVANCED_FACE('',(#1222),#157,.T.);
#1222 = FACE_BOUND('',#1223,.T.);
#1223 = EDGE_LOOP('',(#1224,#1225,#1245));
#1224 = ORIENTED_EDGE('',*,*,#575,.F.);
#1225 = ORIENTED_EDGE('',*,*,#1226,.T.);
#1226 = EDGE_CURVE('',#576,#141,#1227,.T.);
#1227 = SURFACE_CURVE('',#1228,(#1233,#1239),.PCURVE_S1.);
#1228 = CIRCLE('',#1229,0.8);
#1229 = AXIS2_PLACEMENT_3D('',#1230,#1231,#1232);
#1230 = CARTESIAN_POINT('',(-10.7,-5.2,-12.95));
#1231 = DIRECTION('',(-1.,6.123233995737E-17,0.));
#1232 = DIRECTION('',(-6.123233995737E-17,-1.,0.));
#1233 = PCURVE('',#157,#1234);
#1234 = DEFINITIONAL_REPRESENTATION('',(#1235),#1238);
#1235 = B_SPLINE_CURVE_WITH_KNOTS('',1,(#1236,#1237),.UNSPECIFIED.,.F.,
  .F.,(2,2),(4.712388980385,6.28318530718),.PIECEWISE_BEZIER_KNOTS.);
#1236 = CARTESIAN_POINT('',(1.570796326795,-1.570796326795));
#1237 = CARTESIAN_POINT('',(1.570796326795,0.));
#1238 = ( GEOMETRIC_REPRESENTATION_CONTEXT(2) 
PARAMETRIC_REPRESENTATION_CONTEXT() REPRESENTATION_CONTEXT('2D SPACE',''
  ) );
#1239 = PCURVE('',#720,#1240);
#1240 = DEFINITIONAL_REPRESENTATION('',(#1241),#1244);
#1241 = B_SPLINE_CURVE_WITH_KNOTS('',1,(#1242,#1243),.UNSPECIFIED.,.F.,
  .F.,(2,2),(4.712388980385,6.28318530718),.PIECEWISE_BEZIER_KNOTS.);
#1242 = CARTESIAN_POINT('',(1.570796326795,0.8));
#1243 = CARTESIAN_POINT('',(0.,0.8));
#1244 = ( GEOMETRIC_REPRESENTATION_CONTEXT(2) 
PARAMETRIC_REPRESENTATION_CONTEXT() REPRESENTATION_CONTEXT('2D SPACE',''
  ) );
#1245 = ORIENTED_EDGE('',*,*,#140,.F.);
#1246 = ADVANCED_FACE('',(#1247),#301,.T.);
#1247 = FACE_BOUND('',#1248,.F.);
#1248 = EDGE_LOOP('',(#1249,#1273,#1274,#1303));
#1249 = ORIENTED_EDGE('',*,*,#1250,.F.);
#1250 = EDGE_CURVE('',#284,#1251,#1253,.T.);
#1251 = VERTEX_POINT('',#1252);
#1252 = CARTESIAN_POINT('',(-16.,-5.45,6.));
#1253 = SURFACE_CURVE('',#1254,(#1259,#1266),.PCURVE_S1.);
#1254 = CIRCLE('',#1255,0.55);
#1255 = AXIS2_PLACEMENT_3D('',#1256,#1257,#1258);
#1256 = CARTESIAN_POINT('',(-15.45,-5.45,6.));
#1257 = DIRECTION('',(0.,1.,-0.));
#1258 = DIRECTION('',(-1.,0.,0.));
#1259 = PCURVE('',#301,#1260);
#1260 = DEFINITIONAL_REPRESENTATION('',(#1261),#1265);
#1261 = LINE('',#1262,#1263);
#1262 = CARTESIAN_POINT('',(-6.28318530718,0.55));
#1263 = VECTOR('',#1264,1.);
#1264 = DIRECTION('',(1.,-0.));
#1265 = ( GEOMETRIC_REPRESENTATION_CONTEXT(2) 
PARAMETRIC_REPRESENTATION_CONTEXT() REPRESENTATION_CONTEXT('2D SPACE',''
  ) );
#1266 = PCURVE('',#666,#1267);
#1267 = DEFINITIONAL_REPRESENTATION('',(#1268),#1272);
#1268 = LINE('',#1269,#1270);
#1269 = CARTESIAN_POINT('',(0.,-6.28318530718));
#1270 = VECTOR('',#1271,1.);
#1271 = DIRECTION('',(0.,1.));
#1272 = ( GEOMETRIC_REPRESENTATION_CONTEXT(2) 
PARAMETRIC_REPRESENTATION_CONTEXT() REPRESENTATION_CONTEXT('2D SPACE',''
  ) );
#1273 = ORIENTED_EDGE('',*,*,#283,.T.);
#1274 = ORIENTED_EDGE('',*,*,#1275,.T.);
#1275 = EDGE_CURVE('',#286,#1276,#1278,.T.);
#1276 = VERTEX_POINT('',#1277);
#1277 = CARTESIAN_POINT('',(-16.,5.45,6.));
#1278 = SURFACE_CURVE('',#1279,(#1284,#1291),.PCURVE_S1.);
#1279 = CIRCLE('',#1280,0.55);
#1280 = AXIS2_PLACEMENT_3D('',#1281,#1282,#1283);
#1281 = CARTESIAN_POINT('',(-15.45,5.45,6.));
#1282 = DIRECTION('',(1.614869854E-15,1.,-0.));
#1283 = DIRECTION('',(-1.,1.614869854E-15,0.));
#1284 = PCURVE('',#301,#1285);
#1285 = DEFINITIONAL_REPRESENTATION('',(#1286),#1290);
#1286 = LINE('',#1287,#1288);
#1287 = CARTESIAN_POINT('',(-6.28318530718,11.45));
#1288 = VECTOR('',#1289,1.);
#1289 = DIRECTION('',(1.,-0.));
#1290 = ( GEOMETRIC_REPRESENTATION_CONTEXT(2) 
PARAMETRIC_REPRESENTATION_CONTEXT() REPRESENTATION_CONTEXT('2D SPACE',''
  ) );
#1291 = PCURVE('',#1292,#1297);
#1292 = SPHERICAL_SURFACE('',#1293,0.55);
#1293 = AXIS2_PLACEMENT_3D('',#1294,#1295,#1296);
#1294 = CARTESIAN_POINT('',(-15.45,5.45,6.));
#1295 = DIRECTION('',(0.,0.,1.));
#1296 = DIRECTION('',(-1.,1.614869854E-15,0.));
#1297 = DEFINITIONAL_REPRESENTATION('',(#1298),#1302);
#1298 = LINE('',#1299,#1300);
#1299 = CARTESIAN_POINT('',(-0.,-6.28318530718));
#1300 = VECTOR('',#1301,1.);
#1301 = DIRECTION('',(-0.,1.));
#1302 = ( GEOMETRIC_REPRESENTATION_CONTEXT(2) 
PARAMETRIC_REPRESENTATION_CONTEXT() REPRESENTATION_CONTEXT('2D SPACE',''
  ) );
#1303 = ORIENTED_EDGE('',*,*,#1304,.F.);
#1304 = EDGE_CURVE('',#1251,#1276,#1305,.T.);
#1305 = SURFACE_CURVE('',#1306,(#1310,#1317),.PCURVE_S1.);
#1306 = LINE('',#1307,#1308);
#1307 = CARTESIAN_POINT('',(-16.,-6.,6.));
#1308 = VECTOR('',#1309,1.);
#1309 = DIRECTION('',(0.,1.,0.));
#1310 = PCURVE('',#301,#1311);
#1311 = DEFINITIONAL_REPRESENTATION('',(#1312),#1316);
#1312 = LINE('',#1313,#1314);
#1313 = CARTESIAN_POINT('',(-0.,0.));
#1314 = VECTOR('',#1315,1.);
#1315 = DIRECTION('',(-0.,1.));
#1316 = ( GEOMETRIC_REPRESENTATION_CONTEXT(2) 
PARAMETRIC_REPRESENTATION_CONTEXT() REPRESENTATION_CONTEXT('2D SPACE',''
  ) );
#1317 = PCURVE('',#1318,#1323);
#1318 = PLANE('',#1319);
#1319 = AXIS2_PLACEMENT_3D('',#1320,#1321,#1322);
#1320 = CARTESIAN_POINT('',(-16.,-6.,5.45));
#1321 = DIRECTION('',(1.,0.,0.));
#1322 = DIRECTION('',(0.,0.,1.));
#1323 = DEFINITIONAL_REPRESENTATION('',(#1324),#1328);
#1324 = LINE('',#1325,#1326);
#1325 = CARTESIAN_POINT('',(0.55,0.));
#1326 = VECTOR('',#1327,1.);
#1327 = DIRECTION('',(0.,-1.));
#1328 = ( GEOMETRIC_REPRESENTATION_CONTEXT(2) 
PARAMETRIC_REPRESENTATION_CONTEXT() REPRESENTATION_CONTEXT('2D SPACE',''
  ) );
#1329 = ADVANCED_FACE('',(#1330),#374,.T.);
#1330 = FACE_BOUND('',#1331,.F.);
#1331 = EDGE_LOOP('',(#1332,#1356,#1357,#1358));
#1332 = ORIENTED_EDGE('',*,*,#1333,.F.);
#1333 = EDGE_CURVE('',#286,#1334,#1336,.T.);
#1334 = VERTEX_POINT('',#1335);
#1335 = CARTESIAN_POINT('',(-15.45,6.,6.));
#1336 = SURFACE_CURVE('',#1337,(#1342,#1349),.PCURVE_S1.);
#1337 = CIRCLE('',#1338,0.55);
#1338 = AXIS2_PLACEMENT_3D('',#1339,#1340,#1341);
#1339 = CARTESIAN_POINT('',(-15.45,5.45,6.));
#1340 = DIRECTION('',(1.,6.747204323611E-19,-0.));
#1341 = DIRECTION('',(-6.747204323611E-19,1.,0.));
#1342 = PCURVE('',#374,#1343);
#1343 = DEFINITIONAL_REPRESENTATION('',(#1344),#1348);
#1344 = LINE('',#1345,#1346);
#1345 = CARTESIAN_POINT('',(-6.28318530718,0.55));
#1346 = VECTOR('',#1347,1.);
#1347 = DIRECTION('',(1.,-0.));
#1348 = ( GEOMETRIC_REPRESENTATION_CONTEXT(2) 
PARAMETRIC_REPRESENTATION_CONTEXT() REPRESENTATION_CONTEXT('2D SPACE',''
  ) );
#1349 = PCURVE('',#1292,#1350);
#1350 = DEFINITIONAL_REPRESENTATION('',(#1351),#1355);
#1351 = LINE('',#1352,#1353);
#1352 = CARTESIAN_POINT('',(-1.570796326795,-6.28318530718));
#1353 = VECTOR('',#1354,1.);
#1354 = DIRECTION('',(-0.,1.));
#1355 = ( GEOMETRIC_REPRESENTATION_CONTEXT(2) 
PARAMETRIC_REPRESENTATION_CONTEXT() REPRESENTATION_CONTEXT('2D SPACE',''
  ) );
#1356 = ORIENTED_EDGE('',*,*,#360,.T.);
#1357 = ORIENTED_EDGE('',*,*,#517,.T.);
#1358 = ORIENTED_EDGE('',*,*,#1359,.F.);
#1359 = EDGE_CURVE('',#1334,#490,#1360,.T.);
#1360 = SURFACE_CURVE('',#1361,(#1365,#1372),.PCURVE_S1.);
#1361 = LINE('',#1362,#1363);
#1362 = CARTESIAN_POINT('',(-16.,6.,6.));
#1363 = VECTOR('',#1364,1.);
#1364 = DIRECTION('',(1.,0.,0.));
#1365 = PCURVE('',#374,#1366);
#1366 = DEFINITIONAL_REPRESENTATION('',(#1367),#1371);
#1367 = LINE('',#1368,#1369);
#1368 = CARTESIAN_POINT('',(-0.,0.));
#1369 = VECTOR('',#1370,1.);
#1370 = DIRECTION('',(-0.,1.));
#1371 = ( GEOMETRIC_REPRESENTATION_CONTEXT(2) 
PARAMETRIC_REPRESENTATION_CONTEXT() REPRESENTATION_CONTEXT('2D SPACE',''
  ) );
#1372 = PCURVE('',#505,#1373);
#1373 = DEFINITIONAL_REPRESENTATION('',(#1374),#1378);
#1374 = LINE('',#1375,#1376);
#1375 = CARTESIAN_POINT('',(19.75,-4.5));
#1376 = VECTOR('',#1377,1.);
#1377 = DIRECTION('',(0.,1.));
#1378 = ( GEOMETRIC_REPRESENTATION_CONTEXT(2) 
PARAMETRIC_REPRESENTATION_CONTEXT() REPRESENTATION_CONTEXT('2D SPACE',''
  ) );
#1379 = ADVANCED_FACE('',(#1380),#409,.F.);
#1380 = FACE_BOUND('',#1381,.T.);
#1381 = EDGE_LOOP('',(#1382,#1383,#1406,#1437));
#1382 = ORIENTED_EDGE('',*,*,#388,.T.);
#1383 = ORIENTED_EDGE('',*,*,#1384,.T.);
#1384 = EDGE_CURVE('',#389,#1385,#1387,.T.);
#1385 = VERTEX_POINT('',#1386);
#1386 = CARTESIAN_POINT('',(-12.75,-3.5,7.05));
#1387 = SEAM_CURVE('',#1388,(#1392,#1399),.PCURVE_S1.);
#1388 = LINE('',#1389,#1390);
#1389 = CARTESIAN_POINT('',(-12.75,-3.5,4.25));
#1390 = VECTOR('',#1391,1.);
#1391 = DIRECTION('',(0.,0.,1.));
#1392 = PCURVE('',#409,#1393);
#1393 = DEFINITIONAL_REPRESENTATION('',(#1394),#1398);
#1394 = LINE('',#1395,#1396);
#1395 = CARTESIAN_POINT('',(-6.28318530718,0.));
#1396 = VECTOR('',#1397,1.);
#1397 = DIRECTION('',(-0.,-1.));
#1398 = ( GEOMETRIC_REPRESENTATION_CONTEXT(2) 
PARAMETRIC_REPRESENTATION_CONTEXT() REPRESENTATION_CONTEXT('2D SPACE',''
  ) );
#1399 = PCURVE('',#409,#1400);
#1400 = DEFINITIONAL_REPRESENTATION('',(#1401),#1405);
#1401 = LINE('',#1402,#1403);
#1402 = CARTESIAN_POINT('',(-0.,0.));
#1403 = VECTOR('',#1404,1.);
#1404 = DIRECTION('',(-0.,-1.));
#1405 = ( GEOMETRIC_REPRESENTATION_CONTEXT(2) 
PARAMETRIC_REPRESENTATION_CONTEXT() REPRESENTATION_CONTEXT('2D SPACE',''
  ) );
#1406 = ORIENTED_EDGE('',*,*,#1407,.F.);
#1407 = EDGE_CURVE('',#1385,#1385,#1408,.T.);
#1408 = SURFACE_CURVE('',#1409,(#1414,#1421),.PCURVE_S1.);
#1409 = CIRCLE('',#1410,1.25);
#1410 = AXIS2_PLACEMENT_3D('',#1411,#1412,#1413);
#1411 = CARTESIAN_POINT('',(-14.,-3.5,7.05));
#1412 = DIRECTION('',(0.,0.,-1.));
#1413 = DIRECTION('',(1.,0.,0.));
#1414 = PCURVE('',#409,#1415);
#1415 = DEFINITIONAL_REPRESENTATION('',(#1416),#1420);
#1416 = LINE('',#1417,#1418);
#1417 = CARTESIAN_POINT('',(-6.28318530718,-2.8));
#1418 = VECTOR('',#1419,1.);
#1419 = DIRECTION('',(1.,-0.));
#1420 = ( GEOMETRIC_REPRESENTATION_CONTEXT(2) 
PARAMETRIC_REPRESENTATION_CONTEXT() REPRESENTATION_CONTEXT('2D SPACE',''
  ) );
#1421 = PCURVE('',#1422,#1427);
#1422 = PLANE('',#1423);
#1423 = AXIS2_PLACEMENT_3D('',#1424,#1425,#1426);
#1424 = CARTESIAN_POINT('',(-16.,-6.,7.05));
#1425 = DIRECTION('',(0.,0.,1.));
#1426 = DIRECTION('',(1.,0.,0.));
#1427 = DEFINITIONAL_REPRESENTATION('',(#1428),#1436);
#1428 = ( BOUNDED_CURVE() B_SPLINE_CURVE(2,(#1429,#1430,#1431,#1432,
#1433,#1434,#1435),.UNSPECIFIED.,.T.,.F.) B_SPLINE_CURVE_WITH_KNOTS((1,2
    ,2,2,2,1),(-2.094395102393,0.,2.094395102393,4.188790204786,
6.28318530718,8.377580409573),.UNSPECIFIED.) CURVE() 
GEOMETRIC_REPRESENTATION_ITEM() RATIONAL_B_SPLINE_CURVE((1.,0.5,1.,0.5,
1.,0.5,1.)) REPRESENTATION_ITEM('') );
#1429 = CARTESIAN_POINT('',(3.25,2.5));
#1430 = CARTESIAN_POINT('',(3.25,0.334936490539));
#1431 = CARTESIAN_POINT('',(1.375,1.417468245269));
#1432 = CARTESIAN_POINT('',(-0.5,2.5));
#1433 = CARTESIAN_POINT('',(1.375,3.582531754731));
#1434 = CARTESIAN_POINT('',(3.25,4.665063509461));
#1435 = CARTESIAN_POINT('',(3.25,2.5));
#1436 = ( GEOMETRIC_REPRESENTATION_CONTEXT(2) 
PARAMETRIC_REPRESENTATION_CONTEXT() REPRESENTATION_CONTEXT('2D SPACE',''
  ) );
#1437 = ORIENTED_EDGE('',*,*,#1384,.F.);
#1438 = ADVANCED_FACE('',(#1439),#444,.F.);
#1439 = FACE_BOUND('',#1440,.T.);
#1440 = EDGE_LOOP('',(#1441,#1442,#1465,#1491));
#1441 = ORIENTED_EDGE('',*,*,#423,.T.);
#1442 = ORIENTED_EDGE('',*,*,#1443,.T.);
#1443 = EDGE_CURVE('',#424,#1444,#1446,.T.);
#1444 = VERTEX_POINT('',#1445);
#1445 = CARTESIAN_POINT('',(-12.75,3.5,7.05));
#1446 = SEAM_CURVE('',#1447,(#1451,#1458),.PCURVE_S1.);
#1447 = LINE('',#1448,#1449);
#1448 = CARTESIAN_POINT('',(-12.75,3.5,4.25));
#1449 = VECTOR('',#1450,1.);
#1450 = DIRECTION('',(0.,0.,1.));
#1451 = PCURVE('',#444,#1452);
#1452 = DEFINITIONAL_REPRESENTATION('',(#1453),#1457);
#1453 = LINE('',#1454,#1455);
#1454 = CARTESIAN_POINT('',(-6.28318530718,0.));
#1455 = VECTOR('',#1456,1.);
#1456 = DIRECTION('',(-0.,-1.));
#1457 = ( GEOMETRIC_REPRESENTATION_CONTEXT(2) 
PARAMETRIC_REPRESENTATION_CONTEXT() REPRESENTATION_CONTEXT('2D SPACE',''
  ) );
#1458 = PCURVE('',#444,#1459);
#1459 = DEFINITIONAL_REPRESENTATION('',(#1460),#1464);
#1460 = LINE('',#1461,#1462);
#1461 = CARTESIAN_POINT('',(-0.,0.));
#1462 = VECTOR('',#1463,1.);
#1463 = DIRECTION('',(-0.,-1.));
#1464 = ( GEOMETRIC_REPRESENTATION_CONTEXT(2) 
PARAMETRIC_REPRESENTATION_CONTEXT() REPRESENTATION_CONTEXT('2D SPACE',''
  ) );
#1465 = ORIENTED_EDGE('',*,*,#1466,.F.);
#1466 = EDGE_CURVE('',#1444,#1444,#1467,.T.);
#1467 = SURFACE_CURVE('',#1468,(#1473,#1480),.PCURVE_S1.);
#1468 = CIRCLE('',#1469,1.25);
#1469 = AXIS2_PLACEMENT_3D('',#1470,#1471,#1472);
#1470 = CARTESIAN_POINT('',(-14.,3.5,7.05));
#1471 = DIRECTION('',(0.,0.,-1.));
#1472 = DIRECTION('',(1.,0.,0.));
#1473 = PCURVE('',#444,#1474);
#1474 = DEFINITIONAL_REPRESENTATION('',(#1475),#1479);
#1475 = LINE('',#1476,#1477);
#1476 = CARTESIAN_POINT('',(-6.28318530718,-2.8));
#1477 = VECTOR('',#1478,1.);
#1478 = DIRECTION('',(1.,-0.));
#1479 = ( GEOMETRIC_REPRESENTATION_CONTEXT(2) 
PARAMETRIC_REPRESENTATION_CONTEXT() REPRESENTATION_CONTEXT('2D SPACE',''
  ) );
#1480 = PCURVE('',#1422,#1481);
#1481 = DEFINITIONAL_REPRESENTATION('',(#1482),#1490);
#1482 = ( BOUNDED_CURVE() B_SPLINE_CURVE(2,(#1483,#1484,#1485,#1486,
#1487,#1488,#1489),.UNSPECIFIED.,.T.,.F.) B_SPLINE_CURVE_WITH_KNOTS((1,2
    ,2,2,2,1),(-2.094395102393,0.,2.094395102393,4.188790204786,
6.28318530718,8.377580409573),.UNSPECIFIED.) CURVE() 
GEOMETRIC_REPRESENTATION_ITEM() RATIONAL_B_SPLINE_CURVE((1.,0.5,1.,0.5,
1.,0.5,1.)) REPRESENTATION_ITEM('') );
#1483 = CARTESIAN_POINT('',(3.25,9.5));
#1484 = CARTESIAN_POINT('',(3.25,7.334936490539));
#1485 = CARTESIAN_POINT('',(1.375,8.417468245269));
#1486 = CARTESIAN_POINT('',(-0.5,9.5));
#1487 = CARTESIAN_POINT('',(1.375,10.582531754731));
#1488 = CARTESIAN_POINT('',(3.25,11.665063509461));
#1489 = CARTESIAN_POINT('',(3.25,9.5));
#1490 = ( GEOMETRIC_REPRESENTATION_CONTEXT(2) 
PARAMETRIC_REPRESENTATION_CONTEXT() REPRESENTATION_CONTEXT('2D SPACE',''
  ) );
#1491 = ORIENTED_EDGE('',*,*,#1443,.F.);
#1492 = ADVANCED_FACE('',(#1493),#505,.T.);
#1493 = FACE_BOUND('',#1494,.T.);
#1494 = EDGE_LOOP('',(#1495,#1523,#1524,#1525,#1553,#1581,#1609,#1637,
    #1665,#1693,#1721,#1749));
#1495 = ORIENTED_EDGE('',*,*,#1496,.F.);
#1496 = EDGE_CURVE('',#461,#1497,#1499,.T.);
#1497 = VERTEX_POINT('',#1498);
#1498 = CARTESIAN_POINT('',(10.7,6.,-12.95));
#1499 = SURFACE_CURVE('',#1500,(#1504,#1511),.PCURVE_S1.);
#1500 = LINE('',#1501,#1502);
#1501 = CARTESIAN_POINT('',(-11.5,6.,-12.95));
#1502 = VECTOR('',#1503,1.);
#1503 = DIRECTION('',(1.,0.,0.));
#1504 = PCURVE('',#505,#1505);
#1505 = DEFINITIONAL_REPRESENTATION('',(#1506),#1510);
#1506 = LINE('',#1507,#1508);
#1507 = CARTESIAN_POINT('',(0.8,0.));
#1508 = VECTOR('',#1509,1.);
#1509 = DIRECTION('',(0.,1.));
#1510 = ( GEOMETRIC_REPRESENTATION_CONTEXT(2) 
PARAMETRIC_REPRESENTATION_CONTEXT() REPRESENTATION_CONTEXT('2D SPACE',''
  ) );
#1511 = PCURVE('',#1512,#1517);
#1512 = CYLINDRICAL_SURFACE('',#1513,0.8);
#1513 = AXIS2_PLACEMENT_3D('',#1514,#1515,#1516);
#1514 = CARTESIAN_POINT('',(-11.5,5.2,-12.95));
#1515 = DIRECTION('',(1.,0.,0.));
#1516 = DIRECTION('',(-0.,1.,0.));
#1517 = DEFINITIONAL_REPRESENTATION('',(#1518),#1522);
#1518 = LINE('',#1519,#1520);
#1519 = CARTESIAN_POINT('',(-0.,0.));
#1520 = VECTOR('',#1521,1.);
#1521 = DIRECTION('',(-0.,1.));
#1522 = ( GEOMETRIC_REPRESENTATION_CONTEXT(2) 
PARAMETRIC_REPRESENTATION_CONTEXT() REPRESENTATION_CONTEXT('2D SPACE',''
  ) );
#1523 = ORIENTED_EDGE('',*,*,#489,.T.);
#1524 = ORIENTED_EDGE('',*,*,#1359,.F.);
#1525 = ORIENTED_EDGE('',*,*,#1526,.T.);
#1526 = EDGE_CURVE('',#1334,#1527,#1529,.T.);
#1527 = VERTEX_POINT('',#1528);
#1528 = CARTESIAN_POINT('',(-15.45,6.,6.5));
#1529 = SURFACE_CURVE('',#1530,(#1534,#1541),.PCURVE_S1.);
#1530 = LINE('',#1531,#1532);
#1531 = CARTESIAN_POINT('',(-15.45,6.,5.45));
#1532 = VECTOR('',#1533,1.);
#1533 = DIRECTION('',(0.,0.,1.));
#1534 = PCURVE('',#505,#1535);
#1535 = DEFINITIONAL_REPRESENTATION('',(#1536),#1540);
#1536 = LINE('',#1537,#1538);
#1537 = CARTESIAN_POINT('',(19.2,-3.95));
#1538 = VECTOR('',#1539,1.);
#1539 = DIRECTION('',(1.,0.));
#1540 = ( GEOMETRIC_REPRESENTATION_CONTEXT(2) 
PARAMETRIC_REPRESENTATION_CONTEXT() REPRESENTATION_CONTEXT('2D SPACE',''
  ) );
#1541 = PCURVE('',#1542,#1547);
#1542 = CYLINDRICAL_SURFACE('',#1543,0.55);
#1543 = AXIS2_PLACEMENT_3D('',#1544,#1545,#1546);
#1544 = CARTESIAN_POINT('',(-15.45,5.45,5.45));
#1545 = DIRECTION('',(0.,0.,1.));
#1546 = DIRECTION('',(-1.,-0.,0.));
#1547 = DEFINITIONAL_REPRESENTATION('',(#1548),#1552);
#1548 = LINE('',#1549,#1550);
#1549 = CARTESIAN_POINT('',(-1.570796326795,0.));
#1550 = VECTOR('',#1551,1.);
#1551 = DIRECTION('',(-0.,1.));
#1552 = ( GEOMETRIC_REPRESENTATION_CONTEXT(2) 
PARAMETRIC_REPRESENTATION_CONTEXT() REPRESENTATION_CONTEXT('2D SPACE',''
  ) );
#1553 = ORIENTED_EDGE('',*,*,#1554,.T.);
#1554 = EDGE_CURVE('',#1527,#1555,#1557,.T.);
#1555 = VERTEX_POINT('',#1556);
#1556 = CARTESIAN_POINT('',(-10.7,6.,6.5));
#1557 = SURFACE_CURVE('',#1558,(#1562,#1569),.PCURVE_S1.);
#1558 = LINE('',#1559,#1560);
#1559 = CARTESIAN_POINT('',(-16.,6.,6.5));
#1560 = VECTOR('',#1561,1.);
#1561 = DIRECTION('',(1.,0.,0.));
#1562 = PCURVE('',#505,#1563);
#1563 = DEFINITIONAL_REPRESENTATION('',(#1564),#1568);
#1564 = LINE('',#1565,#1566);
#1565 = CARTESIAN_POINT('',(20.25,-4.5));
#1566 = VECTOR('',#1567,1.);
#1567 = DIRECTION('',(0.,1.));
#1568 = ( GEOMETRIC_REPRESENTATION_CONTEXT(2) 
PARAMETRIC_REPRESENTATION_CONTEXT() REPRESENTATION_CONTEXT('2D SPACE',''
  ) );
#1569 = PCURVE('',#1570,#1575);
#1570 = CYLINDRICAL_SURFACE('',#1571,0.55);
#1571 = AXIS2_PLACEMENT_3D('',#1572,#1573,#1574);
#1572 = CARTESIAN_POINT('',(-16.,5.45,6.5));
#1573 = DIRECTION('',(1.,0.,0.));
#1574 = DIRECTION('',(-0.,1.,0.));
#1575 = DEFINITIONAL_REPRESENTATION('',(#1576),#1580);
#1576 = LINE('',#1577,#1578);
#1577 = CARTESIAN_POINT('',(0.,0.));
#1578 = VECTOR('',#1579,1.);
#1579 = DIRECTION('',(0.,1.));
#1580 = ( GEOMETRIC_REPRESENTATION_CONTEXT(2) 
PARAMETRIC_REPRESENTATION_CONTEXT() REPRESENTATION_CONTEXT('2D SPACE',''
  ) );
#1581 = ORIENTED_EDGE('',*,*,#1582,.T.);
#1582 = EDGE_CURVE('',#1555,#1583,#1585,.T.);
#1583 = VERTEX_POINT('',#1584);
#1584 = CARTESIAN_POINT('',(-10.7,6.,12.95));
#1585 = SURFACE_CURVE('',#1586,(#1590,#1597),.PCURVE_S1.);
#1586 = LINE('',#1587,#1588);
#1587 = CARTESIAN_POINT('',(-10.7,6.,-13.75));
#1588 = VECTOR('',#1589,1.);
#1589 = DIRECTION('',(0.,0.,1.));
#1590 = PCURVE('',#505,#1591);
#1591 = DEFINITIONAL_REPRESENTATION('',(#1592),#1596);
#1592 = LINE('',#1593,#1594);
#1593 = CARTESIAN_POINT('',(0.,0.8));
#1594 = VECTOR('',#1595,1.);
#1595 = DIRECTION('',(1.,0.));
#1596 = ( GEOMETRIC_REPRESENTATION_CONTEXT(2) 
PARAMETRIC_REPRESENTATION_CONTEXT() REPRESENTATION_CONTEXT('2D SPACE',''
  ) );
#1597 = PCURVE('',#1598,#1603);
#1598 = CYLINDRICAL_SURFACE('',#1599,0.8);
#1599 = AXIS2_PLACEMENT_3D('',#1600,#1601,#1602);
#1600 = CARTESIAN_POINT('',(-10.7,5.2,-13.75));
#1601 = DIRECTION('',(0.,0.,1.));
#1602 = DIRECTION('',(-1.,-0.,0.));
#1603 = DEFINITIONAL_REPRESENTATION('',(#1604),#1608);
#1604 = LINE('',#1605,#1606);
#1605 = CARTESIAN_POINT('',(-1.570796326795,0.));
#1606 = VECTOR('',#1607,1.);
#1607 = DIRECTION('',(-0.,1.));
#1608 = ( GEOMETRIC_REPRESENTATION_CONTEXT(2) 
PARAMETRIC_REPRESENTATION_CONTEXT() REPRESENTATION_CONTEXT('2D SPACE',''
  ) );
#1609 = ORIENTED_EDGE('',*,*,#1610,.T.);
#1610 = EDGE_CURVE('',#1583,#1611,#1613,.T.);
#1611 = VERTEX_POINT('',#1612);
#1612 = CARTESIAN_POINT('',(10.7,6.,12.95));
#1613 = SURFACE_CURVE('',#1614,(#1618,#1625),.PCURVE_S1.);
#1614 = LINE('',#1615,#1616);
#1615 = CARTESIAN_POINT('',(-11.5,6.,12.95));
#1616 = VECTOR('',#1617,1.);
#1617 = DIRECTION('',(1.,0.,0.));
#1618 = PCURVE('',#505,#1619);
#1619 = DEFINITIONAL_REPRESENTATION('',(#1620),#1624);
#1620 = LINE('',#1621,#1622);
#1621 = CARTESIAN_POINT('',(26.7,0.));
#1622 = VECTOR('',#1623,1.);
#1623 = DIRECTION('',(0.,1.));
#1624 = ( GEOMETRIC_REPRESENTATION_CONTEXT(2) 
PARAMETRIC_REPRESENTATION_CONTEXT() REPRESENTATION_CONTEXT('2D SPACE',''
  ) );
#1625 = PCURVE('',#1626,#1631);
#1626 = CYLINDRICAL_SURFACE('',#1627,0.8);
#1627 = AXIS2_PLACEMENT_3D('',#1628,#1629,#1630);
#1628 = CARTESIAN_POINT('',(-11.5,5.2,12.95));
#1629 = DIRECTION('',(1.,0.,0.));
#1630 = DIRECTION('',(-0.,1.,0.));
#1631 = DEFINITIONAL_REPRESENTATION('',(#1632),#1636);
#1632 = LINE('',#1633,#1634);
#1633 = CARTESIAN_POINT('',(0.,0.));
#1634 = VECTOR('',#1635,1.);
#1635 = DIRECTION('',(0.,1.));
#1636 = ( GEOMETRIC_REPRESENTATION_CONTEXT(2) 
PARAMETRIC_REPRESENTATION_CONTEXT() REPRESENTATION_CONTEXT('2D SPACE',''
  ) );
#1637 = ORIENTED_EDGE('',*,*,#1638,.F.);
#1638 = EDGE_CURVE('',#1639,#1611,#1641,.T.);
#1639 = VERTEX_POINT('',#1640);
#1640 = CARTESIAN_POINT('',(10.7,6.,6.5));
#1641 = SURFACE_CURVE('',#1642,(#1646,#1653),.PCURVE_S1.);
#1642 = LINE('',#1643,#1644);
#1643 = CARTESIAN_POINT('',(10.7,6.,-13.75));
#1644 = VECTOR('',#1645,1.);
#1645 = DIRECTION('',(0.,0.,1.));
#1646 = PCURVE('',#505,#1647);
#1647 = DEFINITIONAL_REPRESENTATION('',(#1648),#1652);
#1648 = LINE('',#1649,#1650);
#1649 = CARTESIAN_POINT('',(0.,22.2));
#1650 = VECTOR('',#1651,1.);
#1651 = DIRECTION('',(1.,0.));
#1652 = ( GEOMETRIC_REPRESENTATION_CONTEXT(2) 
PARAMETRIC_REPRESENTATION_CONTEXT() REPRESENTATION_CONTEXT('2D SPACE',''
  ) );
#1653 = PCURVE('',#1654,#1659);
#1654 = CYLINDRICAL_SURFACE('',#1655,0.8);
#1655 = AXIS2_PLACEMENT_3D('',#1656,#1657,#1658);
#1656 = CARTESIAN_POINT('',(10.7,5.2,-13.75));
#1657 = DIRECTION('',(0.,0.,1.));
#1658 = DIRECTION('',(1.,0.,-0.));
#1659 = DEFINITIONAL_REPRESENTATION('',(#1660),#1664);
#1660 = LINE('',#1661,#1662);
#1661 = CARTESIAN_POINT('',(1.570796326795,0.));
#1662 = VECTOR('',#1663,1.);
#1663 = DIRECTION('',(0.,1.));
#1664 = ( GEOMETRIC_REPRESENTATION_CONTEXT(2) 
PARAMETRIC_REPRESENTATION_CONTEXT() REPRESENTATION_CONTEXT('2D SPACE',''
  ) );
#1665 = ORIENTED_EDGE('',*,*,#1666,.T.);
#1666 = EDGE_CURVE('',#1639,#1667,#1669,.T.);
#1667 = VERTEX_POINT('',#1668);
#1668 = CARTESIAN_POINT('',(15.45,6.,6.5));
#1669 = SURFACE_CURVE('',#1670,(#1674,#1681),.PCURVE_S1.);
#1670 = LINE('',#1671,#1672);
#1671 = CARTESIAN_POINT('',(-16.,6.,6.5));
#1672 = VECTOR('',#1673,1.);
#1673 = DIRECTION('',(1.,0.,0.));
#1674 = PCURVE('',#505,#1675);
#1675 = DEFINITIONAL_REPRESENTATION('',(#1676),#1680);
#1676 = LINE('',#1677,#1678);
#1677 = CARTESIAN_POINT('',(20.25,-4.5));
#1678 = VECTOR('',#1679,1.);
#1679 = DIRECTION('',(0.,1.));
#1680 = ( GEOMETRIC_REPRESENTATION_CONTEXT(2) 
PARAMETRIC_REPRESENTATION_CONTEXT() REPRESENTATION_CONTEXT('2D SPACE',''
  ) );
#1681 = PCURVE('',#1682,#1687);
#1682 = CYLINDRICAL_SURFACE('',#1683,0.55);
#1683 = AXIS2_PLACEMENT_3D('',#1684,#1685,#1686);
#1684 = CARTESIAN_POINT('',(-16.,5.45,6.5));
#1685 = DIRECTION('',(1.,0.,0.));
#1686 = DIRECTION('',(-0.,1.,0.));
#1687 = DEFINITIONAL_REPRESENTATION('',(#1688),#1692);
#1688 = LINE('',#1689,#1690);
#1689 = CARTESIAN_POINT('',(0.,0.));
#1690 = VECTOR('',#1691,1.);
#1691 = DIRECTION('',(0.,1.));
#1692 = ( GEOMETRIC_REPRESENTATION_CONTEXT(2) 
PARAMETRIC_REPRESENTATION_CONTEXT() REPRESENTATION_CONTEXT('2D SPACE',''
  ) );
#1693 = ORIENTED_EDGE('',*,*,#1694,.F.);
#1694 = EDGE_CURVE('',#1695,#1667,#1697,.T.);
#1695 = VERTEX_POINT('',#1696);
#1696 = CARTESIAN_POINT('',(15.45,6.,6.));
#1697 = SURFACE_CURVE('',#1698,(#1702,#1709),.PCURVE_S1.);
#1698 = LINE('',#1699,#1700);
#1699 = CARTESIAN_POINT('',(15.45,6.,5.45));
#1700 = VECTOR('',#1701,1.);
#1701 = DIRECTION('',(0.,0.,1.));
#1702 = PCURVE('',#505,#1703);
#1703 = DEFINITIONAL_REPRESENTATION('',(#1704),#1708);
#1704 = LINE('',#1705,#1706);
#1705 = CARTESIAN_POINT('',(19.2,26.95));
#1706 = VECTOR('',#1707,1.);
#1707 = DIRECTION('',(1.,0.));
#1708 = ( GEOMETRIC_REPRESENTATION_CONTEXT(2) 
PARAMETRIC_REPRESENTATION_CONTEXT() REPRESENTATION_CONTEXT('2D SPACE',''
  ) );
#1709 = PCURVE('',#1710,#1715);
#1710 = CYLINDRICAL_SURFACE('',#1711,0.55);
#1711 = AXIS2_PLACEMENT_3D('',#1712,#1713,#1714);
#1712 = CARTESIAN_POINT('',(15.45,5.45,5.45));
#1713 = DIRECTION('',(0.,0.,1.));
#1714 = DIRECTION('',(1.,0.,-0.));
#1715 = DEFINITIONAL_REPRESENTATION('',(#1716),#1720);
#1716 = LINE('',#1717,#1718);
#1717 = CARTESIAN_POINT('',(1.570796326795,0.));
#1718 = VECTOR('',#1719,1.);
#1719 = DIRECTION('',(0.,1.));
#1720 = ( GEOMETRIC_REPRESENTATION_CONTEXT(2) 
PARAMETRIC_REPRESENTATION_CONTEXT() REPRESENTATION_CONTEXT('2D SPACE',''
  ) );
#1721 = ORIENTED_EDGE('',*,*,#1722,.F.);
#1722 = EDGE_CURVE('',#1723,#1695,#1725,.T.);
#1723 = VERTEX_POINT('',#1724);
#1724 = CARTESIAN_POINT('',(10.7,6.,6.));
#1725 = SURFACE_CURVE('',#1726,(#1730,#1737),.PCURVE_S1.);
#1726 = LINE('',#1727,#1728);
#1727 = CARTESIAN_POINT('',(-16.,6.,6.));
#1728 = VECTOR('',#1729,1.);
#1729 = DIRECTION('',(1.,0.,0.));
#1730 = PCURVE('',#505,#1731);
#1731 = DEFINITIONAL_REPRESENTATION('',(#1732),#1736);
#1732 = LINE('',#1733,#1734);
#1733 = CARTESIAN_POINT('',(19.75,-4.5));
#1734 = VECTOR('',#1735,1.);
#1735 = DIRECTION('',(0.,1.));
#1736 = ( GEOMETRIC_REPRESENTATION_CONTEXT(2) 
PARAMETRIC_REPRESENTATION_CONTEXT() REPRESENTATION_CONTEXT('2D SPACE',''
  ) );
#1737 = PCURVE('',#1738,#1743);
#1738 = CYLINDRICAL_SURFACE('',#1739,0.55);
#1739 = AXIS2_PLACEMENT_3D('',#1740,#1741,#1742);
#1740 = CARTESIAN_POINT('',(-16.,5.45,6.));
#1741 = DIRECTION('',(1.,0.,0.));
#1742 = DIRECTION('',(-0.,1.,0.));
#1743 = DEFINITIONAL_REPRESENTATION('',(#1744),#1748);
#1744 = LINE('',#1745,#1746);
#1745 = CARTESIAN_POINT('',(-0.,0.));
#1746 = VECTOR('',#1747,1.);
#1747 = DIRECTION('',(-0.,1.));
#1748 = ( GEOMETRIC_REPRESENTATION_CONTEXT(2) 
PARAMETRIC_REPRESENTATION_CONTEXT() REPRESENTATION_CONTEXT('2D SPACE',''
  ) );
#1749 = ORIENTED_EDGE('',*,*,#1750,.F.);
#1750 = EDGE_CURVE('',#1497,#1723,#1751,.T.);
#1751 = SURFACE_CURVE('',#1752,(#1756,#1763),.PCURVE_S1.);
#1752 = LINE('',#1753,#1754);
#1753 = CARTESIAN_POINT('',(10.7,6.,-13.75));
#1754 = VECTOR('',#1755,1.);
#1755 = DIRECTION('',(0.,0.,1.));
#1756 = PCURVE('',#505,#1757);
#1757 = DEFINITIONAL_REPRESENTATION('',(#1758),#1762);
#1758 = LINE('',#1759,#1760);
#1759 = CARTESIAN_POINT('',(0.,22.2));
#1760 = VECTOR('',#1761,1.);
#1761 = DIRECTION('',(1.,0.));
#1762 = ( GEOMETRIC_REPRESENTATION_CONTEXT(2) 
PARAMETRIC_REPRESENTATION_CONTEXT() REPRESENTATION_CONTEXT('2D SPACE',''
  ) );
#1763 = PCURVE('',#1764,#1769);
#1764 = CYLINDRICAL_SURFACE('',#1765,0.8);
#1765 = AXIS2_PLACEMENT_3D('',#1766,#1767,#1768);
#1766 = CARTESIAN_POINT('',(10.7,5.2,-13.75));
#1767 = DIRECTION('',(0.,0.,1.));
#1768 = DIRECTION('',(1.,0.,-0.));
#1769 = DEFINITIONAL_REPRESENTATION('',(#1770),#1774);
#1770 = LINE('',#1771,#1772);
#1771 = CARTESIAN_POINT('',(1.570796326795,0.));
#1772 = VECTOR('',#1773,1.);
#1773 = DIRECTION('',(0.,1.));
#1774 = ( GEOMETRIC_REPRESENTATION_CONTEXT(2) 
PARAMETRIC_REPRESENTATION_CONTEXT() REPRESENTATION_CONTEXT('2D SPACE',''
  ) );
#1775 = ADVANCED_FACE('',(#1776),#477,.T.);
#1776 = FACE_BOUND('',#1777,.F.);
#1777 = EDGE_LOOP('',(#1778,#1779,#1799));
#1778 = ORIENTED_EDGE('',*,*,#625,.F.);
#1779 = ORIENTED_EDGE('',*,*,#1780,.T.);
#1780 = EDGE_CURVE('',#598,#461,#1781,.T.);
#1781 = SURFACE_CURVE('',#1782,(#1787,#1793),.PCURVE_S1.);
#1782 = CIRCLE('',#1783,0.8);
#1783 = AXIS2_PLACEMENT_3D('',#1784,#1785,#1786);
#1784 = CARTESIAN_POINT('',(-10.7,5.2,-12.95));
#1785 = DIRECTION('',(1.,6.123233995737E-17,-0.));
#1786 = DIRECTION('',(-6.123233995737E-17,1.,0.));
#1787 = PCURVE('',#477,#1788);
#1788 = DEFINITIONAL_REPRESENTATION('',(#1789),#1792);
#1789 = B_SPLINE_CURVE_WITH_KNOTS('',1,(#1790,#1791),.UNSPECIFIED.,.F.,
  .F.,(2,2),(4.712388980385,6.28318530718),.PIECEWISE_BEZIER_KNOTS.);
#1790 = CARTESIAN_POINT('',(-1.570796326795,-1.570796326795));
#1791 = CARTESIAN_POINT('',(-1.570796326795,0.));
#1792 = ( GEOMETRIC_REPRESENTATION_CONTEXT(2) 
PARAMETRIC_REPRESENTATION_CONTEXT() REPRESENTATION_CONTEXT('2D SPACE',''
  ) );
#1793 = PCURVE('',#1512,#1794);
#1794 = DEFINITIONAL_REPRESENTATION('',(#1795),#1798);
#1795 = B_SPLINE_CURVE_WITH_KNOTS('',1,(#1796,#1797),.UNSPECIFIED.,.F.,
  .F.,(2,2),(4.712388980385,6.28318530718),.PIECEWISE_BEZIER_KNOTS.);
#1796 = CARTESIAN_POINT('',(-1.570796326795,0.8));
#1797 = CARTESIAN_POINT('',(0.,0.8));
#1798 = ( GEOMETRIC_REPRESENTATION_CONTEXT(2) 
PARAMETRIC_REPRESENTATION_CONTEXT() REPRESENTATION_CONTEXT('2D SPACE',''
  ) );
#1799 = ORIENTED_EDGE('',*,*,#460,.F.);
#1800 = ADVANCED_FACE('',(#1801),#613,.F.);
#1801 = FACE_BOUND('',#1802,.F.);
#1802 = EDGE_LOOP('',(#1803,#1804,#1827,#1855));
#1803 = ORIENTED_EDGE('',*,*,#597,.F.);
#1804 = ORIENTED_EDGE('',*,*,#1805,.T.);
#1805 = EDGE_CURVE('',#576,#1806,#1808,.T.);
#1806 = VERTEX_POINT('',#1807);
#1807 = CARTESIAN_POINT('',(10.7,-5.2,-13.75));
#1808 = SURFACE_CURVE('',#1809,(#1813,#1820),.PCURVE_S1.);
#1809 = LINE('',#1810,#1811);
#1810 = CARTESIAN_POINT('',(-11.5,-5.2,-13.75));
#1811 = VECTOR('',#1812,1.);
#1812 = DIRECTION('',(1.,0.,0.));
#1813 = PCURVE('',#613,#1814);
#1814 = DEFINITIONAL_REPRESENTATION('',(#1815),#1819);
#1815 = LINE('',#1816,#1817);
#1816 = CARTESIAN_POINT('',(0.,0.8));
#1817 = VECTOR('',#1818,1.);
#1818 = DIRECTION('',(1.,0.));
#1819 = ( GEOMETRIC_REPRESENTATION_CONTEXT(2) 
PARAMETRIC_REPRESENTATION_CONTEXT() REPRESENTATION_CONTEXT('2D SPACE',''
  ) );
#1820 = PCURVE('',#720,#1821);
#1821 = DEFINITIONAL_REPRESENTATION('',(#1822),#1826);
#1822 = LINE('',#1823,#1824);
#1823 = CARTESIAN_POINT('',(1.570796326795,0.));
#1824 = VECTOR('',#1825,1.);
#1825 = DIRECTION('',(0.,1.));
#1826 = ( GEOMETRIC_REPRESENTATION_CONTEXT(2) 
PARAMETRIC_REPRESENTATION_CONTEXT() REPRESENTATION_CONTEXT('2D SPACE',''
  ) );
#1827 = ORIENTED_EDGE('',*,*,#1828,.T.);
#1828 = EDGE_CURVE('',#1806,#1829,#1831,.T.);
#1829 = VERTEX_POINT('',#1830);
#1830 = CARTESIAN_POINT('',(10.7,5.2,-13.75));
#1831 = SURFACE_CURVE('',#1832,(#1836,#1843),.PCURVE_S1.);
#1832 = LINE('',#1833,#1834);
#1833 = CARTESIAN_POINT('',(10.7,-6.,-13.75));
#1834 = VECTOR('',#1835,1.);
#1835 = DIRECTION('',(0.,1.,0.));
#1836 = PCURVE('',#613,#1837);
#1837 = DEFINITIONAL_REPRESENTATION('',(#1838),#1842);
#1838 = LINE('',#1839,#1840);
#1839 = CARTESIAN_POINT('',(22.2,0.));
#1840 = VECTOR('',#1841,1.);
#1841 = DIRECTION('',(0.,1.));
#1842 = ( GEOMETRIC_REPRESENTATION_CONTEXT(2) 
PARAMETRIC_REPRESENTATION_CONTEXT() REPRESENTATION_CONTEXT('2D SPACE',''
  ) );
#1843 = PCURVE('',#1844,#1849);
#1844 = CYLINDRICAL_SURFACE('',#1845,0.8);
#1845 = AXIS2_PLACEMENT_3D('',#1846,#1847,#1848);
#1846 = CARTESIAN_POINT('',(10.7,-6.,-12.95));
#1847 = DIRECTION('',(0.,1.,0.));
#1848 = DIRECTION('',(1.,0.,-0.));
#1849 = DEFINITIONAL_REPRESENTATION('',(#1850),#1854);
#1850 = LINE('',#1851,#1852);
#1851 = CARTESIAN_POINT('',(1.570796326795,0.));
#1852 = VECTOR('',#1853,1.);
#1853 = DIRECTION('',(0.,1.));
#1854 = ( GEOMETRIC_REPRESENTATION_CONTEXT(2) 
PARAMETRIC_REPRESENTATION_CONTEXT() REPRESENTATION_CONTEXT('2D SPACE',''
  ) );
#1855 = ORIENTED_EDGE('',*,*,#1856,.F.);
#1856 = EDGE_CURVE('',#598,#1829,#1857,.T.);
#1857 = SURFACE_CURVE('',#1858,(#1862,#1869),.PCURVE_S1.);
#1858 = LINE('',#1859,#1860);
#1859 = CARTESIAN_POINT('',(-11.5,5.2,-13.75));
#1860 = VECTOR('',#1861,1.);
#1861 = DIRECTION('',(1.,0.,0.));
#1862 = PCURVE('',#613,#1863);
#1863 = DEFINITIONAL_REPRESENTATION('',(#1864),#1868);
#1864 = LINE('',#1865,#1866);
#1865 = CARTESIAN_POINT('',(0.,11.2));
#1866 = VECTOR('',#1867,1.);
#1867 = DIRECTION('',(1.,0.));
#1868 = ( GEOMETRIC_REPRESENTATION_CONTEXT(2) 
PARAMETRIC_REPRESENTATION_CONTEXT() REPRESENTATION_CONTEXT('2D SPACE',''
  ) );
#1869 = PCURVE('',#1512,#1870);
#1870 = DEFINITIONAL_REPRESENTATION('',(#1871),#1875);
#1871 = LINE('',#1872,#1873);
#1872 = CARTESIAN_POINT('',(-1.570796326795,0.));
#1873 = VECTOR('',#1874,1.);
#1874 = DIRECTION('',(-0.,1.));
#1875 = ( GEOMETRIC_REPRESENTATION_CONTEXT(2) 
PARAMETRIC_REPRESENTATION_CONTEXT() REPRESENTATION_CONTEXT('2D SPACE',''
  ) );
#1876 = ADVANCED_FACE('',(#1877),#666,.T.);
#1877 = FACE_BOUND('',#1878,.T.);
#1878 = EDGE_LOOP('',(#1879,#1880,#1881));
#1879 = ORIENTED_EDGE('',*,*,#1250,.F.);
#1880 = ORIENTED_EDGE('',*,*,#649,.T.);
#1881 = ORIENTED_EDGE('',*,*,#1882,.F.);
#1882 = EDGE_CURVE('',#1251,#650,#1883,.T.);
#1883 = SURFACE_CURVE('',#1884,(#1889,#1896),.PCURVE_S1.);
#1884 = CIRCLE('',#1885,0.55);
#1885 = AXIS2_PLACEMENT_3D('',#1886,#1887,#1888);
#1886 = CARTESIAN_POINT('',(-15.45,-5.45,6.));
#1887 = DIRECTION('',(0.,0.,1.));
#1888 = DIRECTION('',(-1.,0.,0.));
#1889 = PCURVE('',#666,#1890);
#1890 = DEFINITIONAL_REPRESENTATION('',(#1891),#1895);
#1891 = LINE('',#1892,#1893);
#1892 = CARTESIAN_POINT('',(0.,0.));
#1893 = VECTOR('',#1894,1.);
#1894 = DIRECTION('',(1.,0.));
#1895 = ( GEOMETRIC_REPRESENTATION_CONTEXT(2) 
PARAMETRIC_REPRESENTATION_CONTEXT() REPRESENTATION_CONTEXT('2D SPACE',''
  ) );
#1896 = PCURVE('',#750,#1897);
#1897 = DEFINITIONAL_REPRESENTATION('',(#1898),#1902);
#1898 = LINE('',#1899,#1900);
#1899 = CARTESIAN_POINT('',(0.,0.55));
#1900 = VECTOR('',#1901,1.);
#1901 = DIRECTION('',(1.,0.));
#1902 = ( GEOMETRIC_REPRESENTATION_CONTEXT(2) 
PARAMETRIC_REPRESENTATION_CONTEXT() REPRESENTATION_CONTEXT('2D SPACE',''
  ) );
#1903 = ADVANCED_FACE('',(#1904),#720,.T.);
#1904 = FACE_BOUND('',#1905,.T.);
#1905 = EDGE_LOOP('',(#1906,#1907,#1908,#1933));
#1906 = ORIENTED_EDGE('',*,*,#1226,.F.);
#1907 = ORIENTED_EDGE('',*,*,#1805,.T.);
#1908 = ORIENTED_EDGE('',*,*,#1909,.T.);
#1909 = EDGE_CURVE('',#1806,#705,#1910,.T.);
#1910 = SURFACE_CURVE('',#1911,(#1916,#1922),.PCURVE_S1.);
#1911 = CIRCLE('',#1912,0.8);
#1912 = AXIS2_PLACEMENT_3D('',#1913,#1914,#1915);
#1913 = CARTESIAN_POINT('',(10.7,-5.2,-12.95));
#1914 = DIRECTION('',(-1.,-6.123233995737E-17,0.));
#1915 = DIRECTION('',(6.123233995737E-17,-1.,-0.));
#1916 = PCURVE('',#720,#1917);
#1917 = DEFINITIONAL_REPRESENTATION('',(#1918),#1921);
#1918 = B_SPLINE_CURVE_WITH_KNOTS('',1,(#1919,#1920),.UNSPECIFIED.,.F.,
  .F.,(2,2),(4.712388980385,6.28318530718),.PIECEWISE_BEZIER_KNOTS.);
#1919 = CARTESIAN_POINT('',(1.570796326795,22.2));
#1920 = CARTESIAN_POINT('',(0.,22.2));
#1921 = ( GEOMETRIC_REPRESENTATION_CONTEXT(2) 
PARAMETRIC_REPRESENTATION_CONTEXT() REPRESENTATION_CONTEXT('2D SPACE',''
  ) );
#1922 = PCURVE('',#1923,#1928);
#1923 = SPHERICAL_SURFACE('',#1924,0.8);
#1924 = AXIS2_PLACEMENT_3D('',#1925,#1926,#1927);
#1925 = CARTESIAN_POINT('',(10.7,-5.2,-12.95));
#1926 = DIRECTION('',(0.,0.,1.));
#1927 = DIRECTION('',(1.,0.,-0.));
#1928 = DEFINITIONAL_REPRESENTATION('',(#1929),#1932);
#1929 = B_SPLINE_CURVE_WITH_KNOTS('',1,(#1930,#1931),.UNSPECIFIED.,.F.,
  .F.,(2,2),(4.712388980385,6.28318530718),.PIECEWISE_BEZIER_KNOTS.);
#1930 = CARTESIAN_POINT('',(-1.570796326795,-1.570796326795));
#1931 = CARTESIAN_POINT('',(-1.570796326795,0.));
#1932 = ( GEOMETRIC_REPRESENTATION_CONTEXT(2) 
PARAMETRIC_REPRESENTATION_CONTEXT() REPRESENTATION_CONTEXT('2D SPACE',''
  ) );
#1933 = ORIENTED_EDGE('',*,*,#704,.F.);
#1934 = ADVANCED_FACE('',(#1935),#972,.T.);
#1935 = FACE_BOUND('',#1936,.F.);
#1936 = EDGE_LOOP('',(#1937,#1967,#1989,#1990,#2046));
#1937 = ORIENTED_EDGE('',*,*,#1938,.F.);
#1938 = EDGE_CURVE('',#1939,#1941,#1943,.T.);
#1939 = VERTEX_POINT('',#1940);
#1940 = CARTESIAN_POINT('',(11.5,-5.2,-12.95));
#1941 = VERTEX_POINT('',#1942);
#1942 = CARTESIAN_POINT('',(11.5,-5.2,5.45));
#1943 = SURFACE_CURVE('',#1944,(#1948,#1955),.PCURVE_S1.);
#1944 = LINE('',#1945,#1946);
#1945 = CARTESIAN_POINT('',(11.5,-5.2,-13.75));
#1946 = VECTOR('',#1947,1.);
#1947 = DIRECTION('',(0.,0.,1.));
#1948 = PCURVE('',#972,#1949);
#1949 = DEFINITIONAL_REPRESENTATION('',(#1950),#1954);
#1950 = LINE('',#1951,#1952);
#1951 = CARTESIAN_POINT('',(-0.,0.));
#1952 = VECTOR('',#1953,1.);
#1953 = DIRECTION('',(-0.,1.));
#1954 = ( GEOMETRIC_REPRESENTATION_CONTEXT(2) 
PARAMETRIC_REPRESENTATION_CONTEXT() REPRESENTATION_CONTEXT('2D SPACE',''
  ) );
#1955 = PCURVE('',#1956,#1961);
#1956 = PLANE('',#1957);
#1957 = AXIS2_PLACEMENT_3D('',#1958,#1959,#1960);
#1958 = CARTESIAN_POINT('',(11.5,-6.,-13.75));
#1959 = DIRECTION('',(1.,0.,0.));
#1960 = DIRECTION('',(0.,0.,1.));
#1961 = DEFINITIONAL_REPRESENTATION('',(#1962),#1966);
#1962 = LINE('',#1963,#1964);
#1963 = CARTESIAN_POINT('',(0.,-0.8));
#1964 = VECTOR('',#1965,1.);
#1965 = DIRECTION('',(1.,0.));
#1966 = ( GEOMETRIC_REPRESENTATION_CONTEXT(2) 
PARAMETRIC_REPRESENTATION_CONTEXT() REPRESENTATION_CONTEXT('2D SPACE',''
  ) );
#1967 = ORIENTED_EDGE('',*,*,#1968,.T.);
#1968 = EDGE_CURVE('',#1939,#705,#1969,.T.);
#1969 = SURFACE_CURVE('',#1970,(#1975,#1982),.PCURVE_S1.);
#1970 = CIRCLE('',#1971,0.8);
#1971 = AXIS2_PLACEMENT_3D('',#1972,#1973,#1974);
#1972 = CARTESIAN_POINT('',(10.7,-5.2,-12.95));
#1973 = DIRECTION('',(0.,-0.,-1.));
#1974 = DIRECTION('',(1.,0.,-0.));
#1975 = PCURVE('',#972,#1976);
#1976 = DEFINITIONAL_REPRESENTATION('',(#1977),#1981);
#1977 = LINE('',#1978,#1979);
#1978 = CARTESIAN_POINT('',(-0.,0.8));
#1979 = VECTOR('',#1980,1.);
#1980 = DIRECTION('',(-1.,0.));
#1981 = ( GEOMETRIC_REPRESENTATION_CONTEXT(2) 
PARAMETRIC_REPRESENTATION_CONTEXT() REPRESENTATION_CONTEXT('2D SPACE',''
  ) );
#1982 = PCURVE('',#1923,#1983);
#1983 = DEFINITIONAL_REPRESENTATION('',(#1984),#1988);
#1984 = LINE('',#1985,#1986);
#1985 = CARTESIAN_POINT('',(-0.,0.));
#1986 = VECTOR('',#1987,1.);
#1987 = DIRECTION('',(-1.,0.));
#1988 = ( GEOMETRIC_REPRESENTATION_CONTEXT(2) 
PARAMETRIC_REPRESENTATION_CONTEXT() REPRESENTATION_CONTEXT('2D SPACE',''
  ) );
#1989 = ORIENTED_EDGE('',*,*,#958,.T.);
#1990 = ORIENTED_EDGE('',*,*,#1991,.F.);
#1991 = EDGE_CURVE('',#1992,#931,#1994,.T.);
#1992 = VERTEX_POINT('',#1993);
#1993 = CARTESIAN_POINT('',(11.459934207679,-5.45,5.45));
#1994 = SURFACE_CURVE('',#1995,(#2010,#2028),.PCURVE_S1.);
#1995 = B_SPLINE_CURVE_WITH_KNOTS('',7,(#1996,#1997,#1998,#1999,#2000,
    #2001,#2002,#2003,#2004,#2005,#2006,#2007,#2008,#2009),
  .UNSPECIFIED.,.F.,.F.,(8,6,8),(0.,0.343469176561,1.),.UNSPECIFIED.);
#1996 = CARTESIAN_POINT('',(11.459934207679,-5.45,5.45));
#1997 = CARTESIAN_POINT('',(11.443553883189,-5.499791875649,5.45));
#1998 = CARTESIAN_POINT('',(11.423289221795,-5.548568710988,
    5.455259008643));
#1999 = CARTESIAN_POINT('',(11.399266166115,-5.595730741841,
    5.465390922734));
#2000 = CARTESIAN_POINT('',(11.371744050596,-5.640750523071,
    5.47995849202));
#2001 = CARTESIAN_POINT('',(11.341097631629,-5.683171333302,
    5.498459337586));
#2002 = CARTESIAN_POINT('',(11.307807243727,-5.722619653358,
    5.520319190933));
#2003 = CARTESIAN_POINT('',(11.204886328709,-5.828049972945,
    5.591863202633));
#2004 = CARTESIAN_POINT('',(11.129352041925,-5.885890967105,
    5.649051548405));
#2005 = CARTESIAN_POINT('',(11.048165938203,-5.931865394737,
    5.713285923984));
#2006 = CARTESIAN_POINT('',(10.963257625319,-5.966059059206,
    5.782212699714));
#2007 = CARTESIAN_POINT('',(10.876167344568,-5.988679796165,
    5.853929322772));
#2008 = CARTESIAN_POINT('',(10.788103458488,-6.000000068768,
    5.926948559296));
#2009 = CARTESIAN_POINT('',(10.7,-6.,6.));
#2010 = PCURVE('',#972,#2011);
#2011 = DEFINITIONAL_REPRESENTATION('',(#2012),#2027);
#2012 = B_SPLINE_CURVE_WITH_KNOTS('',7,(#2013,#2014,#2015,#2016,#2017,
    #2018,#2019,#2020,#2021,#2022,#2023,#2024,#2025,#2026),
  .UNSPECIFIED.,.F.,.F.,(8,6,8),(0.,0.343469176561,1.),.UNSPECIFIED.);
#2013 = CARTESIAN_POINT('',(-0.317823703928,19.2));
#2014 = CARTESIAN_POINT('',(-0.383345001885,19.2));
#2015 = CARTESIAN_POINT('',(-0.449178219782,19.205259008643));
#2016 = CARTESIAN_POINT('',(-0.51502226506,19.215390922734));
#2017 = CARTESIAN_POINT('',(-0.580626512358,19.22995849202));
#2018 = CARTESIAN_POINT('',(-0.64574414243,19.248459337586));
#2019 = CARTESIAN_POINT('',(-0.71009738116,19.270319190933));
#2020 = CARTESIAN_POINT('',(-0.89426895129,19.341863202633));
#2021 = CARTESIAN_POINT('',(-1.011959824828,19.399051548405));
#2022 = CARTESIAN_POINT('',(-1.126862048863,19.463285923984));
#2023 = CARTESIAN_POINT('',(-1.239547096037,19.532212699714));
#2024 = CARTESIAN_POINT('',(-1.350585534135,19.603929322772));
#2025 = CARTESIAN_POINT('',(-1.460667313529,19.676948559296));
#2026 = CARTESIAN_POINT('',(-1.570796326795,19.75));
#2027 = ( GEOMETRIC_REPRESENTATION_CONTEXT(2) 
PARAMETRIC_REPRESENTATION_CONTEXT() REPRESENTATION_CONTEXT('2D SPACE',''
  ) );
#2028 = PCURVE('',#946,#2029);
#2029 = DEFINITIONAL_REPRESENTATION('',(#2030),#2045);
#2030 = B_SPLINE_CURVE_WITH_KNOTS('',7,(#2031,#2032,#2033,#2034,#2035,
    #2036,#2037,#2038,#2039,#2040,#2041,#2042,#2043,#2044),
  .UNSPECIFIED.,.F.,.F.,(8,6,8),(0.,0.343469176561,1.),.UNSPECIFIED.);
#2031 = CARTESIAN_POINT('',(1.570796326795,27.459934207679));
#2032 = CARTESIAN_POINT('',(1.480265643796,27.443553883189));
#2033 = CARTESIAN_POINT('',(1.391580301673,27.423289221795));
#2034 = CARTESIAN_POINT('',(1.304619944974,27.399266166115));
#2035 = CARTESIAN_POINT('',(1.219351399295,27.371744050596));
#2036 = CARTESIAN_POINT('',(1.135819323878,27.341097631629));
#2037 = CARTESIAN_POINT('',(1.054152268892,27.307807243727));
#2038 = CARTESIAN_POINT('',(0.822492088167,27.204886328709));
#2039 = CARTESIAN_POINT('',(0.677085135122,27.129352041925));
#2040 = CARTESIAN_POINT('',(0.536595152224,27.048165938203));
#2041 = CARTESIAN_POINT('',(0.39980330691,26.963257625319));
#2042 = CARTESIAN_POINT('',(0.265583143118,26.876167344568));
#2043 = CARTESIAN_POINT('',(0.132820800399,26.788103458488));
#2044 = CARTESIAN_POINT('',(0.,26.7));
#2045 = ( GEOMETRIC_REPRESENTATION_CONTEXT(2) 
PARAMETRIC_REPRESENTATION_CONTEXT() REPRESENTATION_CONTEXT('2D SPACE',''
  ) );
#2046 = ORIENTED_EDGE('',*,*,#2047,.T.);
#2047 = EDGE_CURVE('',#1992,#1941,#2048,.T.);
#2048 = SURFACE_CURVE('',#2049,(#2054,#2061),.PCURVE_S1.);
#2049 = CIRCLE('',#2050,0.8);
#2050 = AXIS2_PLACEMENT_3D('',#2051,#2052,#2053);
#2051 = CARTESIAN_POINT('',(10.7,-5.2,5.45));
#2052 = DIRECTION('',(0.,0.,1.));
#2053 = DIRECTION('',(1.,0.,-0.));
#2054 = PCURVE('',#972,#2055);
#2055 = DEFINITIONAL_REPRESENTATION('',(#2056),#2060);
#2056 = LINE('',#2057,#2058);
#2057 = CARTESIAN_POINT('',(-6.28318530718,19.2));
#2058 = VECTOR('',#2059,1.);
#2059 = DIRECTION('',(1.,-0.));
#2060 = ( GEOMETRIC_REPRESENTATION_CONTEXT(2) 
PARAMETRIC_REPRESENTATION_CONTEXT() REPRESENTATION_CONTEXT('2D SPACE',''
  ) );
#2061 = PCURVE('',#2062,#2067);
#2062 = PLANE('',#2063);
#2063 = AXIS2_PLACEMENT_3D('',#2064,#2065,#2066);
#2064 = CARTESIAN_POINT('',(-16.,-6.,5.45));
#2065 = DIRECTION('',(0.,0.,1.));
#2066 = DIRECTION('',(1.,0.,0.));
#2067 = DEFINITIONAL_REPRESENTATION('',(#2068),#2072);
#2068 = CIRCLE('',#2069,0.8);
#2069 = AXIS2_PLACEMENT_2D('',#2070,#2071);
#2070 = CARTESIAN_POINT('',(26.7,0.8));
#2071 = DIRECTION('',(1.,0.));
#2072 = ( GEOMETRIC_REPRESENTATION_CONTEXT(2) 
PARAMETRIC_REPRESENTATION_CONTEXT() REPRESENTATION_CONTEXT('2D SPACE',''
  ) );
#2073 = ADVANCED_FACE('',(#2074),#946,.T.);
#2074 = FACE_BOUND('',#2075,.T.);
#2075 = EDGE_LOOP('',(#2076,#2077,#2100,#2127));
#2076 = ORIENTED_EDGE('',*,*,#1991,.F.);
#2077 = ORIENTED_EDGE('',*,*,#2078,.T.);
#2078 = EDGE_CURVE('',#1992,#2079,#2081,.T.);
#2079 = VERTEX_POINT('',#2080);
#2080 = CARTESIAN_POINT('',(15.45,-5.45,5.45));
#2081 = SURFACE_CURVE('',#2082,(#2086,#2093),.PCURVE_S1.);
#2082 = LINE('',#2083,#2084);
#2083 = CARTESIAN_POINT('',(-16.,-5.45,5.45));
#2084 = VECTOR('',#2085,1.);
#2085 = DIRECTION('',(1.,0.,0.));
#2086 = PCURVE('',#946,#2087);
#2087 = DEFINITIONAL_REPRESENTATION('',(#2088),#2092);
#2088 = LINE('',#2089,#2090);
#2089 = CARTESIAN_POINT('',(1.570796326795,0.));
#2090 = VECTOR('',#2091,1.);
#2091 = DIRECTION('',(0.,1.));
#2092 = ( GEOMETRIC_REPRESENTATION_CONTEXT(2) 
PARAMETRIC_REPRESENTATION_CONTEXT() REPRESENTATION_CONTEXT('2D SPACE',''
  ) );
#2093 = PCURVE('',#2062,#2094);
#2094 = DEFINITIONAL_REPRESENTATION('',(#2095),#2099);
#2095 = LINE('',#2096,#2097);
#2096 = CARTESIAN_POINT('',(0.,0.55));
#2097 = VECTOR('',#2098,1.);
#2098 = DIRECTION('',(1.,0.));
#2099 = ( GEOMETRIC_REPRESENTATION_CONTEXT(2) 
PARAMETRIC_REPRESENTATION_CONTEXT() REPRESENTATION_CONTEXT('2D SPACE',''
  ) );
#2100 = ORIENTED_EDGE('',*,*,#2101,.T.);
#2101 = EDGE_CURVE('',#2079,#903,#2102,.T.);
#2102 = SURFACE_CURVE('',#2103,(#2108,#2115),.PCURVE_S1.);
#2103 = CIRCLE('',#2104,0.55);
#2104 = AXIS2_PLACEMENT_3D('',#2105,#2106,#2107);
#2105 = CARTESIAN_POINT('',(15.45,-5.45,6.));
#2106 = DIRECTION('',(-1.,-6.123233995737E-17,0.));
#2107 = DIRECTION('',(6.123233995737E-17,-1.,-0.));
#2108 = PCURVE('',#946,#2109);
#2109 = DEFINITIONAL_REPRESENTATION('',(#2110),#2114);
#2110 = LINE('',#2111,#2112);
#2111 = CARTESIAN_POINT('',(6.28318530718,31.45));
#2112 = VECTOR('',#2113,1.);
#2113 = DIRECTION('',(-1.,-0.));
#2114 = ( GEOMETRIC_REPRESENTATION_CONTEXT(2) 
PARAMETRIC_REPRESENTATION_CONTEXT() REPRESENTATION_CONTEXT('2D SPACE',''
  ) );
#2115 = PCURVE('',#2116,#2121);
#2116 = SPHERICAL_SURFACE('',#2117,0.55);
#2117 = AXIS2_PLACEMENT_3D('',#2118,#2119,#2120);
#2118 = CARTESIAN_POINT('',(15.45,-5.45,6.));
#2119 = DIRECTION('',(0.,0.,1.));
#2120 = DIRECTION('',(1.,0.,-0.));
#2121 = DEFINITIONAL_REPRESENTATION('',(#2122),#2126);
#2122 = LINE('',#2123,#2124);
#2123 = CARTESIAN_POINT('',(-1.570796326795,-6.28318530718));
#2124 = VECTOR('',#2125,1.);
#2125 = DIRECTION('',(-0.,1.));
#2126 = ( GEOMETRIC_REPRESENTATION_CONTEXT(2) 
PARAMETRIC_REPRESENTATION_CONTEXT() REPRESENTATION_CONTEXT('2D SPACE',''
  ) );
#2127 = ORIENTED_EDGE('',*,*,#930,.F.);
#2128 = ADVANCED_FACE('',(#2129),#750,.T.);
#2129 = FACE_BOUND('',#2130,.T.);
#2130 = EDGE_LOOP('',(#2131,#2154,#2155,#2156));
#2131 = ORIENTED_EDGE('',*,*,#2132,.F.);
#2132 = EDGE_CURVE('',#1251,#2133,#2135,.T.);
#2133 = VERTEX_POINT('',#2134);
#2134 = CARTESIAN_POINT('',(-16.,-5.45,6.5));
#2135 = SURFACE_CURVE('',#2136,(#2140,#2147),.PCURVE_S1.);
#2136 = LINE('',#2137,#2138);
#2137 = CARTESIAN_POINT('',(-16.,-5.45,5.45));
#2138 = VECTOR('',#2139,1.);
#2139 = DIRECTION('',(0.,0.,1.));
#2140 = PCURVE('',#750,#2141);
#2141 = DEFINITIONAL_REPRESENTATION('',(#2142),#2146);
#2142 = LINE('',#2143,#2144);
#2143 = CARTESIAN_POINT('',(0.,0.));
#2144 = VECTOR('',#2145,1.);
#2145 = DIRECTION('',(0.,1.));
#2146 = ( GEOMETRIC_REPRESENTATION_CONTEXT(2) 
PARAMETRIC_REPRESENTATION_CONTEXT() REPRESENTATION_CONTEXT('2D SPACE',''
  ) );
#2147 = PCURVE('',#1318,#2148);
#2148 = DEFINITIONAL_REPRESENTATION('',(#2149),#2153);
#2149 = LINE('',#2150,#2151);
#2150 = CARTESIAN_POINT('',(0.,-0.55));
#2151 = VECTOR('',#2152,1.);
#2152 = DIRECTION('',(1.,0.));
#2153 = ( GEOMETRIC_REPRESENTATION_CONTEXT(2) 
PARAMETRIC_REPRESENTATION_CONTEXT() REPRESENTATION_CONTEXT('2D SPACE',''
  ) );
#2154 = ORIENTED_EDGE('',*,*,#1882,.T.);
#2155 = ORIENTED_EDGE('',*,*,#734,.T.);
#2156 = ORIENTED_EDGE('',*,*,#2157,.F.);
#2157 = EDGE_CURVE('',#2133,#735,#2158,.T.);
#2158 = SURFACE_CURVE('',#2159,(#2164,#2171),.PCURVE_S1.);
#2159 = CIRCLE('',#2160,0.55);
#2160 = AXIS2_PLACEMENT_3D('',#2161,#2162,#2163);
#2161 = CARTESIAN_POINT('',(-15.45,-5.45,6.5));
#2162 = DIRECTION('',(0.,0.,1.));
#2163 = DIRECTION('',(-1.,0.,0.));
#2164 = PCURVE('',#750,#2165);
#2165 = DEFINITIONAL_REPRESENTATION('',(#2166),#2170);
#2166 = LINE('',#2167,#2168);
#2167 = CARTESIAN_POINT('',(0.,1.05));
#2168 = VECTOR('',#2169,1.);
#2169 = DIRECTION('',(1.,0.));
#2170 = ( GEOMETRIC_REPRESENTATION_CONTEXT(2) 
PARAMETRIC_REPRESENTATION_CONTEXT() REPRESENTATION_CONTEXT('2D SPACE',''
  ) );
#2171 = PCURVE('',#2172,#2177);
#2172 = SPHERICAL_SURFACE('',#2173,0.55);
#2173 = AXIS2_PLACEMENT_3D('',#2174,#2175,#2176);
#2174 = CARTESIAN_POINT('',(-15.45,-5.45,6.5));
#2175 = DIRECTION('',(-0.,-0.,-1.));
#2176 = DIRECTION('',(-1.,0.,0.));
#2177 = DEFINITIONAL_REPRESENTATION('',(#2178),#2182);
#2178 = LINE('',#2179,#2180);
#2179 = CARTESIAN_POINT('',(-0.,0.));
#2180 = VECTOR('',#2181,1.);
#2181 = DIRECTION('',(-1.,0.));
#2182 = ( GEOMETRIC_REPRESENTATION_CONTEXT(2) 
PARAMETRIC_REPRESENTATION_CONTEXT() REPRESENTATION_CONTEXT('2D SPACE',''
  ) );
#2183 = ADVANCED_FACE('',(#2184),#918,.T.);
#2184 = FACE_BOUND('',#2185,.F.);
#2185 = EDGE_LOOP('',(#2186,#2216,#2238,#2239));
#2186 = ORIENTED_EDGE('',*,*,#2187,.F.);
#2187 = EDGE_CURVE('',#2188,#2190,#2192,.T.);
#2188 = VERTEX_POINT('',#2189);
#2189 = CARTESIAN_POINT('',(16.,-5.45,6.));
#2190 = VERTEX_POINT('',#2191);
#2191 = CARTESIAN_POINT('',(16.,-5.45,6.5));
#2192 = SURFACE_CURVE('',#2193,(#2197,#2204),.PCURVE_S1.);
#2193 = LINE('',#2194,#2195);
#2194 = CARTESIAN_POINT('',(16.,-5.45,5.45));
#2195 = VECTOR('',#2196,1.);
#2196 = DIRECTION('',(0.,0.,1.));
#2197 = PCURVE('',#918,#2198);
#2198 = DEFINITIONAL_REPRESENTATION('',(#2199),#2203);
#2199 = LINE('',#2200,#2201);
#2200 = CARTESIAN_POINT('',(-0.,0.));
#2201 = VECTOR('',#2202,1.);
#2202 = DIRECTION('',(-0.,1.));
#2203 = ( GEOMETRIC_REPRESENTATION_CONTEXT(2) 
PARAMETRIC_REPRESENTATION_CONTEXT() REPRESENTATION_CONTEXT('2D SPACE',''
  ) );
#2204 = PCURVE('',#2205,#2210);
#2205 = PLANE('',#2206);
#2206 = AXIS2_PLACEMENT_3D('',#2207,#2208,#2209);
#2207 = CARTESIAN_POINT('',(16.,-6.,5.45));
#2208 = DIRECTION('',(1.,0.,0.));
#2209 = DIRECTION('',(0.,0.,1.));
#2210 = DEFINITIONAL_REPRESENTATION('',(#2211),#2215);
#2211 = LINE('',#2212,#2213);
#2212 = CARTESIAN_POINT('',(0.,-0.55));
#2213 = VECTOR('',#2214,1.);
#2214 = DIRECTION('',(1.,0.));
#2215 = ( GEOMETRIC_REPRESENTATION_CONTEXT(2) 
PARAMETRIC_REPRESENTATION_CONTEXT() REPRESENTATION_CONTEXT('2D SPACE',''
  ) );
#2216 = ORIENTED_EDGE('',*,*,#2217,.T.);
#2217 = EDGE_CURVE('',#2188,#903,#2218,.T.);
#2218 = SURFACE_CURVE('',#2219,(#2224,#2231),.PCURVE_S1.);
#2219 = CIRCLE('',#2220,0.55);
#2220 = AXIS2_PLACEMENT_3D('',#2221,#2222,#2223);
#2221 = CARTESIAN_POINT('',(15.45,-5.45,6.));
#2222 = DIRECTION('',(0.,-0.,-1.));
#2223 = DIRECTION('',(1.,0.,-0.));
#2224 = PCURVE('',#918,#2225);
#2225 = DEFINITIONAL_REPRESENTATION('',(#2226),#2230);
#2226 = LINE('',#2227,#2228);
#2227 = CARTESIAN_POINT('',(-0.,0.55));
#2228 = VECTOR('',#2229,1.);
#2229 = DIRECTION('',(-1.,0.));
#2230 = ( GEOMETRIC_REPRESENTATION_CONTEXT(2) 
PARAMETRIC_REPRESENTATION_CONTEXT() REPRESENTATION_CONTEXT('2D SPACE',''
  ) );
#2231 = PCURVE('',#2116,#2232);
#2232 = DEFINITIONAL_REPRESENTATION('',(#2233),#2237);
#2233 = LINE('',#2234,#2235);
#2234 = CARTESIAN_POINT('',(-0.,0.));
#2235 = VECTOR('',#2236,1.);
#2236 = DIRECTION('',(-1.,0.));
#2237 = ( GEOMETRIC_REPRESENTATION_CONTEXT(2) 
PARAMETRIC_REPRESENTATION_CONTEXT() REPRESENTATION_CONTEXT('2D SPACE',''
  ) );
#2238 = ORIENTED_EDGE('',*,*,#902,.T.);
#2239 = ORIENTED_EDGE('',*,*,#2240,.F.);
#2240 = EDGE_CURVE('',#2190,#875,#2241,.T.);
#2241 = SURFACE_CURVE('',#2242,(#2247,#2254),.PCURVE_S1.);
#2242 = CIRCLE('',#2243,0.55);
#2243 = AXIS2_PLACEMENT_3D('',#2244,#2245,#2246);
#2244 = CARTESIAN_POINT('',(15.45,-5.45,6.5));
#2245 = DIRECTION('',(0.,0.,-1.));
#2246 = DIRECTION('',(1.,0.,0.));
#2247 = PCURVE('',#918,#2248);
#2248 = DEFINITIONAL_REPRESENTATION('',(#2249),#2253);
#2249 = LINE('',#2250,#2251);
#2250 = CARTESIAN_POINT('',(-0.,1.05));
#2251 = VECTOR('',#2252,1.);
#2252 = DIRECTION('',(-1.,0.));
#2253 = ( GEOMETRIC_REPRESENTATION_CONTEXT(2) 
PARAMETRIC_REPRESENTATION_CONTEXT() REPRESENTATION_CONTEXT('2D SPACE',''
  ) );
#2254 = PCURVE('',#2255,#2260);
#2255 = SPHERICAL_SURFACE('',#2256,0.55);
#2256 = AXIS2_PLACEMENT_3D('',#2257,#2258,#2259);
#2257 = CARTESIAN_POINT('',(15.45,-5.45,6.5));
#2258 = DIRECTION('',(-0.,-0.,-1.));
#2259 = DIRECTION('',(1.,0.,0.));
#2260 = DEFINITIONAL_REPRESENTATION('',(#2261),#2265);
#2261 = LINE('',#2262,#2263);
#2262 = CARTESIAN_POINT('',(0.,0.));
#2263 = VECTOR('',#2264,1.);
#2264 = DIRECTION('',(1.,0.));
#2265 = ( GEOMETRIC_REPRESENTATION_CONTEXT(2) 
PARAMETRIC_REPRESENTATION_CONTEXT() REPRESENTATION_CONTEXT('2D SPACE',''
  ) );
#2266 = ADVANCED_FACE('',(#2267),#778,.T.);
#2267 = FACE_BOUND('',#2268,.F.);
#2268 = EDGE_LOOP('',(#2269,#2293,#2316,#2370));
#2269 = ORIENTED_EDGE('',*,*,#2270,.F.);
#2270 = EDGE_CURVE('',#2271,#735,#2273,.T.);
#2271 = VERTEX_POINT('',#2272);
#2272 = CARTESIAN_POINT('',(-15.45,-5.45,7.05));
#2273 = SURFACE_CURVE('',#2274,(#2279,#2286),.PCURVE_S1.);
#2274 = CIRCLE('',#2275,0.55);
#2275 = AXIS2_PLACEMENT_3D('',#2276,#2277,#2278);
#2276 = CARTESIAN_POINT('',(-15.45,-5.45,6.5));
#2277 = DIRECTION('',(1.,-6.123233995737E-17,0.));
#2278 = DIRECTION('',(-6.123233995737E-17,-1.,0.));
#2279 = PCURVE('',#778,#2280);
#2280 = DEFINITIONAL_REPRESENTATION('',(#2281),#2285);
#2281 = LINE('',#2282,#2283);
#2282 = CARTESIAN_POINT('',(-6.28318530718,0.55));
#2283 = VECTOR('',#2284,1.);
#2284 = DIRECTION('',(1.,-0.));
#2285 = ( GEOMETRIC_REPRESENTATION_CONTEXT(2) 
PARAMETRIC_REPRESENTATION_CONTEXT() REPRESENTATION_CONTEXT('2D SPACE',''
  ) );
#2286 = PCURVE('',#2172,#2287);
#2287 = DEFINITIONAL_REPRESENTATION('',(#2288),#2292);
#2288 = LINE('',#2289,#2290);
#2289 = CARTESIAN_POINT('',(-1.570796326795,-6.28318530718));
#2290 = VECTOR('',#2291,1.);
#2291 = DIRECTION('',(-0.,1.));
#2292 = ( GEOMETRIC_REPRESENTATION_CONTEXT(2) 
PARAMETRIC_REPRESENTATION_CONTEXT() REPRESENTATION_CONTEXT('2D SPACE',''
  ) );
#2293 = ORIENTED_EDGE('',*,*,#2294,.T.);
#2294 = EDGE_CURVE('',#2271,#2295,#2297,.T.);
#2295 = VERTEX_POINT('',#2296);
#2296 = CARTESIAN_POINT('',(-11.45993420767,-5.45,7.05));
#2297 = SURFACE_CURVE('',#2298,(#2302,#2309),.PCURVE_S1.);
#2298 = LINE('',#2299,#2300);
#2299 = CARTESIAN_POINT('',(-16.,-5.45,7.05));
#2300 = VECTOR('',#2301,1.);
#2301 = DIRECTION('',(1.,0.,0.));
#2302 = PCURVE('',#778,#2303);
#2303 = DEFINITIONAL_REPRESENTATION('',(#2304),#2308);
#2304 = LINE('',#2305,#2306);
#2305 = CARTESIAN_POINT('',(-1.570796326795,0.));
#2306 = VECTOR('',#2307,1.);
#2307 = DIRECTION('',(-0.,1.));
#2308 = ( GEOMETRIC_REPRESENTATION_CONTEXT(2) 
PARAMETRIC_REPRESENTATION_CONTEXT() REPRESENTATION_CONTEXT('2D SPACE',''
  ) );
#2309 = PCURVE('',#1422,#2310);
#2310 = DEFINITIONAL_REPRESENTATION('',(#2311),#2315);
#2311 = LINE('',#2312,#2313);
#2312 = CARTESIAN_POINT('',(0.,0.55));
#2313 = VECTOR('',#2314,1.);
#2314 = DIRECTION('',(1.,0.));
#2315 = ( GEOMETRIC_REPRESENTATION_CONTEXT(2) 
PARAMETRIC_REPRESENTATION_CONTEXT() REPRESENTATION_CONTEXT('2D SPACE',''
  ) );
#2316 = ORIENTED_EDGE('',*,*,#2317,.T.);
#2317 = EDGE_CURVE('',#2295,#763,#2318,.T.);
#2318 = SURFACE_CURVE('',#2319,(#2334,#2352),.PCURVE_S1.);
#2319 = B_SPLINE_CURVE_WITH_KNOTS('',7,(#2320,#2321,#2322,#2323,#2324,
    #2325,#2326,#2327,#2328,#2329,#2330,#2331,#2332,#2333),
  .UNSPECIFIED.,.F.,.F.,(8,6,8),(0.,0.343469176575,1.),.UNSPECIFIED.);
#2320 = CARTESIAN_POINT('',(-11.45993420767,-5.45,7.05));
#2321 = CARTESIAN_POINT('',(-11.44355388319,-5.499791875647,7.05));
#2322 = CARTESIAN_POINT('',(-11.42328922179,-5.548568710988,
    7.044740991358));
#2323 = CARTESIAN_POINT('',(-11.39926616611,-5.595730741844,
    7.034609077266));
#2324 = CARTESIAN_POINT('',(-11.37174405059,-5.640750523073,
    7.020041507979));
#2325 = CARTESIAN_POINT('',(-11.34109763162,-5.683171333302,
    7.001540662413));
#2326 = CARTESIAN_POINT('',(-11.30780724373,-5.722619653356,
    6.979680809069));
#2327 = CARTESIAN_POINT('',(-11.2048863287,-5.828049972945,
    6.908136797367));
#2328 = CARTESIAN_POINT('',(-11.12935204192,-5.885890967105,
    6.850948451595));
#2329 = CARTESIAN_POINT('',(-11.0481659382,-5.931865394737,
    6.786714076016));
#2330 = CARTESIAN_POINT('',(-10.96325762532,-5.966059059206,
    6.717787300286));
#2331 = CARTESIAN_POINT('',(-10.87616734456,-5.988679796165,
    6.646070677228));
#2332 = CARTESIAN_POINT('',(-10.78810345848,-6.000000068768,
    6.573051440704));
#2333 = CARTESIAN_POINT('',(-10.7,-6.,6.5));
#2334 = PCURVE('',#778,#2335);
#2335 = DEFINITIONAL_REPRESENTATION('',(#2336),#2351);
#2336 = B_SPLINE_CURVE_WITH_KNOTS('',7,(#2337,#2338,#2339,#2340,#2341,
    #2342,#2343,#2344,#2345,#2346,#2347,#2348,#2349,#2350),
  .UNSPECIFIED.,.F.,.F.,(8,6,8),(0.,0.343469176575,1.),.UNSPECIFIED.);
#2337 = CARTESIAN_POINT('',(-1.570796326795,4.540065792321));
#2338 = CARTESIAN_POINT('',(-1.480265643801,4.55644611681));
#2339 = CARTESIAN_POINT('',(-1.391580301674,4.576710778204));
#2340 = CARTESIAN_POINT('',(-1.304619944971,4.600733833886));
#2341 = CARTESIAN_POINT('',(-1.219351399291,4.628255949405));
#2342 = CARTESIAN_POINT('',(-1.135819323878,4.658902368371));
#2343 = CARTESIAN_POINT('',(-1.054152268897,4.69219275627));
#2344 = CARTESIAN_POINT('',(-0.822492088167,4.795113671291));
#2345 = CARTESIAN_POINT('',(-0.677085135121,4.870647958075));
#2346 = CARTESIAN_POINT('',(-0.536595152224,4.951834061798));
#2347 = CARTESIAN_POINT('',(-0.39980330691,5.03674237468));
#2348 = CARTESIAN_POINT('',(-0.265583143118,5.123832655432));
#2349 = CARTESIAN_POINT('',(-0.132820800398,5.211896541512));
#2350 = CARTESIAN_POINT('',(0.,5.3));
#2351 = ( GEOMETRIC_REPRESENTATION_CONTEXT(2) 
PARAMETRIC_REPRESENTATION_CONTEXT() REPRESENTATION_CONTEXT('2D SPACE',''
  ) );
#2352 = PCURVE('',#806,#2353);
#2353 = DEFINITIONAL_REPRESENTATION('',(#2354),#2369);
#2354 = B_SPLINE_CURVE_WITH_KNOTS('',7,(#2355,#2356,#2357,#2358,#2359,
    #2360,#2361,#2362,#2363,#2364,#2365,#2366,#2367,#2368),
  .UNSPECIFIED.,.F.,.F.,(8,6,8),(0.,0.343469176575,1.),.UNSPECIFIED.);
#2355 = CARTESIAN_POINT('',(0.317823703928,20.8));
#2356 = CARTESIAN_POINT('',(0.383345001882,20.8));
#2357 = CARTESIAN_POINT('',(0.449178219781,20.794740991358));
#2358 = CARTESIAN_POINT('',(0.515022265062,20.784609077266));
#2359 = CARTESIAN_POINT('',(0.580626512362,20.770041507979));
#2360 = CARTESIAN_POINT('',(0.64574414243,20.751540662413));
#2361 = CARTESIAN_POINT('',(0.710097381156,20.729680809069));
#2362 = CARTESIAN_POINT('',(0.89426895129,20.658136797367));
#2363 = CARTESIAN_POINT('',(1.011959824828,20.600948451595));
#2364 = CARTESIAN_POINT('',(1.126862048863,20.536714076016));
#2365 = CARTESIAN_POINT('',(1.239547096037,20.467787300286));
#2366 = CARTESIAN_POINT('',(1.350585534134,20.396070677229));
#2367 = CARTESIAN_POINT('',(1.460667313529,20.323051440704));
#2368 = CARTESIAN_POINT('',(1.570796326795,20.25));
#2369 = ( GEOMETRIC_REPRESENTATION_CONTEXT(2) 
PARAMETRIC_REPRESENTATION_CONTEXT() REPRESENTATION_CONTEXT('2D SPACE',''
  ) );
#2370 = ORIENTED_EDGE('',*,*,#762,.F.);
#2371 = ADVANCED_FACE('',(#2372),#890,.T.);
#2372 = FACE_BOUND('',#2373,.F.);
#2373 = EDGE_LOOP('',(#2374,#2430,#2458,#2480));
#2374 = ORIENTED_EDGE('',*,*,#2375,.F.);
#2375 = EDGE_CURVE('',#2376,#847,#2378,.T.);
#2376 = VERTEX_POINT('',#2377);
#2377 = CARTESIAN_POINT('',(11.459934207679,-5.45,7.05));
#2378 = SURFACE_CURVE('',#2379,(#2394,#2412),.PCURVE_S1.);
#2379 = B_SPLINE_CURVE_WITH_KNOTS('',7,(#2380,#2381,#2382,#2383,#2384,
    #2385,#2386,#2387,#2388,#2389,#2390,#2391,#2392,#2393),
  .UNSPECIFIED.,.F.,.F.,(8,6,8),(0.,0.343469176562,1.),.UNSPECIFIED.);
#2380 = CARTESIAN_POINT('',(11.459934207679,-5.45,7.05));
#2381 = CARTESIAN_POINT('',(11.443553883189,-5.499791875649,7.05));
#2382 = CARTESIAN_POINT('',(11.423289221795,-5.548568710988,
    7.044740991357));
#2383 = CARTESIAN_POINT('',(11.399266166115,-5.595730741841,
    7.034609077266));
#2384 = CARTESIAN_POINT('',(11.371744050596,-5.640750523071,
    7.02004150798));
#2385 = CARTESIAN_POINT('',(11.341097631629,-5.683171333302,
    7.001540662414));
#2386 = CARTESIAN_POINT('',(11.307807243727,-5.722619653358,
    6.979680809067));
#2387 = CARTESIAN_POINT('',(11.204886328709,-5.828049972945,
    6.908136797367));
#2388 = CARTESIAN_POINT('',(11.129352041925,-5.885890967105,
    6.850948451595));
#2389 = CARTESIAN_POINT('',(11.048165938203,-5.931865394736,
    6.786714076016));
#2390 = CARTESIAN_POINT('',(10.963257625319,-5.966059059206,
    6.717787300286));
#2391 = CARTESIAN_POINT('',(10.876167344568,-5.988679796165,
    6.646070677229));
#2392 = CARTESIAN_POINT('',(10.788103458488,-6.000000068768,
    6.573051440704));
#2393 = CARTESIAN_POINT('',(10.7,-6.,6.5));
#2394 = PCURVE('',#890,#2395);
#2395 = DEFINITIONAL_REPRESENTATION('',(#2396),#2411);
#2396 = B_SPLINE_CURVE_WITH_KNOTS('',7,(#2397,#2398,#2399,#2400,#2401,
    #2402,#2403,#2404,#2405,#2406,#2407,#2408,#2409,#2410),
  .UNSPECIFIED.,.F.,.F.,(8,6,8),(0.,0.343469176562,1.),.UNSPECIFIED.);
#2397 = CARTESIAN_POINT('',(-1.570796326795,27.459934207679));
#2398 = CARTESIAN_POINT('',(-1.480265643796,27.443553883189));
#2399 = CARTESIAN_POINT('',(-1.391580301673,27.423289221795));
#2400 = CARTESIAN_POINT('',(-1.304619944974,27.399266166115));
#2401 = CARTESIAN_POINT('',(-1.219351399295,27.371744050596));
#2402 = CARTESIAN_POINT('',(-1.135819323878,27.341097631629));
#2403 = CARTESIAN_POINT('',(-1.054152268892,27.307807243727));
#2404 = CARTESIAN_POINT('',(-0.822492088168,27.204886328709));
#2405 = CARTESIAN_POINT('',(-0.677085135121,27.129352041925));
#2406 = CARTESIAN_POINT('',(-0.536595152224,27.048165938203));
#2407 = CARTESIAN_POINT('',(-0.39980330691,26.963257625319));
#2408 = CARTESIAN_POINT('',(-0.265583143118,26.876167344568));
#2409 = CARTESIAN_POINT('',(-0.132820800398,26.788103458488));
#2410 = CARTESIAN_POINT('',(0.,26.7));
#2411 = ( GEOMETRIC_REPRESENTATION_CONTEXT(2) 
PARAMETRIC_REPRESENTATION_CONTEXT() REPRESENTATION_CONTEXT('2D SPACE',''
  ) );
#2412 = PCURVE('',#862,#2413);
#2413 = DEFINITIONAL_REPRESENTATION('',(#2414),#2429);
#2414 = B_SPLINE_CURVE_WITH_KNOTS('',7,(#2415,#2416,#2417,#2418,#2419,
    #2420,#2421,#2422,#2423,#2424,#2425,#2426,#2427,#2428),
  .UNSPECIFIED.,.F.,.F.,(8,6,8),(0.,0.343469176562,1.),.UNSPECIFIED.);
#2415 = CARTESIAN_POINT('',(-0.317823703928,20.8));
#2416 = CARTESIAN_POINT('',(-0.383345001885,20.8));
#2417 = CARTESIAN_POINT('',(-0.449178219782,20.794740991357));
#2418 = CARTESIAN_POINT('',(-0.51502226506,20.784609077266));
#2419 = CARTESIAN_POINT('',(-0.580626512358,20.77004150798));
#2420 = CARTESIAN_POINT('',(-0.64574414243,20.751540662414));
#2421 = CARTESIAN_POINT('',(-0.71009738116,20.729680809067));
#2422 = CARTESIAN_POINT('',(-0.89426895129,20.658136797367));
#2423 = CARTESIAN_POINT('',(-1.011959824828,20.600948451595));
#2424 = CARTESIAN_POINT('',(-1.126862048863,20.536714076016));
#2425 = CARTESIAN_POINT('',(-1.239547096037,20.467787300286));
#2426 = CARTESIAN_POINT('',(-1.350585534134,20.396070677229));
#2427 = CARTESIAN_POINT('',(-1.460667313529,20.323051440704));
#2428 = CARTESIAN_POINT('',(-1.570796326795,20.25));
#2429 = ( GEOMETRIC_REPRESENTATION_CONTEXT(2) 
PARAMETRIC_REPRESENTATION_CONTEXT() REPRESENTATION_CONTEXT('2D SPACE',''
  ) );
#2430 = ORIENTED_EDGE('',*,*,#2431,.T.);
#2431 = EDGE_CURVE('',#2376,#2432,#2434,.T.);
#2432 = VERTEX_POINT('',#2433);
#2433 = CARTESIAN_POINT('',(15.45,-5.45,7.05));
#2434 = SURFACE_CURVE('',#2435,(#2439,#2446),.PCURVE_S1.);
#2435 = LINE('',#2436,#2437);
#2436 = CARTESIAN_POINT('',(-16.,-5.45,7.05));
#2437 = VECTOR('',#2438,1.);
#2438 = DIRECTION('',(1.,0.,0.));
#2439 = PCURVE('',#890,#2440);
#2440 = DEFINITIONAL_REPRESENTATION('',(#2441),#2445);
#2441 = LINE('',#2442,#2443);
#2442 = CARTESIAN_POINT('',(-1.570796326795,0.));
#2443 = VECTOR('',#2444,1.);
#2444 = DIRECTION('',(-0.,1.));
#2445 = ( GEOMETRIC_REPRESENTATION_CONTEXT(2) 
PARAMETRIC_REPRESENTATION_CONTEXT() REPRESENTATION_CONTEXT('2D SPACE',''
  ) );
#2446 = PCURVE('',#2447,#2452);
#2447 = PLANE('',#2448);
#2448 = AXIS2_PLACEMENT_3D('',#2449,#2450,#2451);
#2449 = CARTESIAN_POINT('',(-16.,-6.,7.05));
#2450 = DIRECTION('',(0.,0.,1.));
#2451 = DIRECTION('',(1.,0.,0.));
#2452 = DEFINITIONAL_REPRESENTATION('',(#2453),#2457);
#2453 = LINE('',#2454,#2455);
#2454 = CARTESIAN_POINT('',(0.,0.55));
#2455 = VECTOR('',#2456,1.);
#2456 = DIRECTION('',(1.,0.));
#2457 = ( GEOMETRIC_REPRESENTATION_CONTEXT(2) 
PARAMETRIC_REPRESENTATION_CONTEXT() REPRESENTATION_CONTEXT('2D SPACE',''
  ) );
#2458 = ORIENTED_EDGE('',*,*,#2459,.T.);
#2459 = EDGE_CURVE('',#2432,#875,#2460,.T.);
#2460 = SURFACE_CURVE('',#2461,(#2466,#2473),.PCURVE_S1.);
#2461 = CIRCLE('',#2462,0.55);
#2462 = AXIS2_PLACEMENT_3D('',#2463,#2464,#2465);
#2463 = CARTESIAN_POINT('',(15.45,-5.45,6.5));
#2464 = DIRECTION('',(1.,6.123233995737E-17,0.));
#2465 = DIRECTION('',(6.123233995737E-17,-1.,0.));
#2466 = PCURVE('',#890,#2467);
#2467 = DEFINITIONAL_REPRESENTATION('',(#2468),#2472);
#2468 = LINE('',#2469,#2470);
#2469 = CARTESIAN_POINT('',(-6.28318530718,31.45));
#2470 = VECTOR('',#2471,1.);
#2471 = DIRECTION('',(1.,-0.));
#2472 = ( GEOMETRIC_REPRESENTATION_CONTEXT(2) 
PARAMETRIC_REPRESENTATION_CONTEXT() REPRESENTATION_CONTEXT('2D SPACE',''
  ) );
#2473 = PCURVE('',#2255,#2474);
#2474 = DEFINITIONAL_REPRESENTATION('',(#2475),#2479);
#2475 = LINE('',#2476,#2477);
#2476 = CARTESIAN_POINT('',(1.570796326795,-6.28318530718));
#2477 = VECTOR('',#2478,1.);
#2478 = DIRECTION('',(0.,1.));
#2479 = ( GEOMETRIC_REPRESENTATION_CONTEXT(2) 
PARAMETRIC_REPRESENTATION_CONTEXT() REPRESENTATION_CONTEXT('2D SPACE',''
  ) );
#2480 = ORIENTED_EDGE('',*,*,#874,.F.);
#2481 = ADVANCED_FACE('',(#2482),#806,.T.);
#2482 = FACE_BOUND('',#2483,.T.);
#2483 = EDGE_LOOP('',(#2484,#2514,#2536,#2537,#2538));
#2484 = ORIENTED_EDGE('',*,*,#2485,.F.);
#2485 = EDGE_CURVE('',#2486,#2488,#2490,.T.);
#2486 = VERTEX_POINT('',#2487);
#2487 = CARTESIAN_POINT('',(-11.5,-5.2,7.05));
#2488 = VERTEX_POINT('',#2489);
#2489 = CARTESIAN_POINT('',(-11.5,-5.2,12.95));
#2490 = SURFACE_CURVE('',#2491,(#2495,#2502),.PCURVE_S1.);
#2491 = LINE('',#2492,#2493);
#2492 = CARTESIAN_POINT('',(-11.5,-5.2,-13.75));
#2493 = VECTOR('',#2494,1.);
#2494 = DIRECTION('',(0.,0.,1.));
#2495 = PCURVE('',#806,#2496);
#2496 = DEFINITIONAL_REPRESENTATION('',(#2497),#2501);
#2497 = LINE('',#2498,#2499);
#2498 = CARTESIAN_POINT('',(0.,0.));
#2499 = VECTOR('',#2500,1.);
#2500 = DIRECTION('',(0.,1.));
#2501 = ( GEOMETRIC_REPRESENTATION_CONTEXT(2) 
PARAMETRIC_REPRESENTATION_CONTEXT() REPRESENTATION_CONTEXT('2D SPACE',''
  ) );
#2502 = PCURVE('',#2503,#2508);
#2503 = PLANE('',#2504);
#2504 = AXIS2_PLACEMENT_3D('',#2505,#2506,#2507);
#2505 = CARTESIAN_POINT('',(-11.5,-6.,-13.75));
#2506 = DIRECTION('',(1.,0.,0.));
#2507 = DIRECTION('',(0.,0.,1.));
#2508 = DEFINITIONAL_REPRESENTATION('',(#2509),#2513);
#2509 = LINE('',#2510,#2511);
#2510 = CARTESIAN_POINT('',(0.,-0.8));
#2511 = VECTOR('',#2512,1.);
#2512 = DIRECTION('',(1.,0.));
#2513 = ( GEOMETRIC_REPRESENTATION_CONTEXT(2) 
PARAMETRIC_REPRESENTATION_CONTEXT() REPRESENTATION_CONTEXT('2D SPACE',''
  ) );
#2514 = ORIENTED_EDGE('',*,*,#2515,.T.);
#2515 = EDGE_CURVE('',#2486,#2295,#2516,.T.);
#2516 = SURFACE_CURVE('',#2517,(#2522,#2529),.PCURVE_S1.);
#2517 = CIRCLE('',#2518,0.8);
#2518 = AXIS2_PLACEMENT_3D('',#2519,#2520,#2521);
#2519 = CARTESIAN_POINT('',(-10.7,-5.2,7.05));
#2520 = DIRECTION('',(0.,0.,1.));
#2521 = DIRECTION('',(-1.,-0.,0.));
#2522 = PCURVE('',#806,#2523);
#2523 = DEFINITIONAL_REPRESENTATION('',(#2524),#2528);
#2524 = LINE('',#2525,#2526);
#2525 = CARTESIAN_POINT('',(0.,20.8));
#2526 = VECTOR('',#2527,1.);
#2527 = DIRECTION('',(1.,0.));
#2528 = ( GEOMETRIC_REPRESENTATION_CONTEXT(2) 
PARAMETRIC_REPRESENTATION_CONTEXT() REPRESENTATION_CONTEXT('2D SPACE',''
  ) );
#2529 = PCURVE('',#1422,#2530);
#2530 = DEFINITIONAL_REPRESENTATION('',(#2531),#2535);
#2531 = CIRCLE('',#2532,0.8);
#2532 = AXIS2_PLACEMENT_2D('',#2533,#2534);
#2533 = CARTESIAN_POINT('',(5.3,0.8));
#2534 = DIRECTION('',(-1.,0.));
#2535 = ( GEOMETRIC_REPRESENTATION_CONTEXT(2) 
PARAMETRIC_REPRESENTATION_CONTEXT() REPRESENTATION_CONTEXT('2D SPACE',''
  ) );
#2536 = ORIENTED_EDGE('',*,*,#2317,.T.);
#2537 = ORIENTED_EDGE('',*,*,#790,.T.);
#2538 = ORIENTED_EDGE('',*,*,#2539,.F.);
#2539 = EDGE_CURVE('',#2488,#791,#2540,.T.);
#2540 = SURFACE_CURVE('',#2541,(#2546,#2553),.PCURVE_S1.);
#2541 = CIRCLE('',#2542,0.8);
#2542 = AXIS2_PLACEMENT_3D('',#2543,#2544,#2545);
#2543 = CARTESIAN_POINT('',(-10.7,-5.2,12.95));
#2544 = DIRECTION('',(0.,0.,1.));
#2545 = DIRECTION('',(-1.,0.,0.));
#2546 = PCURVE('',#806,#2547);
#2547 = DEFINITIONAL_REPRESENTATION('',(#2548),#2552);
#2548 = LINE('',#2549,#2550);
#2549 = CARTESIAN_POINT('',(0.,26.7));
#2550 = VECTOR('',#2551,1.);
#2551 = DIRECTION('',(1.,0.));
#2552 = ( GEOMETRIC_REPRESENTATION_CONTEXT(2) 
PARAMETRIC_REPRESENTATION_CONTEXT() REPRESENTATION_CONTEXT('2D SPACE',''
  ) );
#2553 = PCURVE('',#2554,#2559);
#2554 = SPHERICAL_SURFACE('',#2555,0.8);
#2555 = AXIS2_PLACEMENT_3D('',#2556,#2557,#2558);
#2556 = CARTESIAN_POINT('',(-10.7,-5.2,12.95));
#2557 = DIRECTION('',(-0.,-0.,-1.));
#2558 = DIRECTION('',(-1.,0.,0.));
#2559 = DEFINITIONAL_REPRESENTATION('',(#2560),#2564);
#2560 = LINE('',#2561,#2562);
#2561 = CARTESIAN_POINT('',(-0.,0.));
#2562 = VECTOR('',#2563,1.);
#2563 = DIRECTION('',(-1.,0.));
#2564 = ( GEOMETRIC_REPRESENTATION_CONTEXT(2) 
PARAMETRIC_REPRESENTATION_CONTEXT() REPRESENTATION_CONTEXT('2D SPACE',''
  ) );
#2565 = ADVANCED_FACE('',(#2566),#862,.T.);
#2566 = FACE_BOUND('',#2567,.F.);
#2567 = EDGE_LOOP('',(#2568,#2598,#2620,#2621,#2622));
#2568 = ORIENTED_EDGE('',*,*,#2569,.F.);
#2569 = EDGE_CURVE('',#2570,#2572,#2574,.T.);
#2570 = VERTEX_POINT('',#2571);
#2571 = CARTESIAN_POINT('',(11.5,-5.2,7.05));
#2572 = VERTEX_POINT('',#2573);
#2573 = CARTESIAN_POINT('',(11.5,-5.2,12.95));
#2574 = SURFACE_CURVE('',#2575,(#2579,#2586),.PCURVE_S1.);
#2575 = LINE('',#2576,#2577);
#2576 = CARTESIAN_POINT('',(11.5,-5.2,-13.75));
#2577 = VECTOR('',#2578,1.);
#2578 = DIRECTION('',(0.,0.,1.));
#2579 = PCURVE('',#862,#2580);
#2580 = DEFINITIONAL_REPRESENTATION('',(#2581),#2585);
#2581 = LINE('',#2582,#2583);
#2582 = CARTESIAN_POINT('',(-0.,0.));
#2583 = VECTOR('',#2584,1.);
#2584 = DIRECTION('',(-0.,1.));
#2585 = ( GEOMETRIC_REPRESENTATION_CONTEXT(2) 
PARAMETRIC_REPRESENTATION_CONTEXT() REPRESENTATION_CONTEXT('2D SPACE',''
  ) );
#2586 = PCURVE('',#2587,#2592);
#2587 = PLANE('',#2588);
#2588 = AXIS2_PLACEMENT_3D('',#2589,#2590,#2591);
#2589 = CARTESIAN_POINT('',(11.5,-6.,-13.75));
#2590 = DIRECTION('',(1.,0.,0.));
#2591 = DIRECTION('',(0.,0.,1.));
#2592 = DEFINITIONAL_REPRESENTATION('',(#2593),#2597);
#2593 = LINE('',#2594,#2595);
#2594 = CARTESIAN_POINT('',(0.,-0.8));
#2595 = VECTOR('',#2596,1.);
#2596 = DIRECTION('',(1.,0.));
#2597 = ( GEOMETRIC_REPRESENTATION_CONTEXT(2) 
PARAMETRIC_REPRESENTATION_CONTEXT() REPRESENTATION_CONTEXT('2D SPACE',''
  ) );
#2598 = ORIENTED_EDGE('',*,*,#2599,.F.);
#2599 = EDGE_CURVE('',#2376,#2570,#2600,.T.);
#2600 = SURFACE_CURVE('',#2601,(#2606,#2613),.PCURVE_S1.);
#2601 = CIRCLE('',#2602,0.8);
#2602 = AXIS2_PLACEMENT_3D('',#2603,#2604,#2605);
#2603 = CARTESIAN_POINT('',(10.7,-5.2,7.05));
#2604 = DIRECTION('',(0.,0.,1.));
#2605 = DIRECTION('',(1.,0.,-0.));
#2606 = PCURVE('',#862,#2607);
#2607 = DEFINITIONAL_REPRESENTATION('',(#2608),#2612);
#2608 = LINE('',#2609,#2610);
#2609 = CARTESIAN_POINT('',(-6.28318530718,20.8));
#2610 = VECTOR('',#2611,1.);
#2611 = DIRECTION('',(1.,-0.));
#2612 = ( GEOMETRIC_REPRESENTATION_CONTEXT(2) 
PARAMETRIC_REPRESENTATION_CONTEXT() REPRESENTATION_CONTEXT('2D SPACE',''
  ) );
#2613 = PCURVE('',#2447,#2614);
#2614 = DEFINITIONAL_REPRESENTATION('',(#2615),#2619);
#2615 = CIRCLE('',#2616,0.8);
#2616 = AXIS2_PLACEMENT_2D('',#2617,#2618);
#2617 = CARTESIAN_POINT('',(26.7,0.8));
#2618 = DIRECTION('',(1.,0.));
#2619 = ( GEOMETRIC_REPRESENTATION_CONTEXT(2) 
PARAMETRIC_REPRESENTATION_CONTEXT() REPRESENTATION_CONTEXT('2D SPACE',''
  ) );
#2620 = ORIENTED_EDGE('',*,*,#2375,.T.);
#2621 = ORIENTED_EDGE('',*,*,#846,.T.);
#2622 = ORIENTED_EDGE('',*,*,#2623,.F.);
#2623 = EDGE_CURVE('',#2572,#819,#2624,.T.);
#2624 = SURFACE_CURVE('',#2625,(#2630,#2637),.PCURVE_S1.);
#2625 = CIRCLE('',#2626,0.8);
#2626 = AXIS2_PLACEMENT_3D('',#2627,#2628,#2629);
#2627 = CARTESIAN_POINT('',(10.7,-5.2,12.95));
#2628 = DIRECTION('',(0.,0.,-1.));
#2629 = DIRECTION('',(1.,0.,0.));
#2630 = PCURVE('',#862,#2631);
#2631 = DEFINITIONAL_REPRESENTATION('',(#2632),#2636);
#2632 = LINE('',#2633,#2634);
#2633 = CARTESIAN_POINT('',(-0.,26.7));
#2634 = VECTOR('',#2635,1.);
#2635 = DIRECTION('',(-1.,0.));
#2636 = ( GEOMETRIC_REPRESENTATION_CONTEXT(2) 
PARAMETRIC_REPRESENTATION_CONTEXT() REPRESENTATION_CONTEXT('2D SPACE',''
  ) );
#2637 = PCURVE('',#2638,#2643);
#2638 = SPHERICAL_SURFACE('',#2639,0.8);
#2639 = AXIS2_PLACEMENT_3D('',#2640,#2641,#2642);
#2640 = CARTESIAN_POINT('',(10.7,-5.2,12.95));
#2641 = DIRECTION('',(-0.,-0.,-1.));
#2642 = DIRECTION('',(1.,0.,0.));
#2643 = DEFINITIONAL_REPRESENTATION('',(#2644),#2648);
#2644 = LINE('',#2645,#2646);
#2645 = CARTESIAN_POINT('',(0.,0.));
#2646 = VECTOR('',#2647,1.);
#2647 = DIRECTION('',(1.,0.));
#2648 = ( GEOMETRIC_REPRESENTATION_CONTEXT(2) 
PARAMETRIC_REPRESENTATION_CONTEXT() REPRESENTATION_CONTEXT('2D SPACE',''
  ) );
#2649 = ADVANCED_FACE('',(#2650),#834,.T.);
#2650 = FACE_BOUND('',#2651,.F.);
#2651 = EDGE_LOOP('',(#2652,#2674,#2702,#2722));
#2652 = ORIENTED_EDGE('',*,*,#2653,.F.);
#2653 = EDGE_CURVE('',#2654,#791,#2656,.T.);
#2654 = VERTEX_POINT('',#2655);
#2655 = CARTESIAN_POINT('',(-10.7,-5.2,13.75));
#2656 = SURFACE_CURVE('',#2657,(#2662,#2668),.PCURVE_S1.);
#2657 = CIRCLE('',#2658,0.8);
#2658 = AXIS2_PLACEMENT_3D('',#2659,#2660,#2661);
#2659 = CARTESIAN_POINT('',(-10.7,-5.2,12.95));
#2660 = DIRECTION('',(1.,-6.123233995737E-17,0.));
#2661 = DIRECTION('',(-6.123233995737E-17,-1.,0.));
#2662 = PCURVE('',#834,#2663);
#2663 = DEFINITIONAL_REPRESENTATION('',(#2664),#2667);
#2664 = B_SPLINE_CURVE_WITH_KNOTS('',1,(#2665,#2666),.UNSPECIFIED.,.F.,
  .F.,(2,2),(4.712388980385,6.28318530718),.PIECEWISE_BEZIER_KNOTS.);
#2665 = CARTESIAN_POINT('',(-1.570796326795,0.8));
#2666 = CARTESIAN_POINT('',(0.,0.8));
#2667 = ( GEOMETRIC_REPRESENTATION_CONTEXT(2) 
PARAMETRIC_REPRESENTATION_CONTEXT() REPRESENTATION_CONTEXT('2D SPACE',''
  ) );
#2668 = PCURVE('',#2554,#2669);
#2669 = DEFINITIONAL_REPRESENTATION('',(#2670),#2673);
#2670 = B_SPLINE_CURVE_WITH_KNOTS('',1,(#2671,#2672),.UNSPECIFIED.,.F.,
  .F.,(2,2),(4.712388980385,6.28318530718),.PIECEWISE_BEZIER_KNOTS.);
#2671 = CARTESIAN_POINT('',(-1.570796326795,-1.570796326795));
#2672 = CARTESIAN_POINT('',(-1.570796326795,0.));
#2673 = ( GEOMETRIC_REPRESENTATION_CONTEXT(2) 
PARAMETRIC_REPRESENTATION_CONTEXT() REPRESENTATION_CONTEXT('2D SPACE',''
  ) );
#2674 = ORIENTED_EDGE('',*,*,#2675,.T.);
#2675 = EDGE_CURVE('',#2654,#2676,#2678,.T.);
#2676 = VERTEX_POINT('',#2677);
#2677 = CARTESIAN_POINT('',(10.7,-5.2,13.75));
#2678 = SURFACE_CURVE('',#2679,(#2683,#2690),.PCURVE_S1.);
#2679 = LINE('',#2680,#2681);
#2680 = CARTESIAN_POINT('',(-11.5,-5.2,13.75));
#2681 = VECTOR('',#2682,1.);
#2682 = DIRECTION('',(1.,0.,0.));
#2683 = PCURVE('',#834,#2684);
#2684 = DEFINITIONAL_REPRESENTATION('',(#2685),#2689);
#2685 = LINE('',#2686,#2687);
#2686 = CARTESIAN_POINT('',(-1.570796326795,0.));
#2687 = VECTOR('',#2688,1.);
#2688 = DIRECTION('',(-0.,1.));
#2689 = ( GEOMETRIC_REPRESENTATION_CONTEXT(2) 
PARAMETRIC_REPRESENTATION_CONTEXT() REPRESENTATION_CONTEXT('2D SPACE',''
  ) );
#2690 = PCURVE('',#2691,#2696);
#2691 = PLANE('',#2692);
#2692 = AXIS2_PLACEMENT_3D('',#2693,#2694,#2695);
#2693 = CARTESIAN_POINT('',(-11.5,-6.,13.75));
#2694 = DIRECTION('',(0.,0.,1.));
#2695 = DIRECTION('',(1.,0.,0.));
#2696 = DEFINITIONAL_REPRESENTATION('',(#2697),#2701);
#2697 = LINE('',#2698,#2699);
#2698 = CARTESIAN_POINT('',(0.,0.8));
#2699 = VECTOR('',#2700,1.);
#2700 = DIRECTION('',(1.,0.));
#2701 = ( GEOMETRIC_REPRESENTATION_CONTEXT(2) 
PARAMETRIC_REPRESENTATION_CONTEXT() REPRESENTATION_CONTEXT('2D SPACE',''
  ) );
#2702 = ORIENTED_EDGE('',*,*,#2703,.T.);
#2703 = EDGE_CURVE('',#2676,#819,#2704,.T.);
#2704 = SURFACE_CURVE('',#2705,(#2710,#2716),.PCURVE_S1.);
#2705 = CIRCLE('',#2706,0.8);
#2706 = AXIS2_PLACEMENT_3D('',#2707,#2708,#2709);
#2707 = CARTESIAN_POINT('',(10.7,-5.2,12.95));
#2708 = DIRECTION('',(1.,6.123233995737E-17,0.));
#2709 = DIRECTION('',(6.123233995737E-17,-1.,0.));
#2710 = PCURVE('',#834,#2711);
#2711 = DEFINITIONAL_REPRESENTATION('',(#2712),#2715);
#2712 = B_SPLINE_CURVE_WITH_KNOTS('',1,(#2713,#2714),.UNSPECIFIED.,.F.,
  .F.,(2,2),(4.712388980385,6.28318530718),.PIECEWISE_BEZIER_KNOTS.);
#2713 = CARTESIAN_POINT('',(-1.570796326795,22.2));
#2714 = CARTESIAN_POINT('',(0.,22.2));
#2715 = ( GEOMETRIC_REPRESENTATION_CONTEXT(2) 
PARAMETRIC_REPRESENTATION_CONTEXT() REPRESENTATION_CONTEXT('2D SPACE',''
  ) );
#2716 = PCURVE('',#2638,#2717);
#2717 = DEFINITIONAL_REPRESENTATION('',(#2718),#2721);
#2718 = B_SPLINE_CURVE_WITH_KNOTS('',1,(#2719,#2720),.UNSPECIFIED.,.F.,
  .F.,(2,2),(4.712388980385,6.28318530718),.PIECEWISE_BEZIER_KNOTS.);
#2719 = CARTESIAN_POINT('',(1.570796326795,-1.570796326795));
#2720 = CARTESIAN_POINT('',(1.570796326795,0.));
#2721 = ( GEOMETRIC_REPRESENTATION_CONTEXT(2) 
PARAMETRIC_REPRESENTATION_CONTEXT() REPRESENTATION_CONTEXT('2D SPACE',''
  ) );
#2722 = ORIENTED_EDGE('',*,*,#818,.F.);
#2723 = ADVANCED_FACE('',(#2724),#1004,.F.);
#2724 = FACE_BOUND('',#2725,.F.);
#2725 = EDGE_LOOP('',(#2726,#2756,#2777,#2778));
#2726 = ORIENTED_EDGE('',*,*,#2727,.F.);
#2727 = EDGE_CURVE('',#2728,#2730,#2732,.T.);
#2728 = VERTEX_POINT('',#2729);
#2729 = CARTESIAN_POINT('',(-10.,-8.,-9.));
#2730 = VERTEX_POINT('',#2731);
#2731 = CARTESIAN_POINT('',(-10.,-8.,-6.));
#2732 = SURFACE_CURVE('',#2733,(#2737,#2744),.PCURVE_S1.);
#2733 = LINE('',#2734,#2735);
#2734 = CARTESIAN_POINT('',(-10.,-8.,-9.5));
#2735 = VECTOR('',#2736,1.);
#2736 = DIRECTION('',(0.,0.,1.));
#2737 = PCURVE('',#1004,#2738);
#2738 = DEFINITIONAL_REPRESENTATION('',(#2739),#2743);
#2739 = LINE('',#2740,#2741);
#2740 = CARTESIAN_POINT('',(0.,-0.5));
#2741 = VECTOR('',#2742,1.);
#2742 = DIRECTION('',(1.,0.));
#2743 = ( GEOMETRIC_REPRESENTATION_CONTEXT(2) 
PARAMETRIC_REPRESENTATION_CONTEXT() REPRESENTATION_CONTEXT('2D SPACE',''
  ) );
#2744 = PCURVE('',#2745,#2750);
#2745 = CYLINDRICAL_SURFACE('',#2746,0.5);
#2746 = AXIS2_PLACEMENT_3D('',#2747,#2748,#2749);
#2747 = CARTESIAN_POINT('',(-9.5,-8.,-9.5));
#2748 = DIRECTION('',(0.,0.,1.));
#2749 = DIRECTION('',(-1.,-0.,0.));
#2750 = DEFINITIONAL_REPRESENTATION('',(#2751),#2755);
#2751 = LINE('',#2752,#2753);
#2752 = CARTESIAN_POINT('',(0.,0.));
#2753 = VECTOR('',#2754,1.);
#2754 = DIRECTION('',(0.,1.));
#2755 = ( GEOMETRIC_REPRESENTATION_CONTEXT(2) 
PARAMETRIC_REPRESENTATION_CONTEXT() REPRESENTATION_CONTEXT('2D SPACE',''
  ) );
#2756 = ORIENTED_EDGE('',*,*,#2757,.T.);
#2757 = EDGE_CURVE('',#2728,#987,#2758,.T.);
#2758 = SURFACE_CURVE('',#2759,(#2763,#2770),.PCURVE_S1.);
#2759 = LINE('',#2760,#2761);
#2760 = CARTESIAN_POINT('',(-10.,-8.5,-9.));
#2761 = VECTOR('',#2762,1.);
#2762 = DIRECTION('',(0.,1.,0.));
#2763 = PCURVE('',#1004,#2764);
#2764 = DEFINITIONAL_REPRESENTATION('',(#2765),#2769);
#2765 = LINE('',#2766,#2767);
#2766 = CARTESIAN_POINT('',(0.5,0.));
#2767 = VECTOR('',#2768,1.);
#2768 = DIRECTION('',(0.,-1.));
#2769 = ( GEOMETRIC_REPRESENTATION_CONTEXT(2) 
PARAMETRIC_REPRESENTATION_CONTEXT() REPRESENTATION_CONTEXT('2D SPACE',''
  ) );
#2770 = PCURVE('',#1033,#2771);
#2771 = DEFINITIONAL_REPRESENTATION('',(#2772),#2776);
#2772 = LINE('',#2773,#2774);
#2773 = CARTESIAN_POINT('',(-0.,0.));
#2774 = VECTOR('',#2775,1.);
#2775 = DIRECTION('',(-0.,1.));
#2776 = ( GEOMETRIC_REPRESENTATION_CONTEXT(2) 
PARAMETRIC_REPRESENTATION_CONTEXT() REPRESENTATION_CONTEXT('2D SPACE',''
  ) );
#2777 = ORIENTED_EDGE('',*,*,#986,.T.);
#2778 = ORIENTED_EDGE('',*,*,#2779,.F.);
#2779 = EDGE_CURVE('',#2730,#989,#2780,.T.);
#2780 = SURFACE_CURVE('',#2781,(#2785,#2792),.PCURVE_S1.);
#2781 = LINE('',#2782,#2783);
#2782 = CARTESIAN_POINT('',(-10.,-8.5,-6.));
#2783 = VECTOR('',#2784,1.);
#2784 = DIRECTION('',(0.,1.,0.));
#2785 = PCURVE('',#1004,#2786);
#2786 = DEFINITIONAL_REPRESENTATION('',(#2787),#2791);
#2787 = LINE('',#2788,#2789);
#2788 = CARTESIAN_POINT('',(3.5,0.));
#2789 = VECTOR('',#2790,1.);
#2790 = DIRECTION('',(0.,-1.));
#2791 = ( GEOMETRIC_REPRESENTATION_CONTEXT(2) 
PARAMETRIC_REPRESENTATION_CONTEXT() REPRESENTATION_CONTEXT('2D SPACE',''
  ) );
#2792 = PCURVE('',#1210,#2793);
#2793 = DEFINITIONAL_REPRESENTATION('',(#2794),#2798);
#2794 = LINE('',#2795,#2796);
#2795 = CARTESIAN_POINT('',(0.,0.));
#2796 = VECTOR('',#2797,1.);
#2797 = DIRECTION('',(0.,1.));
#2798 = ( GEOMETRIC_REPRESENTATION_CONTEXT(2) 
PARAMETRIC_REPRESENTATION_CONTEXT() REPRESENTATION_CONTEXT('2D SPACE',''
  ) );
#2799 = ADVANCED_FACE('',(#2800),#1210,.T.);
#2800 = FACE_BOUND('',#2801,.T.);
#2801 = EDGE_LOOP('',(#2802,#2831,#2852,#2853));
#2802 = ORIENTED_EDGE('',*,*,#2803,.F.);
#2803 = EDGE_CURVE('',#2804,#2730,#2806,.T.);
#2804 = VERTEX_POINT('',#2805);
#2805 = CARTESIAN_POINT('',(-9.5,-8.,-5.5));
#2806 = SURFACE_CURVE('',#2807,(#2812,#2819),.PCURVE_S1.);
#2807 = CIRCLE('',#2808,0.5);
#2808 = AXIS2_PLACEMENT_3D('',#2809,#2810,#2811);
#2809 = CARTESIAN_POINT('',(-9.5,-8.,-6.));
#2810 = DIRECTION('',(0.,-1.,0.));
#2811 = DIRECTION('',(-1.,0.,0.));
#2812 = PCURVE('',#1210,#2813);
#2813 = DEFINITIONAL_REPRESENTATION('',(#2814),#2818);
#2814 = LINE('',#2815,#2816);
#2815 = CARTESIAN_POINT('',(6.28318530718,0.5));
#2816 = VECTOR('',#2817,1.);
#2817 = DIRECTION('',(-1.,-0.));
#2818 = ( GEOMETRIC_REPRESENTATION_CONTEXT(2) 
PARAMETRIC_REPRESENTATION_CONTEXT() REPRESENTATION_CONTEXT('2D SPACE',''
  ) );
#2819 = PCURVE('',#2820,#2825);
#2820 = SPHERICAL_SURFACE('',#2821,0.5);
#2821 = AXIS2_PLACEMENT_3D('',#2822,#2823,#2824);
#2822 = CARTESIAN_POINT('',(-9.5,-8.,-6.));
#2823 = DIRECTION('',(-0.,-0.,-1.));
#2824 = DIRECTION('',(-1.,0.,0.));
#2825 = DEFINITIONAL_REPRESENTATION('',(#2826),#2830);
#2826 = LINE('',#2827,#2828);
#2827 = CARTESIAN_POINT('',(-0.,-6.28318530718));
#2828 = VECTOR('',#2829,1.);
#2829 = DIRECTION('',(-0.,1.));
#2830 = ( GEOMETRIC_REPRESENTATION_CONTEXT(2) 
PARAMETRIC_REPRESENTATION_CONTEXT() REPRESENTATION_CONTEXT('2D SPACE',''
  ) );
#2831 = ORIENTED_EDGE('',*,*,#2832,.T.);
#2832 = EDGE_CURVE('',#2804,#1168,#2833,.T.);
#2833 = SURFACE_CURVE('',#2834,(#2838,#2845),.PCURVE_S1.);
#2834 = LINE('',#2835,#2836);
#2835 = CARTESIAN_POINT('',(-9.5,-8.5,-5.5));
#2836 = VECTOR('',#2837,1.);
#2837 = DIRECTION('',(0.,1.,0.));
#2838 = PCURVE('',#1210,#2839);
#2839 = DEFINITIONAL_REPRESENTATION('',(#2840),#2844);
#2840 = LINE('',#2841,#2842);
#2841 = CARTESIAN_POINT('',(1.570796326795,0.));
#2842 = VECTOR('',#2843,1.);
#2843 = DIRECTION('',(0.,1.));
#2844 = ( GEOMETRIC_REPRESENTATION_CONTEXT(2) 
PARAMETRIC_REPRESENTATION_CONTEXT() REPRESENTATION_CONTEXT('2D SPACE',''
  ) );
#2845 = PCURVE('',#1183,#2846);
#2846 = DEFINITIONAL_REPRESENTATION('',(#2847),#2851);
#2847 = LINE('',#2848,#2849);
#2848 = CARTESIAN_POINT('',(0.5,0.));
#2849 = VECTOR('',#2850,1.);
#2850 = DIRECTION('',(0.,1.));
#2851 = ( GEOMETRIC_REPRESENTATION_CONTEXT(2) 
PARAMETRIC_REPRESENTATION_CONTEXT() REPRESENTATION_CONTEXT('2D SPACE',''
  ) );
#2852 = ORIENTED_EDGE('',*,*,#1195,.F.);
#2853 = ORIENTED_EDGE('',*,*,#2779,.F.);
#2854 = ADVANCED_FACE('',(#2855),#1183,.T.);
#2855 = FACE_BOUND('',#2856,.T.);
#2856 = EDGE_LOOP('',(#2857,#2858,#2886,#2907));
#2857 = ORIENTED_EDGE('',*,*,#2832,.F.);
#2858 = ORIENTED_EDGE('',*,*,#2859,.T.);
#2859 = EDGE_CURVE('',#2804,#2860,#2862,.T.);
#2860 = VERTEX_POINT('',#2861);
#2861 = CARTESIAN_POINT('',(-4.5,-8.,-5.5));
#2862 = SURFACE_CURVE('',#2863,(#2867,#2874),.PCURVE_S1.);
#2863 = LINE('',#2864,#2865);
#2864 = CARTESIAN_POINT('',(-10.,-8.,-5.5));
#2865 = VECTOR('',#2866,1.);
#2866 = DIRECTION('',(1.,0.,0.));
#2867 = PCURVE('',#1183,#2868);
#2868 = DEFINITIONAL_REPRESENTATION('',(#2869),#2873);
#2869 = LINE('',#2870,#2871);
#2870 = CARTESIAN_POINT('',(0.,0.5));
#2871 = VECTOR('',#2872,1.);
#2872 = DIRECTION('',(1.,0.));
#2873 = ( GEOMETRIC_REPRESENTATION_CONTEXT(2) 
PARAMETRIC_REPRESENTATION_CONTEXT() REPRESENTATION_CONTEXT('2D SPACE',''
  ) );
#2874 = PCURVE('',#2875,#2880);
#2875 = CYLINDRICAL_SURFACE('',#2876,0.5);
#2876 = AXIS2_PLACEMENT_3D('',#2877,#2878,#2879);
#2877 = CARTESIAN_POINT('',(-10.,-8.,-6.));
#2878 = DIRECTION('',(1.,0.,0.));
#2879 = DIRECTION('',(0.,-1.,0.));
#2880 = DEFINITIONAL_REPRESENTATION('',(#2881),#2885);
#2881 = LINE('',#2882,#2883);
#2882 = CARTESIAN_POINT('',(-1.570796326795,0.));
#2883 = VECTOR('',#2884,1.);
#2884 = DIRECTION('',(-0.,1.));
#2885 = ( GEOMETRIC_REPRESENTATION_CONTEXT(2) 
PARAMETRIC_REPRESENTATION_CONTEXT() REPRESENTATION_CONTEXT('2D SPACE',''
  ) );
#2886 = ORIENTED_EDGE('',*,*,#2887,.T.);
#2887 = EDGE_CURVE('',#2860,#1135,#2888,.T.);
#2888 = SURFACE_CURVE('',#2889,(#2893,#2900),.PCURVE_S1.);
#2889 = LINE('',#2890,#2891);
#2890 = CARTESIAN_POINT('',(-4.5,-8.5,-5.5));
#2891 = VECTOR('',#2892,1.);
#2892 = DIRECTION('',(0.,1.,0.));
#2893 = PCURVE('',#1183,#2894);
#2894 = DEFINITIONAL_REPRESENTATION('',(#2895),#2899);
#2895 = LINE('',#2896,#2897);
#2896 = CARTESIAN_POINT('',(5.5,0.));
#2897 = VECTOR('',#2898,1.);
#2898 = DIRECTION('',(0.,1.));
#2899 = ( GEOMETRIC_REPRESENTATION_CONTEXT(2) 
PARAMETRIC_REPRESENTATION_CONTEXT() REPRESENTATION_CONTEXT('2D SPACE',''
  ) );
#2900 = PCURVE('',#1155,#2901);
#2901 = DEFINITIONAL_REPRESENTATION('',(#2902),#2906);
#2902 = LINE('',#2903,#2904);
#2903 = CARTESIAN_POINT('',(-1.570796326795,0.));
#2904 = VECTOR('',#2905,1.);
#2905 = DIRECTION('',(-0.,1.));
#2906 = ( GEOMETRIC_REPRESENTATION_CONTEXT(2) 
PARAMETRIC_REPRESENTATION_CONTEXT() REPRESENTATION_CONTEXT('2D SPACE',''
  ) );
#2907 = ORIENTED_EDGE('',*,*,#1167,.F.);
#2908 = ADVANCED_FACE('',(#2909),#1155,.T.);
#2909 = FACE_BOUND('',#2910,.F.);
#2910 = EDGE_LOOP('',(#2911,#2940,#2941,#2942));
#2911 = ORIENTED_EDGE('',*,*,#2912,.F.);
#2912 = EDGE_CURVE('',#2860,#2913,#2915,.T.);
#2913 = VERTEX_POINT('',#2914);
#2914 = CARTESIAN_POINT('',(-4.,-8.,-6.));
#2915 = SURFACE_CURVE('',#2916,(#2921,#2928),.PCURVE_S1.);
#2916 = CIRCLE('',#2917,0.5);
#2917 = AXIS2_PLACEMENT_3D('',#2918,#2919,#2920);
#2918 = CARTESIAN_POINT('',(-4.5,-8.,-6.));
#2919 = DIRECTION('',(-0.,1.,0.));
#2920 = DIRECTION('',(1.,0.,0.));
#2921 = PCURVE('',#1155,#2922);
#2922 = DEFINITIONAL_REPRESENTATION('',(#2923),#2927);
#2923 = LINE('',#2924,#2925);
#2924 = CARTESIAN_POINT('',(-6.28318530718,0.5));
#2925 = VECTOR('',#2926,1.);
#2926 = DIRECTION('',(1.,-0.));
#2927 = ( GEOMETRIC_REPRESENTATION_CONTEXT(2) 
PARAMETRIC_REPRESENTATION_CONTEXT() REPRESENTATION_CONTEXT('2D SPACE',''
  ) );
#2928 = PCURVE('',#2929,#2934);
#2929 = SPHERICAL_SURFACE('',#2930,0.5);
#2930 = AXIS2_PLACEMENT_3D('',#2931,#2932,#2933);
#2931 = CARTESIAN_POINT('',(-4.5,-8.,-6.));
#2932 = DIRECTION('',(-0.,-0.,-1.));
#2933 = DIRECTION('',(1.,0.,0.));
#2934 = DEFINITIONAL_REPRESENTATION('',(#2935),#2939);
#2935 = LINE('',#2936,#2937);
#2936 = CARTESIAN_POINT('',(0.,-6.28318530718));
#2937 = VECTOR('',#2938,1.);
#2938 = DIRECTION('',(0.,1.));
#2939 = ( GEOMETRIC_REPRESENTATION_CONTEXT(2) 
PARAMETRIC_REPRESENTATION_CONTEXT() REPRESENTATION_CONTEXT('2D SPACE',''
  ) );
#2940 = ORIENTED_EDGE('',*,*,#2887,.T.);
#2941 = ORIENTED_EDGE('',*,*,#1134,.F.);
#2942 = ORIENTED_EDGE('',*,*,#2943,.F.);
#2943 = EDGE_CURVE('',#2913,#1107,#2944,.T.);
#2944 = SURFACE_CURVE('',#2945,(#2949,#2956),.PCURVE_S1.);
#2945 = LINE('',#2946,#2947);
#2946 = CARTESIAN_POINT('',(-4.,-8.5,-6.));
#2947 = VECTOR('',#2948,1.);
#2948 = DIRECTION('',(0.,1.,0.));
#2949 = PCURVE('',#1155,#2950);
#2950 = DEFINITIONAL_REPRESENTATION('',(#2951),#2955);
#2951 = LINE('',#2952,#2953);
#2952 = CARTESIAN_POINT('',(-0.,0.));
#2953 = VECTOR('',#2954,1.);
#2954 = DIRECTION('',(-0.,1.));
#2955 = ( GEOMETRIC_REPRESENTATION_CONTEXT(2) 
PARAMETRIC_REPRESENTATION_CONTEXT() REPRESENTATION_CONTEXT('2D SPACE',''
  ) );
#2956 = PCURVE('',#1122,#2957);
#2957 = DEFINITIONAL_REPRESENTATION('',(#2958),#2962);
#2958 = LINE('',#2959,#2960);
#2959 = CARTESIAN_POINT('',(3.5,0.));
#2960 = VECTOR('',#2961,1.);
#2961 = DIRECTION('',(0.,-1.));
#2962 = ( GEOMETRIC_REPRESENTATION_CONTEXT(2) 
PARAMETRIC_REPRESENTATION_CONTEXT() REPRESENTATION_CONTEXT('2D SPACE',''
  ) );
#2963 = ADVANCED_FACE('',(#2964),#1122,.T.);
#2964 = FACE_BOUND('',#2965,.T.);
#2965 = EDGE_LOOP('',(#2966,#2994,#3015,#3016));
#2966 = ORIENTED_EDGE('',*,*,#2967,.F.);
#2967 = EDGE_CURVE('',#2968,#2913,#2970,.T.);
#2968 = VERTEX_POINT('',#2969);
#2969 = CARTESIAN_POINT('',(-4.,-8.,-9.));
#2970 = SURFACE_CURVE('',#2971,(#2975,#2982),.PCURVE_S1.);
#2971 = LINE('',#2972,#2973);
#2972 = CARTESIAN_POINT('',(-4.,-8.,-9.5));
#2973 = VECTOR('',#2974,1.);
#2974 = DIRECTION('',(0.,0.,1.));
#2975 = PCURVE('',#1122,#2976);
#2976 = DEFINITIONAL_REPRESENTATION('',(#2977),#2981);
#2977 = LINE('',#2978,#2979);
#2978 = CARTESIAN_POINT('',(0.,-0.5));
#2979 = VECTOR('',#2980,1.);
#2980 = DIRECTION('',(1.,0.));
#2981 = ( GEOMETRIC_REPRESENTATION_CONTEXT(2) 
PARAMETRIC_REPRESENTATION_CONTEXT() REPRESENTATION_CONTEXT('2D SPACE',''
  ) );
#2982 = PCURVE('',#2983,#2988);
#2983 = CYLINDRICAL_SURFACE('',#2984,0.5);
#2984 = AXIS2_PLACEMENT_3D('',#2985,#2986,#2987);
#2985 = CARTESIAN_POINT('',(-4.5,-8.,-9.5));
#2986 = DIRECTION('',(0.,0.,1.));
#2987 = DIRECTION('',(1.,0.,-0.));
#2988 = DEFINITIONAL_REPRESENTATION('',(#2989),#2993);
#2989 = LINE('',#2990,#2991);
#2990 = CARTESIAN_POINT('',(-0.,0.));
#2991 = VECTOR('',#2992,1.);
#2992 = DIRECTION('',(-0.,1.));
#2993 = ( GEOMETRIC_REPRESENTATION_CONTEXT(2) 
PARAMETRIC_REPRESENTATION_CONTEXT() REPRESENTATION_CONTEXT('2D SPACE',''
  ) );
#2994 = ORIENTED_EDGE('',*,*,#2995,.T.);
#2995 = EDGE_CURVE('',#2968,#1074,#2996,.T.);
#2996 = SURFACE_CURVE('',#2997,(#3001,#3008),.PCURVE_S1.);
#2997 = LINE('',#2998,#2999);
#2998 = CARTESIAN_POINT('',(-4.,-8.5,-9.));
#2999 = VECTOR('',#3000,1.);
#3000 = DIRECTION('',(0.,1.,0.));
#3001 = PCURVE('',#1122,#3002);
#3002 = DEFINITIONAL_REPRESENTATION('',(#3003),#3007);
#3003 = LINE('',#3004,#3005);
#3004 = CARTESIAN_POINT('',(0.5,0.));
#3005 = VECTOR('',#3006,1.);
#3006 = DIRECTION('',(0.,-1.));
#3007 = ( GEOMETRIC_REPRESENTATION_CONTEXT(2) 
PARAMETRIC_REPRESENTATION_CONTEXT() REPRESENTATION_CONTEXT('2D SPACE',''
  ) );
#3008 = PCURVE('',#1094,#3009);
#3009 = DEFINITIONAL_REPRESENTATION('',(#3010),#3014);
#3010 = LINE('',#3011,#3012);
#3011 = CARTESIAN_POINT('',(0.,0.));
#3012 = VECTOR('',#3013,1.);
#3013 = DIRECTION('',(0.,1.));
#3014 = ( GEOMETRIC_REPRESENTATION_CONTEXT(2) 
PARAMETRIC_REPRESENTATION_CONTEXT() REPRESENTATION_CONTEXT('2D SPACE',''
  ) );
#3015 = ORIENTED_EDGE('',*,*,#1106,.T.);
#3016 = ORIENTED_EDGE('',*,*,#2943,.F.);
#3017 = ADVANCED_FACE('',(#3018),#1094,.T.);
#3018 = FACE_BOUND('',#3019,.T.);
#3019 = EDGE_LOOP('',(#3020,#3049,#3070,#3071));
#3020 = ORIENTED_EDGE('',*,*,#3021,.F.);
#3021 = EDGE_CURVE('',#3022,#2968,#3024,.T.);
#3022 = VERTEX_POINT('',#3023);
#3023 = CARTESIAN_POINT('',(-4.5,-8.,-9.5));
#3024 = SURFACE_CURVE('',#3025,(#3030,#3037),.PCURVE_S1.);
#3025 = CIRCLE('',#3026,0.5);
#3026 = AXIS2_PLACEMENT_3D('',#3027,#3028,#3029);
#3027 = CARTESIAN_POINT('',(-4.5,-8.,-9.));
#3028 = DIRECTION('',(0.,-1.,0.));
#3029 = DIRECTION('',(1.,0.,0.));
#3030 = PCURVE('',#1094,#3031);
#3031 = DEFINITIONAL_REPRESENTATION('',(#3032),#3036);
#3032 = LINE('',#3033,#3034);
#3033 = CARTESIAN_POINT('',(6.28318530718,0.5));
#3034 = VECTOR('',#3035,1.);
#3035 = DIRECTION('',(-1.,-0.));
#3036 = ( GEOMETRIC_REPRESENTATION_CONTEXT(2) 
PARAMETRIC_REPRESENTATION_CONTEXT() REPRESENTATION_CONTEXT('2D SPACE',''
  ) );
#3037 = PCURVE('',#3038,#3043);
#3038 = SPHERICAL_SURFACE('',#3039,0.5);
#3039 = AXIS2_PLACEMENT_3D('',#3040,#3041,#3042);
#3040 = CARTESIAN_POINT('',(-4.5,-8.,-9.));
#3041 = DIRECTION('',(0.,0.,1.));
#3042 = DIRECTION('',(1.,0.,-0.));
#3043 = DEFINITIONAL_REPRESENTATION('',(#3044),#3048);
#3044 = LINE('',#3045,#3046);
#3045 = CARTESIAN_POINT('',(-0.,-6.28318530718));
#3046 = VECTOR('',#3047,1.);
#3047 = DIRECTION('',(-0.,1.));
#3048 = ( GEOMETRIC_REPRESENTATION_CONTEXT(2) 
PARAMETRIC_REPRESENTATION_CONTEXT() REPRESENTATION_CONTEXT('2D SPACE',''
  ) );
#3049 = ORIENTED_EDGE('',*,*,#3050,.T.);
#3050 = EDGE_CURVE('',#3022,#1046,#3051,.T.);
#3051 = SURFACE_CURVE('',#3052,(#3056,#3063),.PCURVE_S1.);
#3052 = LINE('',#3053,#3054);
#3053 = CARTESIAN_POINT('',(-4.5,-8.5,-9.5));
#3054 = VECTOR('',#3055,1.);
#3055 = DIRECTION('',(0.,1.,0.));
#3056 = PCURVE('',#1094,#3057);
#3057 = DEFINITIONAL_REPRESENTATION('',(#3058),#3062);
#3058 = LINE('',#3059,#3060);
#3059 = CARTESIAN_POINT('',(1.570796326795,0.));
#3060 = VECTOR('',#3061,1.);
#3061 = DIRECTION('',(0.,1.));
#3062 = ( GEOMETRIC_REPRESENTATION_CONTEXT(2) 
PARAMETRIC_REPRESENTATION_CONTEXT() REPRESENTATION_CONTEXT('2D SPACE',''
  ) );
#3063 = PCURVE('',#1061,#3064);
#3064 = DEFINITIONAL_REPRESENTATION('',(#3065),#3069);
#3065 = LINE('',#3066,#3067);
#3066 = CARTESIAN_POINT('',(5.5,0.));
#3067 = VECTOR('',#3068,1.);
#3068 = DIRECTION('',(0.,1.));
#3069 = ( GEOMETRIC_REPRESENTATION_CONTEXT(2) 
PARAMETRIC_REPRESENTATION_CONTEXT() REPRESENTATION_CONTEXT('2D SPACE',''
  ) );
#3070 = ORIENTED_EDGE('',*,*,#1073,.T.);
#3071 = ORIENTED_EDGE('',*,*,#2995,.F.);
#3072 = ADVANCED_FACE('',(#3073),#1061,.F.);
#3073 = FACE_BOUND('',#3074,.F.);
#3074 = EDGE_LOOP('',(#3075,#3098,#3124,#3125));
#3075 = ORIENTED_EDGE('',*,*,#3076,.F.);
#3076 = EDGE_CURVE('',#3077,#1017,#3079,.T.);
#3077 = VERTEX_POINT('',#3078);
#3078 = CARTESIAN_POINT('',(-9.5,-8.,-9.5));
#3079 = SURFACE_CURVE('',#3080,(#3084,#3091),.PCURVE_S1.);
#3080 = LINE('',#3081,#3082);
#3081 = CARTESIAN_POINT('',(-9.5,-8.5,-9.5));
#3082 = VECTOR('',#3083,1.);
#3083 = DIRECTION('',(0.,1.,0.));
#3084 = PCURVE('',#1061,#3085);
#3085 = DEFINITIONAL_REPRESENTATION('',(#3086),#3090);
#3086 = LINE('',#3087,#3088);
#3087 = CARTESIAN_POINT('',(0.5,0.));
#3088 = VECTOR('',#3089,1.);
#3089 = DIRECTION('',(0.,1.));
#3090 = ( GEOMETRIC_REPRESENTATION_CONTEXT(2) 
PARAMETRIC_REPRESENTATION_CONTEXT() REPRESENTATION_CONTEXT('2D SPACE',''
  ) );
#3091 = PCURVE('',#1033,#3092);
#3092 = DEFINITIONAL_REPRESENTATION('',(#3093),#3097);
#3093 = LINE('',#3094,#3095);
#3094 = CARTESIAN_POINT('',(-1.570796326795,0.));
#3095 = VECTOR('',#3096,1.);
#3096 = DIRECTION('',(-0.,1.));
#3097 = ( GEOMETRIC_REPRESENTATION_CONTEXT(2) 
PARAMETRIC_REPRESENTATION_CONTEXT() REPRESENTATION_CONTEXT('2D SPACE',''
  ) );
#3098 = ORIENTED_EDGE('',*,*,#3099,.T.);
#3099 = EDGE_CURVE('',#3077,#3022,#3100,.T.);
#3100 = SURFACE_CURVE('',#3101,(#3105,#3112),.PCURVE_S1.);
#3101 = LINE('',#3102,#3103);
#3102 = CARTESIAN_POINT('',(-10.,-8.,-9.5));
#3103 = VECTOR('',#3104,1.);
#3104 = DIRECTION('',(1.,0.,0.));
#3105 = PCURVE('',#1061,#3106);
#3106 = DEFINITIONAL_REPRESENTATION('',(#3107),#3111);
#3107 = LINE('',#3108,#3109);
#3108 = CARTESIAN_POINT('',(0.,0.5));
#3109 = VECTOR('',#3110,1.);
#3110 = DIRECTION('',(1.,0.));
#3111 = ( GEOMETRIC_REPRESENTATION_CONTEXT(2) 
PARAMETRIC_REPRESENTATION_CONTEXT() REPRESENTATION_CONTEXT('2D SPACE',''
  ) );
#3112 = PCURVE('',#3113,#3118);
#3113 = CYLINDRICAL_SURFACE('',#3114,0.5);
#3114 = AXIS2_PLACEMENT_3D('',#3115,#3116,#3117);
#3115 = CARTESIAN_POINT('',(-10.,-8.,-9.));
#3116 = DIRECTION('',(1.,0.,0.));
#3117 = DIRECTION('',(0.,-1.,0.));
#3118 = DEFINITIONAL_REPRESENTATION('',(#3119),#3123);
#3119 = LINE('',#3120,#3121);
#3120 = CARTESIAN_POINT('',(1.570796326795,0.));
#3121 = VECTOR('',#3122,1.);
#3122 = DIRECTION('',(0.,1.));
#3123 = ( GEOMETRIC_REPRESENTATION_CONTEXT(2) 
PARAMETRIC_REPRESENTATION_CONTEXT() REPRESENTATION_CONTEXT('2D SPACE',''
  ) );
#3124 = ORIENTED_EDGE('',*,*,#3050,.T.);
#3125 = ORIENTED_EDGE('',*,*,#1045,.F.);
#3126 = ADVANCED_FACE('',(#3127),#1033,.T.);
#3127 = FACE_BOUND('',#3128,.F.);
#3128 = EDGE_LOOP('',(#3129,#3156,#3157,#3158));
#3129 = ORIENTED_EDGE('',*,*,#3130,.F.);
#3130 = EDGE_CURVE('',#3077,#2728,#3131,.T.);
#3131 = SURFACE_CURVE('',#3132,(#3137,#3144),.PCURVE_S1.);
#3132 = CIRCLE('',#3133,0.5);
#3133 = AXIS2_PLACEMENT_3D('',#3134,#3135,#3136);
#3134 = CARTESIAN_POINT('',(-9.5,-8.,-9.));
#3135 = DIRECTION('',(0.,1.,-0.));
#3136 = DIRECTION('',(-1.,0.,0.));
#3137 = PCURVE('',#1033,#3138);
#3138 = DEFINITIONAL_REPRESENTATION('',(#3139),#3143);
#3139 = LINE('',#3140,#3141);
#3140 = CARTESIAN_POINT('',(-6.28318530718,0.5));
#3141 = VECTOR('',#3142,1.);
#3142 = DIRECTION('',(1.,-0.));
#3143 = ( GEOMETRIC_REPRESENTATION_CONTEXT(2) 
PARAMETRIC_REPRESENTATION_CONTEXT() REPRESENTATION_CONTEXT('2D SPACE',''
  ) );
#3144 = PCURVE('',#3145,#3150);
#3145 = SPHERICAL_SURFACE('',#3146,0.5);
#3146 = AXIS2_PLACEMENT_3D('',#3147,#3148,#3149);
#3147 = CARTESIAN_POINT('',(-9.5,-8.,-9.));
#3148 = DIRECTION('',(0.,0.,1.));
#3149 = DIRECTION('',(-1.,0.,0.));
#3150 = DEFINITIONAL_REPRESENTATION('',(#3151),#3155);
#3151 = LINE('',#3152,#3153);
#3152 = CARTESIAN_POINT('',(0.,-6.28318530718));
#3153 = VECTOR('',#3154,1.);
#3154 = DIRECTION('',(0.,1.));
#3155 = ( GEOMETRIC_REPRESENTATION_CONTEXT(2) 
PARAMETRIC_REPRESENTATION_CONTEXT() REPRESENTATION_CONTEXT('2D SPACE',''
  ) );
#3156 = ORIENTED_EDGE('',*,*,#3076,.T.);
#3157 = ORIENTED_EDGE('',*,*,#1016,.T.);
#3158 = ORIENTED_EDGE('',*,*,#2757,.F.);
#3159 = ADVANCED_FACE('',(#3160),#1318,.F.);
#3160 = FACE_BOUND('',#3161,.F.);
#3161 = EDGE_LOOP('',(#3162,#3163,#3164,#3187));
#3162 = ORIENTED_EDGE('',*,*,#2132,.F.);
#3163 = ORIENTED_EDGE('',*,*,#1304,.T.);
#3164 = ORIENTED_EDGE('',*,*,#3165,.T.);
#3165 = EDGE_CURVE('',#1276,#3166,#3168,.T.);
#3166 = VERTEX_POINT('',#3167);
#3167 = CARTESIAN_POINT('',(-16.,5.45,6.5));
#3168 = SURFACE_CURVE('',#3169,(#3173,#3180),.PCURVE_S1.);
#3169 = LINE('',#3170,#3171);
#3170 = CARTESIAN_POINT('',(-16.,5.45,5.45));
#3171 = VECTOR('',#3172,1.);
#3172 = DIRECTION('',(0.,0.,1.));
#3173 = PCURVE('',#1318,#3174);
#3174 = DEFINITIONAL_REPRESENTATION('',(#3175),#3179);
#3175 = LINE('',#3176,#3177);
#3176 = CARTESIAN_POINT('',(0.,-11.45));
#3177 = VECTOR('',#3178,1.);
#3178 = DIRECTION('',(1.,0.));
#3179 = ( GEOMETRIC_REPRESENTATION_CONTEXT(2) 
PARAMETRIC_REPRESENTATION_CONTEXT() REPRESENTATION_CONTEXT('2D SPACE',''
  ) );
#3180 = PCURVE('',#1542,#3181);
#3181 = DEFINITIONAL_REPRESENTATION('',(#3182),#3186);
#3182 = LINE('',#3183,#3184);
#3183 = CARTESIAN_POINT('',(-0.,0.));
#3184 = VECTOR('',#3185,1.);
#3185 = DIRECTION('',(-0.,1.));
#3186 = ( GEOMETRIC_REPRESENTATION_CONTEXT(2) 
PARAMETRIC_REPRESENTATION_CONTEXT() REPRESENTATION_CONTEXT('2D SPACE',''
  ) );
#3187 = ORIENTED_EDGE('',*,*,#3188,.F.);
#3188 = EDGE_CURVE('',#2133,#3166,#3189,.T.);
#3189 = SURFACE_CURVE('',#3190,(#3194,#3201),.PCURVE_S1.);
#3190 = LINE('',#3191,#3192);
#3191 = CARTESIAN_POINT('',(-16.,-6.,6.5));
#3192 = VECTOR('',#3193,1.);
#3193 = DIRECTION('',(0.,1.,0.));
#3194 = PCURVE('',#1318,#3195);
#3195 = DEFINITIONAL_REPRESENTATION('',(#3196),#3200);
#3196 = LINE('',#3197,#3198);
#3197 = CARTESIAN_POINT('',(1.05,0.));
#3198 = VECTOR('',#3199,1.);
#3199 = DIRECTION('',(0.,-1.));
#3200 = ( GEOMETRIC_REPRESENTATION_CONTEXT(2) 
PARAMETRIC_REPRESENTATION_CONTEXT() REPRESENTATION_CONTEXT('2D SPACE',''
  ) );
#3201 = PCURVE('',#3202,#3207);
#3202 = CYLINDRICAL_SURFACE('',#3203,0.55);
#3203 = AXIS2_PLACEMENT_3D('',#3204,#3205,#3206);
#3204 = CARTESIAN_POINT('',(-15.45,-6.,6.5));
#3205 = DIRECTION('',(0.,1.,0.));
#3206 = DIRECTION('',(-1.,0.,0.));
#3207 = DEFINITIONAL_REPRESENTATION('',(#3208),#3212);
#3208 = LINE('',#3209,#3210);
#3209 = CARTESIAN_POINT('',(0.,0.));
#3210 = VECTOR('',#3211,1.);
#3211 = DIRECTION('',(0.,1.));
#3212 = ( GEOMETRIC_REPRESENTATION_CONTEXT(2) 
PARAMETRIC_REPRESENTATION_CONTEXT() REPRESENTATION_CONTEXT('2D SPACE',''
  ) );
#3213 = ADVANCED_FACE('',(#3214),#1292,.T.);
#3214 = FACE_BOUND('',#3215,.F.);
#3215 = EDGE_LOOP('',(#3216,#3217,#3218));
#3216 = ORIENTED_EDGE('',*,*,#1275,.F.);
#3217 = ORIENTED_EDGE('',*,*,#1333,.T.);
#3218 = ORIENTED_EDGE('',*,*,#3219,.F.);
#3219 = EDGE_CURVE('',#1276,#1334,#3220,.T.);
#3220 = SURFACE_CURVE('',#3221,(#3226,#3233),.PCURVE_S1.);
#3221 = CIRCLE('',#3222,0.55);
#3222 = AXIS2_PLACEMENT_3D('',#3223,#3224,#3225);
#3223 = CARTESIAN_POINT('',(-15.45,5.45,6.));
#3224 = DIRECTION('',(-0.,0.,-1.));
#3225 = DIRECTION('',(-1.,1.614869854E-15,0.));
#3226 = PCURVE('',#1292,#3227);
#3227 = DEFINITIONAL_REPRESENTATION('',(#3228),#3232);
#3228 = LINE('',#3229,#3230);
#3229 = CARTESIAN_POINT('',(-0.,0.));
#3230 = VECTOR('',#3231,1.);
#3231 = DIRECTION('',(-1.,0.));
#3232 = ( GEOMETRIC_REPRESENTATION_CONTEXT(2) 
PARAMETRIC_REPRESENTATION_CONTEXT() REPRESENTATION_CONTEXT('2D SPACE',''
  ) );
#3233 = PCURVE('',#1542,#3234);
#3234 = DEFINITIONAL_REPRESENTATION('',(#3235),#3239);
#3235 = LINE('',#3236,#3237);
#3236 = CARTESIAN_POINT('',(-0.,0.55));
#3237 = VECTOR('',#3238,1.);
#3238 = DIRECTION('',(-1.,0.));
#3239 = ( GEOMETRIC_REPRESENTATION_CONTEXT(2) 
PARAMETRIC_REPRESENTATION_CONTEXT() REPRESENTATION_CONTEXT('2D SPACE',''
  ) );
#3240 = ADVANCED_FACE('',(#3241,#3334,#3337),#1422,.T.);
#3241 = FACE_BOUND('',#3242,.T.);
#3242 = EDGE_LOOP('',(#3243,#3266,#3267,#3268,#3289,#3313));
#3243 = ORIENTED_EDGE('',*,*,#3244,.F.);
#3244 = EDGE_CURVE('',#2271,#3245,#3247,.T.);
#3245 = VERTEX_POINT('',#3246);
#3246 = CARTESIAN_POINT('',(-15.45,5.45,7.05));
#3247 = SURFACE_CURVE('',#3248,(#3252,#3259),.PCURVE_S1.);
#3248 = LINE('',#3249,#3250);
#3249 = CARTESIAN_POINT('',(-15.45,-6.,7.05));
#3250 = VECTOR('',#3251,1.);
#3251 = DIRECTION('',(0.,1.,0.));
#3252 = PCURVE('',#1422,#3253);
#3253 = DEFINITIONAL_REPRESENTATION('',(#3254),#3258);
#3254 = LINE('',#3255,#3256);
#3255 = CARTESIAN_POINT('',(0.55,0.));
#3256 = VECTOR('',#3257,1.);
#3257 = DIRECTION('',(0.,1.));
#3258 = ( GEOMETRIC_REPRESENTATION_CONTEXT(2) 
PARAMETRIC_REPRESENTATION_CONTEXT() REPRESENTATION_CONTEXT('2D SPACE',''
  ) );
#3259 = PCURVE('',#3202,#3260);
#3260 = DEFINITIONAL_REPRESENTATION('',(#3261),#3265);
#3261 = LINE('',#3262,#3263);
#3262 = CARTESIAN_POINT('',(1.570796326795,0.));
#3263 = VECTOR('',#3264,1.);
#3264 = DIRECTION('',(0.,1.));
#3265 = ( GEOMETRIC_REPRESENTATION_CONTEXT(2) 
PARAMETRIC_REPRESENTATION_CONTEXT() REPRESENTATION_CONTEXT('2D SPACE',''
  ) );
#3266 = ORIENTED_EDGE('',*,*,#2294,.T.);
#3267 = ORIENTED_EDGE('',*,*,#2515,.F.);
#3268 = ORIENTED_EDGE('',*,*,#3269,.F.);
#3269 = EDGE_CURVE('',#3270,#2486,#3272,.T.);
#3270 = VERTEX_POINT('',#3271);
#3271 = CARTESIAN_POINT('',(-11.5,5.2,7.05));
#3272 = SURFACE_CURVE('',#3273,(#3277,#3283),.PCURVE_S1.);
#3273 = LINE('',#3274,#3275);
#3274 = CARTESIAN_POINT('',(-11.5,-6.,7.05));
#3275 = VECTOR('',#3276,1.);
#3276 = DIRECTION('',(0.,-1.,0.));
#3277 = PCURVE('',#1422,#3278);
#3278 = DEFINITIONAL_REPRESENTATION('',(#3279),#3282);
#3279 = B_SPLINE_CURVE_WITH_KNOTS('',1,(#3280,#3281),.UNSPECIFIED.,.F.,
  .F.,(2,2),(-11.2,-0.8),.PIECEWISE_BEZIER_KNOTS.);
#3280 = CARTESIAN_POINT('',(4.5,11.2));
#3281 = CARTESIAN_POINT('',(4.5,0.8));
#3282 = ( GEOMETRIC_REPRESENTATION_CONTEXT(2) 
PARAMETRIC_REPRESENTATION_CONTEXT() REPRESENTATION_CONTEXT('2D SPACE',''
  ) );
#3283 = PCURVE('',#2503,#3284);
#3284 = DEFINITIONAL_REPRESENTATION('',(#3285),#3288);
#3285 = B_SPLINE_CURVE_WITH_KNOTS('',1,(#3286,#3287),.UNSPECIFIED.,.F.,
  .F.,(2,2),(-11.2,-0.8),.PIECEWISE_BEZIER_KNOTS.);
#3286 = CARTESIAN_POINT('',(20.8,-11.2));
#3287 = CARTESIAN_POINT('',(20.8,-0.8));
#3288 = ( GEOMETRIC_REPRESENTATION_CONTEXT(2) 
PARAMETRIC_REPRESENTATION_CONTEXT() REPRESENTATION_CONTEXT('2D SPACE',''
  ) );
#3289 = ORIENTED_EDGE('',*,*,#3290,.F.);
#3290 = EDGE_CURVE('',#3291,#3270,#3293,.T.);
#3291 = VERTEX_POINT('',#3292);
#3292 = CARTESIAN_POINT('',(-11.45993420767,5.45,7.05));
#3293 = SURFACE_CURVE('',#3294,(#3299,#3306),.PCURVE_S1.);
#3294 = CIRCLE('',#3295,0.8);
#3295 = AXIS2_PLACEMENT_3D('',#3296,#3297,#3298);
#3296 = CARTESIAN_POINT('',(-10.7,5.2,7.05));
#3297 = DIRECTION('',(0.,0.,1.));
#3298 = DIRECTION('',(-1.,-0.,0.));
#3299 = PCURVE('',#1422,#3300);
#3300 = DEFINITIONAL_REPRESENTATION('',(#3301),#3305);
#3301 = CIRCLE('',#3302,0.8);
#3302 = AXIS2_PLACEMENT_2D('',#3303,#3304);
#3303 = CARTESIAN_POINT('',(5.3,11.2));
#3304 = DIRECTION('',(-1.,0.));
#3305 = ( GEOMETRIC_REPRESENTATION_CONTEXT(2) 
PARAMETRIC_REPRESENTATION_CONTEXT() REPRESENTATION_CONTEXT('2D SPACE',''
  ) );
#3306 = PCURVE('',#1598,#3307);
#3307 = DEFINITIONAL_REPRESENTATION('',(#3308),#3312);
#3308 = LINE('',#3309,#3310);
#3309 = CARTESIAN_POINT('',(-6.28318530718,20.8));
#3310 = VECTOR('',#3311,1.);
#3311 = DIRECTION('',(1.,-0.));
#3312 = ( GEOMETRIC_REPRESENTATION_CONTEXT(2) 
PARAMETRIC_REPRESENTATION_CONTEXT() REPRESENTATION_CONTEXT('2D SPACE',''
  ) );
#3313 = ORIENTED_EDGE('',*,*,#3314,.F.);
#3314 = EDGE_CURVE('',#3245,#3291,#3315,.T.);
#3315 = SURFACE_CURVE('',#3316,(#3320,#3327),.PCURVE_S1.);
#3316 = LINE('',#3317,#3318);
#3317 = CARTESIAN_POINT('',(-16.,5.45,7.05));
#3318 = VECTOR('',#3319,1.);
#3319 = DIRECTION('',(1.,0.,0.));
#3320 = PCURVE('',#1422,#3321);
#3321 = DEFINITIONAL_REPRESENTATION('',(#3322),#3326);
#3322 = LINE('',#3323,#3324);
#3323 = CARTESIAN_POINT('',(0.,11.45));
#3324 = VECTOR('',#3325,1.);
#3325 = DIRECTION('',(1.,0.));
#3326 = ( GEOMETRIC_REPRESENTATION_CONTEXT(2) 
PARAMETRIC_REPRESENTATION_CONTEXT() REPRESENTATION_CONTEXT('2D SPACE',''
  ) );
#3327 = PCURVE('',#1570,#3328);
#3328 = DEFINITIONAL_REPRESENTATION('',(#3329),#3333);
#3329 = LINE('',#3330,#3331);
#3330 = CARTESIAN_POINT('',(1.570796326795,0.));
#3331 = VECTOR('',#3332,1.);
#3332 = DIRECTION('',(0.,1.));
#3333 = ( GEOMETRIC_REPRESENTATION_CONTEXT(2) 
PARAMETRIC_REPRESENTATION_CONTEXT() REPRESENTATION_CONTEXT('2D SPACE',''
  ) );
#3334 = FACE_BOUND('',#3335,.T.);
#3335 = EDGE_LOOP('',(#3336));
#3336 = ORIENTED_EDGE('',*,*,#1407,.T.);
#3337 = FACE_BOUND('',#3338,.T.);
#3338 = EDGE_LOOP('',(#3339));
#3339 = ORIENTED_EDGE('',*,*,#1466,.T.);
#3340 = ADVANCED_FACE('',(#3341),#1512,.T.);
#3341 = FACE_BOUND('',#3342,.F.);
#3342 = EDGE_LOOP('',(#3343,#3344,#3345,#3370));
#3343 = ORIENTED_EDGE('',*,*,#1780,.F.);
#3344 = ORIENTED_EDGE('',*,*,#1856,.T.);
#3345 = ORIENTED_EDGE('',*,*,#3346,.T.);
#3346 = EDGE_CURVE('',#1829,#1497,#3347,.T.);
#3347 = SURFACE_CURVE('',#3348,(#3353,#3359),.PCURVE_S1.);
#3348 = CIRCLE('',#3349,0.8);
#3349 = AXIS2_PLACEMENT_3D('',#3350,#3351,#3352);
#3350 = CARTESIAN_POINT('',(10.7,5.2,-12.95));
#3351 = DIRECTION('',(1.,-6.123233995737E-17,0.));
#3352 = DIRECTION('',(6.123233995737E-17,1.,0.));
#3353 = PCURVE('',#1512,#3354);
#3354 = DEFINITIONAL_REPRESENTATION('',(#3355),#3358);
#3355 = B_SPLINE_CURVE_WITH_KNOTS('',1,(#3356,#3357),.UNSPECIFIED.,.F.,
  .F.,(2,2),(4.712388980385,6.28318530718),.PIECEWISE_BEZIER_KNOTS.);
#3356 = CARTESIAN_POINT('',(-1.570796326795,22.2));
#3357 = CARTESIAN_POINT('',(0.,22.2));
#3358 = ( GEOMETRIC_REPRESENTATION_CONTEXT(2) 
PARAMETRIC_REPRESENTATION_CONTEXT() REPRESENTATION_CONTEXT('2D SPACE',''
  ) );
#3359 = PCURVE('',#3360,#3365);
#3360 = SPHERICAL_SURFACE('',#3361,0.8);
#3361 = AXIS2_PLACEMENT_3D('',#3362,#3363,#3364);
#3362 = CARTESIAN_POINT('',(10.7,5.2,-12.95));
#3363 = DIRECTION('',(0.,0.,1.));
#3364 = DIRECTION('',(1.,1.110223024625E-15,-0.));
#3365 = DEFINITIONAL_REPRESENTATION('',(#3366),#3369);
#3366 = B_SPLINE_CURVE_WITH_KNOTS('',1,(#3367,#3368),.UNSPECIFIED.,.F.,
  .F.,(2,2),(4.712388980385,6.28318530718),.PIECEWISE_BEZIER_KNOTS.);
#3367 = CARTESIAN_POINT('',(1.570796326795,-1.570796326795));
#3368 = CARTESIAN_POINT('',(1.570796326795,0.));
#3369 = ( GEOMETRIC_REPRESENTATION_CONTEXT(2) 
PARAMETRIC_REPRESENTATION_CONTEXT() REPRESENTATION_CONTEXT('2D SPACE',''
  ) );
#3370 = ORIENTED_EDGE('',*,*,#1496,.F.);
#3371 = ADVANCED_FACE('',(#3372),#1542,.T.);
#3372 = FACE_BOUND('',#3373,.F.);
#3373 = EDGE_LOOP('',(#3374,#3375,#3376,#3377));
#3374 = ORIENTED_EDGE('',*,*,#3165,.F.);
#3375 = ORIENTED_EDGE('',*,*,#3219,.T.);
#3376 = ORIENTED_EDGE('',*,*,#1526,.T.);
#3377 = ORIENTED_EDGE('',*,*,#3378,.T.);
#3378 = EDGE_CURVE('',#1527,#3166,#3379,.T.);
#3379 = SURFACE_CURVE('',#3380,(#3385,#3392),.PCURVE_S1.);
#3380 = CIRCLE('',#3381,0.55);
#3381 = AXIS2_PLACEMENT_3D('',#3382,#3383,#3384);
#3382 = CARTESIAN_POINT('',(-15.45,5.45,6.5));
#3383 = DIRECTION('',(-2.0185873175E-16,0.,1.));
#3384 = DIRECTION('',(-1.,0.,-2.0185873175E-16));
#3385 = PCURVE('',#1542,#3386);
#3386 = DEFINITIONAL_REPRESENTATION('',(#3387),#3391);
#3387 = LINE('',#3388,#3389);
#3388 = CARTESIAN_POINT('',(-6.28318530718,1.05));
#3389 = VECTOR('',#3390,1.);
#3390 = DIRECTION('',(1.,-0.));
#3391 = ( GEOMETRIC_REPRESENTATION_CONTEXT(2) 
PARAMETRIC_REPRESENTATION_CONTEXT() REPRESENTATION_CONTEXT('2D SPACE',''
  ) );
#3392 = PCURVE('',#3393,#3398);
#3393 = SPHERICAL_SURFACE('',#3394,0.55);
#3394 = AXIS2_PLACEMENT_3D('',#3395,#3396,#3397);
#3395 = CARTESIAN_POINT('',(-15.45,5.45,6.5));
#3396 = DIRECTION('',(-0.,-1.,-0.));
#3397 = DIRECTION('',(-1.,0.,-2.0185873175E-16));
#3398 = DEFINITIONAL_REPRESENTATION('',(#3399),#3403);
#3399 = LINE('',#3400,#3401);
#3400 = CARTESIAN_POINT('',(-0.,-6.28318530718));
#3401 = VECTOR('',#3402,1.);
#3402 = DIRECTION('',(-0.,1.));
#3403 = ( GEOMETRIC_REPRESENTATION_CONTEXT(2) 
PARAMETRIC_REPRESENTATION_CONTEXT() REPRESENTATION_CONTEXT('2D SPACE',''
  ) );
#3404 = ADVANCED_FACE('',(#3405),#1570,.T.);
#3405 = FACE_BOUND('',#3406,.T.);
#3406 = EDGE_LOOP('',(#3407,#3408,#3430,#3431));
#3407 = ORIENTED_EDGE('',*,*,#1554,.F.);
#3408 = ORIENTED_EDGE('',*,*,#3409,.T.);
#3409 = EDGE_CURVE('',#1527,#3245,#3410,.T.);
#3410 = SURFACE_CURVE('',#3411,(#3416,#3423),.PCURVE_S1.);
#3411 = CIRCLE('',#3412,0.55);
#3412 = AXIS2_PLACEMENT_3D('',#3413,#3414,#3415);
#3413 = CARTESIAN_POINT('',(-15.45,5.45,6.5));
#3414 = DIRECTION('',(1.,0.,4.104646678236E-17));
#3415 = DIRECTION('',(-4.104646678236E-17,0.,1.));
#3416 = PCURVE('',#1570,#3417);
#3417 = DEFINITIONAL_REPRESENTATION('',(#3418),#3422);
#3418 = LINE('',#3419,#3420);
#3419 = CARTESIAN_POINT('',(-4.712388980385,0.55));
#3420 = VECTOR('',#3421,1.);
#3421 = DIRECTION('',(1.,0.));
#3422 = ( GEOMETRIC_REPRESENTATION_CONTEXT(2) 
PARAMETRIC_REPRESENTATION_CONTEXT() REPRESENTATION_CONTEXT('2D SPACE',''
  ) );
#3423 = PCURVE('',#3393,#3424);
#3424 = DEFINITIONAL_REPRESENTATION('',(#3425),#3429);
#3425 = LINE('',#3426,#3427);
#3426 = CARTESIAN_POINT('',(-1.570796326795,-6.28318530718));
#3427 = VECTOR('',#3428,1.);
#3428 = DIRECTION('',(-0.,1.));
#3429 = ( GEOMETRIC_REPRESENTATION_CONTEXT(2) 
PARAMETRIC_REPRESENTATION_CONTEXT() REPRESENTATION_CONTEXT('2D SPACE',''
  ) );
#3430 = ORIENTED_EDGE('',*,*,#3314,.T.);
#3431 = ORIENTED_EDGE('',*,*,#3432,.T.);
#3432 = EDGE_CURVE('',#3291,#1555,#3433,.T.);
#3433 = SURFACE_CURVE('',#3434,(#3449,#3467),.PCURVE_S1.);
#3434 = B_SPLINE_CURVE_WITH_KNOTS('',7,(#3435,#3436,#3437,#3438,#3439,
    #3440,#3441,#3442,#3443,#3444,#3445,#3446,#3447,#3448),
  .UNSPECIFIED.,.F.,.F.,(8,6,8),(0.,0.343469176541,1.),.UNSPECIFIED.);
#3435 = CARTESIAN_POINT('',(-11.45993420767,5.45,7.05));
#3436 = CARTESIAN_POINT('',(-11.44355388318,5.499791875653,7.05));
#3437 = CARTESIAN_POINT('',(-11.42328922179,5.548568710989,
    7.044740991356));
#3438 = CARTESIAN_POINT('',(-11.39926616611,5.595730741839,
    7.034609077266));
#3439 = CARTESIAN_POINT('',(-11.37174405059,5.640750523068,
    7.020041507981));
#3440 = CARTESIAN_POINT('',(-11.34109763163,5.683171333303,
    7.001540662414));
#3441 = CARTESIAN_POINT('',(-11.30780724372,5.722619653361,
    6.979680809065));
#3442 = CARTESIAN_POINT('',(-11.2048863287,5.828049972945,6.908136797366
    ));
#3443 = CARTESIAN_POINT('',(-11.12935204192,5.885890967105,
    6.850948451595));
#3444 = CARTESIAN_POINT('',(-11.0481659382,5.931865394737,6.786714076016
    ));
#3445 = CARTESIAN_POINT('',(-10.96325762531,5.966059059206,
    6.717787300286));
#3446 = CARTESIAN_POINT('',(-10.87616734456,5.988679796165,
    6.646070677229));
#3447 = CARTESIAN_POINT('',(-10.78810345848,6.000000068768,
    6.573051440705));
#3448 = CARTESIAN_POINT('',(-10.7,6.,6.5));
#3449 = PCURVE('',#1570,#3450);
#3450 = DEFINITIONAL_REPRESENTATION('',(#3451),#3466);
#3451 = B_SPLINE_CURVE_WITH_KNOTS('',7,(#3452,#3453,#3454,#3455,#3456,
    #3457,#3458,#3459,#3460,#3461,#3462,#3463,#3464,#3465),
  .UNSPECIFIED.,.F.,.F.,(8,6,8),(0.,0.343469176541,1.),.UNSPECIFIED.);
#3452 = CARTESIAN_POINT('',(1.570796326795,4.540065792321));
#3453 = CARTESIAN_POINT('',(1.480265643789,4.556446116812));
#3454 = CARTESIAN_POINT('',(1.391580301672,4.576710778205));
#3455 = CARTESIAN_POINT('',(1.304619944979,4.600733833884));
#3456 = CARTESIAN_POINT('',(1.2193513993,4.628255949402));
#3457 = CARTESIAN_POINT('',(1.135819323878,4.65890236837));
#3458 = CARTESIAN_POINT('',(1.054152268885,4.692192756275));
#3459 = CARTESIAN_POINT('',(0.822492088167,4.795113671291));
#3460 = CARTESIAN_POINT('',(0.677085135122,4.870647958075));
#3461 = CARTESIAN_POINT('',(0.536595152223,4.951834061798));
#3462 = CARTESIAN_POINT('',(0.399803306911,5.036742374681));
#3463 = CARTESIAN_POINT('',(0.265583143118,5.123832655432));
#3464 = CARTESIAN_POINT('',(0.132820800399,5.211896541512));
#3465 = CARTESIAN_POINT('',(0.,5.3));
#3466 = ( GEOMETRIC_REPRESENTATION_CONTEXT(2) 
PARAMETRIC_REPRESENTATION_CONTEXT() REPRESENTATION_CONTEXT('2D SPACE',''
  ) );
#3467 = PCURVE('',#1598,#3468);
#3468 = DEFINITIONAL_REPRESENTATION('',(#3469),#3484);
#3469 = B_SPLINE_CURVE_WITH_KNOTS('',7,(#3470,#3471,#3472,#3473,#3474,
    #3475,#3476,#3477,#3478,#3479,#3480,#3481,#3482,#3483),
  .UNSPECIFIED.,.F.,.F.,(8,6,8),(0.,0.343469176541,1.),.UNSPECIFIED.);
#3470 = CARTESIAN_POINT('',(-0.317823703928,20.8));
#3471 = CARTESIAN_POINT('',(-0.38334500189,20.8));
#3472 = CARTESIAN_POINT('',(-0.449178219783,20.794740991356));
#3473 = CARTESIAN_POINT('',(-0.515022265056,20.784609077266));
#3474 = CARTESIAN_POINT('',(-0.580626512354,20.770041507981));
#3475 = CARTESIAN_POINT('',(-0.64574414243,20.751540662414));
#3476 = CARTESIAN_POINT('',(-0.710097381165,20.729680809065));
#3477 = CARTESIAN_POINT('',(-0.894268951291,20.658136797366));
#3478 = CARTESIAN_POINT('',(-1.011959824828,20.600948451595));
#3479 = CARTESIAN_POINT('',(-1.126862048864,20.536714076016));
#3480 = CARTESIAN_POINT('',(-1.239547096036,20.467787300286));
#3481 = CARTESIAN_POINT('',(-1.350585534135,20.396070677229));
#3482 = CARTESIAN_POINT('',(-1.460667313528,20.323051440705));
#3483 = CARTESIAN_POINT('',(-1.570796326795,20.25));
#3484 = ( GEOMETRIC_REPRESENTATION_CONTEXT(2) 
PARAMETRIC_REPRESENTATION_CONTEXT() REPRESENTATION_CONTEXT('2D SPACE',''
  ) );
#3485 = ADVANCED_FACE('',(#3486),#1598,.T.);
#3486 = FACE_BOUND('',#3487,.F.);
#3487 = EDGE_LOOP('',(#3488,#3511,#3512,#3513,#3514));
#3488 = ORIENTED_EDGE('',*,*,#3489,.F.);
#3489 = EDGE_CURVE('',#3270,#3490,#3492,.T.);
#3490 = VERTEX_POINT('',#3491);
#3491 = CARTESIAN_POINT('',(-11.5,5.2,12.95));
#3492 = SURFACE_CURVE('',#3493,(#3497,#3504),.PCURVE_S1.);
#3493 = LINE('',#3494,#3495);
#3494 = CARTESIAN_POINT('',(-11.5,5.2,-13.75));
#3495 = VECTOR('',#3496,1.);
#3496 = DIRECTION('',(0.,0.,1.));
#3497 = PCURVE('',#1598,#3498);
#3498 = DEFINITIONAL_REPRESENTATION('',(#3499),#3503);
#3499 = LINE('',#3500,#3501);
#3500 = CARTESIAN_POINT('',(-0.,0.));
#3501 = VECTOR('',#3502,1.);
#3502 = DIRECTION('',(-0.,1.));
#3503 = ( GEOMETRIC_REPRESENTATION_CONTEXT(2) 
PARAMETRIC_REPRESENTATION_CONTEXT() REPRESENTATION_CONTEXT('2D SPACE',''
  ) );
#3504 = PCURVE('',#2503,#3505);
#3505 = DEFINITIONAL_REPRESENTATION('',(#3506),#3510);
#3506 = LINE('',#3507,#3508);
#3507 = CARTESIAN_POINT('',(0.,-11.2));
#3508 = VECTOR('',#3509,1.);
#3509 = DIRECTION('',(1.,0.));
#3510 = ( GEOMETRIC_REPRESENTATION_CONTEXT(2) 
PARAMETRIC_REPRESENTATION_CONTEXT() REPRESENTATION_CONTEXT('2D SPACE',''
  ) );
#3511 = ORIENTED_EDGE('',*,*,#3290,.F.);
#3512 = ORIENTED_EDGE('',*,*,#3432,.T.);
#3513 = ORIENTED_EDGE('',*,*,#1582,.T.);
#3514 = ORIENTED_EDGE('',*,*,#3515,.T.);
#3515 = EDGE_CURVE('',#1583,#3490,#3516,.T.);
#3516 = SURFACE_CURVE('',#3517,(#3522,#3528),.PCURVE_S1.);
#3517 = CIRCLE('',#3518,0.8);
#3518 = AXIS2_PLACEMENT_3D('',#3519,#3520,#3521);
#3519 = CARTESIAN_POINT('',(-10.7,5.2,12.95));
#3520 = DIRECTION('',(0.,0.,1.));
#3521 = DIRECTION('',(-1.,0.,0.));
#3522 = PCURVE('',#1598,#3523);
#3523 = DEFINITIONAL_REPRESENTATION('',(#3524),#3527);
#3524 = B_SPLINE_CURVE_WITH_KNOTS('',1,(#3525,#3526),.UNSPECIFIED.,.F.,
  .F.,(2,2),(4.712388980385,6.28318530718),.PIECEWISE_BEZIER_KNOTS.);
#3525 = CARTESIAN_POINT('',(-1.570796326795,26.7));
#3526 = CARTESIAN_POINT('',(0.,26.7));
#3527 = ( GEOMETRIC_REPRESENTATION_CONTEXT(2) 
PARAMETRIC_REPRESENTATION_CONTEXT() REPRESENTATION_CONTEXT('2D SPACE',''
  ) );
#3528 = PCURVE('',#3529,#3534);
#3529 = SPHERICAL_SURFACE('',#3530,0.8);
#3530 = AXIS2_PLACEMENT_3D('',#3531,#3532,#3533);
#3531 = CARTESIAN_POINT('',(-10.7,5.2,12.95));
#3532 = DIRECTION('',(-0.,-1.,-0.));
#3533 = DIRECTION('',(-1.,0.,0.));
#3534 = DEFINITIONAL_REPRESENTATION('',(#3535),#3538);
#3535 = B_SPLINE_CURVE_WITH_KNOTS('',1,(#3536,#3537),.UNSPECIFIED.,.F.,
  .F.,(2,2),(4.712388980385,6.28318530718),.PIECEWISE_BEZIER_KNOTS.);
#3536 = CARTESIAN_POINT('',(0.,-1.570796326795));
#3537 = CARTESIAN_POINT('',(0.,0.));
#3538 = ( GEOMETRIC_REPRESENTATION_CONTEXT(2) 
PARAMETRIC_REPRESENTATION_CONTEXT() REPRESENTATION_CONTEXT('2D SPACE',''
  ) );
#3539 = ADVANCED_FACE('',(#3540),#1626,.T.);
#3540 = FACE_BOUND('',#3541,.T.);
#3541 = EDGE_LOOP('',(#3542,#3564,#3587,#3612));
#3542 = ORIENTED_EDGE('',*,*,#3543,.T.);
#3543 = EDGE_CURVE('',#1583,#3544,#3546,.T.);
#3544 = VERTEX_POINT('',#3545);
#3545 = CARTESIAN_POINT('',(-10.7,5.2,13.75));
#3546 = SURFACE_CURVE('',#3547,(#3552,#3558),.PCURVE_S1.);
#3547 = CIRCLE('',#3548,0.8);
#3548 = AXIS2_PLACEMENT_3D('',#3549,#3550,#3551);
#3549 = CARTESIAN_POINT('',(-10.7,5.2,12.95));
#3550 = DIRECTION('',(1.,0.,6.123233995737E-17));
#3551 = DIRECTION('',(-6.123233995737E-17,0.,1.));
#3552 = PCURVE('',#1626,#3553);
#3553 = DEFINITIONAL_REPRESENTATION('',(#3554),#3557);
#3554 = B_SPLINE_CURVE_WITH_KNOTS('',1,(#3555,#3556),.UNSPECIFIED.,.F.,
  .F.,(2,2),(4.712388980385,6.28318530718),.PIECEWISE_BEZIER_KNOTS.);
#3555 = CARTESIAN_POINT('',(0.,0.8));
#3556 = CARTESIAN_POINT('',(1.570796326795,0.8));
#3557 = ( GEOMETRIC_REPRESENTATION_CONTEXT(2) 
PARAMETRIC_REPRESENTATION_CONTEXT() REPRESENTATION_CONTEXT('2D SPACE',''
  ) );
#3558 = PCURVE('',#3529,#3559);
#3559 = DEFINITIONAL_REPRESENTATION('',(#3560),#3563);
#3560 = B_SPLINE_CURVE_WITH_KNOTS('',1,(#3561,#3562),.UNSPECIFIED.,.F.,
  .F.,(2,2),(4.712388980385,6.28318530718),.PIECEWISE_BEZIER_KNOTS.);
#3561 = CARTESIAN_POINT('',(-1.570796326795,-1.570796326795));
#3562 = CARTESIAN_POINT('',(-1.570796326795,0.));
#3563 = ( GEOMETRIC_REPRESENTATION_CONTEXT(2) 
PARAMETRIC_REPRESENTATION_CONTEXT() REPRESENTATION_CONTEXT('2D SPACE',''
  ) );
#3564 = ORIENTED_EDGE('',*,*,#3565,.T.);
#3565 = EDGE_CURVE('',#3544,#3566,#3568,.T.);
#3566 = VERTEX_POINT('',#3567);
#3567 = CARTESIAN_POINT('',(10.7,5.2,13.75));
#3568 = SURFACE_CURVE('',#3569,(#3573,#3580),.PCURVE_S1.);
#3569 = LINE('',#3570,#3571);
#3570 = CARTESIAN_POINT('',(-11.5,5.2,13.75));
#3571 = VECTOR('',#3572,1.);
#3572 = DIRECTION('',(1.,0.,0.));
#3573 = PCURVE('',#1626,#3574);
#3574 = DEFINITIONAL_REPRESENTATION('',(#3575),#3579);
#3575 = LINE('',#3576,#3577);
#3576 = CARTESIAN_POINT('',(1.570796326795,0.));
#3577 = VECTOR('',#3578,1.);
#3578 = DIRECTION('',(0.,1.));
#3579 = ( GEOMETRIC_REPRESENTATION_CONTEXT(2) 
PARAMETRIC_REPRESENTATION_CONTEXT() REPRESENTATION_CONTEXT('2D SPACE',''
  ) );
#3580 = PCURVE('',#2691,#3581);
#3581 = DEFINITIONAL_REPRESENTATION('',(#3582),#3586);
#3582 = LINE('',#3583,#3584);
#3583 = CARTESIAN_POINT('',(0.,11.2));
#3584 = VECTOR('',#3585,1.);
#3585 = DIRECTION('',(1.,0.));
#3586 = ( GEOMETRIC_REPRESENTATION_CONTEXT(2) 
PARAMETRIC_REPRESENTATION_CONTEXT() REPRESENTATION_CONTEXT('2D SPACE',''
  ) );
#3587 = ORIENTED_EDGE('',*,*,#3588,.F.);
#3588 = EDGE_CURVE('',#1611,#3566,#3589,.T.);
#3589 = SURFACE_CURVE('',#3590,(#3595,#3601),.PCURVE_S1.);
#3590 = CIRCLE('',#3591,0.8);
#3591 = AXIS2_PLACEMENT_3D('',#3592,#3593,#3594);
#3592 = CARTESIAN_POINT('',(10.7,5.2,12.95));
#3593 = DIRECTION('',(1.,0.,-6.123233995737E-17));
#3594 = DIRECTION('',(6.123233995737E-17,0.,1.));
#3595 = PCURVE('',#1626,#3596);
#3596 = DEFINITIONAL_REPRESENTATION('',(#3597),#3600);
#3597 = B_SPLINE_CURVE_WITH_KNOTS('',1,(#3598,#3599),.UNSPECIFIED.,.F.,
  .F.,(2,2),(4.712388980385,6.28318530718),.PIECEWISE_BEZIER_KNOTS.);
#3598 = CARTESIAN_POINT('',(0.,22.2));
#3599 = CARTESIAN_POINT('',(1.570796326795,22.2));
#3600 = ( GEOMETRIC_REPRESENTATION_CONTEXT(2) 
PARAMETRIC_REPRESENTATION_CONTEXT() REPRESENTATION_CONTEXT('2D SPACE',''
  ) );
#3601 = PCURVE('',#3602,#3607);
#3602 = SPHERICAL_SURFACE('',#3603,0.8);
#3603 = AXIS2_PLACEMENT_3D('',#3604,#3605,#3606);
#3604 = CARTESIAN_POINT('',(10.7,5.2,12.95));
#3605 = DIRECTION('',(-0.,-1.,-0.));
#3606 = DIRECTION('',(1.,-0.,0.));
#3607 = DEFINITIONAL_REPRESENTATION('',(#3608),#3611);
#3608 = B_SPLINE_CURVE_WITH_KNOTS('',1,(#3609,#3610),.UNSPECIFIED.,.F.,
  .F.,(2,2),(4.712388980385,6.28318530718),.PIECEWISE_BEZIER_KNOTS.);
#3609 = CARTESIAN_POINT('',(1.570796326795,-1.570796326795));
#3610 = CARTESIAN_POINT('',(1.570796326795,0.));
#3611 = ( GEOMETRIC_REPRESENTATION_CONTEXT(2) 
PARAMETRIC_REPRESENTATION_CONTEXT() REPRESENTATION_CONTEXT('2D SPACE',''
  ) );
#3612 = ORIENTED_EDGE('',*,*,#1610,.F.);
#3613 = ADVANCED_FACE('',(#3614),#1654,.T.);
#3614 = FACE_BOUND('',#3615,.T.);
#3615 = EDGE_LOOP('',(#3616,#3641,#3665,#3719,#3720));
#3616 = ORIENTED_EDGE('',*,*,#3617,.F.);
#3617 = EDGE_CURVE('',#3618,#3620,#3622,.T.);
#3618 = VERTEX_POINT('',#3619);
#3619 = CARTESIAN_POINT('',(11.5,5.2,7.05));
#3620 = VERTEX_POINT('',#3621);
#3621 = CARTESIAN_POINT('',(11.5,5.2,12.95));
#3622 = SURFACE_CURVE('',#3623,(#3627,#3634),.PCURVE_S1.);
#3623 = LINE('',#3624,#3625);
#3624 = CARTESIAN_POINT('',(11.5,5.2,-13.75));
#3625 = VECTOR('',#3626,1.);
#3626 = DIRECTION('',(0.,0.,1.));
#3627 = PCURVE('',#1654,#3628);
#3628 = DEFINITIONAL_REPRESENTATION('',(#3629),#3633);
#3629 = LINE('',#3630,#3631);
#3630 = CARTESIAN_POINT('',(0.,0.));
#3631 = VECTOR('',#3632,1.);
#3632 = DIRECTION('',(0.,1.));
#3633 = ( GEOMETRIC_REPRESENTATION_CONTEXT(2) 
PARAMETRIC_REPRESENTATION_CONTEXT() REPRESENTATION_CONTEXT('2D SPACE',''
  ) );
#3634 = PCURVE('',#2587,#3635);
#3635 = DEFINITIONAL_REPRESENTATION('',(#3636),#3640);
#3636 = LINE('',#3637,#3638);
#3637 = CARTESIAN_POINT('',(0.,-11.2));
#3638 = VECTOR('',#3639,1.);
#3639 = DIRECTION('',(1.,0.));
#3640 = ( GEOMETRIC_REPRESENTATION_CONTEXT(2) 
PARAMETRIC_REPRESENTATION_CONTEXT() REPRESENTATION_CONTEXT('2D SPACE',''
  ) );
#3641 = ORIENTED_EDGE('',*,*,#3642,.T.);
#3642 = EDGE_CURVE('',#3618,#3643,#3645,.T.);
#3643 = VERTEX_POINT('',#3644);
#3644 = CARTESIAN_POINT('',(11.459934207679,5.45,7.05));
#3645 = SURFACE_CURVE('',#3646,(#3651,#3658),.PCURVE_S1.);
#3646 = CIRCLE('',#3647,0.8);
#3647 = AXIS2_PLACEMENT_3D('',#3648,#3649,#3650);
#3648 = CARTESIAN_POINT('',(10.7,5.2,7.05));
#3649 = DIRECTION('',(0.,0.,1.));
#3650 = DIRECTION('',(1.,0.,-0.));
#3651 = PCURVE('',#1654,#3652);
#3652 = DEFINITIONAL_REPRESENTATION('',(#3653),#3657);
#3653 = LINE('',#3654,#3655);
#3654 = CARTESIAN_POINT('',(0.,20.8));
#3655 = VECTOR('',#3656,1.);
#3656 = DIRECTION('',(1.,0.));
#3657 = ( GEOMETRIC_REPRESENTATION_CONTEXT(2) 
PARAMETRIC_REPRESENTATION_CONTEXT() REPRESENTATION_CONTEXT('2D SPACE',''
  ) );
#3658 = PCURVE('',#2447,#3659);
#3659 = DEFINITIONAL_REPRESENTATION('',(#3660),#3664);
#3660 = CIRCLE('',#3661,0.8);
#3661 = AXIS2_PLACEMENT_2D('',#3662,#3663);
#3662 = CARTESIAN_POINT('',(26.7,11.2));
#3663 = DIRECTION('',(1.,0.));
#3664 = ( GEOMETRIC_REPRESENTATION_CONTEXT(2) 
PARAMETRIC_REPRESENTATION_CONTEXT() REPRESENTATION_CONTEXT('2D SPACE',''
  ) );
#3665 = ORIENTED_EDGE('',*,*,#3666,.T.);
#3666 = EDGE_CURVE('',#3643,#1639,#3667,.T.);
#3667 = SURFACE_CURVE('',#3668,(#3683,#3701),.PCURVE_S1.);
#3668 = B_SPLINE_CURVE_WITH_KNOTS('',7,(#3669,#3670,#3671,#3672,#3673,
    #3674,#3675,#3676,#3677,#3678,#3679,#3680,#3681,#3682),
  .UNSPECIFIED.,.F.,.F.,(8,6,8),(0.,0.343469176599,1.),.UNSPECIFIED.);
#3669 = CARTESIAN_POINT('',(11.459934207679,5.45,7.05));
#3670 = CARTESIAN_POINT('',(11.443553883192,5.499791875642,7.05));
#3671 = CARTESIAN_POINT('',(11.423289221797,5.548568710987,
    7.044740991359));
#3672 = CARTESIAN_POINT('',(11.399266166112,5.595730741847,
    7.034609077265));
#3673 = CARTESIAN_POINT('',(11.371744050592,5.640750523077,
    7.020041507977));
#3674 = CARTESIAN_POINT('',(11.341097631628,5.683171333301,
    7.001540662413));
#3675 = CARTESIAN_POINT('',(11.307807243734,5.722619653352,
    6.979680809072));
#3676 = CARTESIAN_POINT('',(11.204886328708,5.828049972945,
    6.908136797366));
#3677 = CARTESIAN_POINT('',(11.129352041926,5.885890967104,
    6.850948451595));
#3678 = CARTESIAN_POINT('',(11.048165938202,5.931865394737,
    6.786714076016));
#3679 = CARTESIAN_POINT('',(10.963257625319,5.966059059206,
    6.717787300286));
#3680 = CARTESIAN_POINT('',(10.876167344568,5.988679796165,
    6.646070677228));
#3681 = CARTESIAN_POINT('',(10.788103458488,6.000000068768,
    6.573051440705));
#3682 = CARTESIAN_POINT('',(10.7,6.,6.5));
#3683 = PCURVE('',#1654,#3684);
#3684 = DEFINITIONAL_REPRESENTATION('',(#3685),#3700);
#3685 = B_SPLINE_CURVE_WITH_KNOTS('',7,(#3686,#3687,#3688,#3689,#3690,
    #3691,#3692,#3693,#3694,#3695,#3696,#3697,#3698,#3699),
  .UNSPECIFIED.,.F.,.F.,(8,6,8),(0.,0.343469176599,1.),.UNSPECIFIED.);
#3686 = CARTESIAN_POINT('',(0.317823703928,20.8));
#3687 = CARTESIAN_POINT('',(0.383345001875,20.8));
#3688 = CARTESIAN_POINT('',(0.44917821978,20.794740991359));
#3689 = CARTESIAN_POINT('',(0.515022265067,20.784609077265));
#3690 = CARTESIAN_POINT('',(0.580626512368,20.770041507977));
#3691 = CARTESIAN_POINT('',(0.64574414243,20.751540662413));
#3692 = CARTESIAN_POINT('',(0.710097381149,20.729680809072));
#3693 = CARTESIAN_POINT('',(0.894268951291,20.658136797366));
#3694 = CARTESIAN_POINT('',(1.011959824827,20.600948451595));
#3695 = CARTESIAN_POINT('',(1.126862048865,20.536714076016));
#3696 = CARTESIAN_POINT('',(1.239547096036,20.467787300286));
#3697 = CARTESIAN_POINT('',(1.350585534135,20.396070677228));
#3698 = CARTESIAN_POINT('',(1.460667313528,20.323051440705));
#3699 = CARTESIAN_POINT('',(1.570796326795,20.25));
#3700 = ( GEOMETRIC_REPRESENTATION_CONTEXT(2) 
PARAMETRIC_REPRESENTATION_CONTEXT() REPRESENTATION_CONTEXT('2D SPACE',''
  ) );
#3701 = PCURVE('',#1682,#3702);
#3702 = DEFINITIONAL_REPRESENTATION('',(#3703),#3718);
#3703 = B_SPLINE_CURVE_WITH_KNOTS('',7,(#3704,#3705,#3706,#3707,#3708,
    #3709,#3710,#3711,#3712,#3713,#3714,#3715,#3716,#3717),
  .UNSPECIFIED.,.F.,.F.,(8,6,8),(0.,0.343469176599,1.),.UNSPECIFIED.);
#3704 = CARTESIAN_POINT('',(1.570796326795,27.459934207679));
#3705 = CARTESIAN_POINT('',(1.48026564381,27.443553883192));
#3706 = CARTESIAN_POINT('',(1.391580301676,27.423289221797));
#3707 = CARTESIAN_POINT('',(1.304619944964,27.399266166112));
#3708 = CARTESIAN_POINT('',(1.219351399283,27.371744050592));
#3709 = CARTESIAN_POINT('',(1.135819323879,27.341097631628));
#3710 = CARTESIAN_POINT('',(1.054152268906,27.307807243734));
#3711 = CARTESIAN_POINT('',(0.822492088166,27.204886328708));
#3712 = CARTESIAN_POINT('',(0.677085135123,27.129352041926));
#3713 = CARTESIAN_POINT('',(0.536595152222,27.048165938202));
#3714 = CARTESIAN_POINT('',(0.399803306911,26.963257625319));
#3715 = CARTESIAN_POINT('',(0.265583143117,26.876167344568));
#3716 = CARTESIAN_POINT('',(0.132820800399,26.788103458488));
#3717 = CARTESIAN_POINT('',(0.,26.7));
#3718 = ( GEOMETRIC_REPRESENTATION_CONTEXT(2) 
PARAMETRIC_REPRESENTATION_CONTEXT() REPRESENTATION_CONTEXT('2D SPACE',''
  ) );
#3719 = ORIENTED_EDGE('',*,*,#1638,.T.);
#3720 = ORIENTED_EDGE('',*,*,#3721,.T.);
#3721 = EDGE_CURVE('',#1611,#3620,#3722,.T.);
#3722 = SURFACE_CURVE('',#3723,(#3728,#3734),.PCURVE_S1.);
#3723 = CIRCLE('',#3724,0.8);
#3724 = AXIS2_PLACEMENT_3D('',#3725,#3726,#3727);
#3725 = CARTESIAN_POINT('',(10.7,5.2,12.95));
#3726 = DIRECTION('',(0.,0.,-1.));
#3727 = DIRECTION('',(1.,0.,0.));
#3728 = PCURVE('',#1654,#3729);
#3729 = DEFINITIONAL_REPRESENTATION('',(#3730),#3733);
#3730 = B_SPLINE_CURVE_WITH_KNOTS('',1,(#3731,#3732),.UNSPECIFIED.,.F.,
  .F.,(2,2),(4.712388980385,6.28318530718),.PIECEWISE_BEZIER_KNOTS.);
#3731 = CARTESIAN_POINT('',(1.570796326795,26.7));
#3732 = CARTESIAN_POINT('',(0.,26.7));
#3733 = ( GEOMETRIC_REPRESENTATION_CONTEXT(2) 
PARAMETRIC_REPRESENTATION_CONTEXT() REPRESENTATION_CONTEXT('2D SPACE',''
  ) );
#3734 = PCURVE('',#3602,#3735);
#3735 = DEFINITIONAL_REPRESENTATION('',(#3736),#3739);
#3736 = B_SPLINE_CURVE_WITH_KNOTS('',1,(#3737,#3738),.UNSPECIFIED.,.F.,
  .F.,(2,2),(4.712388980385,6.28318530718),.PIECEWISE_BEZIER_KNOTS.);
#3737 = CARTESIAN_POINT('',(0.,-1.570796326795));
#3738 = CARTESIAN_POINT('',(0.,0.));
#3739 = ( GEOMETRIC_REPRESENTATION_CONTEXT(2) 
PARAMETRIC_REPRESENTATION_CONTEXT() REPRESENTATION_CONTEXT('2D SPACE',''
  ) );
#3740 = ADVANCED_FACE('',(#3741),#1682,.T.);
#3741 = FACE_BOUND('',#3742,.T.);
#3742 = EDGE_LOOP('',(#3743,#3744,#3745,#3768));
#3743 = ORIENTED_EDGE('',*,*,#1666,.F.);
#3744 = ORIENTED_EDGE('',*,*,#3666,.F.);
#3745 = ORIENTED_EDGE('',*,*,#3746,.T.);
#3746 = EDGE_CURVE('',#3643,#3747,#3749,.T.);
#3747 = VERTEX_POINT('',#3748);
#3748 = CARTESIAN_POINT('',(15.45,5.45,7.05));
#3749 = SURFACE_CURVE('',#3750,(#3754,#3761),.PCURVE_S1.);
#3750 = LINE('',#3751,#3752);
#3751 = CARTESIAN_POINT('',(-16.,5.45,7.05));
#3752 = VECTOR('',#3753,1.);
#3753 = DIRECTION('',(1.,0.,0.));
#3754 = PCURVE('',#1682,#3755);
#3755 = DEFINITIONAL_REPRESENTATION('',(#3756),#3760);
#3756 = LINE('',#3757,#3758);
#3757 = CARTESIAN_POINT('',(1.570796326795,0.));
#3758 = VECTOR('',#3759,1.);
#3759 = DIRECTION('',(0.,1.));
#3760 = ( GEOMETRIC_REPRESENTATION_CONTEXT(2) 
PARAMETRIC_REPRESENTATION_CONTEXT() REPRESENTATION_CONTEXT('2D SPACE',''
  ) );
#3761 = PCURVE('',#2447,#3762);
#3762 = DEFINITIONAL_REPRESENTATION('',(#3763),#3767);
#3763 = LINE('',#3764,#3765);
#3764 = CARTESIAN_POINT('',(0.,11.45));
#3765 = VECTOR('',#3766,1.);
#3766 = DIRECTION('',(1.,0.));
#3767 = ( GEOMETRIC_REPRESENTATION_CONTEXT(2) 
PARAMETRIC_REPRESENTATION_CONTEXT() REPRESENTATION_CONTEXT('2D SPACE',''
  ) );
#3768 = ORIENTED_EDGE('',*,*,#3769,.F.);
#3769 = EDGE_CURVE('',#1667,#3747,#3770,.T.);
#3770 = SURFACE_CURVE('',#3771,(#3776,#3783),.PCURVE_S1.);
#3771 = CIRCLE('',#3772,0.55);
#3772 = AXIS2_PLACEMENT_3D('',#3773,#3774,#3775);
#3773 = CARTESIAN_POINT('',(15.45,5.45,6.5));
#3774 = DIRECTION('',(1.,0.,-4.104646678236E-17));
#3775 = DIRECTION('',(4.104646678236E-17,-0.,1.));
#3776 = PCURVE('',#1682,#3777);
#3777 = DEFINITIONAL_REPRESENTATION('',(#3778),#3782);
#3778 = LINE('',#3779,#3780);
#3779 = CARTESIAN_POINT('',(-4.712388980385,31.45));
#3780 = VECTOR('',#3781,1.);
#3781 = DIRECTION('',(1.,0.));
#3782 = ( GEOMETRIC_REPRESENTATION_CONTEXT(2) 
PARAMETRIC_REPRESENTATION_CONTEXT() REPRESENTATION_CONTEXT('2D SPACE',''
  ) );
#3783 = PCURVE('',#3784,#3789);
#3784 = SPHERICAL_SURFACE('',#3785,0.55);
#3785 = AXIS2_PLACEMENT_3D('',#3786,#3787,#3788);
#3786 = CARTESIAN_POINT('',(15.45,5.45,6.5));
#3787 = DIRECTION('',(-0.,-1.,-0.));
#3788 = DIRECTION('',(1.,0.,-2.0185873175E-16));
#3789 = DEFINITIONAL_REPRESENTATION('',(#3790),#3794);
#3790 = LINE('',#3791,#3792);
#3791 = CARTESIAN_POINT('',(1.570796326795,-6.28318530718));
#3792 = VECTOR('',#3793,1.);
#3793 = DIRECTION('',(0.,1.));
#3794 = ( GEOMETRIC_REPRESENTATION_CONTEXT(2) 
PARAMETRIC_REPRESENTATION_CONTEXT() REPRESENTATION_CONTEXT('2D SPACE',''
  ) );
#3795 = ADVANCED_FACE('',(#3796),#1710,.T.);
#3796 = FACE_BOUND('',#3797,.T.);
#3797 = EDGE_LOOP('',(#3798,#3823,#3850,#3851));
#3798 = ORIENTED_EDGE('',*,*,#3799,.F.);
#3799 = EDGE_CURVE('',#3800,#3802,#3804,.T.);
#3800 = VERTEX_POINT('',#3801);
#3801 = CARTESIAN_POINT('',(16.,5.45,6.));
#3802 = VERTEX_POINT('',#3803);
#3803 = CARTESIAN_POINT('',(16.,5.45,6.5));
#3804 = SURFACE_CURVE('',#3805,(#3809,#3816),.PCURVE_S1.);
#3805 = LINE('',#3806,#3807);
#3806 = CARTESIAN_POINT('',(16.,5.45,5.45));
#3807 = VECTOR('',#3808,1.);
#3808 = DIRECTION('',(0.,0.,1.));
#3809 = PCURVE('',#1710,#3810);
#3810 = DEFINITIONAL_REPRESENTATION('',(#3811),#3815);
#3811 = LINE('',#3812,#3813);
#3812 = CARTESIAN_POINT('',(0.,0.));
#3813 = VECTOR('',#3814,1.);
#3814 = DIRECTION('',(0.,1.));
#3815 = ( GEOMETRIC_REPRESENTATION_CONTEXT(2) 
PARAMETRIC_REPRESENTATION_CONTEXT() REPRESENTATION_CONTEXT('2D SPACE',''
  ) );
#3816 = PCURVE('',#2205,#3817);
#3817 = DEFINITIONAL_REPRESENTATION('',(#3818),#3822);
#3818 = LINE('',#3819,#3820);
#3819 = CARTESIAN_POINT('',(0.,-11.45));
#3820 = VECTOR('',#3821,1.);
#3821 = DIRECTION('',(1.,0.));
#3822 = ( GEOMETRIC_REPRESENTATION_CONTEXT(2) 
PARAMETRIC_REPRESENTATION_CONTEXT() REPRESENTATION_CONTEXT('2D SPACE',''
  ) );
#3823 = ORIENTED_EDGE('',*,*,#3824,.T.);
#3824 = EDGE_CURVE('',#3800,#1695,#3825,.T.);
#3825 = SURFACE_CURVE('',#3826,(#3831,#3838),.PCURVE_S1.);
#3826 = CIRCLE('',#3827,0.55);
#3827 = AXIS2_PLACEMENT_3D('',#3828,#3829,#3830);
#3828 = CARTESIAN_POINT('',(15.45,5.45,6.));
#3829 = DIRECTION('',(0.,0.,1.));
#3830 = DIRECTION('',(1.,1.614869854E-15,-0.));
#3831 = PCURVE('',#1710,#3832);
#3832 = DEFINITIONAL_REPRESENTATION('',(#3833),#3837);
#3833 = LINE('',#3834,#3835);
#3834 = CARTESIAN_POINT('',(0.,0.55));
#3835 = VECTOR('',#3836,1.);
#3836 = DIRECTION('',(1.,0.));
#3837 = ( GEOMETRIC_REPRESENTATION_CONTEXT(2) 
PARAMETRIC_REPRESENTATION_CONTEXT() REPRESENTATION_CONTEXT('2D SPACE',''
  ) );
#3838 = PCURVE('',#3839,#3844);
#3839 = SPHERICAL_SURFACE('',#3840,0.55);
#3840 = AXIS2_PLACEMENT_3D('',#3841,#3842,#3843);
#3841 = CARTESIAN_POINT('',(15.45,5.45,6.));
#3842 = DIRECTION('',(0.,0.,1.));
#3843 = DIRECTION('',(1.,1.614869854E-15,-0.));
#3844 = DEFINITIONAL_REPRESENTATION('',(#3845),#3849);
#3845 = LINE('',#3846,#3847);
#3846 = CARTESIAN_POINT('',(0.,0.));
#3847 = VECTOR('',#3848,1.);
#3848 = DIRECTION('',(1.,0.));
#3849 = ( GEOMETRIC_REPRESENTATION_CONTEXT(2) 
PARAMETRIC_REPRESENTATION_CONTEXT() REPRESENTATION_CONTEXT('2D SPACE',''
  ) );
#3850 = ORIENTED_EDGE('',*,*,#1694,.T.);
#3851 = ORIENTED_EDGE('',*,*,#3852,.T.);
#3852 = EDGE_CURVE('',#1667,#3802,#3853,.T.);
#3853 = SURFACE_CURVE('',#3854,(#3859,#3866),.PCURVE_S1.);
#3854 = CIRCLE('',#3855,0.55);
#3855 = AXIS2_PLACEMENT_3D('',#3856,#3857,#3858);
#3856 = CARTESIAN_POINT('',(15.45,5.45,6.5));
#3857 = DIRECTION('',(-2.0185873175E-16,0.,-1.));
#3858 = DIRECTION('',(1.,0.,-2.0185873175E-16));
#3859 = PCURVE('',#1710,#3860);
#3860 = DEFINITIONAL_REPRESENTATION('',(#3861),#3865);
#3861 = LINE('',#3862,#3863);
#3862 = CARTESIAN_POINT('',(6.28318530718,1.05));
#3863 = VECTOR('',#3864,1.);
#3864 = DIRECTION('',(-1.,-0.));
#3865 = ( GEOMETRIC_REPRESENTATION_CONTEXT(2) 
PARAMETRIC_REPRESENTATION_CONTEXT() REPRESENTATION_CONTEXT('2D SPACE',''
  ) );
#3866 = PCURVE('',#3784,#3867);
#3867 = DEFINITIONAL_REPRESENTATION('',(#3868),#3872);
#3868 = LINE('',#3869,#3870);
#3869 = CARTESIAN_POINT('',(0.,-6.28318530718));
#3870 = VECTOR('',#3871,1.);
#3871 = DIRECTION('',(0.,1.));
#3872 = ( GEOMETRIC_REPRESENTATION_CONTEXT(2) 
PARAMETRIC_REPRESENTATION_CONTEXT() REPRESENTATION_CONTEXT('2D SPACE',''
  ) );
#3873 = ADVANCED_FACE('',(#3874),#1738,.T.);
#3874 = FACE_BOUND('',#3875,.F.);
#3875 = EDGE_LOOP('',(#3876,#3932,#3955,#3977));
#3876 = ORIENTED_EDGE('',*,*,#3877,.F.);
#3877 = EDGE_CURVE('',#3878,#1723,#3880,.T.);
#3878 = VERTEX_POINT('',#3879);
#3879 = CARTESIAN_POINT('',(11.459934207679,5.45,5.45));
#3880 = SURFACE_CURVE('',#3881,(#3896,#3914),.PCURVE_S1.);
#3881 = B_SPLINE_CURVE_WITH_KNOTS('',7,(#3882,#3883,#3884,#3885,#3886,
    #3887,#3888,#3889,#3890,#3891,#3892,#3893,#3894,#3895),
  .UNSPECIFIED.,.F.,.F.,(8,6,8),(0.,0.34346917661,1.),.UNSPECIFIED.);
#3882 = CARTESIAN_POINT('',(11.459934207679,5.45,5.45));
#3883 = CARTESIAN_POINT('',(11.443553883192,5.49979187564,5.45));
#3884 = CARTESIAN_POINT('',(11.423289221798,5.548568710987,
    5.455259008641));
#3885 = CARTESIAN_POINT('',(11.399266166112,5.595730741849,
    5.465390922735));
#3886 = CARTESIAN_POINT('',(11.371744050591,5.640750523078,
    5.479958492024));
#3887 = CARTESIAN_POINT('',(11.341097631628,5.683171333301,
    5.498459337588));
#3888 = CARTESIAN_POINT('',(11.307807243735,5.722619653351,
    5.520319190927));
#3889 = CARTESIAN_POINT('',(11.204886328709,5.828049972945,
    5.591863202633));
#3890 = CARTESIAN_POINT('',(11.129352041925,5.885890967105,
    5.649051548405));
#3891 = CARTESIAN_POINT('',(11.048165938203,5.931865394737,
    5.713285923984));
#3892 = CARTESIAN_POINT('',(10.963257625319,5.966059059206,
    5.782212699714));
#3893 = CARTESIAN_POINT('',(10.876167344568,5.988679796165,
    5.853929322771));
#3894 = CARTESIAN_POINT('',(10.788103458488,6.000000068768,
    5.926948559296));
#3895 = CARTESIAN_POINT('',(10.7,6.,6.));
#3896 = PCURVE('',#1738,#3897);
#3897 = DEFINITIONAL_REPRESENTATION('',(#3898),#3913);
#3898 = B_SPLINE_CURVE_WITH_KNOTS('',7,(#3899,#3900,#3901,#3902,#3903,
    #3904,#3905,#3906,#3907,#3908,#3909,#3910,#3911,#3912),
  .UNSPECIFIED.,.F.,.F.,(8,6,8),(0.,0.34346917661,1.),.UNSPECIFIED.);
#3899 = CARTESIAN_POINT('',(-1.570796326795,27.459934207679));
#3900 = CARTESIAN_POINT('',(-1.480265643813,27.443553883192));
#3901 = CARTESIAN_POINT('',(-1.391580301676,27.423289221798));
#3902 = CARTESIAN_POINT('',(-1.304619944961,27.399266166112));
#3903 = CARTESIAN_POINT('',(-1.21935139928,27.371744050591));
#3904 = CARTESIAN_POINT('',(-1.135819323879,27.341097631628));
#3905 = CARTESIAN_POINT('',(-1.054152268909,27.307807243735));
#3906 = CARTESIAN_POINT('',(-0.822492088167,27.204886328709));
#3907 = CARTESIAN_POINT('',(-0.677085135121,27.129352041925));
#3908 = CARTESIAN_POINT('',(-0.536595152224,27.048165938203));
#3909 = CARTESIAN_POINT('',(-0.399803306911,26.963257625319));
#3910 = CARTESIAN_POINT('',(-0.265583143118,26.876167344568));
#3911 = CARTESIAN_POINT('',(-0.132820800399,26.788103458488));
#3912 = CARTESIAN_POINT('',(0.,26.7));
#3913 = ( GEOMETRIC_REPRESENTATION_CONTEXT(2) 
PARAMETRIC_REPRESENTATION_CONTEXT() REPRESENTATION_CONTEXT('2D SPACE',''
  ) );
#3914 = PCURVE('',#1764,#3915);
#3915 = DEFINITIONAL_REPRESENTATION('',(#3916),#3931);
#3916 = B_SPLINE_CURVE_WITH_KNOTS('',7,(#3917,#3918,#3919,#3920,#3921,
    #3922,#3923,#3924,#3925,#3926,#3927,#3928,#3929,#3930),
  .UNSPECIFIED.,.F.,.F.,(8,6,8),(0.,0.34346917661,1.),.UNSPECIFIED.);
#3917 = CARTESIAN_POINT('',(0.317823703928,19.2));
#3918 = CARTESIAN_POINT('',(0.383345001873,19.2));
#3919 = CARTESIAN_POINT('',(0.449178219779,19.205259008641));
#3920 = CARTESIAN_POINT('',(0.515022265069,19.215390922735));
#3921 = CARTESIAN_POINT('',(0.58062651237,19.229958492024));
#3922 = CARTESIAN_POINT('',(0.64574414243,19.248459337588));
#3923 = CARTESIAN_POINT('',(0.710097381146,19.270319190927));
#3924 = CARTESIAN_POINT('',(0.89426895129,19.341863202633));
#3925 = CARTESIAN_POINT('',(1.011959824828,19.399051548405));
#3926 = CARTESIAN_POINT('',(1.126862048863,19.463285923984));
#3927 = CARTESIAN_POINT('',(1.239547096037,19.532212699714));
#3928 = CARTESIAN_POINT('',(1.350585534134,19.603929322771));
#3929 = CARTESIAN_POINT('',(1.460667313529,19.676948559296));
#3930 = CARTESIAN_POINT('',(1.570796326795,19.75));
#3931 = ( GEOMETRIC_REPRESENTATION_CONTEXT(2) 
PARAMETRIC_REPRESENTATION_CONTEXT() REPRESENTATION_CONTEXT('2D SPACE',''
  ) );
#3932 = ORIENTED_EDGE('',*,*,#3933,.T.);
#3933 = EDGE_CURVE('',#3878,#3934,#3936,.T.);
#3934 = VERTEX_POINT('',#3935);
#3935 = CARTESIAN_POINT('',(15.45,5.45,5.45));
#3936 = SURFACE_CURVE('',#3937,(#3941,#3948),.PCURVE_S1.);
#3937 = LINE('',#3938,#3939);
#3938 = CARTESIAN_POINT('',(-16.,5.45,5.45));
#3939 = VECTOR('',#3940,1.);
#3940 = DIRECTION('',(1.,0.,0.));
#3941 = PCURVE('',#1738,#3942);
#3942 = DEFINITIONAL_REPRESENTATION('',(#3943),#3947);
#3943 = LINE('',#3944,#3945);
#3944 = CARTESIAN_POINT('',(-1.570796326795,0.));
#3945 = VECTOR('',#3946,1.);
#3946 = DIRECTION('',(-0.,1.));
#3947 = ( GEOMETRIC_REPRESENTATION_CONTEXT(2) 
PARAMETRIC_REPRESENTATION_CONTEXT() REPRESENTATION_CONTEXT('2D SPACE',''
  ) );
#3948 = PCURVE('',#2062,#3949);
#3949 = DEFINITIONAL_REPRESENTATION('',(#3950),#3954);
#3950 = LINE('',#3951,#3952);
#3951 = CARTESIAN_POINT('',(0.,11.45));
#3952 = VECTOR('',#3953,1.);
#3953 = DIRECTION('',(1.,0.));
#3954 = ( GEOMETRIC_REPRESENTATION_CONTEXT(2) 
PARAMETRIC_REPRESENTATION_CONTEXT() REPRESENTATION_CONTEXT('2D SPACE',''
  ) );
#3955 = ORIENTED_EDGE('',*,*,#3956,.T.);
#3956 = EDGE_CURVE('',#3934,#1695,#3957,.T.);
#3957 = SURFACE_CURVE('',#3958,(#3963,#3970),.PCURVE_S1.);
#3958 = CIRCLE('',#3959,0.55);
#3959 = AXIS2_PLACEMENT_3D('',#3960,#3961,#3962);
#3960 = CARTESIAN_POINT('',(15.45,5.45,6.));
#3961 = DIRECTION('',(1.,-6.747204323611E-19,0.));
#3962 = DIRECTION('',(6.747204323611E-19,1.,0.));
#3963 = PCURVE('',#1738,#3964);
#3964 = DEFINITIONAL_REPRESENTATION('',(#3965),#3969);
#3965 = LINE('',#3966,#3967);
#3966 = CARTESIAN_POINT('',(-6.28318530718,31.45));
#3967 = VECTOR('',#3968,1.);
#3968 = DIRECTION('',(1.,-0.));
#3969 = ( GEOMETRIC_REPRESENTATION_CONTEXT(2) 
PARAMETRIC_REPRESENTATION_CONTEXT() REPRESENTATION_CONTEXT('2D SPACE',''
  ) );
#3970 = PCURVE('',#3839,#3971);
#3971 = DEFINITIONAL_REPRESENTATION('',(#3972),#3976);
#3972 = LINE('',#3973,#3974);
#3973 = CARTESIAN_POINT('',(1.570796326795,-6.28318530718));
#3974 = VECTOR('',#3975,1.);
#3975 = DIRECTION('',(0.,1.));
#3976 = ( GEOMETRIC_REPRESENTATION_CONTEXT(2) 
PARAMETRIC_REPRESENTATION_CONTEXT() REPRESENTATION_CONTEXT('2D SPACE',''
  ) );
#3977 = ORIENTED_EDGE('',*,*,#1722,.F.);
#3978 = ADVANCED_FACE('',(#3979),#1764,.T.);
#3979 = FACE_BOUND('',#3980,.T.);
#3980 = EDGE_LOOP('',(#3981,#4006,#4028,#4029,#4030));
#3981 = ORIENTED_EDGE('',*,*,#3982,.F.);
#3982 = EDGE_CURVE('',#3983,#3985,#3987,.T.);
#3983 = VERTEX_POINT('',#3984);
#3984 = CARTESIAN_POINT('',(11.5,5.2,-12.95));
#3985 = VERTEX_POINT('',#3986);
#3986 = CARTESIAN_POINT('',(11.5,5.2,5.45));
#3987 = SURFACE_CURVE('',#3988,(#3992,#3999),.PCURVE_S1.);
#3988 = LINE('',#3989,#3990);
#3989 = CARTESIAN_POINT('',(11.5,5.2,-13.75));
#3990 = VECTOR('',#3991,1.);
#3991 = DIRECTION('',(0.,0.,1.));
#3992 = PCURVE('',#1764,#3993);
#3993 = DEFINITIONAL_REPRESENTATION('',(#3994),#3998);
#3994 = LINE('',#3995,#3996);
#3995 = CARTESIAN_POINT('',(0.,0.));
#3996 = VECTOR('',#3997,1.);
#3997 = DIRECTION('',(0.,1.));
#3998 = ( GEOMETRIC_REPRESENTATION_CONTEXT(2) 
PARAMETRIC_REPRESENTATION_CONTEXT() REPRESENTATION_CONTEXT('2D SPACE',''
  ) );
#3999 = PCURVE('',#1956,#4000);
#4000 = DEFINITIONAL_REPRESENTATION('',(#4001),#4005);
#4001 = LINE('',#4002,#4003);
#4002 = CARTESIAN_POINT('',(0.,-11.2));
#4003 = VECTOR('',#4004,1.);
#4004 = DIRECTION('',(1.,0.));
#4005 = ( GEOMETRIC_REPRESENTATION_CONTEXT(2) 
PARAMETRIC_REPRESENTATION_CONTEXT() REPRESENTATION_CONTEXT('2D SPACE',''
  ) );
#4006 = ORIENTED_EDGE('',*,*,#4007,.T.);
#4007 = EDGE_CURVE('',#3983,#1497,#4008,.T.);
#4008 = SURFACE_CURVE('',#4009,(#4014,#4021),.PCURVE_S1.);
#4009 = CIRCLE('',#4010,0.8);
#4010 = AXIS2_PLACEMENT_3D('',#4011,#4012,#4013);
#4011 = CARTESIAN_POINT('',(10.7,5.2,-12.95));
#4012 = DIRECTION('',(0.,0.,1.));
#4013 = DIRECTION('',(1.,1.110223024625E-15,-0.));
#4014 = PCURVE('',#1764,#4015);
#4015 = DEFINITIONAL_REPRESENTATION('',(#4016),#4020);
#4016 = LINE('',#4017,#4018);
#4017 = CARTESIAN_POINT('',(0.,0.8));
#4018 = VECTOR('',#4019,1.);
#4019 = DIRECTION('',(1.,0.));
#4020 = ( GEOMETRIC_REPRESENTATION_CONTEXT(2) 
PARAMETRIC_REPRESENTATION_CONTEXT() REPRESENTATION_CONTEXT('2D SPACE',''
  ) );
#4021 = PCURVE('',#3360,#4022);
#4022 = DEFINITIONAL_REPRESENTATION('',(#4023),#4027);
#4023 = LINE('',#4024,#4025);
#4024 = CARTESIAN_POINT('',(0.,0.));
#4025 = VECTOR('',#4026,1.);
#4026 = DIRECTION('',(1.,0.));
#4027 = ( GEOMETRIC_REPRESENTATION_CONTEXT(2) 
PARAMETRIC_REPRESENTATION_CONTEXT() REPRESENTATION_CONTEXT('2D SPACE',''
  ) );
#4028 = ORIENTED_EDGE('',*,*,#1750,.T.);
#4029 = ORIENTED_EDGE('',*,*,#3877,.F.);
#4030 = ORIENTED_EDGE('',*,*,#4031,.F.);
#4031 = EDGE_CURVE('',#3985,#3878,#4032,.T.);
#4032 = SURFACE_CURVE('',#4033,(#4038,#4045),.PCURVE_S1.);
#4033 = CIRCLE('',#4034,0.8);
#4034 = AXIS2_PLACEMENT_3D('',#4035,#4036,#4037);
#4035 = CARTESIAN_POINT('',(10.7,5.2,5.45));
#4036 = DIRECTION('',(0.,0.,1.));
#4037 = DIRECTION('',(1.,0.,-0.));
#4038 = PCURVE('',#1764,#4039);
#4039 = DEFINITIONAL_REPRESENTATION('',(#4040),#4044);
#4040 = LINE('',#4041,#4042);
#4041 = CARTESIAN_POINT('',(0.,19.2));
#4042 = VECTOR('',#4043,1.);
#4043 = DIRECTION('',(1.,0.));
#4044 = ( GEOMETRIC_REPRESENTATION_CONTEXT(2) 
PARAMETRIC_REPRESENTATION_CONTEXT() REPRESENTATION_CONTEXT('2D SPACE',''
  ) );
#4045 = PCURVE('',#2062,#4046);
#4046 = DEFINITIONAL_REPRESENTATION('',(#4047),#4051);
#4047 = CIRCLE('',#4048,0.8);
#4048 = AXIS2_PLACEMENT_2D('',#4049,#4050);
#4049 = CARTESIAN_POINT('',(26.7,11.2));
#4050 = DIRECTION('',(1.,0.));
#4051 = ( GEOMETRIC_REPRESENTATION_CONTEXT(2) 
PARAMETRIC_REPRESENTATION_CONTEXT() REPRESENTATION_CONTEXT('2D SPACE',''
  ) );
#4052 = ADVANCED_FACE('',(#4053),#1844,.T.);
#4053 = FACE_BOUND('',#4054,.T.);
#4054 = EDGE_LOOP('',(#4055,#4075,#4076,#4096));
#4055 = ORIENTED_EDGE('',*,*,#4056,.F.);
#4056 = EDGE_CURVE('',#1806,#1939,#4057,.T.);
#4057 = SURFACE_CURVE('',#4058,(#4063,#4069),.PCURVE_S1.);
#4058 = CIRCLE('',#4059,0.8);
#4059 = AXIS2_PLACEMENT_3D('',#4060,#4061,#4062);
#4060 = CARTESIAN_POINT('',(10.7,-5.2,-12.95));
#4061 = DIRECTION('',(0.,-1.,0.));
#4062 = DIRECTION('',(1.,0.,0.));
#4063 = PCURVE('',#1844,#4064);
#4064 = DEFINITIONAL_REPRESENTATION('',(#4065),#4068);
#4065 = B_SPLINE_CURVE_WITH_KNOTS('',1,(#4066,#4067),.UNSPECIFIED.,.F.,
  .F.,(2,2),(4.712388980385,6.28318530718),.PIECEWISE_BEZIER_KNOTS.);
#4066 = CARTESIAN_POINT('',(1.570796326795,0.8));
#4067 = CARTESIAN_POINT('',(0.,0.8));
#4068 = ( GEOMETRIC_REPRESENTATION_CONTEXT(2) 
PARAMETRIC_REPRESENTATION_CONTEXT() REPRESENTATION_CONTEXT('2D SPACE',''
  ) );
#4069 = PCURVE('',#1923,#4070);
#4070 = DEFINITIONAL_REPRESENTATION('',(#4071),#4074);
#4071 = B_SPLINE_CURVE_WITH_KNOTS('',1,(#4072,#4073),.UNSPECIFIED.,.F.,
  .F.,(2,2),(4.712388980385,6.28318530718),.PIECEWISE_BEZIER_KNOTS.);
#4072 = CARTESIAN_POINT('',(0.,-1.570796326795));
#4073 = CARTESIAN_POINT('',(0.,0.));
#4074 = ( GEOMETRIC_REPRESENTATION_CONTEXT(2) 
PARAMETRIC_REPRESENTATION_CONTEXT() REPRESENTATION_CONTEXT('2D SPACE',''
  ) );
#4075 = ORIENTED_EDGE('',*,*,#1828,.T.);
#4076 = ORIENTED_EDGE('',*,*,#4077,.T.);
#4077 = EDGE_CURVE('',#1829,#3983,#4078,.T.);
#4078 = SURFACE_CURVE('',#4079,(#4084,#4090),.PCURVE_S1.);
#4079 = CIRCLE('',#4080,0.8);
#4080 = AXIS2_PLACEMENT_3D('',#4081,#4082,#4083);
#4081 = CARTESIAN_POINT('',(10.7,5.2,-12.95));
#4082 = DIRECTION('',(1.110223024625E-15,-1.,0.));
#4083 = DIRECTION('',(1.,1.110223024625E-15,0.));
#4084 = PCURVE('',#1844,#4085);
#4085 = DEFINITIONAL_REPRESENTATION('',(#4086),#4089);
#4086 = B_SPLINE_CURVE_WITH_KNOTS('',1,(#4087,#4088),.UNSPECIFIED.,.F.,
  .F.,(2,2),(4.712388980385,6.28318530718),.PIECEWISE_BEZIER_KNOTS.);
#4087 = CARTESIAN_POINT('',(1.570796326795,11.2));
#4088 = CARTESIAN_POINT('',(0.,11.2));
#4089 = ( GEOMETRIC_REPRESENTATION_CONTEXT(2) 
PARAMETRIC_REPRESENTATION_CONTEXT() REPRESENTATION_CONTEXT('2D SPACE',''
  ) );
#4090 = PCURVE('',#3360,#4091);
#4091 = DEFINITIONAL_REPRESENTATION('',(#4092),#4095);
#4092 = B_SPLINE_CURVE_WITH_KNOTS('',1,(#4093,#4094),.UNSPECIFIED.,.F.,
  .F.,(2,2),(4.712388980385,6.28318530718),.PIECEWISE_BEZIER_KNOTS.);
#4093 = CARTESIAN_POINT('',(0.,-1.570796326795));
#4094 = CARTESIAN_POINT('',(0.,0.));
#4095 = ( GEOMETRIC_REPRESENTATION_CONTEXT(2) 
PARAMETRIC_REPRESENTATION_CONTEXT() REPRESENTATION_CONTEXT('2D SPACE',''
  ) );
#4096 = ORIENTED_EDGE('',*,*,#4097,.F.);
#4097 = EDGE_CURVE('',#1939,#3983,#4098,.T.);
#4098 = SURFACE_CURVE('',#4099,(#4103,#4110),.PCURVE_S1.);
#4099 = LINE('',#4100,#4101);
#4100 = CARTESIAN_POINT('',(11.5,-6.,-12.95));
#4101 = VECTOR('',#4102,1.);
#4102 = DIRECTION('',(0.,1.,0.));
#4103 = PCURVE('',#1844,#4104);
#4104 = DEFINITIONAL_REPRESENTATION('',(#4105),#4109);
#4105 = LINE('',#4106,#4107);
#4106 = CARTESIAN_POINT('',(0.,0.));
#4107 = VECTOR('',#4108,1.);
#4108 = DIRECTION('',(0.,1.));
#4109 = ( GEOMETRIC_REPRESENTATION_CONTEXT(2) 
PARAMETRIC_REPRESENTATION_CONTEXT() REPRESENTATION_CONTEXT('2D SPACE',''
  ) );
#4110 = PCURVE('',#1956,#4111);
#4111 = DEFINITIONAL_REPRESENTATION('',(#4112),#4116);
#4112 = LINE('',#4113,#4114);
#4113 = CARTESIAN_POINT('',(0.8,0.));
#4114 = VECTOR('',#4115,1.);
#4115 = DIRECTION('',(0.,-1.));
#4116 = ( GEOMETRIC_REPRESENTATION_CONTEXT(2) 
PARAMETRIC_REPRESENTATION_CONTEXT() REPRESENTATION_CONTEXT('2D SPACE',''
  ) );
#4117 = ADVANCED_FACE('',(#4118),#1923,.T.);
#4118 = FACE_BOUND('',#4119,.F.);
#4119 = EDGE_LOOP('',(#4120,#4121,#4122));
#4120 = ORIENTED_EDGE('',*,*,#4056,.F.);
#4121 = ORIENTED_EDGE('',*,*,#1909,.T.);
#4122 = ORIENTED_EDGE('',*,*,#1968,.F.);
#4123 = ADVANCED_FACE('',(#4124),#1956,.T.);
#4124 = FACE_BOUND('',#4125,.T.);
#4125 = EDGE_LOOP('',(#4126,#4127,#4128,#4129));
#4126 = ORIENTED_EDGE('',*,*,#1938,.F.);
#4127 = ORIENTED_EDGE('',*,*,#4097,.T.);
#4128 = ORIENTED_EDGE('',*,*,#3982,.T.);
#4129 = ORIENTED_EDGE('',*,*,#4130,.T.);
#4130 = EDGE_CURVE('',#3985,#1941,#4131,.T.);
#4131 = SURFACE_CURVE('',#4132,(#4136,#4142),.PCURVE_S1.);
#4132 = LINE('',#4133,#4134);
#4133 = CARTESIAN_POINT('',(11.5,-6.,5.45));
#4134 = VECTOR('',#4135,1.);
#4135 = DIRECTION('',(0.,-1.,0.));
#4136 = PCURVE('',#1956,#4137);
#4137 = DEFINITIONAL_REPRESENTATION('',(#4138),#4141);
#4138 = B_SPLINE_CURVE_WITH_KNOTS('',1,(#4139,#4140),.UNSPECIFIED.,.F.,
  .F.,(2,2),(-11.2,-0.8),.PIECEWISE_BEZIER_KNOTS.);
#4139 = CARTESIAN_POINT('',(19.2,-11.2));
#4140 = CARTESIAN_POINT('',(19.2,-0.8));
#4141 = ( GEOMETRIC_REPRESENTATION_CONTEXT(2) 
PARAMETRIC_REPRESENTATION_CONTEXT() REPRESENTATION_CONTEXT('2D SPACE',''
  ) );
#4142 = PCURVE('',#2062,#4143);
#4143 = DEFINITIONAL_REPRESENTATION('',(#4144),#4147);
#4144 = B_SPLINE_CURVE_WITH_KNOTS('',1,(#4145,#4146),.UNSPECIFIED.,.F.,
  .F.,(2,2),(-11.2,-0.8),.PIECEWISE_BEZIER_KNOTS.);
#4145 = CARTESIAN_POINT('',(27.5,11.2));
#4146 = CARTESIAN_POINT('',(27.5,0.8));
#4147 = ( GEOMETRIC_REPRESENTATION_CONTEXT(2) 
PARAMETRIC_REPRESENTATION_CONTEXT() REPRESENTATION_CONTEXT('2D SPACE',''
  ) );
#4148 = ADVANCED_FACE('',(#4149,#4182,#4217),#2062,.F.);
#4149 = FACE_BOUND('',#4150,.F.);
#4150 = EDGE_LOOP('',(#4151,#4152,#4153,#4179,#4180,#4181));
#4151 = ORIENTED_EDGE('',*,*,#2047,.F.);
#4152 = ORIENTED_EDGE('',*,*,#2078,.T.);
#4153 = ORIENTED_EDGE('',*,*,#4154,.T.);
#4154 = EDGE_CURVE('',#2079,#3934,#4155,.T.);
#4155 = SURFACE_CURVE('',#4156,(#4160,#4167),.PCURVE_S1.);
#4156 = LINE('',#4157,#4158);
#4157 = CARTESIAN_POINT('',(15.45,-6.,5.45));
#4158 = VECTOR('',#4159,1.);
#4159 = DIRECTION('',(0.,1.,0.));
#4160 = PCURVE('',#2062,#4161);
#4161 = DEFINITIONAL_REPRESENTATION('',(#4162),#4166);
#4162 = LINE('',#4163,#4164);
#4163 = CARTESIAN_POINT('',(31.45,0.));
#4164 = VECTOR('',#4165,1.);
#4165 = DIRECTION('',(0.,1.));
#4166 = ( GEOMETRIC_REPRESENTATION_CONTEXT(2) 
PARAMETRIC_REPRESENTATION_CONTEXT() REPRESENTATION_CONTEXT('2D SPACE',''
  ) );
#4167 = PCURVE('',#4168,#4173);
#4168 = CYLINDRICAL_SURFACE('',#4169,0.55);
#4169 = AXIS2_PLACEMENT_3D('',#4170,#4171,#4172);
#4170 = CARTESIAN_POINT('',(15.45,-6.,6.));
#4171 = DIRECTION('',(0.,1.,0.));
#4172 = DIRECTION('',(1.,0.,-0.));
#4173 = DEFINITIONAL_REPRESENTATION('',(#4174),#4178);
#4174 = LINE('',#4175,#4176);
#4175 = CARTESIAN_POINT('',(1.570796326795,0.));
#4176 = VECTOR('',#4177,1.);
#4177 = DIRECTION('',(0.,1.));
#4178 = ( GEOMETRIC_REPRESENTATION_CONTEXT(2) 
PARAMETRIC_REPRESENTATION_CONTEXT() REPRESENTATION_CONTEXT('2D SPACE',''
  ) );
#4179 = ORIENTED_EDGE('',*,*,#3933,.F.);
#4180 = ORIENTED_EDGE('',*,*,#4031,.F.);
#4181 = ORIENTED_EDGE('',*,*,#4130,.T.);
#4182 = FACE_BOUND('',#4183,.F.);
#4183 = EDGE_LOOP('',(#4184));
#4184 = ORIENTED_EDGE('',*,*,#4185,.T.);
#4185 = EDGE_CURVE('',#4186,#4186,#4188,.T.);
#4186 = VERTEX_POINT('',#4187);
#4187 = CARTESIAN_POINT('',(15.25,-3.5,5.45));
#4188 = SURFACE_CURVE('',#4189,(#4194,#4205),.PCURVE_S1.);
#4189 = CIRCLE('',#4190,1.25);
#4190 = AXIS2_PLACEMENT_3D('',#4191,#4192,#4193);
#4191 = CARTESIAN_POINT('',(14.,-3.5,5.45));
#4192 = DIRECTION('',(0.,0.,-1.));
#4193 = DIRECTION('',(1.,0.,0.));
#4194 = PCURVE('',#2062,#4195);
#4195 = DEFINITIONAL_REPRESENTATION('',(#4196),#4204);
#4196 = ( BOUNDED_CURVE() B_SPLINE_CURVE(2,(#4197,#4198,#4199,#4200,
#4201,#4202,#4203),.UNSPECIFIED.,.T.,.F.) B_SPLINE_CURVE_WITH_KNOTS((1,2
    ,2,2,2,1),(-2.094395102393,0.,2.094395102393,4.188790204786,
6.28318530718,8.377580409573),.UNSPECIFIED.) CURVE() 
GEOMETRIC_REPRESENTATION_ITEM() RATIONAL_B_SPLINE_CURVE((1.,0.5,1.,0.5,
1.,0.5,1.)) REPRESENTATION_ITEM('') );
#4197 = CARTESIAN_POINT('',(31.25,2.5));
#4198 = CARTESIAN_POINT('',(31.25,0.334936490539));
#4199 = CARTESIAN_POINT('',(29.375,1.417468245269));
#4200 = CARTESIAN_POINT('',(27.5,2.5));
#4201 = CARTESIAN_POINT('',(29.375,3.582531754731));
#4202 = CARTESIAN_POINT('',(31.25,4.665063509461));
#4203 = CARTESIAN_POINT('',(31.25,2.5));
#4204 = ( GEOMETRIC_REPRESENTATION_CONTEXT(2) 
PARAMETRIC_REPRESENTATION_CONTEXT() REPRESENTATION_CONTEXT('2D SPACE',''
  ) );
#4205 = PCURVE('',#4206,#4211);
#4206 = CYLINDRICAL_SURFACE('',#4207,1.25);
#4207 = AXIS2_PLACEMENT_3D('',#4208,#4209,#4210);
#4208 = CARTESIAN_POINT('',(14.,-3.5,4.25));
#4209 = DIRECTION('',(-0.,-0.,-1.));
#4210 = DIRECTION('',(1.,0.,0.));
#4211 = DEFINITIONAL_REPRESENTATION('',(#4212),#4216);
#4212 = LINE('',#4213,#4214);
#4213 = CARTESIAN_POINT('',(-6.28318530718,-1.2));
#4214 = VECTOR('',#4215,1.);
#4215 = DIRECTION('',(1.,-0.));
#4216 = ( GEOMETRIC_REPRESENTATION_CONTEXT(2) 
PARAMETRIC_REPRESENTATION_CONTEXT() REPRESENTATION_CONTEXT('2D SPACE',''
  ) );
#4217 = FACE_BOUND('',#4218,.F.);
#4218 = EDGE_LOOP('',(#4219));
#4219 = ORIENTED_EDGE('',*,*,#4220,.T.);
#4220 = EDGE_CURVE('',#4221,#4221,#4223,.T.);
#4221 = VERTEX_POINT('',#4222);
#4222 = CARTESIAN_POINT('',(15.25,3.5,5.45));
#4223 = SURFACE_CURVE('',#4224,(#4229,#4240),.PCURVE_S1.);
#4224 = CIRCLE('',#4225,1.25);
#4225 = AXIS2_PLACEMENT_3D('',#4226,#4227,#4228);
#4226 = CARTESIAN_POINT('',(14.,3.5,5.45));
#4227 = DIRECTION('',(0.,0.,-1.));
#4228 = DIRECTION('',(1.,0.,0.));
#4229 = PCURVE('',#2062,#4230);
#4230 = DEFINITIONAL_REPRESENTATION('',(#4231),#4239);
#4231 = ( BOUNDED_CURVE() B_SPLINE_CURVE(2,(#4232,#4233,#4234,#4235,
#4236,#4237,#4238),.UNSPECIFIED.,.T.,.F.) B_SPLINE_CURVE_WITH_KNOTS((1,2
    ,2,2,2,1),(-2.094395102393,0.,2.094395102393,4.188790204786,
6.28318530718,8.377580409573),.UNSPECIFIED.) CURVE() 
GEOMETRIC_REPRESENTATION_ITEM() RATIONAL_B_SPLINE_CURVE((1.,0.5,1.,0.5,
1.,0.5,1.)) REPRESENTATION_ITEM('') );
#4232 = CARTESIAN_POINT('',(31.25,9.5));
#4233 = CARTESIAN_POINT('',(31.25,7.334936490539));
#4234 = CARTESIAN_POINT('',(29.375,8.417468245269));
#4235 = CARTESIAN_POINT('',(27.5,9.5));
#4236 = CARTESIAN_POINT('',(29.375,10.582531754731));
#4237 = CARTESIAN_POINT('',(31.25,11.665063509461));
#4238 = CARTESIAN_POINT('',(31.25,9.5));
#4239 = ( GEOMETRIC_REPRESENTATION_CONTEXT(2) 
PARAMETRIC_REPRESENTATION_CONTEXT() REPRESENTATION_CONTEXT('2D SPACE',''
  ) );
#4240 = PCURVE('',#4241,#4246);
#4241 = CYLINDRICAL_SURFACE('',#4242,1.25);
#4242 = AXIS2_PLACEMENT_3D('',#4243,#4244,#4245);
#4243 = CARTESIAN_POINT('',(14.,3.5,4.25));
#4244 = DIRECTION('',(-0.,-0.,-1.));
#4245 = DIRECTION('',(1.,0.,0.));
#4246 = DEFINITIONAL_REPRESENTATION('',(#4247),#4251);
#4247 = LINE('',#4248,#4249);
#4248 = CARTESIAN_POINT('',(-6.28318530718,-1.2));
#4249 = VECTOR('',#4250,1.);
#4250 = DIRECTION('',(1.,-0.));
#4251 = ( GEOMETRIC_REPRESENTATION_CONTEXT(2) 
PARAMETRIC_REPRESENTATION_CONTEXT() REPRESENTATION_CONTEXT('2D SPACE',''
  ) );
#4252 = ADVANCED_FACE('',(#4253),#2116,.T.);
#4253 = FACE_BOUND('',#4254,.F.);
#4254 = EDGE_LOOP('',(#4255,#4277,#4278));
#4255 = ORIENTED_EDGE('',*,*,#4256,.F.);
#4256 = EDGE_CURVE('',#2079,#2188,#4257,.T.);
#4257 = SURFACE_CURVE('',#4258,(#4263,#4270),.PCURVE_S1.);
#4258 = CIRCLE('',#4259,0.55);
#4259 = AXIS2_PLACEMENT_3D('',#4260,#4261,#4262);
#4260 = CARTESIAN_POINT('',(15.45,-5.45,6.));
#4261 = DIRECTION('',(0.,-1.,0.));
#4262 = DIRECTION('',(1.,0.,0.));
#4263 = PCURVE('',#2116,#4264);
#4264 = DEFINITIONAL_REPRESENTATION('',(#4265),#4269);
#4265 = LINE('',#4266,#4267);
#4266 = CARTESIAN_POINT('',(-0.,-6.28318530718));
#4267 = VECTOR('',#4268,1.);
#4268 = DIRECTION('',(-0.,1.));
#4269 = ( GEOMETRIC_REPRESENTATION_CONTEXT(2) 
PARAMETRIC_REPRESENTATION_CONTEXT() REPRESENTATION_CONTEXT('2D SPACE',''
  ) );
#4270 = PCURVE('',#4168,#4271);
#4271 = DEFINITIONAL_REPRESENTATION('',(#4272),#4276);
#4272 = LINE('',#4273,#4274);
#4273 = CARTESIAN_POINT('',(6.28318530718,0.55));
#4274 = VECTOR('',#4275,1.);
#4275 = DIRECTION('',(-1.,-0.));
#4276 = ( GEOMETRIC_REPRESENTATION_CONTEXT(2) 
PARAMETRIC_REPRESENTATION_CONTEXT() REPRESENTATION_CONTEXT('2D SPACE',''
  ) );
#4277 = ORIENTED_EDGE('',*,*,#2101,.T.);
#4278 = ORIENTED_EDGE('',*,*,#2217,.F.);
#4279 = ADVANCED_FACE('',(#4280),#2172,.T.);
#4280 = FACE_BOUND('',#4281,.F.);
#4281 = EDGE_LOOP('',(#4282,#4304,#4305));
#4282 = ORIENTED_EDGE('',*,*,#4283,.F.);
#4283 = EDGE_CURVE('',#2271,#2133,#4284,.T.);
#4284 = SURFACE_CURVE('',#4285,(#4290,#4297),.PCURVE_S1.);
#4285 = CIRCLE('',#4286,0.55);
#4286 = AXIS2_PLACEMENT_3D('',#4287,#4288,#4289);
#4287 = CARTESIAN_POINT('',(-15.45,-5.45,6.5));
#4288 = DIRECTION('',(0.,-1.,0.));
#4289 = DIRECTION('',(-1.,0.,0.));
#4290 = PCURVE('',#2172,#4291);
#4291 = DEFINITIONAL_REPRESENTATION('',(#4292),#4296);
#4292 = LINE('',#4293,#4294);
#4293 = CARTESIAN_POINT('',(-0.,-6.28318530718));
#4294 = VECTOR('',#4295,1.);
#4295 = DIRECTION('',(-0.,1.));
#4296 = ( GEOMETRIC_REPRESENTATION_CONTEXT(2) 
PARAMETRIC_REPRESENTATION_CONTEXT() REPRESENTATION_CONTEXT('2D SPACE',''
  ) );
#4297 = PCURVE('',#3202,#4298);
#4298 = DEFINITIONAL_REPRESENTATION('',(#4299),#4303);
#4299 = LINE('',#4300,#4301);
#4300 = CARTESIAN_POINT('',(6.28318530718,0.55));
#4301 = VECTOR('',#4302,1.);
#4302 = DIRECTION('',(-1.,-0.));
#4303 = ( GEOMETRIC_REPRESENTATION_CONTEXT(2) 
PARAMETRIC_REPRESENTATION_CONTEXT() REPRESENTATION_CONTEXT('2D SPACE',''
  ) );
#4304 = ORIENTED_EDGE('',*,*,#2270,.T.);
#4305 = ORIENTED_EDGE('',*,*,#2157,.F.);
#4306 = ADVANCED_FACE('',(#4307),#2205,.T.);
#4307 = FACE_BOUND('',#4308,.T.);
#4308 = EDGE_LOOP('',(#4309,#4310,#4331,#4332));
#4309 = ORIENTED_EDGE('',*,*,#2187,.F.);
#4310 = ORIENTED_EDGE('',*,*,#4311,.T.);
#4311 = EDGE_CURVE('',#2188,#3800,#4312,.T.);
#4312 = SURFACE_CURVE('',#4313,(#4317,#4324),.PCURVE_S1.);
#4313 = LINE('',#4314,#4315);
#4314 = CARTESIAN_POINT('',(16.,-6.,6.));
#4315 = VECTOR('',#4316,1.);
#4316 = DIRECTION('',(0.,1.,0.));
#4317 = PCURVE('',#2205,#4318);
#4318 = DEFINITIONAL_REPRESENTATION('',(#4319),#4323);
#4319 = LINE('',#4320,#4321);
#4320 = CARTESIAN_POINT('',(0.55,0.));
#4321 = VECTOR('',#4322,1.);
#4322 = DIRECTION('',(0.,-1.));
#4323 = ( GEOMETRIC_REPRESENTATION_CONTEXT(2) 
PARAMETRIC_REPRESENTATION_CONTEXT() REPRESENTATION_CONTEXT('2D SPACE',''
  ) );
#4324 = PCURVE('',#4168,#4325);
#4325 = DEFINITIONAL_REPRESENTATION('',(#4326),#4330);
#4326 = LINE('',#4327,#4328);
#4327 = CARTESIAN_POINT('',(0.,0.));
#4328 = VECTOR('',#4329,1.);
#4329 = DIRECTION('',(0.,1.));
#4330 = ( GEOMETRIC_REPRESENTATION_CONTEXT(2) 
PARAMETRIC_REPRESENTATION_CONTEXT() REPRESENTATION_CONTEXT('2D SPACE',''
  ) );
#4331 = ORIENTED_EDGE('',*,*,#3799,.T.);
#4332 = ORIENTED_EDGE('',*,*,#4333,.F.);
#4333 = EDGE_CURVE('',#2190,#3802,#4334,.T.);
#4334 = SURFACE_CURVE('',#4335,(#4339,#4346),.PCURVE_S1.);
#4335 = LINE('',#4336,#4337);
#4336 = CARTESIAN_POINT('',(16.,-6.,6.5));
#4337 = VECTOR('',#4338,1.);
#4338 = DIRECTION('',(0.,1.,0.));
#4339 = PCURVE('',#2205,#4340);
#4340 = DEFINITIONAL_REPRESENTATION('',(#4341),#4345);
#4341 = LINE('',#4342,#4343);
#4342 = CARTESIAN_POINT('',(1.05,0.));
#4343 = VECTOR('',#4344,1.);
#4344 = DIRECTION('',(0.,-1.));
#4345 = ( GEOMETRIC_REPRESENTATION_CONTEXT(2) 
PARAMETRIC_REPRESENTATION_CONTEXT() REPRESENTATION_CONTEXT('2D SPACE',''
  ) );
#4346 = PCURVE('',#4347,#4352);
#4347 = CYLINDRICAL_SURFACE('',#4348,0.55);
#4348 = AXIS2_PLACEMENT_3D('',#4349,#4350,#4351);
#4349 = CARTESIAN_POINT('',(15.45,-6.,6.5));
#4350 = DIRECTION('',(0.,1.,0.));
#4351 = DIRECTION('',(1.,0.,-0.));
#4352 = DEFINITIONAL_REPRESENTATION('',(#4353),#4357);
#4353 = LINE('',#4354,#4355);
#4354 = CARTESIAN_POINT('',(-0.,0.));
#4355 = VECTOR('',#4356,1.);
#4356 = DIRECTION('',(-0.,1.));
#4357 = ( GEOMETRIC_REPRESENTATION_CONTEXT(2) 
PARAMETRIC_REPRESENTATION_CONTEXT() REPRESENTATION_CONTEXT('2D SPACE',''
  ) );
#4358 = ADVANCED_FACE('',(#4359),#2255,.T.);
#4359 = FACE_BOUND('',#4360,.T.);
#4360 = EDGE_LOOP('',(#4361,#4383,#4384));
#4361 = ORIENTED_EDGE('',*,*,#4362,.F.);
#4362 = EDGE_CURVE('',#2432,#2190,#4363,.T.);
#4363 = SURFACE_CURVE('',#4364,(#4369,#4376),.PCURVE_S1.);
#4364 = CIRCLE('',#4365,0.55);
#4365 = AXIS2_PLACEMENT_3D('',#4366,#4367,#4368);
#4366 = CARTESIAN_POINT('',(15.45,-5.45,6.5));
#4367 = DIRECTION('',(-0.,1.,0.));
#4368 = DIRECTION('',(1.,0.,0.));
#4369 = PCURVE('',#2255,#4370);
#4370 = DEFINITIONAL_REPRESENTATION('',(#4371),#4375);
#4371 = LINE('',#4372,#4373);
#4372 = CARTESIAN_POINT('',(0.,-6.28318530718));
#4373 = VECTOR('',#4374,1.);
#4374 = DIRECTION('',(0.,1.));
#4375 = ( GEOMETRIC_REPRESENTATION_CONTEXT(2) 
PARAMETRIC_REPRESENTATION_CONTEXT() REPRESENTATION_CONTEXT('2D SPACE',''
  ) );
#4376 = PCURVE('',#4347,#4377);
#4377 = DEFINITIONAL_REPRESENTATION('',(#4378),#4382);
#4378 = LINE('',#4379,#4380);
#4379 = CARTESIAN_POINT('',(-6.28318530718,0.55));
#4380 = VECTOR('',#4381,1.);
#4381 = DIRECTION('',(1.,-0.));
#4382 = ( GEOMETRIC_REPRESENTATION_CONTEXT(2) 
PARAMETRIC_REPRESENTATION_CONTEXT() REPRESENTATION_CONTEXT('2D SPACE',''
  ) );
#4383 = ORIENTED_EDGE('',*,*,#2459,.T.);
#4384 = ORIENTED_EDGE('',*,*,#2240,.F.);
#4385 = ADVANCED_FACE('',(#4386,#4432,#4462),#2447,.T.);
#4386 = FACE_BOUND('',#4387,.T.);
#4387 = EDGE_LOOP('',(#4388,#4389,#4390,#4411,#4412,#4413));
#4388 = ORIENTED_EDGE('',*,*,#2599,.F.);
#4389 = ORIENTED_EDGE('',*,*,#2431,.T.);
#4390 = ORIENTED_EDGE('',*,*,#4391,.T.);
#4391 = EDGE_CURVE('',#2432,#3747,#4392,.T.);
#4392 = SURFACE_CURVE('',#4393,(#4397,#4404),.PCURVE_S1.);
#4393 = LINE('',#4394,#4395);
#4394 = CARTESIAN_POINT('',(15.45,-6.,7.05));
#4395 = VECTOR('',#4396,1.);
#4396 = DIRECTION('',(0.,1.,0.));
#4397 = PCURVE('',#2447,#4398);
#4398 = DEFINITIONAL_REPRESENTATION('',(#4399),#4403);
#4399 = LINE('',#4400,#4401);
#4400 = CARTESIAN_POINT('',(31.45,0.));
#4401 = VECTOR('',#4402,1.);
#4402 = DIRECTION('',(0.,1.));
#4403 = ( GEOMETRIC_REPRESENTATION_CONTEXT(2) 
PARAMETRIC_REPRESENTATION_CONTEXT() REPRESENTATION_CONTEXT('2D SPACE',''
  ) );
#4404 = PCURVE('',#4347,#4405);
#4405 = DEFINITIONAL_REPRESENTATION('',(#4406),#4410);
#4406 = LINE('',#4407,#4408);
#4407 = CARTESIAN_POINT('',(-1.570796326795,0.));
#4408 = VECTOR('',#4409,1.);
#4409 = DIRECTION('',(-0.,1.));
#4410 = ( GEOMETRIC_REPRESENTATION_CONTEXT(2) 
PARAMETRIC_REPRESENTATION_CONTEXT() REPRESENTATION_CONTEXT('2D SPACE',''
  ) );
#4411 = ORIENTED_EDGE('',*,*,#3746,.F.);
#4412 = ORIENTED_EDGE('',*,*,#3642,.F.);
#4413 = ORIENTED_EDGE('',*,*,#4414,.T.);
#4414 = EDGE_CURVE('',#3618,#2570,#4415,.T.);
#4415 = SURFACE_CURVE('',#4416,(#4420,#4426),.PCURVE_S1.);
#4416 = LINE('',#4417,#4418);
#4417 = CARTESIAN_POINT('',(11.5,-6.,7.05));
#4418 = VECTOR('',#4419,1.);
#4419 = DIRECTION('',(0.,-1.,0.));
#4420 = PCURVE('',#2447,#4421);
#4421 = DEFINITIONAL_REPRESENTATION('',(#4422),#4425);
#4422 = B_SPLINE_CURVE_WITH_KNOTS('',1,(#4423,#4424),.UNSPECIFIED.,.F.,
  .F.,(2,2),(-11.2,-0.8),.PIECEWISE_BEZIER_KNOTS.);
#4423 = CARTESIAN_POINT('',(27.5,11.2));
#4424 = CARTESIAN_POINT('',(27.5,0.8));
#4425 = ( GEOMETRIC_REPRESENTATION_CONTEXT(2) 
PARAMETRIC_REPRESENTATION_CONTEXT() REPRESENTATION_CONTEXT('2D SPACE',''
  ) );
#4426 = PCURVE('',#2587,#4427);
#4427 = DEFINITIONAL_REPRESENTATION('',(#4428),#4431);
#4428 = B_SPLINE_CURVE_WITH_KNOTS('',1,(#4429,#4430),.UNSPECIFIED.,.F.,
  .F.,(2,2),(-11.2,-0.8),.PIECEWISE_BEZIER_KNOTS.);
#4429 = CARTESIAN_POINT('',(20.8,-11.2));
#4430 = CARTESIAN_POINT('',(20.8,-0.8));
#4431 = ( GEOMETRIC_REPRESENTATION_CONTEXT(2) 
PARAMETRIC_REPRESENTATION_CONTEXT() REPRESENTATION_CONTEXT('2D SPACE',''
  ) );
#4432 = FACE_BOUND('',#4433,.T.);
#4433 = EDGE_LOOP('',(#4434));
#4434 = ORIENTED_EDGE('',*,*,#4435,.T.);
#4435 = EDGE_CURVE('',#4436,#4436,#4438,.T.);
#4436 = VERTEX_POINT('',#4437);
#4437 = CARTESIAN_POINT('',(15.25,-3.5,7.05));
#4438 = SURFACE_CURVE('',#4439,(#4444,#4455),.PCURVE_S1.);
#4439 = CIRCLE('',#4440,1.25);
#4440 = AXIS2_PLACEMENT_3D('',#4441,#4442,#4443);
#4441 = CARTESIAN_POINT('',(14.,-3.5,7.05));
#4442 = DIRECTION('',(0.,0.,-1.));
#4443 = DIRECTION('',(1.,0.,0.));
#4444 = PCURVE('',#2447,#4445);
#4445 = DEFINITIONAL_REPRESENTATION('',(#4446),#4454);
#4446 = ( BOUNDED_CURVE() B_SPLINE_CURVE(2,(#4447,#4448,#4449,#4450,
#4451,#4452,#4453),.UNSPECIFIED.,.T.,.F.) B_SPLINE_CURVE_WITH_KNOTS((1,2
    ,2,2,2,1),(-2.094395102393,0.,2.094395102393,4.188790204786,
6.28318530718,8.377580409573),.UNSPECIFIED.) CURVE() 
GEOMETRIC_REPRESENTATION_ITEM() RATIONAL_B_SPLINE_CURVE((1.,0.5,1.,0.5,
1.,0.5,1.)) REPRESENTATION_ITEM('') );
#4447 = CARTESIAN_POINT('',(31.25,2.5));
#4448 = CARTESIAN_POINT('',(31.25,0.334936490539));
#4449 = CARTESIAN_POINT('',(29.375,1.417468245269));
#4450 = CARTESIAN_POINT('',(27.5,2.5));
#4451 = CARTESIAN_POINT('',(29.375,3.582531754731));
#4452 = CARTESIAN_POINT('',(31.25,4.665063509461));
#4453 = CARTESIAN_POINT('',(31.25,2.5));
#4454 = ( GEOMETRIC_REPRESENTATION_CONTEXT(2) 
PARAMETRIC_REPRESENTATION_CONTEXT() REPRESENTATION_CONTEXT('2D SPACE',''
  ) );
#4455 = PCURVE('',#4206,#4456);
#4456 = DEFINITIONAL_REPRESENTATION('',(#4457),#4461);
#4457 = LINE('',#4458,#4459);
#4458 = CARTESIAN_POINT('',(-6.28318530718,-2.8));
#4459 = VECTOR('',#4460,1.);
#4460 = DIRECTION('',(1.,-0.));
#4461 = ( GEOMETRIC_REPRESENTATION_CONTEXT(2) 
PARAMETRIC_REPRESENTATION_CONTEXT() REPRESENTATION_CONTEXT('2D SPACE',''
  ) );
#4462 = FACE_BOUND('',#4463,.T.);
#4463 = EDGE_LOOP('',(#4464));
#4464 = ORIENTED_EDGE('',*,*,#4465,.T.);
#4465 = EDGE_CURVE('',#4466,#4466,#4468,.T.);
#4466 = VERTEX_POINT('',#4467);
#4467 = CARTESIAN_POINT('',(15.25,3.5,7.05));
#4468 = SURFACE_CURVE('',#4469,(#4474,#4485),.PCURVE_S1.);
#4469 = CIRCLE('',#4470,1.25);
#4470 = AXIS2_PLACEMENT_3D('',#4471,#4472,#4473);
#4471 = CARTESIAN_POINT('',(14.,3.5,7.05));
#4472 = DIRECTION('',(0.,0.,-1.));
#4473 = DIRECTION('',(1.,0.,0.));
#4474 = PCURVE('',#2447,#4475);
#4475 = DEFINITIONAL_REPRESENTATION('',(#4476),#4484);
#4476 = ( BOUNDED_CURVE() B_SPLINE_CURVE(2,(#4477,#4478,#4479,#4480,
#4481,#4482,#4483),.UNSPECIFIED.,.T.,.F.) B_SPLINE_CURVE_WITH_KNOTS((1,2
    ,2,2,2,1),(-2.094395102393,0.,2.094395102393,4.188790204786,
6.28318530718,8.377580409573),.UNSPECIFIED.) CURVE() 
GEOMETRIC_REPRESENTATION_ITEM() RATIONAL_B_SPLINE_CURVE((1.,0.5,1.,0.5,
1.,0.5,1.)) REPRESENTATION_ITEM('') );
#4477 = CARTESIAN_POINT('',(31.25,9.5));
#4478 = CARTESIAN_POINT('',(31.25,7.334936490539));
#4479 = CARTESIAN_POINT('',(29.375,8.417468245269));
#4480 = CARTESIAN_POINT('',(27.5,9.5));
#4481 = CARTESIAN_POINT('',(29.375,10.582531754731));
#4482 = CARTESIAN_POINT('',(31.25,11.665063509461));
#4483 = CARTESIAN_POINT('',(31.25,9.5));
#4484 = ( GEOMETRIC_REPRESENTATION_CONTEXT(2) 
PARAMETRIC_REPRESENTATION_CONTEXT() REPRESENTATION_CONTEXT('2D SPACE',''
  ) );
#4485 = PCURVE('',#4241,#4486);
#4486 = DEFINITIONAL_REPRESENTATION('',(#4487),#4491);
#4487 = LINE('',#4488,#4489);
#4488 = CARTESIAN_POINT('',(-6.28318530718,-2.8));
#4489 = VECTOR('',#4490,1.);
#4490 = DIRECTION('',(1.,-0.));
#4491 = ( GEOMETRIC_REPRESENTATION_CONTEXT(2) 
PARAMETRIC_REPRESENTATION_CONTEXT() REPRESENTATION_CONTEXT('2D SPACE',''
  ) );
#4492 = ADVANCED_FACE('',(#4493),#2503,.F.);
#4493 = FACE_BOUND('',#4494,.F.);
#4494 = EDGE_LOOP('',(#4495,#4496,#4497,#4498));
#4495 = ORIENTED_EDGE('',*,*,#2485,.F.);
#4496 = ORIENTED_EDGE('',*,*,#3269,.F.);
#4497 = ORIENTED_EDGE('',*,*,#3489,.T.);
#4498 = ORIENTED_EDGE('',*,*,#4499,.F.);
#4499 = EDGE_CURVE('',#2488,#3490,#4500,.T.);
#4500 = SURFACE_CURVE('',#4501,(#4505,#4512),.PCURVE_S1.);
#4501 = LINE('',#4502,#4503);
#4502 = CARTESIAN_POINT('',(-11.5,-6.,12.95));
#4503 = VECTOR('',#4504,1.);
#4504 = DIRECTION('',(0.,1.,0.));
#4505 = PCURVE('',#2503,#4506);
#4506 = DEFINITIONAL_REPRESENTATION('',(#4507),#4511);
#4507 = LINE('',#4508,#4509);
#4508 = CARTESIAN_POINT('',(26.7,0.));
#4509 = VECTOR('',#4510,1.);
#4510 = DIRECTION('',(0.,-1.));
#4511 = ( GEOMETRIC_REPRESENTATION_CONTEXT(2) 
PARAMETRIC_REPRESENTATION_CONTEXT() REPRESENTATION_CONTEXT('2D SPACE',''
  ) );
#4512 = PCURVE('',#4513,#4518);
#4513 = CYLINDRICAL_SURFACE('',#4514,0.8);
#4514 = AXIS2_PLACEMENT_3D('',#4515,#4516,#4517);
#4515 = CARTESIAN_POINT('',(-10.7,-6.,12.95));
#4516 = DIRECTION('',(0.,1.,0.));
#4517 = DIRECTION('',(-1.,0.,0.));
#4518 = DEFINITIONAL_REPRESENTATION('',(#4519),#4523);
#4519 = LINE('',#4520,#4521);
#4520 = CARTESIAN_POINT('',(0.,0.));
#4521 = VECTOR('',#4522,1.);
#4522 = DIRECTION('',(0.,1.));
#4523 = ( GEOMETRIC_REPRESENTATION_CONTEXT(2) 
PARAMETRIC_REPRESENTATION_CONTEXT() REPRESENTATION_CONTEXT('2D SPACE',''
  ) );
#4524 = ADVANCED_FACE('',(#4525),#2554,.T.);
#4525 = FACE_BOUND('',#4526,.F.);
#4526 = EDGE_LOOP('',(#4527,#4547,#4548));
#4527 = ORIENTED_EDGE('',*,*,#4528,.F.);
#4528 = EDGE_CURVE('',#2654,#2488,#4529,.T.);
#4529 = SURFACE_CURVE('',#4530,(#4535,#4541),.PCURVE_S1.);
#4530 = CIRCLE('',#4531,0.8);
#4531 = AXIS2_PLACEMENT_3D('',#4532,#4533,#4534);
#4532 = CARTESIAN_POINT('',(-10.7,-5.2,12.95));
#4533 = DIRECTION('',(0.,-1.,0.));
#4534 = DIRECTION('',(-1.,0.,0.));
#4535 = PCURVE('',#2554,#4536);
#4536 = DEFINITIONAL_REPRESENTATION('',(#4537),#4540);
#4537 = B_SPLINE_CURVE_WITH_KNOTS('',1,(#4538,#4539),.UNSPECIFIED.,.F.,
  .F.,(2,2),(4.712388980385,6.28318530718),.PIECEWISE_BEZIER_KNOTS.);
#4538 = CARTESIAN_POINT('',(0.,-1.570796326795));
#4539 = CARTESIAN_POINT('',(0.,0.));
#4540 = ( GEOMETRIC_REPRESENTATION_CONTEXT(2) 
PARAMETRIC_REPRESENTATION_CONTEXT() REPRESENTATION_CONTEXT('2D SPACE',''
  ) );
#4541 = PCURVE('',#4513,#4542);
#4542 = DEFINITIONAL_REPRESENTATION('',(#4543),#4546);
#4543 = B_SPLINE_CURVE_WITH_KNOTS('',1,(#4544,#4545),.UNSPECIFIED.,.F.,
  .F.,(2,2),(4.712388980385,6.28318530718),.PIECEWISE_BEZIER_KNOTS.);
#4544 = CARTESIAN_POINT('',(1.570796326795,0.8));
#4545 = CARTESIAN_POINT('',(0.,0.8));
#4546 = ( GEOMETRIC_REPRESENTATION_CONTEXT(2) 
PARAMETRIC_REPRESENTATION_CONTEXT() REPRESENTATION_CONTEXT('2D SPACE',''
  ) );
#4547 = ORIENTED_EDGE('',*,*,#2653,.T.);
#4548 = ORIENTED_EDGE('',*,*,#2539,.F.);
#4549 = ADVANCED_FACE('',(#4550),#2587,.T.);
#4550 = FACE_BOUND('',#4551,.T.);
#4551 = EDGE_LOOP('',(#4552,#4553,#4554,#4555));
#4552 = ORIENTED_EDGE('',*,*,#2569,.F.);
#4553 = ORIENTED_EDGE('',*,*,#4414,.F.);
#4554 = ORIENTED_EDGE('',*,*,#3617,.T.);
#4555 = ORIENTED_EDGE('',*,*,#4556,.F.);
#4556 = EDGE_CURVE('',#2572,#3620,#4557,.T.);
#4557 = SURFACE_CURVE('',#4558,(#4562,#4569),.PCURVE_S1.);
#4558 = LINE('',#4559,#4560);
#4559 = CARTESIAN_POINT('',(11.5,-6.,12.95));
#4560 = VECTOR('',#4561,1.);
#4561 = DIRECTION('',(0.,1.,0.));
#4562 = PCURVE('',#2587,#4563);
#4563 = DEFINITIONAL_REPRESENTATION('',(#4564),#4568);
#4564 = LINE('',#4565,#4566);
#4565 = CARTESIAN_POINT('',(26.7,0.));
#4566 = VECTOR('',#4567,1.);
#4567 = DIRECTION('',(0.,-1.));
#4568 = ( GEOMETRIC_REPRESENTATION_CONTEXT(2) 
PARAMETRIC_REPRESENTATION_CONTEXT() REPRESENTATION_CONTEXT('2D SPACE',''
  ) );
#4569 = PCURVE('',#4570,#4575);
#4570 = CYLINDRICAL_SURFACE('',#4571,0.8);
#4571 = AXIS2_PLACEMENT_3D('',#4572,#4573,#4574);
#4572 = CARTESIAN_POINT('',(10.7,-6.,12.95));
#4573 = DIRECTION('',(0.,1.,0.));
#4574 = DIRECTION('',(1.,0.,-0.));
#4575 = DEFINITIONAL_REPRESENTATION('',(#4576),#4580);
#4576 = LINE('',#4577,#4578);
#4577 = CARTESIAN_POINT('',(-0.,0.));
#4578 = VECTOR('',#4579,1.);
#4579 = DIRECTION('',(-0.,1.));
#4580 = ( GEOMETRIC_REPRESENTATION_CONTEXT(2) 
PARAMETRIC_REPRESENTATION_CONTEXT() REPRESENTATION_CONTEXT('2D SPACE',''
  ) );
#4581 = ADVANCED_FACE('',(#4582),#2638,.T.);
#4582 = FACE_BOUND('',#4583,.T.);
#4583 = EDGE_LOOP('',(#4584,#4604,#4605));
#4584 = ORIENTED_EDGE('',*,*,#4585,.F.);
#4585 = EDGE_CURVE('',#2676,#2572,#4586,.T.);
#4586 = SURFACE_CURVE('',#4587,(#4592,#4598),.PCURVE_S1.);
#4587 = CIRCLE('',#4588,0.8);
#4588 = AXIS2_PLACEMENT_3D('',#4589,#4590,#4591);
#4589 = CARTESIAN_POINT('',(10.7,-5.2,12.95));
#4590 = DIRECTION('',(-0.,1.,0.));
#4591 = DIRECTION('',(1.,0.,0.));
#4592 = PCURVE('',#2638,#4593);
#4593 = DEFINITIONAL_REPRESENTATION('',(#4594),#4597);
#4594 = B_SPLINE_CURVE_WITH_KNOTS('',1,(#4595,#4596),.UNSPECIFIED.,.F.,
  .F.,(2,2),(4.712388980385,6.28318530718),.PIECEWISE_BEZIER_KNOTS.);
#4595 = CARTESIAN_POINT('',(0.,-1.570796326795));
#4596 = CARTESIAN_POINT('',(0.,0.));
#4597 = ( GEOMETRIC_REPRESENTATION_CONTEXT(2) 
PARAMETRIC_REPRESENTATION_CONTEXT() REPRESENTATION_CONTEXT('2D SPACE',''
  ) );
#4598 = PCURVE('',#4570,#4599);
#4599 = DEFINITIONAL_REPRESENTATION('',(#4600),#4603);
#4600 = B_SPLINE_CURVE_WITH_KNOTS('',1,(#4601,#4602),.UNSPECIFIED.,.F.,
  .F.,(2,2),(4.712388980385,6.28318530718),.PIECEWISE_BEZIER_KNOTS.);
#4601 = CARTESIAN_POINT('',(-1.570796326795,0.8));
#4602 = CARTESIAN_POINT('',(0.,0.8));
#4603 = ( GEOMETRIC_REPRESENTATION_CONTEXT(2) 
PARAMETRIC_REPRESENTATION_CONTEXT() REPRESENTATION_CONTEXT('2D SPACE',''
  ) );
#4604 = ORIENTED_EDGE('',*,*,#2703,.T.);
#4605 = ORIENTED_EDGE('',*,*,#2623,.F.);
#4606 = ADVANCED_FACE('',(#4607,#4653),#2691,.T.);
#4607 = FACE_BOUND('',#4608,.T.);
#4608 = EDGE_LOOP('',(#4609,#4630,#4631,#4652));
#4609 = ORIENTED_EDGE('',*,*,#4610,.F.);
#4610 = EDGE_CURVE('',#2654,#3544,#4611,.T.);
#4611 = SURFACE_CURVE('',#4612,(#4616,#4623),.PCURVE_S1.);
#4612 = LINE('',#4613,#4614);
#4613 = CARTESIAN_POINT('',(-10.7,-6.,13.75));
#4614 = VECTOR('',#4615,1.);
#4615 = DIRECTION('',(0.,1.,0.));
#4616 = PCURVE('',#2691,#4617);
#4617 = DEFINITIONAL_REPRESENTATION('',(#4618),#4622);
#4618 = LINE('',#4619,#4620);
#4619 = CARTESIAN_POINT('',(0.8,0.));
#4620 = VECTOR('',#4621,1.);
#4621 = DIRECTION('',(0.,1.));
#4622 = ( GEOMETRIC_REPRESENTATION_CONTEXT(2) 
PARAMETRIC_REPRESENTATION_CONTEXT() REPRESENTATION_CONTEXT('2D SPACE',''
  ) );
#4623 = PCURVE('',#4513,#4624);
#4624 = DEFINITIONAL_REPRESENTATION('',(#4625),#4629);
#4625 = LINE('',#4626,#4627);
#4626 = CARTESIAN_POINT('',(1.570796326795,0.));
#4627 = VECTOR('',#4628,1.);
#4628 = DIRECTION('',(0.,1.));
#4629 = ( GEOMETRIC_REPRESENTATION_CONTEXT(2) 
PARAMETRIC_REPRESENTATION_CONTEXT() REPRESENTATION_CONTEXT('2D SPACE',''
  ) );
#4630 = ORIENTED_EDGE('',*,*,#2675,.T.);
#4631 = ORIENTED_EDGE('',*,*,#4632,.T.);
#4632 = EDGE_CURVE('',#2676,#3566,#4633,.T.);
#4633 = SURFACE_CURVE('',#4634,(#4638,#4645),.PCURVE_S1.);
#4634 = LINE('',#4635,#4636);
#4635 = CARTESIAN_POINT('',(10.7,-6.,13.75));
#4636 = VECTOR('',#4637,1.);
#4637 = DIRECTION('',(0.,1.,0.));
#4638 = PCURVE('',#2691,#4639);
#4639 = DEFINITIONAL_REPRESENTATION('',(#4640),#4644);
#4640 = LINE('',#4641,#4642);
#4641 = CARTESIAN_POINT('',(22.2,0.));
#4642 = VECTOR('',#4643,1.);
#4643 = DIRECTION('',(0.,1.));
#4644 = ( GEOMETRIC_REPRESENTATION_CONTEXT(2) 
PARAMETRIC_REPRESENTATION_CONTEXT() REPRESENTATION_CONTEXT('2D SPACE',''
  ) );
#4645 = PCURVE('',#4570,#4646);
#4646 = DEFINITIONAL_REPRESENTATION('',(#4647),#4651);
#4647 = LINE('',#4648,#4649);
#4648 = CARTESIAN_POINT('',(-1.570796326795,0.));
#4649 = VECTOR('',#4650,1.);
#4650 = DIRECTION('',(-0.,1.));
#4651 = ( GEOMETRIC_REPRESENTATION_CONTEXT(2) 
PARAMETRIC_REPRESENTATION_CONTEXT() REPRESENTATION_CONTEXT('2D SPACE',''
  ) );
#4652 = ORIENTED_EDGE('',*,*,#3565,.F.);
#4653 = FACE_BOUND('',#4654,.T.);
#4654 = EDGE_LOOP('',(#4655));
#4655 = ORIENTED_EDGE('',*,*,#4656,.F.);
#4656 = EDGE_CURVE('',#4657,#4657,#4659,.T.);
#4657 = VERTEX_POINT('',#4658);
#4658 = CARTESIAN_POINT('',(-1.7,0.,13.75));
#4659 = SURFACE_CURVE('',#4660,(#4665,#4672),.PCURVE_S1.);
#4660 = CIRCLE('',#4661,4.);
#4661 = AXIS2_PLACEMENT_3D('',#4662,#4663,#4664);
#4662 = CARTESIAN_POINT('',(-5.7,0.,13.75));
#4663 = DIRECTION('',(0.,0.,1.));
#4664 = DIRECTION('',(1.,0.,0.));
#4665 = PCURVE('',#2691,#4666);
#4666 = DEFINITIONAL_REPRESENTATION('',(#4667),#4671);
#4667 = CIRCLE('',#4668,4.);
#4668 = AXIS2_PLACEMENT_2D('',#4669,#4670);
#4669 = CARTESIAN_POINT('',(5.8,6.));
#4670 = DIRECTION('',(1.,0.));
#4671 = ( GEOMETRIC_REPRESENTATION_CONTEXT(2) 
PARAMETRIC_REPRESENTATION_CONTEXT() REPRESENTATION_CONTEXT('2D SPACE',''
  ) );
#4672 = PCURVE('',#4673,#4678);
#4673 = CYLINDRICAL_SURFACE('',#4674,4.);
#4674 = AXIS2_PLACEMENT_3D('',#4675,#4676,#4677);
#4675 = CARTESIAN_POINT('',(-5.7,0.,13.75));
#4676 = DIRECTION('',(-0.,-0.,-1.));
#4677 = DIRECTION('',(1.,0.,0.));
#4678 = DEFINITIONAL_REPRESENTATION('',(#4679),#4683);
#4679 = LINE('',#4680,#4681);
#4680 = CARTESIAN_POINT('',(-0.,0.));
#4681 = VECTOR('',#4682,1.);
#4682 = DIRECTION('',(-1.,0.));
#4683 = ( GEOMETRIC_REPRESENTATION_CONTEXT(2) 
PARAMETRIC_REPRESENTATION_CONTEXT() REPRESENTATION_CONTEXT('2D SPACE',''
  ) );
#4684 = ADVANCED_FACE('',(#4685),#2745,.T.);
#4685 = FACE_BOUND('',#4686,.T.);
#4686 = EDGE_LOOP('',(#4687,#4688,#4712,#4740));
#4687 = ORIENTED_EDGE('',*,*,#2727,.F.);
#4688 = ORIENTED_EDGE('',*,*,#4689,.T.);
#4689 = EDGE_CURVE('',#2728,#4690,#4692,.T.);
#4690 = VERTEX_POINT('',#4691);
#4691 = CARTESIAN_POINT('',(-9.5,-8.5,-9.));
#4692 = SURFACE_CURVE('',#4693,(#4698,#4705),.PCURVE_S1.);
#4693 = CIRCLE('',#4694,0.5);
#4694 = AXIS2_PLACEMENT_3D('',#4695,#4696,#4697);
#4695 = CARTESIAN_POINT('',(-9.5,-8.,-9.));
#4696 = DIRECTION('',(0.,0.,1.));
#4697 = DIRECTION('',(-1.,0.,0.));
#4698 = PCURVE('',#2745,#4699);
#4699 = DEFINITIONAL_REPRESENTATION('',(#4700),#4704);
#4700 = LINE('',#4701,#4702);
#4701 = CARTESIAN_POINT('',(0.,0.5));
#4702 = VECTOR('',#4703,1.);
#4703 = DIRECTION('',(1.,0.));
#4704 = ( GEOMETRIC_REPRESENTATION_CONTEXT(2) 
PARAMETRIC_REPRESENTATION_CONTEXT() REPRESENTATION_CONTEXT('2D SPACE',''
  ) );
#4705 = PCURVE('',#3145,#4706);
#4706 = DEFINITIONAL_REPRESENTATION('',(#4707),#4711);
#4707 = LINE('',#4708,#4709);
#4708 = CARTESIAN_POINT('',(0.,0.));
#4709 = VECTOR('',#4710,1.);
#4710 = DIRECTION('',(1.,0.));
#4711 = ( GEOMETRIC_REPRESENTATION_CONTEXT(2) 
PARAMETRIC_REPRESENTATION_CONTEXT() REPRESENTATION_CONTEXT('2D SPACE',''
  ) );
#4712 = ORIENTED_EDGE('',*,*,#4713,.T.);
#4713 = EDGE_CURVE('',#4690,#4714,#4716,.T.);
#4714 = VERTEX_POINT('',#4715);
#4715 = CARTESIAN_POINT('',(-9.5,-8.5,-6.));
#4716 = SURFACE_CURVE('',#4717,(#4721,#4728),.PCURVE_S1.);
#4717 = LINE('',#4718,#4719);
#4718 = CARTESIAN_POINT('',(-9.5,-8.5,-9.5));
#4719 = VECTOR('',#4720,1.);
#4720 = DIRECTION('',(0.,0.,1.));
#4721 = PCURVE('',#2745,#4722);
#4722 = DEFINITIONAL_REPRESENTATION('',(#4723),#4727);
#4723 = LINE('',#4724,#4725);
#4724 = CARTESIAN_POINT('',(1.570796326795,0.));
#4725 = VECTOR('',#4726,1.);
#4726 = DIRECTION('',(0.,1.));
#4727 = ( GEOMETRIC_REPRESENTATION_CONTEXT(2) 
PARAMETRIC_REPRESENTATION_CONTEXT() REPRESENTATION_CONTEXT('2D SPACE',''
  ) );
#4728 = PCURVE('',#4729,#4734);
#4729 = PLANE('',#4730);
#4730 = AXIS2_PLACEMENT_3D('',#4731,#4732,#4733);
#4731 = CARTESIAN_POINT('',(-10.,-8.5,-9.5));
#4732 = DIRECTION('',(0.,1.,0.));
#4733 = DIRECTION('',(0.,0.,1.));
#4734 = DEFINITIONAL_REPRESENTATION('',(#4735),#4739);
#4735 = LINE('',#4736,#4737);
#4736 = CARTESIAN_POINT('',(0.,0.5));
#4737 = VECTOR('',#4738,1.);
#4738 = DIRECTION('',(1.,0.));
#4739 = ( GEOMETRIC_REPRESENTATION_CONTEXT(2) 
PARAMETRIC_REPRESENTATION_CONTEXT() REPRESENTATION_CONTEXT('2D SPACE',''
  ) );
#4740 = ORIENTED_EDGE('',*,*,#4741,.F.);
#4741 = EDGE_CURVE('',#2730,#4714,#4742,.T.);
#4742 = SURFACE_CURVE('',#4743,(#4748,#4755),.PCURVE_S1.);
#4743 = CIRCLE('',#4744,0.5);
#4744 = AXIS2_PLACEMENT_3D('',#4745,#4746,#4747);
#4745 = CARTESIAN_POINT('',(-9.5,-8.,-6.));
#4746 = DIRECTION('',(0.,0.,1.));
#4747 = DIRECTION('',(-1.,0.,0.));
#4748 = PCURVE('',#2745,#4749);
#4749 = DEFINITIONAL_REPRESENTATION('',(#4750),#4754);
#4750 = LINE('',#4751,#4752);
#4751 = CARTESIAN_POINT('',(0.,3.5));
#4752 = VECTOR('',#4753,1.);
#4753 = DIRECTION('',(1.,0.));
#4754 = ( GEOMETRIC_REPRESENTATION_CONTEXT(2) 
PARAMETRIC_REPRESENTATION_CONTEXT() REPRESENTATION_CONTEXT('2D SPACE',''
  ) );
#4755 = PCURVE('',#2820,#4756);
#4756 = DEFINITIONAL_REPRESENTATION('',(#4757),#4761);
#4757 = LINE('',#4758,#4759);
#4758 = CARTESIAN_POINT('',(-0.,0.));
#4759 = VECTOR('',#4760,1.);
#4760 = DIRECTION('',(-1.,0.));
#4761 = ( GEOMETRIC_REPRESENTATION_CONTEXT(2) 
PARAMETRIC_REPRESENTATION_CONTEXT() REPRESENTATION_CONTEXT('2D SPACE',''
  ) );
#4762 = ADVANCED_FACE('',(#4763),#2820,.T.);
#4763 = FACE_BOUND('',#4764,.F.);
#4764 = EDGE_LOOP('',(#4765,#4766,#4788));
#4765 = ORIENTED_EDGE('',*,*,#2803,.F.);
#4766 = ORIENTED_EDGE('',*,*,#4767,.T.);
#4767 = EDGE_CURVE('',#2804,#4714,#4768,.T.);
#4768 = SURFACE_CURVE('',#4769,(#4774,#4781),.PCURVE_S1.);
#4769 = CIRCLE('',#4770,0.5);
#4770 = AXIS2_PLACEMENT_3D('',#4771,#4772,#4773);
#4771 = CARTESIAN_POINT('',(-9.5,-8.,-6.));
#4772 = DIRECTION('',(1.,-6.123233995737E-17,0.));
#4773 = DIRECTION('',(-6.123233995737E-17,-1.,0.));
#4774 = PCURVE('',#2820,#4775);
#4775 = DEFINITIONAL_REPRESENTATION('',(#4776),#4780);
#4776 = LINE('',#4777,#4778);
#4777 = CARTESIAN_POINT('',(-1.570796326795,-6.28318530718));
#4778 = VECTOR('',#4779,1.);
#4779 = DIRECTION('',(-0.,1.));
#4780 = ( GEOMETRIC_REPRESENTATION_CONTEXT(2) 
PARAMETRIC_REPRESENTATION_CONTEXT() REPRESENTATION_CONTEXT('2D SPACE',''
  ) );
#4781 = PCURVE('',#2875,#4782);
#4782 = DEFINITIONAL_REPRESENTATION('',(#4783),#4787);
#4783 = LINE('',#4784,#4785);
#4784 = CARTESIAN_POINT('',(-6.28318530718,0.5));
#4785 = VECTOR('',#4786,1.);
#4786 = DIRECTION('',(1.,-0.));
#4787 = ( GEOMETRIC_REPRESENTATION_CONTEXT(2) 
PARAMETRIC_REPRESENTATION_CONTEXT() REPRESENTATION_CONTEXT('2D SPACE',''
  ) );
#4788 = ORIENTED_EDGE('',*,*,#4741,.F.);
#4789 = ADVANCED_FACE('',(#4790),#2875,.T.);
#4790 = FACE_BOUND('',#4791,.F.);
#4791 = EDGE_LOOP('',(#4792,#4793,#4794,#4818));
#4792 = ORIENTED_EDGE('',*,*,#4767,.F.);
#4793 = ORIENTED_EDGE('',*,*,#2859,.T.);
#4794 = ORIENTED_EDGE('',*,*,#4795,.T.);
#4795 = EDGE_CURVE('',#2860,#4796,#4798,.T.);
#4796 = VERTEX_POINT('',#4797);
#4797 = CARTESIAN_POINT('',(-4.5,-8.5,-6.));
#4798 = SURFACE_CURVE('',#4799,(#4804,#4811),.PCURVE_S1.);
#4799 = CIRCLE('',#4800,0.5);
#4800 = AXIS2_PLACEMENT_3D('',#4801,#4802,#4803);
#4801 = CARTESIAN_POINT('',(-4.5,-8.,-6.));
#4802 = DIRECTION('',(1.,6.123233995737E-17,0.));
#4803 = DIRECTION('',(6.123233995737E-17,-1.,0.));
#4804 = PCURVE('',#2875,#4805);
#4805 = DEFINITIONAL_REPRESENTATION('',(#4806),#4810);
#4806 = LINE('',#4807,#4808);
#4807 = CARTESIAN_POINT('',(-6.28318530718,5.5));
#4808 = VECTOR('',#4809,1.);
#4809 = DIRECTION('',(1.,-0.));
#4810 = ( GEOMETRIC_REPRESENTATION_CONTEXT(2) 
PARAMETRIC_REPRESENTATION_CONTEXT() REPRESENTATION_CONTEXT('2D SPACE',''
  ) );
#4811 = PCURVE('',#2929,#4812);
#4812 = DEFINITIONAL_REPRESENTATION('',(#4813),#4817);
#4813 = LINE('',#4814,#4815);
#4814 = CARTESIAN_POINT('',(1.570796326795,-6.28318530718));
#4815 = VECTOR('',#4816,1.);
#4816 = DIRECTION('',(0.,1.));
#4817 = ( GEOMETRIC_REPRESENTATION_CONTEXT(2) 
PARAMETRIC_REPRESENTATION_CONTEXT() REPRESENTATION_CONTEXT('2D SPACE',''
  ) );
#4818 = ORIENTED_EDGE('',*,*,#4819,.F.);
#4819 = EDGE_CURVE('',#4714,#4796,#4820,.T.);
#4820 = SURFACE_CURVE('',#4821,(#4825,#4832),.PCURVE_S1.);
#4821 = LINE('',#4822,#4823);
#4822 = CARTESIAN_POINT('',(-10.,-8.5,-6.));
#4823 = VECTOR('',#4824,1.);
#4824 = DIRECTION('',(1.,0.,0.));
#4825 = PCURVE('',#2875,#4826);
#4826 = DEFINITIONAL_REPRESENTATION('',(#4827),#4831);
#4827 = LINE('',#4828,#4829);
#4828 = CARTESIAN_POINT('',(-0.,0.));
#4829 = VECTOR('',#4830,1.);
#4830 = DIRECTION('',(-0.,1.));
#4831 = ( GEOMETRIC_REPRESENTATION_CONTEXT(2) 
PARAMETRIC_REPRESENTATION_CONTEXT() REPRESENTATION_CONTEXT('2D SPACE',''
  ) );
#4832 = PCURVE('',#4729,#4833);
#4833 = DEFINITIONAL_REPRESENTATION('',(#4834),#4838);
#4834 = LINE('',#4835,#4836);
#4835 = CARTESIAN_POINT('',(3.5,0.));
#4836 = VECTOR('',#4837,1.);
#4837 = DIRECTION('',(0.,1.));
#4838 = ( GEOMETRIC_REPRESENTATION_CONTEXT(2) 
PARAMETRIC_REPRESENTATION_CONTEXT() REPRESENTATION_CONTEXT('2D SPACE',''
  ) );
#4839 = ADVANCED_FACE('',(#4840),#2929,.T.);
#4840 = FACE_BOUND('',#4841,.T.);
#4841 = EDGE_LOOP('',(#4842,#4843,#4844));
#4842 = ORIENTED_EDGE('',*,*,#2912,.F.);
#4843 = ORIENTED_EDGE('',*,*,#4795,.T.);
#4844 = ORIENTED_EDGE('',*,*,#4845,.F.);
#4845 = EDGE_CURVE('',#2913,#4796,#4846,.T.);
#4846 = SURFACE_CURVE('',#4847,(#4852,#4859),.PCURVE_S1.);
#4847 = CIRCLE('',#4848,0.5);
#4848 = AXIS2_PLACEMENT_3D('',#4849,#4850,#4851);
#4849 = CARTESIAN_POINT('',(-4.5,-8.,-6.));
#4850 = DIRECTION('',(0.,0.,-1.));
#4851 = DIRECTION('',(1.,0.,0.));
#4852 = PCURVE('',#2929,#4853);
#4853 = DEFINITIONAL_REPRESENTATION('',(#4854),#4858);
#4854 = LINE('',#4855,#4856);
#4855 = CARTESIAN_POINT('',(0.,0.));
#4856 = VECTOR('',#4857,1.);
#4857 = DIRECTION('',(1.,0.));
#4858 = ( GEOMETRIC_REPRESENTATION_CONTEXT(2) 
PARAMETRIC_REPRESENTATION_CONTEXT() REPRESENTATION_CONTEXT('2D SPACE',''
  ) );
#4859 = PCURVE('',#2983,#4860);
#4860 = DEFINITIONAL_REPRESENTATION('',(#4861),#4865);
#4861 = LINE('',#4862,#4863);
#4862 = CARTESIAN_POINT('',(-0.,3.5));
#4863 = VECTOR('',#4864,1.);
#4864 = DIRECTION('',(-1.,0.));
#4865 = ( GEOMETRIC_REPRESENTATION_CONTEXT(2) 
PARAMETRIC_REPRESENTATION_CONTEXT() REPRESENTATION_CONTEXT('2D SPACE',''
  ) );
#4866 = ADVANCED_FACE('',(#4867),#2983,.T.);
#4867 = FACE_BOUND('',#4868,.F.);
#4868 = EDGE_LOOP('',(#4869,#4870,#4894,#4915));
#4869 = ORIENTED_EDGE('',*,*,#2967,.F.);
#4870 = ORIENTED_EDGE('',*,*,#4871,.T.);
#4871 = EDGE_CURVE('',#2968,#4872,#4874,.T.);
#4872 = VERTEX_POINT('',#4873);
#4873 = CARTESIAN_POINT('',(-4.5,-8.5,-9.));
#4874 = SURFACE_CURVE('',#4875,(#4880,#4887),.PCURVE_S1.);
#4875 = CIRCLE('',#4876,0.5);
#4876 = AXIS2_PLACEMENT_3D('',#4877,#4878,#4879);
#4877 = CARTESIAN_POINT('',(-4.5,-8.,-9.));
#4878 = DIRECTION('',(0.,-0.,-1.));
#4879 = DIRECTION('',(1.,0.,-0.));
#4880 = PCURVE('',#2983,#4881);
#4881 = DEFINITIONAL_REPRESENTATION('',(#4882),#4886);
#4882 = LINE('',#4883,#4884);
#4883 = CARTESIAN_POINT('',(-0.,0.5));
#4884 = VECTOR('',#4885,1.);
#4885 = DIRECTION('',(-1.,0.));
#4886 = ( GEOMETRIC_REPRESENTATION_CONTEXT(2) 
PARAMETRIC_REPRESENTATION_CONTEXT() REPRESENTATION_CONTEXT('2D SPACE',''
  ) );
#4887 = PCURVE('',#3038,#4888);
#4888 = DEFINITIONAL_REPRESENTATION('',(#4889),#4893);
#4889 = LINE('',#4890,#4891);
#4890 = CARTESIAN_POINT('',(-0.,0.));
#4891 = VECTOR('',#4892,1.);
#4892 = DIRECTION('',(-1.,0.));
#4893 = ( GEOMETRIC_REPRESENTATION_CONTEXT(2) 
PARAMETRIC_REPRESENTATION_CONTEXT() REPRESENTATION_CONTEXT('2D SPACE',''
  ) );
#4894 = ORIENTED_EDGE('',*,*,#4895,.T.);
#4895 = EDGE_CURVE('',#4872,#4796,#4896,.T.);
#4896 = SURFACE_CURVE('',#4897,(#4901,#4908),.PCURVE_S1.);
#4897 = LINE('',#4898,#4899);
#4898 = CARTESIAN_POINT('',(-4.5,-8.5,-9.5));
#4899 = VECTOR('',#4900,1.);
#4900 = DIRECTION('',(0.,0.,1.));
#4901 = PCURVE('',#2983,#4902);
#4902 = DEFINITIONAL_REPRESENTATION('',(#4903),#4907);
#4903 = LINE('',#4904,#4905);
#4904 = CARTESIAN_POINT('',(-1.570796326795,0.));
#4905 = VECTOR('',#4906,1.);
#4906 = DIRECTION('',(-0.,1.));
#4907 = ( GEOMETRIC_REPRESENTATION_CONTEXT(2) 
PARAMETRIC_REPRESENTATION_CONTEXT() REPRESENTATION_CONTEXT('2D SPACE',''
  ) );
#4908 = PCURVE('',#4729,#4909);
#4909 = DEFINITIONAL_REPRESENTATION('',(#4910),#4914);
#4910 = LINE('',#4911,#4912);
#4911 = CARTESIAN_POINT('',(0.,5.5));
#4912 = VECTOR('',#4913,1.);
#4913 = DIRECTION('',(1.,0.));
#4914 = ( GEOMETRIC_REPRESENTATION_CONTEXT(2) 
PARAMETRIC_REPRESENTATION_CONTEXT() REPRESENTATION_CONTEXT('2D SPACE',''
  ) );
#4915 = ORIENTED_EDGE('',*,*,#4845,.F.);
#4916 = ADVANCED_FACE('',(#4917),#3038,.T.);
#4917 = FACE_BOUND('',#4918,.F.);
#4918 = EDGE_LOOP('',(#4919,#4920,#4942));
#4919 = ORIENTED_EDGE('',*,*,#3021,.F.);
#4920 = ORIENTED_EDGE('',*,*,#4921,.T.);
#4921 = EDGE_CURVE('',#3022,#4872,#4922,.T.);
#4922 = SURFACE_CURVE('',#4923,(#4928,#4935),.PCURVE_S1.);
#4923 = CIRCLE('',#4924,0.5);
#4924 = AXIS2_PLACEMENT_3D('',#4925,#4926,#4927);
#4925 = CARTESIAN_POINT('',(-4.5,-8.,-9.));
#4926 = DIRECTION('',(-1.,-6.123233995737E-17,0.));
#4927 = DIRECTION('',(6.123233995737E-17,-1.,-0.));
#4928 = PCURVE('',#3038,#4929);
#4929 = DEFINITIONAL_REPRESENTATION('',(#4930),#4934);
#4930 = LINE('',#4931,#4932);
#4931 = CARTESIAN_POINT('',(-1.570796326795,-6.28318530718));
#4932 = VECTOR('',#4933,1.);
#4933 = DIRECTION('',(-0.,1.));
#4934 = ( GEOMETRIC_REPRESENTATION_CONTEXT(2) 
PARAMETRIC_REPRESENTATION_CONTEXT() REPRESENTATION_CONTEXT('2D SPACE',''
  ) );
#4935 = PCURVE('',#3113,#4936);
#4936 = DEFINITIONAL_REPRESENTATION('',(#4937),#4941);
#4937 = LINE('',#4938,#4939);
#4938 = CARTESIAN_POINT('',(6.28318530718,5.5));
#4939 = VECTOR('',#4940,1.);
#4940 = DIRECTION('',(-1.,-0.));
#4941 = ( GEOMETRIC_REPRESENTATION_CONTEXT(2) 
PARAMETRIC_REPRESENTATION_CONTEXT() REPRESENTATION_CONTEXT('2D SPACE',''
  ) );
#4942 = ORIENTED_EDGE('',*,*,#4871,.F.);
#4943 = ADVANCED_FACE('',(#4944),#3113,.T.);
#4944 = FACE_BOUND('',#4945,.T.);
#4945 = EDGE_LOOP('',(#4946,#4968,#4969,#4970));
#4946 = ORIENTED_EDGE('',*,*,#4947,.F.);
#4947 = EDGE_CURVE('',#3077,#4690,#4948,.T.);
#4948 = SURFACE_CURVE('',#4949,(#4954,#4961),.PCURVE_S1.);
#4949 = CIRCLE('',#4950,0.5);
#4950 = AXIS2_PLACEMENT_3D('',#4951,#4952,#4953);
#4951 = CARTESIAN_POINT('',(-9.5,-8.,-9.));
#4952 = DIRECTION('',(-1.,6.123233995737E-17,0.));
#4953 = DIRECTION('',(-6.123233995737E-17,-1.,0.));
#4954 = PCURVE('',#3113,#4955);
#4955 = DEFINITIONAL_REPRESENTATION('',(#4956),#4960);
#4956 = LINE('',#4957,#4958);
#4957 = CARTESIAN_POINT('',(6.28318530718,0.5));
#4958 = VECTOR('',#4959,1.);
#4959 = DIRECTION('',(-1.,-0.));
#4960 = ( GEOMETRIC_REPRESENTATION_CONTEXT(2) 
PARAMETRIC_REPRESENTATION_CONTEXT() REPRESENTATION_CONTEXT('2D SPACE',''
  ) );
#4961 = PCURVE('',#3145,#4962);
#4962 = DEFINITIONAL_REPRESENTATION('',(#4963),#4967);
#4963 = LINE('',#4964,#4965);
#4964 = CARTESIAN_POINT('',(1.570796326795,-6.28318530718));
#4965 = VECTOR('',#4966,1.);
#4966 = DIRECTION('',(0.,1.));
#4967 = ( GEOMETRIC_REPRESENTATION_CONTEXT(2) 
PARAMETRIC_REPRESENTATION_CONTEXT() REPRESENTATION_CONTEXT('2D SPACE',''
  ) );
#4968 = ORIENTED_EDGE('',*,*,#3099,.T.);
#4969 = ORIENTED_EDGE('',*,*,#4921,.T.);
#4970 = ORIENTED_EDGE('',*,*,#4971,.F.);
#4971 = EDGE_CURVE('',#4690,#4872,#4972,.T.);
#4972 = SURFACE_CURVE('',#4973,(#4977,#4984),.PCURVE_S1.);
#4973 = LINE('',#4974,#4975);
#4974 = CARTESIAN_POINT('',(-10.,-8.5,-9.));
#4975 = VECTOR('',#4976,1.);
#4976 = DIRECTION('',(1.,0.,0.));
#4977 = PCURVE('',#3113,#4978);
#4978 = DEFINITIONAL_REPRESENTATION('',(#4979),#4983);
#4979 = LINE('',#4980,#4981);
#4980 = CARTESIAN_POINT('',(0.,0.));
#4981 = VECTOR('',#4982,1.);
#4982 = DIRECTION('',(0.,1.));
#4983 = ( GEOMETRIC_REPRESENTATION_CONTEXT(2) 
PARAMETRIC_REPRESENTATION_CONTEXT() REPRESENTATION_CONTEXT('2D SPACE',''
  ) );
#4984 = PCURVE('',#4729,#4985);
#4985 = DEFINITIONAL_REPRESENTATION('',(#4986),#4990);
#4986 = LINE('',#4987,#4988);
#4987 = CARTESIAN_POINT('',(0.5,0.));
#4988 = VECTOR('',#4989,1.);
#4989 = DIRECTION('',(0.,1.));
#4990 = ( GEOMETRIC_REPRESENTATION_CONTEXT(2) 
PARAMETRIC_REPRESENTATION_CONTEXT() REPRESENTATION_CONTEXT('2D SPACE',''
  ) );
#4991 = ADVANCED_FACE('',(#4992),#3145,.T.);
#4992 = FACE_BOUND('',#4993,.T.);
#4993 = EDGE_LOOP('',(#4994,#4995,#4996));
#4994 = ORIENTED_EDGE('',*,*,#3130,.F.);
#4995 = ORIENTED_EDGE('',*,*,#4947,.T.);
#4996 = ORIENTED_EDGE('',*,*,#4689,.F.);
#4997 = ADVANCED_FACE('',(#4998),#3202,.T.);
#4998 = FACE_BOUND('',#4999,.T.);
#4999 = EDGE_LOOP('',(#5000,#5001,#5002,#5024));
#5000 = ORIENTED_EDGE('',*,*,#4283,.F.);
#5001 = ORIENTED_EDGE('',*,*,#3244,.T.);
#5002 = ORIENTED_EDGE('',*,*,#5003,.F.);
#5003 = EDGE_CURVE('',#3166,#3245,#5004,.T.);
#5004 = SURFACE_CURVE('',#5005,(#5010,#5017),.PCURVE_S1.);
#5005 = CIRCLE('',#5006,0.55);
#5006 = AXIS2_PLACEMENT_3D('',#5007,#5008,#5009);
#5007 = CARTESIAN_POINT('',(-15.45,5.45,6.5));
#5008 = DIRECTION('',(0.,1.,0.));
#5009 = DIRECTION('',(-1.,0.,-2.0185873175E-16));
#5010 = PCURVE('',#3202,#5011);
#5011 = DEFINITIONAL_REPRESENTATION('',(#5012),#5016);
#5012 = LINE('',#5013,#5014);
#5013 = CARTESIAN_POINT('',(0.,11.45));
#5014 = VECTOR('',#5015,1.);
#5015 = DIRECTION('',(1.,0.));
#5016 = ( GEOMETRIC_REPRESENTATION_CONTEXT(2) 
PARAMETRIC_REPRESENTATION_CONTEXT() REPRESENTATION_CONTEXT('2D SPACE',''
  ) );
#5017 = PCURVE('',#3393,#5018);
#5018 = DEFINITIONAL_REPRESENTATION('',(#5019),#5023);
#5019 = LINE('',#5020,#5021);
#5020 = CARTESIAN_POINT('',(-0.,0.));
#5021 = VECTOR('',#5022,1.);
#5022 = DIRECTION('',(-1.,0.));
#5023 = ( GEOMETRIC_REPRESENTATION_CONTEXT(2) 
PARAMETRIC_REPRESENTATION_CONTEXT() REPRESENTATION_CONTEXT('2D SPACE',''
  ) );
#5024 = ORIENTED_EDGE('',*,*,#3188,.F.);
#5025 = ADVANCED_FACE('',(#5026),#3360,.T.);
#5026 = FACE_BOUND('',#5027,.T.);
#5027 = EDGE_LOOP('',(#5028,#5029,#5030));
#5028 = ORIENTED_EDGE('',*,*,#4077,.F.);
#5029 = ORIENTED_EDGE('',*,*,#3346,.T.);
#5030 = ORIENTED_EDGE('',*,*,#4007,.F.);
#5031 = ADVANCED_FACE('',(#5032),#3393,.T.);
#5032 = FACE_BOUND('',#5033,.F.);
#5033 = EDGE_LOOP('',(#5034,#5035,#5036));
#5034 = ORIENTED_EDGE('',*,*,#3378,.F.);
#5035 = ORIENTED_EDGE('',*,*,#3409,.T.);
#5036 = ORIENTED_EDGE('',*,*,#5003,.F.);
#5037 = ADVANCED_FACE('',(#5038),#3529,.T.);
#5038 = FACE_BOUND('',#5039,.F.);
#5039 = EDGE_LOOP('',(#5040,#5041,#5042));
#5040 = ORIENTED_EDGE('',*,*,#3515,.F.);
#5041 = ORIENTED_EDGE('',*,*,#3543,.T.);
#5042 = ORIENTED_EDGE('',*,*,#5043,.F.);
#5043 = EDGE_CURVE('',#3490,#3544,#5044,.T.);
#5044 = SURFACE_CURVE('',#5045,(#5050,#5057),.PCURVE_S1.);
#5045 = CIRCLE('',#5046,0.8);
#5046 = AXIS2_PLACEMENT_3D('',#5047,#5048,#5049);
#5047 = CARTESIAN_POINT('',(-10.7,5.2,12.95));
#5048 = DIRECTION('',(0.,1.,0.));
#5049 = DIRECTION('',(-1.,0.,0.));
#5050 = PCURVE('',#3529,#5051);
#5051 = DEFINITIONAL_REPRESENTATION('',(#5052),#5056);
#5052 = LINE('',#5053,#5054);
#5053 = CARTESIAN_POINT('',(-0.,0.));
#5054 = VECTOR('',#5055,1.);
#5055 = DIRECTION('',(-1.,0.));
#5056 = ( GEOMETRIC_REPRESENTATION_CONTEXT(2) 
PARAMETRIC_REPRESENTATION_CONTEXT() REPRESENTATION_CONTEXT('2D SPACE',''
  ) );
#5057 = PCURVE('',#4513,#5058);
#5058 = DEFINITIONAL_REPRESENTATION('',(#5059),#5063);
#5059 = LINE('',#5060,#5061);
#5060 = CARTESIAN_POINT('',(0.,11.2));
#5061 = VECTOR('',#5062,1.);
#5062 = DIRECTION('',(1.,0.));
#5063 = ( GEOMETRIC_REPRESENTATION_CONTEXT(2) 
PARAMETRIC_REPRESENTATION_CONTEXT() REPRESENTATION_CONTEXT('2D SPACE',''
  ) );
#5064 = ADVANCED_FACE('',(#5065),#3602,.T.);
#5065 = FACE_BOUND('',#5066,.T.);
#5066 = EDGE_LOOP('',(#5067,#5068,#5069));
#5067 = ORIENTED_EDGE('',*,*,#3721,.F.);
#5068 = ORIENTED_EDGE('',*,*,#3588,.T.);
#5069 = ORIENTED_EDGE('',*,*,#5070,.F.);
#5070 = EDGE_CURVE('',#3620,#3566,#5071,.T.);
#5071 = SURFACE_CURVE('',#5072,(#5077,#5084),.PCURVE_S1.);
#5072 = CIRCLE('',#5073,0.8);
#5073 = AXIS2_PLACEMENT_3D('',#5074,#5075,#5076);
#5074 = CARTESIAN_POINT('',(10.7,5.2,12.95));
#5075 = DIRECTION('',(-0.,-1.,0.));
#5076 = DIRECTION('',(1.,-0.,0.));
#5077 = PCURVE('',#3602,#5078);
#5078 = DEFINITIONAL_REPRESENTATION('',(#5079),#5083);
#5079 = LINE('',#5080,#5081);
#5080 = CARTESIAN_POINT('',(0.,0.));
#5081 = VECTOR('',#5082,1.);
#5082 = DIRECTION('',(1.,0.));
#5083 = ( GEOMETRIC_REPRESENTATION_CONTEXT(2) 
PARAMETRIC_REPRESENTATION_CONTEXT() REPRESENTATION_CONTEXT('2D SPACE',''
  ) );
#5084 = PCURVE('',#4570,#5085);
#5085 = DEFINITIONAL_REPRESENTATION('',(#5086),#5090);
#5086 = LINE('',#5087,#5088);
#5087 = CARTESIAN_POINT('',(-0.,11.2));
#5088 = VECTOR('',#5089,1.);
#5089 = DIRECTION('',(-1.,0.));
#5090 = ( GEOMETRIC_REPRESENTATION_CONTEXT(2) 
PARAMETRIC_REPRESENTATION_CONTEXT() REPRESENTATION_CONTEXT('2D SPACE',''
  ) );
#5091 = ADVANCED_FACE('',(#5092),#3784,.T.);
#5092 = FACE_BOUND('',#5093,.T.);
#5093 = EDGE_LOOP('',(#5094,#5095,#5096));
#5094 = ORIENTED_EDGE('',*,*,#3852,.F.);
#5095 = ORIENTED_EDGE('',*,*,#3769,.T.);
#5096 = ORIENTED_EDGE('',*,*,#5097,.F.);
#5097 = EDGE_CURVE('',#3802,#3747,#5098,.T.);
#5098 = SURFACE_CURVE('',#5099,(#5104,#5111),.PCURVE_S1.);
#5099 = CIRCLE('',#5100,0.55);
#5100 = AXIS2_PLACEMENT_3D('',#5101,#5102,#5103);
#5101 = CARTESIAN_POINT('',(15.45,5.45,6.5));
#5102 = DIRECTION('',(0.,-1.,-0.));
#5103 = DIRECTION('',(1.,0.,-2.0185873175E-16));
#5104 = PCURVE('',#3784,#5105);
#5105 = DEFINITIONAL_REPRESENTATION('',(#5106),#5110);
#5106 = LINE('',#5107,#5108);
#5107 = CARTESIAN_POINT('',(0.,0.));
#5108 = VECTOR('',#5109,1.);
#5109 = DIRECTION('',(1.,0.));
#5110 = ( GEOMETRIC_REPRESENTATION_CONTEXT(2) 
PARAMETRIC_REPRESENTATION_CONTEXT() REPRESENTATION_CONTEXT('2D SPACE',''
  ) );
#5111 = PCURVE('',#4347,#5112);
#5112 = DEFINITIONAL_REPRESENTATION('',(#5113),#5117);
#5113 = LINE('',#5114,#5115);
#5114 = CARTESIAN_POINT('',(-0.,11.45));
#5115 = VECTOR('',#5116,1.);
#5116 = DIRECTION('',(-1.,0.));
#5117 = ( GEOMETRIC_REPRESENTATION_CONTEXT(2) 
PARAMETRIC_REPRESENTATION_CONTEXT() REPRESENTATION_CONTEXT('2D SPACE',''
  ) );
#5118 = ADVANCED_FACE('',(#5119),#3839,.T.);
#5119 = FACE_BOUND('',#5120,.T.);
#5120 = EDGE_LOOP('',(#5121,#5143,#5144));
#5121 = ORIENTED_EDGE('',*,*,#5122,.F.);
#5122 = EDGE_CURVE('',#3934,#3800,#5123,.T.);
#5123 = SURFACE_CURVE('',#5124,(#5129,#5136),.PCURVE_S1.);
#5124 = CIRCLE('',#5125,0.55);
#5125 = AXIS2_PLACEMENT_3D('',#5126,#5127,#5128);
#5126 = CARTESIAN_POINT('',(15.45,5.45,6.));
#5127 = DIRECTION('',(1.614869854E-15,-1.,0.));
#5128 = DIRECTION('',(1.,1.614869854E-15,0.));
#5129 = PCURVE('',#3839,#5130);
#5130 = DEFINITIONAL_REPRESENTATION('',(#5131),#5135);
#5131 = LINE('',#5132,#5133);
#5132 = CARTESIAN_POINT('',(0.,-6.28318530718));
#5133 = VECTOR('',#5134,1.);
#5134 = DIRECTION('',(0.,1.));
#5135 = ( GEOMETRIC_REPRESENTATION_CONTEXT(2) 
PARAMETRIC_REPRESENTATION_CONTEXT() REPRESENTATION_CONTEXT('2D SPACE',''
  ) );
#5136 = PCURVE('',#4168,#5137);
#5137 = DEFINITIONAL_REPRESENTATION('',(#5138),#5142);
#5138 = LINE('',#5139,#5140);
#5139 = CARTESIAN_POINT('',(6.28318530718,11.45));
#5140 = VECTOR('',#5141,1.);
#5141 = DIRECTION('',(-1.,-0.));
#5142 = ( GEOMETRIC_REPRESENTATION_CONTEXT(2) 
PARAMETRIC_REPRESENTATION_CONTEXT() REPRESENTATION_CONTEXT('2D SPACE',''
  ) );
#5143 = ORIENTED_EDGE('',*,*,#3956,.T.);
#5144 = ORIENTED_EDGE('',*,*,#3824,.F.);
#5145 = ADVANCED_FACE('',(#5146),#4168,.T.);
#5146 = FACE_BOUND('',#5147,.T.);
#5147 = EDGE_LOOP('',(#5148,#5149,#5150,#5151));
#5148 = ORIENTED_EDGE('',*,*,#4256,.F.);
#5149 = ORIENTED_EDGE('',*,*,#4154,.T.);
#5150 = ORIENTED_EDGE('',*,*,#5122,.T.);
#5151 = ORIENTED_EDGE('',*,*,#4311,.F.);
#5152 = ADVANCED_FACE('',(#5153),#4206,.F.);
#5153 = FACE_BOUND('',#5154,.T.);
#5154 = EDGE_LOOP('',(#5155,#5156,#5177,#5178));
#5155 = ORIENTED_EDGE('',*,*,#4185,.T.);
#5156 = ORIENTED_EDGE('',*,*,#5157,.T.);
#5157 = EDGE_CURVE('',#4186,#4436,#5158,.T.);
#5158 = SEAM_CURVE('',#5159,(#5163,#5170),.PCURVE_S1.);
#5159 = LINE('',#5160,#5161);
#5160 = CARTESIAN_POINT('',(15.25,-3.5,4.25));
#5161 = VECTOR('',#5162,1.);
#5162 = DIRECTION('',(0.,0.,1.));
#5163 = PCURVE('',#4206,#5164);
#5164 = DEFINITIONAL_REPRESENTATION('',(#5165),#5169);
#5165 = LINE('',#5166,#5167);
#5166 = CARTESIAN_POINT('',(-6.28318530718,0.));
#5167 = VECTOR('',#5168,1.);
#5168 = DIRECTION('',(-0.,-1.));
#5169 = ( GEOMETRIC_REPRESENTATION_CONTEXT(2) 
PARAMETRIC_REPRESENTATION_CONTEXT() REPRESENTATION_CONTEXT('2D SPACE',''
  ) );
#5170 = PCURVE('',#4206,#5171);
#5171 = DEFINITIONAL_REPRESENTATION('',(#5172),#5176);
#5172 = LINE('',#5173,#5174);
#5173 = CARTESIAN_POINT('',(-0.,0.));
#5174 = VECTOR('',#5175,1.);
#5175 = DIRECTION('',(-0.,-1.));
#5176 = ( GEOMETRIC_REPRESENTATION_CONTEXT(2) 
PARAMETRIC_REPRESENTATION_CONTEXT() REPRESENTATION_CONTEXT('2D SPACE',''
  ) );
#5177 = ORIENTED_EDGE('',*,*,#4435,.F.);
#5178 = ORIENTED_EDGE('',*,*,#5157,.F.);
#5179 = ADVANCED_FACE('',(#5180),#4241,.F.);
#5180 = FACE_BOUND('',#5181,.T.);
#5181 = EDGE_LOOP('',(#5182,#5183,#5204,#5205));
#5182 = ORIENTED_EDGE('',*,*,#4220,.T.);
#5183 = ORIENTED_EDGE('',*,*,#5184,.T.);
#5184 = EDGE_CURVE('',#4221,#4466,#5185,.T.);
#5185 = SEAM_CURVE('',#5186,(#5190,#5197),.PCURVE_S1.);
#5186 = LINE('',#5187,#5188);
#5187 = CARTESIAN_POINT('',(15.25,3.5,4.25));
#5188 = VECTOR('',#5189,1.);
#5189 = DIRECTION('',(0.,0.,1.));
#5190 = PCURVE('',#4241,#5191);
#5191 = DEFINITIONAL_REPRESENTATION('',(#5192),#5196);
#5192 = LINE('',#5193,#5194);
#5193 = CARTESIAN_POINT('',(-6.28318530718,0.));
#5194 = VECTOR('',#5195,1.);
#5195 = DIRECTION('',(-0.,-1.));
#5196 = ( GEOMETRIC_REPRESENTATION_CONTEXT(2) 
PARAMETRIC_REPRESENTATION_CONTEXT() REPRESENTATION_CONTEXT('2D SPACE',''
  ) );
#5197 = PCURVE('',#4241,#5198);
#5198 = DEFINITIONAL_REPRESENTATION('',(#5199),#5203);
#5199 = LINE('',#5200,#5201);
#5200 = CARTESIAN_POINT('',(-0.,0.));
#5201 = VECTOR('',#5202,1.);
#5202 = DIRECTION('',(-0.,-1.));
#5203 = ( GEOMETRIC_REPRESENTATION_CONTEXT(2) 
PARAMETRIC_REPRESENTATION_CONTEXT() REPRESENTATION_CONTEXT('2D SPACE',''
  ) );
#5204 = ORIENTED_EDGE('',*,*,#4465,.F.);
#5205 = ORIENTED_EDGE('',*,*,#5184,.F.);
#5206 = ADVANCED_FACE('',(#5207),#4347,.T.);
#5207 = FACE_BOUND('',#5208,.F.);
#5208 = EDGE_LOOP('',(#5209,#5210,#5211,#5212));
#5209 = ORIENTED_EDGE('',*,*,#4362,.F.);
#5210 = ORIENTED_EDGE('',*,*,#4391,.T.);
#5211 = ORIENTED_EDGE('',*,*,#5097,.F.);
#5212 = ORIENTED_EDGE('',*,*,#4333,.F.);
#5213 = ADVANCED_FACE('',(#5214),#4513,.T.);
#5214 = FACE_BOUND('',#5215,.T.);
#5215 = EDGE_LOOP('',(#5216,#5217,#5218,#5219));
#5216 = ORIENTED_EDGE('',*,*,#4528,.F.);
#5217 = ORIENTED_EDGE('',*,*,#4610,.T.);
#5218 = ORIENTED_EDGE('',*,*,#5043,.F.);
#5219 = ORIENTED_EDGE('',*,*,#4499,.F.);
#5220 = ADVANCED_FACE('',(#5221),#4570,.T.);
#5221 = FACE_BOUND('',#5222,.F.);
#5222 = EDGE_LOOP('',(#5223,#5224,#5225,#5226));
#5223 = ORIENTED_EDGE('',*,*,#4585,.F.);
#5224 = ORIENTED_EDGE('',*,*,#4632,.T.);
#5225 = ORIENTED_EDGE('',*,*,#5070,.F.);
#5226 = ORIENTED_EDGE('',*,*,#4556,.F.);
#5227 = ADVANCED_FACE('',(#5228),#4673,.T.);
#5228 = FACE_BOUND('',#5229,.F.);
#5229 = EDGE_LOOP('',(#5230,#5253,#5280,#5281));
#5230 = ORIENTED_EDGE('',*,*,#5231,.T.);
#5231 = EDGE_CURVE('',#4657,#5232,#5234,.T.);
#5232 = VERTEX_POINT('',#5233);
#5233 = CARTESIAN_POINT('',(-1.7,0.,14.75));
#5234 = SEAM_CURVE('',#5235,(#5239,#5246),.PCURVE_S1.);
#5235 = LINE('',#5236,#5237);
#5236 = CARTESIAN_POINT('',(-1.7,0.,13.75));
#5237 = VECTOR('',#5238,1.);
#5238 = DIRECTION('',(0.,0.,1.));
#5239 = PCURVE('',#4673,#5240);
#5240 = DEFINITIONAL_REPRESENTATION('',(#5241),#5245);
#5241 = LINE('',#5242,#5243);
#5242 = CARTESIAN_POINT('',(-0.,0.));
#5243 = VECTOR('',#5244,1.);
#5244 = DIRECTION('',(-0.,-1.));
#5245 = ( GEOMETRIC_REPRESENTATION_CONTEXT(2) 
PARAMETRIC_REPRESENTATION_CONTEXT() REPRESENTATION_CONTEXT('2D SPACE',''
  ) );
#5246 = PCURVE('',#4673,#5247);
#5247 = DEFINITIONAL_REPRESENTATION('',(#5248),#5252);
#5248 = LINE('',#5249,#5250);
#5249 = CARTESIAN_POINT('',(-6.28318530718,0.));
#5250 = VECTOR('',#5251,1.);
#5251 = DIRECTION('',(-0.,-1.));
#5252 = ( GEOMETRIC_REPRESENTATION_CONTEXT(2) 
PARAMETRIC_REPRESENTATION_CONTEXT() REPRESENTATION_CONTEXT('2D SPACE',''
  ) );
#5253 = ORIENTED_EDGE('',*,*,#5254,.T.);
#5254 = EDGE_CURVE('',#5232,#5232,#5255,.T.);
#5255 = SURFACE_CURVE('',#5256,(#5261,#5268),.PCURVE_S1.);
#5256 = CIRCLE('',#5257,4.);
#5257 = AXIS2_PLACEMENT_3D('',#5258,#5259,#5260);
#5258 = CARTESIAN_POINT('',(-5.7,0.,14.75));
#5259 = DIRECTION('',(0.,0.,1.));
#5260 = DIRECTION('',(1.,0.,0.));
#5261 = PCURVE('',#4673,#5262);
#5262 = DEFINITIONAL_REPRESENTATION('',(#5263),#5267);
#5263 = LINE('',#5264,#5265);
#5264 = CARTESIAN_POINT('',(-0.,-1.));
#5265 = VECTOR('',#5266,1.);
#5266 = DIRECTION('',(-1.,0.));
#5267 = ( GEOMETRIC_REPRESENTATION_CONTEXT(2) 
PARAMETRIC_REPRESENTATION_CONTEXT() REPRESENTATION_CONTEXT('2D SPACE',''
  ) );
#5268 = PCURVE('',#5269,#5274);
#5269 = PLANE('',#5270);
#5270 = AXIS2_PLACEMENT_3D('',#5271,#5272,#5273);
#5271 = CARTESIAN_POINT('',(-5.7,7.643776681114E-18,14.75));
#5272 = DIRECTION('',(0.,0.,1.));
#5273 = DIRECTION('',(1.,0.,-0.));
#5274 = DEFINITIONAL_REPRESENTATION('',(#5275),#5279);
#5275 = CIRCLE('',#5276,4.);
#5276 = AXIS2_PLACEMENT_2D('',#5277,#5278);
#5277 = CARTESIAN_POINT('',(0.,-7.643776681114E-18));
#5278 = DIRECTION('',(1.,0.));
#5279 = ( GEOMETRIC_REPRESENTATION_CONTEXT(2) 
PARAMETRIC_REPRESENTATION_CONTEXT() REPRESENTATION_CONTEXT('2D SPACE',''
  ) );
#5280 = ORIENTED_EDGE('',*,*,#5231,.F.);
#5281 = ORIENTED_EDGE('',*,*,#4656,.F.);
#5282 = ADVANCED_FACE('',(#5283),#4729,.F.);
#5283 = FACE_BOUND('',#5284,.F.);
#5284 = EDGE_LOOP('',(#5285,#5286,#5287,#5288));
#5285 = ORIENTED_EDGE('',*,*,#4713,.T.);
#5286 = ORIENTED_EDGE('',*,*,#4819,.T.);
#5287 = ORIENTED_EDGE('',*,*,#4895,.F.);
#5288 = ORIENTED_EDGE('',*,*,#4971,.F.);
#5289 = ADVANCED_FACE('',(#5290,#5293),#5269,.T.);
#5290 = FACE_BOUND('',#5291,.T.);
#5291 = EDGE_LOOP('',(#5292));
#5292 = ORIENTED_EDGE('',*,*,#5254,.T.);
#5293 = FACE_BOUND('',#5294,.T.);
#5294 = EDGE_LOOP('',(#5295,#5325,#5354,#5382,#5410,#5438,#5467,#5495,
    #5523,#5551,#5580,#5608,#5636,#5664,#5693,#5721,#5749,#5777,#5806,
    #5834,#5862,#5890,#5919,#5947,#5975,#6003,#6032,#6060,#6088,#6116,
    #6145,#6173,#6201,#6229,#6258,#6286,#6314,#6342,#6371,#6399,#6427,
    #6455,#6484,#6512,#6540,#6568,#6597,#6625,#6653,#6681,#6710,#6738,
    #6766,#6794,#6823,#6851,#6879,#6907,#6936,#6964,#6992,#7020,#7049,
    #7077,#7105,#7133,#7162,#7190,#7218,#7246,#7275,#7303,#7331,#7359,
    #7388,#7416,#7444,#7472,#7501,#7529,#7557,#7585,#7614,#7642,#7670,
    #7698,#7727,#7755,#7783,#7811,#7840,#7868,#7896,#7924,#7953,#7981,
    #8009,#8037,#8066,#8094));
#5295 = ORIENTED_EDGE('',*,*,#5296,.F.);
#5296 = EDGE_CURVE('',#5297,#5299,#5301,.T.);
#5297 = VERTEX_POINT('',#5298);
#5298 = CARTESIAN_POINT('',(-5.425563153016,2.132412815807,14.75));
#5299 = VERTEX_POINT('',#5300);
#5300 = CARTESIAN_POINT('',(-5.403299959197,2.486276148337,14.75));
#5301 = SURFACE_CURVE('',#5302,(#5306,#5313),.PCURVE_S1.);
#5302 = LINE('',#5303,#5304);
#5303 = CARTESIAN_POINT('',(-5.45353237482,1.687854765594,14.75));
#5304 = VECTOR('',#5305,1.);
#5305 = DIRECTION('',(6.279051952931E-02,0.998026728428,0.));
#5306 = PCURVE('',#5269,#5307);
#5307 = DEFINITIONAL_REPRESENTATION('',(#5308),#5312);
#5308 = LINE('',#5309,#5310);
#5309 = CARTESIAN_POINT('',(0.24646762518,1.687854765594));
#5310 = VECTOR('',#5311,1.);
#5311 = DIRECTION('',(6.279051952931E-02,0.998026728428));
#5312 = ( GEOMETRIC_REPRESENTATION_CONTEXT(2) 
PARAMETRIC_REPRESENTATION_CONTEXT() REPRESENTATION_CONTEXT('2D SPACE',''
  ) );
#5313 = PCURVE('',#5314,#5319);
#5314 = PLANE('',#5315);
#5315 = AXIS2_PLACEMENT_3D('',#5316,#5317,#5318);
#5316 = CARTESIAN_POINT('',(-5.45353237482,1.687854765594,14.75));
#5317 = DIRECTION('',(-0.998026728428,6.279051952931E-02,0.));
#5318 = DIRECTION('',(6.279051952931E-02,0.998026728428,0.));
#5319 = DEFINITIONAL_REPRESENTATION('',(#5320),#5324);
#5320 = LINE('',#5321,#5322);
#5321 = CARTESIAN_POINT('',(0.,0.));
#5322 = VECTOR('',#5323,1.);
#5323 = DIRECTION('',(1.,0.));
#5324 = ( GEOMETRIC_REPRESENTATION_CONTEXT(2) 
PARAMETRIC_REPRESENTATION_CONTEXT() REPRESENTATION_CONTEXT('2D SPACE',''
  ) );
#5325 = ORIENTED_EDGE('',*,*,#5326,.F.);
#5326 = EDGE_CURVE('',#5327,#5297,#5329,.T.);
#5327 = VERTEX_POINT('',#5328);
#5328 = CARTESIAN_POINT('',(-5.170171413229,2.08369423588,14.75));
#5329 = SURFACE_CURVE('',#5330,(#5335,#5342),.PCURVE_S1.);
#5330 = CIRCLE('',#5331,2.15);
#5331 = AXIS2_PLACEMENT_3D('',#5332,#5333,#5334);
#5332 = CARTESIAN_POINT('',(-5.7,0.,14.75));
#5333 = DIRECTION('',(0.,0.,1.));
#5334 = DIRECTION('',(1.,0.,0.));
#5335 = PCURVE('',#5269,#5336);
#5336 = DEFINITIONAL_REPRESENTATION('',(#5337),#5341);
#5337 = CIRCLE('',#5338,2.15);
#5338 = AXIS2_PLACEMENT_2D('',#5339,#5340);
#5339 = CARTESIAN_POINT('',(0.,-7.643776681114E-18));
#5340 = DIRECTION('',(1.,0.));
#5341 = ( GEOMETRIC_REPRESENTATION_CONTEXT(2) 
PARAMETRIC_REPRESENTATION_CONTEXT() REPRESENTATION_CONTEXT('2D SPACE',''
  ) );
#5342 = PCURVE('',#5343,#5348);
#5343 = CYLINDRICAL_SURFACE('',#5344,2.15);
#5344 = AXIS2_PLACEMENT_3D('',#5345,#5346,#5347);
#5345 = CARTESIAN_POINT('',(-5.7,0.,14.75));
#5346 = DIRECTION('',(-0.,-0.,-1.));
#5347 = DIRECTION('',(1.,0.,0.));
#5348 = DEFINITIONAL_REPRESENTATION('',(#5349),#5353);
#5349 = LINE('',#5350,#5351);
#5350 = CARTESIAN_POINT('',(-0.,0.));
#5351 = VECTOR('',#5352,1.);
#5352 = DIRECTION('',(-1.,0.));
#5353 = ( GEOMETRIC_REPRESENTATION_CONTEXT(2) 
PARAMETRIC_REPRESENTATION_CONTEXT() REPRESENTATION_CONTEXT('2D SPACE',''
  ) );
#5354 = ORIENTED_EDGE('',*,*,#5355,.F.);
#5355 = EDGE_CURVE('',#5356,#5327,#5358,.T.);
#5356 = VERTEX_POINT('',#5357);
#5357 = CARTESIAN_POINT('',(-5.060605426344,2.42090366995,14.75));
#5358 = SURFACE_CURVE('',#5359,(#5363,#5370),.PCURVE_S1.);
#5359 = LINE('',#5360,#5361);
#5360 = CARTESIAN_POINT('',(-5.060605426344,2.42090366995,14.75));
#5361 = VECTOR('',#5362,1.);
#5362 = DIRECTION('',(-0.309016994375,-0.951056516295,0.));
#5363 = PCURVE('',#5269,#5364);
#5364 = DEFINITIONAL_REPRESENTATION('',(#5365),#5369);
#5365 = LINE('',#5366,#5367);
#5366 = CARTESIAN_POINT('',(0.639394573656,2.42090366995));
#5367 = VECTOR('',#5368,1.);
#5368 = DIRECTION('',(-0.309016994375,-0.951056516295));
#5369 = ( GEOMETRIC_REPRESENTATION_CONTEXT(2) 
PARAMETRIC_REPRESENTATION_CONTEXT() REPRESENTATION_CONTEXT('2D SPACE',''
  ) );
#5370 = PCURVE('',#5371,#5376);
#5371 = PLANE('',#5372);
#5372 = AXIS2_PLACEMENT_3D('',#5373,#5374,#5375);
#5373 = CARTESIAN_POINT('',(-5.060605426344,2.42090366995,14.75));
#5374 = DIRECTION('',(0.951056516295,-0.309016994375,0.));
#5375 = DIRECTION('',(-0.309016994375,-0.951056516295,0.));
#5376 = DEFINITIONAL_REPRESENTATION('',(#5377),#5381);
#5377 = LINE('',#5378,#5379);
#5378 = CARTESIAN_POINT('',(0.,0.));
#5379 = VECTOR('',#5380,1.);
#5380 = DIRECTION('',(1.,0.));
#5381 = ( GEOMETRIC_REPRESENTATION_CONTEXT(2) 
PARAMETRIC_REPRESENTATION_CONTEXT() REPRESENTATION_CONTEXT('2D SPACE',''
  ) );
#5382 = ORIENTED_EDGE('',*,*,#5383,.F.);
#5383 = EDGE_CURVE('',#5384,#5356,#5386,.T.);
#5384 = VERTEX_POINT('',#5385);
#5385 = CARTESIAN_POINT('',(-4.794309601781,2.334378911525,14.75));
#5386 = SURFACE_CURVE('',#5387,(#5391,#5398),.PCURVE_S1.);
#5387 = LINE('',#5388,#5389);
#5388 = CARTESIAN_POINT('',(-4.794309601781,2.334378911525,14.75));
#5389 = VECTOR('',#5390,1.);
#5390 = DIRECTION('',(-0.951056516295,0.309016994375,0.));
#5391 = PCURVE('',#5269,#5392);
#5392 = DEFINITIONAL_REPRESENTATION('',(#5393),#5397);
#5393 = LINE('',#5394,#5395);
#5394 = CARTESIAN_POINT('',(0.905690398219,2.334378911525));
#5395 = VECTOR('',#5396,1.);
#5396 = DIRECTION('',(-0.951056516295,0.309016994375));
#5397 = ( GEOMETRIC_REPRESENTATION_CONTEXT(2) 
PARAMETRIC_REPRESENTATION_CONTEXT() REPRESENTATION_CONTEXT('2D SPACE',''
  ) );
#5398 = PCURVE('',#5399,#5404);
#5399 = PLANE('',#5400);
#5400 = AXIS2_PLACEMENT_3D('',#5401,#5402,#5403);
#5401 = CARTESIAN_POINT('',(-4.794309601781,2.334378911525,14.75));
#5402 = DIRECTION('',(-0.309016994375,-0.951056516295,0.));
#5403 = DIRECTION('',(-0.951056516295,0.309016994375,0.));
#5404 = DEFINITIONAL_REPRESENTATION('',(#5405),#5409);
#5405 = LINE('',#5406,#5407);
#5406 = CARTESIAN_POINT('',(0.,0.));
#5407 = VECTOR('',#5408,1.);
#5408 = DIRECTION('',(1.,0.));
#5409 = ( GEOMETRIC_REPRESENTATION_CONTEXT(2) 
PARAMETRIC_REPRESENTATION_CONTEXT() REPRESENTATION_CONTEXT('2D SPACE',''
  ) );
#5410 = ORIENTED_EDGE('',*,*,#5411,.F.);
#5411 = EDGE_CURVE('',#5412,#5384,#5414,.T.);
#5412 = VERTEX_POINT('',#5413);
#5413 = CARTESIAN_POINT('',(-4.903875588666,1.997169477455,14.75));
#5414 = SURFACE_CURVE('',#5415,(#5419,#5426),.PCURVE_S1.);
#5415 = LINE('',#5416,#5417);
#5416 = CARTESIAN_POINT('',(-5.041523197281,1.573533698489,14.75));
#5417 = VECTOR('',#5418,1.);
#5418 = DIRECTION('',(0.309016994375,0.951056516295,0.));
#5419 = PCURVE('',#5269,#5420);
#5420 = DEFINITIONAL_REPRESENTATION('',(#5421),#5425);
#5421 = LINE('',#5422,#5423);
#5422 = CARTESIAN_POINT('',(0.658476802719,1.573533698489));
#5423 = VECTOR('',#5424,1.);
#5424 = DIRECTION('',(0.309016994375,0.951056516295));
#5425 = ( GEOMETRIC_REPRESENTATION_CONTEXT(2) 
PARAMETRIC_REPRESENTATION_CONTEXT() REPRESENTATION_CONTEXT('2D SPACE',''
  ) );
#5426 = PCURVE('',#5427,#5432);
#5427 = PLANE('',#5428);
#5428 = AXIS2_PLACEMENT_3D('',#5429,#5430,#5431);
#5429 = CARTESIAN_POINT('',(-5.041523197281,1.573533698489,14.75));
#5430 = DIRECTION('',(-0.951056516295,0.309016994375,0.));
#5431 = DIRECTION('',(0.309016994375,0.951056516295,0.));
#5432 = DEFINITIONAL_REPRESENTATION('',(#5433),#5437);
#5433 = LINE('',#5434,#5435);
#5434 = CARTESIAN_POINT('',(0.,0.));
#5435 = VECTOR('',#5436,1.);
#5436 = DIRECTION('',(1.,0.));
#5437 = ( GEOMETRIC_REPRESENTATION_CONTEXT(2) 
PARAMETRIC_REPRESENTATION_CONTEXT() REPRESENTATION_CONTEXT('2D SPACE',''
  ) );
#5438 = ORIENTED_EDGE('',*,*,#5439,.F.);
#5439 = EDGE_CURVE('',#5440,#5412,#5442,.T.);
#5440 = VERTEX_POINT('',#5441);
#5441 = CARTESIAN_POINT('',(-4.668623268162,1.886468138353,14.75));
#5442 = SURFACE_CURVE('',#5443,(#5448,#5455),.PCURVE_S1.);
#5443 = CIRCLE('',#5444,2.15);
#5444 = AXIS2_PLACEMENT_3D('',#5445,#5446,#5447);
#5445 = CARTESIAN_POINT('',(-5.7,0.,14.75));
#5446 = DIRECTION('',(0.,0.,1.));
#5447 = DIRECTION('',(1.,0.,0.));
#5448 = PCURVE('',#5269,#5449);
#5449 = DEFINITIONAL_REPRESENTATION('',(#5450),#5454);
#5450 = CIRCLE('',#5451,2.15);
#5451 = AXIS2_PLACEMENT_2D('',#5452,#5453);
#5452 = CARTESIAN_POINT('',(0.,-7.643776681114E-18));
#5453 = DIRECTION('',(1.,0.));
#5454 = ( GEOMETRIC_REPRESENTATION_CONTEXT(2) 
PARAMETRIC_REPRESENTATION_CONTEXT() REPRESENTATION_CONTEXT('2D SPACE',''
  ) );
#5455 = PCURVE('',#5456,#5461);
#5456 = CYLINDRICAL_SURFACE('',#5457,2.15);
#5457 = AXIS2_PLACEMENT_3D('',#5458,#5459,#5460);
#5458 = CARTESIAN_POINT('',(-5.7,0.,14.75));
#5459 = DIRECTION('',(-0.,-0.,-1.));
#5460 = DIRECTION('',(1.,0.,0.));
#5461 = DEFINITIONAL_REPRESENTATION('',(#5462),#5466);
#5462 = LINE('',#5463,#5464);
#5463 = CARTESIAN_POINT('',(-0.,0.));
#5464 = VECTOR('',#5465,1.);
#5465 = DIRECTION('',(-1.,0.));
#5466 = ( GEOMETRIC_REPRESENTATION_CONTEXT(2) 
PARAMETRIC_REPRESENTATION_CONTEXT() REPRESENTATION_CONTEXT('2D SPACE',''
  ) );
#5467 = ORIENTED_EDGE('',*,*,#5468,.F.);
#5468 = EDGE_CURVE('',#5469,#5440,#5471,.T.);
#5469 = VERTEX_POINT('',#5470);
#5470 = CARTESIAN_POINT('',(-4.478638922123,2.185835565052,14.75));
#5471 = SURFACE_CURVE('',#5472,(#5476,#5483),.PCURVE_S1.);
#5472 = LINE('',#5473,#5474);
#5473 = CARTESIAN_POINT('',(-4.478638922123,2.185835565052,14.75));
#5474 = VECTOR('',#5475,1.);
#5475 = DIRECTION('',(-0.535826794979,-0.844327925502,0.));
#5476 = PCURVE('',#5269,#5477);
#5477 = DEFINITIONAL_REPRESENTATION('',(#5478),#5482);
#5478 = LINE('',#5479,#5480);
#5479 = CARTESIAN_POINT('',(1.221361077877,2.185835565052));
#5480 = VECTOR('',#5481,1.);
#5481 = DIRECTION('',(-0.535826794979,-0.844327925502));
#5482 = ( GEOMETRIC_REPRESENTATION_CONTEXT(2) 
PARAMETRIC_REPRESENTATION_CONTEXT() REPRESENTATION_CONTEXT('2D SPACE',''
  ) );
#5483 = PCURVE('',#5484,#5489);
#5484 = PLANE('',#5485);
#5485 = AXIS2_PLACEMENT_3D('',#5486,#5487,#5488);
#5486 = CARTESIAN_POINT('',(-4.478638922123,2.185835565052,14.75));
#5487 = DIRECTION('',(0.844327925502,-0.535826794979,0.));
#5488 = DIRECTION('',(-0.535826794979,-0.844327925502,0.));
#5489 = DEFINITIONAL_REPRESENTATION('',(#5490),#5494);
#5490 = LINE('',#5491,#5492);
#5491 = CARTESIAN_POINT('',(0.,0.));
#5492 = VECTOR('',#5493,1.);
#5493 = DIRECTION('',(1.,0.));
#5494 = ( GEOMETRIC_REPRESENTATION_CONTEXT(2) 
PARAMETRIC_REPRESENTATION_CONTEXT() REPRESENTATION_CONTEXT('2D SPACE',''
  ) );
#5495 = ORIENTED_EDGE('',*,*,#5496,.F.);
#5496 = EDGE_CURVE('',#5497,#5469,#5499,.T.);
#5497 = VERTEX_POINT('',#5498);
#5498 = CARTESIAN_POINT('',(-4.242227102982,2.035804062458,14.75));
#5499 = SURFACE_CURVE('',#5500,(#5504,#5511),.PCURVE_S1.);
#5500 = LINE('',#5501,#5502);
#5501 = CARTESIAN_POINT('',(-4.242227102982,2.035804062458,14.75));
#5502 = VECTOR('',#5503,1.);
#5503 = DIRECTION('',(-0.844327925502,0.535826794979,0.));
#5504 = PCURVE('',#5269,#5505);
#5505 = DEFINITIONAL_REPRESENTATION('',(#5506),#5510);
#5506 = LINE('',#5507,#5508);
#5507 = CARTESIAN_POINT('',(1.457772897018,2.035804062458));
#5508 = VECTOR('',#5509,1.);
#5509 = DIRECTION('',(-0.844327925502,0.535826794979));
#5510 = ( GEOMETRIC_REPRESENTATION_CONTEXT(2) 
PARAMETRIC_REPRESENTATION_CONTEXT() REPRESENTATION_CONTEXT('2D SPACE',''
  ) );
#5511 = PCURVE('',#5512,#5517);
#5512 = PLANE('',#5513);
#5513 = AXIS2_PLACEMENT_3D('',#5514,#5515,#5516);
#5514 = CARTESIAN_POINT('',(-4.242227102982,2.035804062458,14.75));
#5515 = DIRECTION('',(-0.535826794979,-0.844327925502,0.));
#5516 = DIRECTION('',(-0.844327925502,0.535826794979,0.));
#5517 = DEFINITIONAL_REPRESENTATION('',(#5518),#5522);
#5518 = LINE('',#5519,#5520);
#5519 = CARTESIAN_POINT('',(0.,0.));
#5520 = VECTOR('',#5521,1.);
#5521 = DIRECTION('',(1.,0.));
#5522 = ( GEOMETRIC_REPRESENTATION_CONTEXT(2) 
PARAMETRIC_REPRESENTATION_CONTEXT() REPRESENTATION_CONTEXT('2D SPACE',''
  ) );
#5523 = ORIENTED_EDGE('',*,*,#5524,.F.);
#5524 = EDGE_CURVE('',#5525,#5497,#5527,.T.);
#5525 = VERTEX_POINT('',#5526);
#5526 = CARTESIAN_POINT('',(-4.432211449021,1.736436635759,14.75));
#5527 = SURFACE_CURVE('',#5528,(#5532,#5539),.PCURVE_S1.);
#5528 = LINE('',#5529,#5530);
#5529 = CARTESIAN_POINT('',(-4.670888538965,1.360341722056,14.75));
#5530 = VECTOR('',#5531,1.);
#5531 = DIRECTION('',(0.535826794979,0.844327925502,0.));
#5532 = PCURVE('',#5269,#5533);
#5533 = DEFINITIONAL_REPRESENTATION('',(#5534),#5538);
#5534 = LINE('',#5535,#5536);
#5535 = CARTESIAN_POINT('',(1.029111461035,1.360341722056));
#5536 = VECTOR('',#5537,1.);
#5537 = DIRECTION('',(0.535826794979,0.844327925502));
#5538 = ( GEOMETRIC_REPRESENTATION_CONTEXT(2) 
PARAMETRIC_REPRESENTATION_CONTEXT() REPRESENTATION_CONTEXT('2D SPACE',''
  ) );
#5539 = PCURVE('',#5540,#5545);
#5540 = PLANE('',#5541);
#5541 = AXIS2_PLACEMENT_3D('',#5542,#5543,#5544);
#5542 = CARTESIAN_POINT('',(-4.670888538965,1.360341722056,14.75));
#5543 = DIRECTION('',(-0.844327925502,0.535826794979,0.));
#5544 = DIRECTION('',(0.535826794979,0.844327925502,0.));
#5545 = DEFINITIONAL_REPRESENTATION('',(#5546),#5550);
#5546 = LINE('',#5547,#5548);
#5547 = CARTESIAN_POINT('',(0.,0.));
#5548 = VECTOR('',#5549,1.);
#5549 = DIRECTION('',(1.,0.));
#5550 = ( GEOMETRIC_REPRESENTATION_CONTEXT(2) 
PARAMETRIC_REPRESENTATION_CONTEXT() REPRESENTATION_CONTEXT('2D SPACE',''
  ) );
#5551 = ORIENTED_EDGE('',*,*,#5552,.F.);
#5552 = EDGE_CURVE('',#5553,#5525,#5555,.T.);
#5553 = VERTEX_POINT('',#5554);
#5554 = CARTESIAN_POINT('',(-4.231880316294,1.57070830975,14.75));
#5555 = SURFACE_CURVE('',#5556,(#5561,#5568),.PCURVE_S1.);
#5556 = CIRCLE('',#5557,2.15);
#5557 = AXIS2_PLACEMENT_3D('',#5558,#5559,#5560);
#5558 = CARTESIAN_POINT('',(-5.7,0.,14.75));
#5559 = DIRECTION('',(0.,0.,1.));
#5560 = DIRECTION('',(1.,0.,0.));
#5561 = PCURVE('',#5269,#5562);
#5562 = DEFINITIONAL_REPRESENTATION('',(#5563),#5567);
#5563 = CIRCLE('',#5564,2.15);
#5564 = AXIS2_PLACEMENT_2D('',#5565,#5566);
#5565 = CARTESIAN_POINT('',(0.,-7.643776681114E-18));
#5566 = DIRECTION('',(1.,0.));
#5567 = ( GEOMETRIC_REPRESENTATION_CONTEXT(2) 
PARAMETRIC_REPRESENTATION_CONTEXT() REPRESENTATION_CONTEXT('2D SPACE',''
  ) );
#5568 = PCURVE('',#5569,#5574);
#5569 = CYLINDRICAL_SURFACE('',#5570,2.15);
#5570 = AXIS2_PLACEMENT_3D('',#5571,#5572,#5573);
#5571 = CARTESIAN_POINT('',(-5.7,0.,14.75));
#5572 = DIRECTION('',(-0.,-0.,-1.));
#5573 = DIRECTION('',(1.,0.,0.));
#5574 = DEFINITIONAL_REPRESENTATION('',(#5575),#5579);
#5575 = LINE('',#5576,#5577);
#5576 = CARTESIAN_POINT('',(-0.,0.));
#5577 = VECTOR('',#5578,1.);
#5578 = DIRECTION('',(-1.,0.));
#5579 = ( GEOMETRIC_REPRESENTATION_CONTEXT(2) 
PARAMETRIC_REPRESENTATION_CONTEXT() REPRESENTATION_CONTEXT('2D SPACE',''
  ) );
#5580 = ORIENTED_EDGE('',*,*,#5581,.F.);
#5581 = EDGE_CURVE('',#5582,#5553,#5584,.T.);
#5582 = VERTEX_POINT('',#5583);
#5583 = CARTESIAN_POINT('',(-3.973415026276,1.813423372661,14.75));
#5584 = SURFACE_CURVE('',#5585,(#5589,#5596),.PCURVE_S1.);
#5585 = LINE('',#5586,#5587);
#5586 = CARTESIAN_POINT('',(-3.973415026276,1.813423372661,14.75));
#5587 = VECTOR('',#5588,1.);
#5588 = DIRECTION('',(-0.728968627421,-0.684547105929,0.));
#5589 = PCURVE('',#5269,#5590);
#5590 = DEFINITIONAL_REPRESENTATION('',(#5591),#5595);
#5591 = LINE('',#5592,#5593);
#5592 = CARTESIAN_POINT('',(1.726584973724,1.813423372661));
#5593 = VECTOR('',#5594,1.);
#5594 = DIRECTION('',(-0.728968627421,-0.684547105929));
#5595 = ( GEOMETRIC_REPRESENTATION_CONTEXT(2) 
PARAMETRIC_REPRESENTATION_CONTEXT() REPRESENTATION_CONTEXT('2D SPACE',''
  ) );
#5596 = PCURVE('',#5597,#5602);
#5597 = PLANE('',#5598);
#5598 = AXIS2_PLACEMENT_3D('',#5599,#5600,#5601);
#5599 = CARTESIAN_POINT('',(-3.973415026276,1.813423372661,14.75));
#5600 = DIRECTION('',(0.684547105929,-0.728968627421,0.));
#5601 = DIRECTION('',(-0.728968627421,-0.684547105929,0.));
#5602 = DEFINITIONAL_REPRESENTATION('',(#5603),#5607);
#5603 = LINE('',#5604,#5605);
#5604 = CARTESIAN_POINT('',(0.,0.));
#5605 = VECTOR('',#5606,1.);
#5606 = DIRECTION('',(1.,0.));
#5607 = ( GEOMETRIC_REPRESENTATION_CONTEXT(2) 
PARAMETRIC_REPRESENTATION_CONTEXT() REPRESENTATION_CONTEXT('2D SPACE',''
  ) );
#5608 = ORIENTED_EDGE('',*,*,#5609,.F.);
#5609 = EDGE_CURVE('',#5610,#5582,#5612,.T.);
#5610 = VERTEX_POINT('',#5611);
#5611 = CARTESIAN_POINT('',(-3.781741836616,1.609312156983,14.75));
#5612 = SURFACE_CURVE('',#5613,(#5617,#5624),.PCURVE_S1.);
#5613 = LINE('',#5614,#5615);
#5614 = CARTESIAN_POINT('',(-3.781741836616,1.609312156983,14.75));
#5615 = VECTOR('',#5616,1.);
#5616 = DIRECTION('',(-0.684547105929,0.728968627421,0.));
#5617 = PCURVE('',#5269,#5618);
#5618 = DEFINITIONAL_REPRESENTATION('',(#5619),#5623);
#5619 = LINE('',#5620,#5621);
#5620 = CARTESIAN_POINT('',(1.918258163384,1.609312156983));
#5621 = VECTOR('',#5622,1.);
#5622 = DIRECTION('',(-0.684547105929,0.728968627421));
#5623 = ( GEOMETRIC_REPRESENTATION_CONTEXT(2) 
PARAMETRIC_REPRESENTATION_CONTEXT() REPRESENTATION_CONTEXT('2D SPACE',''
  ) );
#5624 = PCURVE('',#5625,#5630);
#5625 = PLANE('',#5626);
#5626 = AXIS2_PLACEMENT_3D('',#5627,#5628,#5629);
#5627 = CARTESIAN_POINT('',(-3.781741836616,1.609312156983,14.75));
#5628 = DIRECTION('',(-0.728968627421,-0.684547105929,0.));
#5629 = DIRECTION('',(-0.684547105929,0.728968627421,0.));
#5630 = DEFINITIONAL_REPRESENTATION('',(#5631),#5635);
#5631 = LINE('',#5632,#5633);
#5632 = CARTESIAN_POINT('',(0.,0.));
#5633 = VECTOR('',#5634,1.);
#5634 = DIRECTION('',(1.,0.));
#5635 = ( GEOMETRIC_REPRESENTATION_CONTEXT(2) 
PARAMETRIC_REPRESENTATION_CONTEXT() REPRESENTATION_CONTEXT('2D SPACE',''
  ) );
#5636 = ORIENTED_EDGE('',*,*,#5637,.F.);
#5637 = EDGE_CURVE('',#5638,#5610,#5640,.T.);
#5638 = VERTEX_POINT('',#5639);
#5639 = CARTESIAN_POINT('',(-4.040207126634,1.366597094072,14.75));
#5640 = SURFACE_CURVE('',#5641,(#5645,#5652),.PCURVE_S1.);
#5641 = LINE('',#5642,#5643);
#5642 = CARTESIAN_POINT('',(-4.364916738554,1.06167447224,14.75));
#5643 = VECTOR('',#5644,1.);
#5644 = DIRECTION('',(0.728968627421,0.684547105929,0.));
#5645 = PCURVE('',#5269,#5646);
#5646 = DEFINITIONAL_REPRESENTATION('',(#5647),#5651);
#5647 = LINE('',#5648,#5649);
#5648 = CARTESIAN_POINT('',(1.335083261446,1.06167447224));
#5649 = VECTOR('',#5650,1.);
#5650 = DIRECTION('',(0.728968627421,0.684547105929));
#5651 = ( GEOMETRIC_REPRESENTATION_CONTEXT(2) 
PARAMETRIC_REPRESENTATION_CONTEXT() REPRESENTATION_CONTEXT('2D SPACE',''
  ) );
#5652 = PCURVE('',#5653,#5658);
#5653 = PLANE('',#5654);
#5654 = AXIS2_PLACEMENT_3D('',#5655,#5656,#5657);
#5655 = CARTESIAN_POINT('',(-4.364916738554,1.06167447224,14.75));
#5656 = DIRECTION('',(-0.684547105929,0.728968627421,0.));
#5657 = DIRECTION('',(0.728968627421,0.684547105929,0.));
#5658 = DEFINITIONAL_REPRESENTATION('',(#5659),#5663);
#5659 = LINE('',#5660,#5661);
#5660 = CARTESIAN_POINT('',(0.,0.));
#5661 = VECTOR('',#5662,1.);
#5662 = DIRECTION('',(1.,0.));
#5663 = ( GEOMETRIC_REPRESENTATION_CONTEXT(2) 
PARAMETRIC_REPRESENTATION_CONTEXT() REPRESENTATION_CONTEXT('2D SPACE',''
  ) );
#5664 = ORIENTED_EDGE('',*,*,#5665,.F.);
#5665 = EDGE_CURVE('',#5666,#5638,#5668,.T.);
#5666 = VERTEX_POINT('',#5667);
#5667 = CARTESIAN_POINT('',(-3.887384723521,1.156255101383,14.75));
#5668 = SURFACE_CURVE('',#5669,(#5674,#5681),.PCURVE_S1.);
#5669 = CIRCLE('',#5670,2.15);
#5670 = AXIS2_PLACEMENT_3D('',#5671,#5672,#5673);
#5671 = CARTESIAN_POINT('',(-5.7,0.,14.75));
#5672 = DIRECTION('',(0.,0.,1.));
#5673 = DIRECTION('',(1.,0.,0.));
#5674 = PCURVE('',#5269,#5675);
#5675 = DEFINITIONAL_REPRESENTATION('',(#5676),#5680);
#5676 = CIRCLE('',#5677,2.15);
#5677 = AXIS2_PLACEMENT_2D('',#5678,#5679);
#5678 = CARTESIAN_POINT('',(0.,-7.643776681114E-18));
#5679 = DIRECTION('',(1.,0.));
#5680 = ( GEOMETRIC_REPRESENTATION_CONTEXT(2) 
PARAMETRIC_REPRESENTATION_CONTEXT() REPRESENTATION_CONTEXT('2D SPACE',''
  ) );
#5681 = PCURVE('',#5682,#5687);
#5682 = CYLINDRICAL_SURFACE('',#5683,2.15);
#5683 = AXIS2_PLACEMENT_3D('',#5684,#5685,#5686);
#5684 = CARTESIAN_POINT('',(-5.7,0.,14.75));
#5685 = DIRECTION('',(-0.,-0.,-1.));
#5686 = DIRECTION('',(1.,0.,0.));
#5687 = DEFINITIONAL_REPRESENTATION('',(#5688),#5692);
#5688 = LINE('',#5689,#5690);
#5689 = CARTESIAN_POINT('',(-0.,0.));
#5690 = VECTOR('',#5691,1.);
#5691 = DIRECTION('',(-1.,0.));
#5692 = ( GEOMETRIC_REPRESENTATION_CONTEXT(2) 
PARAMETRIC_REPRESENTATION_CONTEXT() REPRESENTATION_CONTEXT('2D SPACE',''
  ) );
#5693 = ORIENTED_EDGE('',*,*,#5694,.F.);
#5694 = EDGE_CURVE('',#5695,#5666,#5697,.T.);
#5695 = VERTEX_POINT('',#5696);
#5696 = CARTESIAN_POINT('',(-3.576678814265,1.32706712046,14.75));
#5697 = SURFACE_CURVE('',#5698,(#5702,#5709),.PCURVE_S1.);
#5698 = LINE('',#5699,#5700);
#5699 = CARTESIAN_POINT('',(-3.576678814265,1.32706712046,14.75));
#5700 = VECTOR('',#5701,1.);
#5701 = DIRECTION('',(-0.876306680044,-0.481753674102,0.));
#5702 = PCURVE('',#5269,#5703);
#5703 = DEFINITIONAL_REPRESENTATION('',(#5704),#5708);
#5704 = LINE('',#5705,#5706);
#5705 = CARTESIAN_POINT('',(2.123321185735,1.32706712046));
#5706 = VECTOR('',#5707,1.);
#5707 = DIRECTION('',(-0.876306680044,-0.481753674102));
#5708 = ( GEOMETRIC_REPRESENTATION_CONTEXT(2) 
PARAMETRIC_REPRESENTATION_CONTEXT() REPRESENTATION_CONTEXT('2D SPACE',''
  ) );
#5709 = PCURVE('',#5710,#5715);
#5710 = PLANE('',#5711);
#5711 = AXIS2_PLACEMENT_3D('',#5712,#5713,#5714);
#5712 = CARTESIAN_POINT('',(-3.576678814265,1.32706712046,14.75));
#5713 = DIRECTION('',(0.481753674102,-0.876306680044,0.));
#5714 = DIRECTION('',(-0.876306680044,-0.481753674102,0.));
#5715 = DEFINITIONAL_REPRESENTATION('',(#5716),#5720);
#5716 = LINE('',#5717,#5718);
#5717 = CARTESIAN_POINT('',(0.,0.));
#5718 = VECTOR('',#5719,1.);
#5719 = DIRECTION('',(1.,0.));
#5720 = ( GEOMETRIC_REPRESENTATION_CONTEXT(2) 
PARAMETRIC_REPRESENTATION_CONTEXT() REPRESENTATION_CONTEXT('2D SPACE',''
  ) );
#5721 = ORIENTED_EDGE('',*,*,#5722,.F.);
#5722 = EDGE_CURVE('',#5723,#5695,#5725,.T.);
#5723 = VERTEX_POINT('',#5724);
#5724 = CARTESIAN_POINT('',(-3.441787785516,1.081701250048,14.75));
#5725 = SURFACE_CURVE('',#5726,(#5730,#5737),.PCURVE_S1.);
#5726 = LINE('',#5727,#5728);
#5727 = CARTESIAN_POINT('',(-3.441787785516,1.081701250048,14.75));
#5728 = VECTOR('',#5729,1.);
#5729 = DIRECTION('',(-0.481753674102,0.876306680044,0.));
#5730 = PCURVE('',#5269,#5731);
#5731 = DEFINITIONAL_REPRESENTATION('',(#5732),#5736);
#5732 = LINE('',#5733,#5734);
#5733 = CARTESIAN_POINT('',(2.258212214484,1.081701250048));
#5734 = VECTOR('',#5735,1.);
#5735 = DIRECTION('',(-0.481753674102,0.876306680044));
#5736 = ( GEOMETRIC_REPRESENTATION_CONTEXT(2) 
PARAMETRIC_REPRESENTATION_CONTEXT() REPRESENTATION_CONTEXT('2D SPACE',''
  ) );
#5737 = PCURVE('',#5738,#5743);
#5738 = PLANE('',#5739);
#5739 = AXIS2_PLACEMENT_3D('',#5740,#5741,#5742);
#5740 = CARTESIAN_POINT('',(-3.441787785516,1.081701250048,14.75));
#5741 = DIRECTION('',(-0.876306680044,-0.481753674102,0.));
#5742 = DIRECTION('',(-0.481753674102,0.876306680044,0.));
#5743 = DEFINITIONAL_REPRESENTATION('',(#5744),#5748);
#5744 = LINE('',#5745,#5746);
#5745 = CARTESIAN_POINT('',(0.,0.));
#5746 = VECTOR('',#5747,1.);
#5747 = DIRECTION('',(1.,0.));
#5748 = ( GEOMETRIC_REPRESENTATION_CONTEXT(2) 
PARAMETRIC_REPRESENTATION_CONTEXT() REPRESENTATION_CONTEXT('2D SPACE',''
  ) );
#5749 = ORIENTED_EDGE('',*,*,#5750,.F.);
#5750 = EDGE_CURVE('',#5751,#5723,#5753,.T.);
#5751 = VERTEX_POINT('',#5752);
#5752 = CARTESIAN_POINT('',(-3.752493694772,0.910889230971,14.75));
#5753 = SURFACE_CURVE('',#5754,(#5758,#5765),.PCURVE_S1.);
#5754 = LINE('',#5755,#5756);
#5755 = CARTESIAN_POINT('',(-4.142833129551,0.696298310767,14.75));
#5756 = VECTOR('',#5757,1.);
#5757 = DIRECTION('',(0.876306680044,0.481753674102,0.));
#5758 = PCURVE('',#5269,#5759);
#5759 = DEFINITIONAL_REPRESENTATION('',(#5760),#5764);
#5760 = LINE('',#5761,#5762);
#5761 = CARTESIAN_POINT('',(1.557166870449,0.696298310767));
#5762 = VECTOR('',#5763,1.);
#5763 = DIRECTION('',(0.876306680044,0.481753674102));
#5764 = ( GEOMETRIC_REPRESENTATION_CONTEXT(2) 
PARAMETRIC_REPRESENTATION_CONTEXT() REPRESENTATION_CONTEXT('2D SPACE',''
  ) );
#5765 = PCURVE('',#5766,#5771);
#5766 = PLANE('',#5767);
#5767 = AXIS2_PLACEMENT_3D('',#5768,#5769,#5770);
#5768 = CARTESIAN_POINT('',(-4.142833129551,0.696298310767,14.75));
#5769 = DIRECTION('',(-0.481753674102,0.876306680044,0.));
#5770 = DIRECTION('',(0.876306680044,0.481753674102,0.));
#5771 = DEFINITIONAL_REPRESENTATION('',(#5772),#5776);
#5772 = LINE('',#5773,#5774);
#5773 = CARTESIAN_POINT('',(0.,0.));
#5774 = VECTOR('',#5775,1.);
#5775 = DIRECTION('',(1.,0.));
#5776 = ( GEOMETRIC_REPRESENTATION_CONTEXT(2) 
PARAMETRIC_REPRESENTATION_CONTEXT() REPRESENTATION_CONTEXT('2D SPACE',''
  ) );
#5777 = ORIENTED_EDGE('',*,*,#5778,.F.);
#5778 = EDGE_CURVE('',#5779,#5751,#5781,.T.);
#5779 = VERTEX_POINT('',#5780);
#5780 = CARTESIAN_POINT('',(-3.656782414901,0.669150132588,14.75));
#5781 = SURFACE_CURVE('',#5782,(#5787,#5794),.PCURVE_S1.);
#5782 = CIRCLE('',#5783,2.15);
#5783 = AXIS2_PLACEMENT_3D('',#5784,#5785,#5786);
#5784 = CARTESIAN_POINT('',(-5.7,0.,14.75));
#5785 = DIRECTION('',(0.,0.,1.));
#5786 = DIRECTION('',(1.,0.,0.));
#5787 = PCURVE('',#5269,#5788);
#5788 = DEFINITIONAL_REPRESENTATION('',(#5789),#5793);
#5789 = CIRCLE('',#5790,2.15);
#5790 = AXIS2_PLACEMENT_2D('',#5791,#5792);
#5791 = CARTESIAN_POINT('',(0.,-7.643776681114E-18));
#5792 = DIRECTION('',(1.,0.));
#5793 = ( GEOMETRIC_REPRESENTATION_CONTEXT(2) 
PARAMETRIC_REPRESENTATION_CONTEXT() REPRESENTATION_CONTEXT('2D SPACE',''
  ) );
#5794 = PCURVE('',#5795,#5800);
#5795 = CYLINDRICAL_SURFACE('',#5796,2.15);
#5796 = AXIS2_PLACEMENT_3D('',#5797,#5798,#5799);
#5797 = CARTESIAN_POINT('',(-5.7,0.,14.75));
#5798 = DIRECTION('',(-0.,-0.,-1.));
#5799 = DIRECTION('',(1.,0.,0.));
#5800 = DEFINITIONAL_REPRESENTATION('',(#5801),#5805);
#5801 = LINE('',#5802,#5803);
#5802 = CARTESIAN_POINT('',(-0.,0.));
#5803 = VECTOR('',#5804,1.);
#5804 = DIRECTION('',(-1.,0.));
#5805 = ( GEOMETRIC_REPRESENTATION_CONTEXT(2) 
PARAMETRIC_REPRESENTATION_CONTEXT() REPRESENTATION_CONTEXT('2D SPACE',''
  ) );
#5806 = ORIENTED_EDGE('',*,*,#5807,.F.);
#5807 = EDGE_CURVE('',#5808,#5779,#5810,.T.);
#5808 = VERTEX_POINT('',#5809);
#5809 = CARTESIAN_POINT('',(-3.313358681382,0.75732636047,14.75));
#5810 = SURFACE_CURVE('',#5811,(#5815,#5822),.PCURVE_S1.);
#5811 = LINE('',#5812,#5813);
#5812 = CARTESIAN_POINT('',(-3.313358681382,0.75732636047,14.75));
#5813 = VECTOR('',#5814,1.);
#5814 = DIRECTION('',(-0.968583161129,-0.248689887165,0.));
#5815 = PCURVE('',#5269,#5816);
#5816 = DEFINITIONAL_REPRESENTATION('',(#5817),#5821);
#5817 = LINE('',#5818,#5819);
#5818 = CARTESIAN_POINT('',(2.386641318618,0.75732636047));
#5819 = VECTOR('',#5820,1.);
#5820 = DIRECTION('',(-0.968583161129,-0.248689887165));
#5821 = ( GEOMETRIC_REPRESENTATION_CONTEXT(2) 
PARAMETRIC_REPRESENTATION_CONTEXT() REPRESENTATION_CONTEXT('2D SPACE',''
  ) );
#5822 = PCURVE('',#5823,#5828);
#5823 = PLANE('',#5824);
#5824 = AXIS2_PLACEMENT_3D('',#5825,#5826,#5827);
#5825 = CARTESIAN_POINT('',(-3.313358681382,0.75732636047,14.75));
#5826 = DIRECTION('',(0.248689887165,-0.968583161129,0.));
#5827 = DIRECTION('',(-0.968583161129,-0.248689887165,0.));
#5828 = DEFINITIONAL_REPRESENTATION('',(#5829),#5833);
#5829 = LINE('',#5830,#5831);
#5830 = CARTESIAN_POINT('',(0.,0.));
#5831 = VECTOR('',#5832,1.);
#5832 = DIRECTION('',(1.,0.));
#5833 = ( GEOMETRIC_REPRESENTATION_CONTEXT(2) 
PARAMETRIC_REPRESENTATION_CONTEXT() REPRESENTATION_CONTEXT('2D SPACE',''
  ) );
#5834 = ORIENTED_EDGE('',*,*,#5835,.F.);
#5835 = EDGE_CURVE('',#5836,#5808,#5838,.T.);
#5836 = VERTEX_POINT('',#5837);
#5837 = CARTESIAN_POINT('',(-3.243725512975,0.486123075354,14.75));
#5838 = SURFACE_CURVE('',#5839,(#5843,#5850),.PCURVE_S1.);
#5839 = LINE('',#5840,#5841);
#5840 = CARTESIAN_POINT('',(-3.243725512975,0.486123075354,14.75));
#5841 = VECTOR('',#5842,1.);
#5842 = DIRECTION('',(-0.248689887165,0.968583161129,0.));
#5843 = PCURVE('',#5269,#5844);
#5844 = DEFINITIONAL_REPRESENTATION('',(#5845),#5849);
#5845 = LINE('',#5846,#5847);
#5846 = CARTESIAN_POINT('',(2.456274487025,0.486123075354));
#5847 = VECTOR('',#5848,1.);
#5848 = DIRECTION('',(-0.248689887165,0.968583161129));
#5849 = ( GEOMETRIC_REPRESENTATION_CONTEXT(2) 
PARAMETRIC_REPRESENTATION_CONTEXT() REPRESENTATION_CONTEXT('2D SPACE',''
  ) );
#5850 = PCURVE('',#5851,#5856);
#5851 = PLANE('',#5852);
#5852 = AXIS2_PLACEMENT_3D('',#5853,#5854,#5855);
#5853 = CARTESIAN_POINT('',(-3.243725512975,0.486123075354,14.75));
#5854 = DIRECTION('',(-0.968583161129,-0.248689887165,0.));
#5855 = DIRECTION('',(-0.248689887165,0.968583161129,0.));
#5856 = DEFINITIONAL_REPRESENTATION('',(#5857),#5861);
#5857 = LINE('',#5858,#5859);
#5858 = CARTESIAN_POINT('',(0.,0.));
#5859 = VECTOR('',#5860,1.);
#5860 = DIRECTION('',(1.,0.));
#5861 = ( GEOMETRIC_REPRESENTATION_CONTEXT(2) 
PARAMETRIC_REPRESENTATION_CONTEXT() REPRESENTATION_CONTEXT('2D SPACE',''
  ) );
#5862 = ORIENTED_EDGE('',*,*,#5863,.F.);
#5863 = EDGE_CURVE('',#5864,#5836,#5866,.T.);
#5864 = VERTEX_POINT('',#5865);
#5865 = CARTESIAN_POINT('',(-3.587149246495,0.397946847472,14.75));
#5866 = SURFACE_CURVE('',#5867,(#5871,#5878),.PCURVE_S1.);
#5867 = LINE('',#5868,#5869);
#5868 = CARTESIAN_POINT('',(-4.018592041878,0.287171165622,14.75));
#5869 = VECTOR('',#5870,1.);
#5870 = DIRECTION('',(0.968583161129,0.248689887165,0.));
#5871 = PCURVE('',#5269,#5872);
#5872 = DEFINITIONAL_REPRESENTATION('',(#5873),#5877);
#5873 = LINE('',#5874,#5875);
#5874 = CARTESIAN_POINT('',(1.681407958122,0.287171165622));
#5875 = VECTOR('',#5876,1.);
#5876 = DIRECTION('',(0.968583161129,0.248689887165));
#5877 = ( GEOMETRIC_REPRESENTATION_CONTEXT(2) 
PARAMETRIC_REPRESENTATION_CONTEXT() REPRESENTATION_CONTEXT('2D SPACE',''
  ) );
#5878 = PCURVE('',#5879,#5884);
#5879 = PLANE('',#5880);
#5880 = AXIS2_PLACEMENT_3D('',#5881,#5882,#5883);
#5881 = CARTESIAN_POINT('',(-4.018592041878,0.287171165622,14.75));
#5882 = DIRECTION('',(-0.248689887165,0.968583161129,0.));
#5883 = DIRECTION('',(0.968583161129,0.248689887165,0.));
#5884 = DEFINITIONAL_REPRESENTATION('',(#5885),#5889);
#5885 = LINE('',#5886,#5887);
#5886 = CARTESIAN_POINT('',(0.,0.));
#5887 = VECTOR('',#5888,1.);
#5888 = DIRECTION('',(1.,0.));
#5889 = ( GEOMETRIC_REPRESENTATION_CONTEXT(2) 
PARAMETRIC_REPRESENTATION_CONTEXT() REPRESENTATION_CONTEXT('2D SPACE',''
  ) );
#5890 = ORIENTED_EDGE('',*,*,#5891,.F.);
#5891 = EDGE_CURVE('',#5892,#5864,#5894,.T.);
#5892 = VERTEX_POINT('',#5893);
#5893 = CARTESIAN_POINT('',(-3.554562981582,0.14,14.75));
#5894 = SURFACE_CURVE('',#5895,(#5900,#5907),.PCURVE_S1.);
#5895 = CIRCLE('',#5896,2.15);
#5896 = AXIS2_PLACEMENT_3D('',#5897,#5898,#5899);
#5897 = CARTESIAN_POINT('',(-5.7,0.,14.75));
#5898 = DIRECTION('',(0.,0.,1.));
#5899 = DIRECTION('',(1.,0.,0.));
#5900 = PCURVE('',#5269,#5901);
#5901 = DEFINITIONAL_REPRESENTATION('',(#5902),#5906);
#5902 = CIRCLE('',#5903,2.15);
#5903 = AXIS2_PLACEMENT_2D('',#5904,#5905);
#5904 = CARTESIAN_POINT('',(0.,-7.643776681114E-18));
#5905 = DIRECTION('',(1.,0.));
#5906 = ( GEOMETRIC_REPRESENTATION_CONTEXT(2) 
PARAMETRIC_REPRESENTATION_CONTEXT() REPRESENTATION_CONTEXT('2D SPACE',''
  ) );
#5907 = PCURVE('',#5908,#5913);
#5908 = CYLINDRICAL_SURFACE('',#5909,2.15);
#5909 = AXIS2_PLACEMENT_3D('',#5910,#5911,#5912);
#5910 = CARTESIAN_POINT('',(-5.7,0.,14.75));
#5911 = DIRECTION('',(-0.,-0.,-1.));
#5912 = DIRECTION('',(1.,0.,0.));
#5913 = DEFINITIONAL_REPRESENTATION('',(#5914),#5918);
#5914 = LINE('',#5915,#5916);
#5915 = CARTESIAN_POINT('',(-0.,0.));
#5916 = VECTOR('',#5917,1.);
#5917 = DIRECTION('',(-1.,0.));
#5918 = ( GEOMETRIC_REPRESENTATION_CONTEXT(2) 
PARAMETRIC_REPRESENTATION_CONTEXT() REPRESENTATION_CONTEXT('2D SPACE',''
  ) );
#5919 = ORIENTED_EDGE('',*,*,#5920,.F.);
#5920 = EDGE_CURVE('',#5921,#5892,#5923,.T.);
#5921 = VERTEX_POINT('',#5922);
#5922 = CARTESIAN_POINT('',(-3.2,0.14,14.75));
#5923 = SURFACE_CURVE('',#5924,(#5928,#5935),.PCURVE_S1.);
#5924 = LINE('',#5925,#5926);
#5925 = CARTESIAN_POINT('',(-3.2,0.14,14.75));
#5926 = VECTOR('',#5927,1.);
#5927 = DIRECTION('',(-1.,0.,0.));
#5928 = PCURVE('',#5269,#5929);
#5929 = DEFINITIONAL_REPRESENTATION('',(#5930),#5934);
#5930 = LINE('',#5931,#5932);
#5931 = CARTESIAN_POINT('',(2.5,0.14));
#5932 = VECTOR('',#5933,1.);
#5933 = DIRECTION('',(-1.,0.));
#5934 = ( GEOMETRIC_REPRESENTATION_CONTEXT(2) 
PARAMETRIC_REPRESENTATION_CONTEXT() REPRESENTATION_CONTEXT('2D SPACE',''
  ) );
#5935 = PCURVE('',#5936,#5941);
#5936 = PLANE('',#5937);
#5937 = AXIS2_PLACEMENT_3D('',#5938,#5939,#5940);
#5938 = CARTESIAN_POINT('',(-3.2,0.14,14.75));
#5939 = DIRECTION('',(0.,-1.,0.));
#5940 = DIRECTION('',(-1.,0.,0.));
#5941 = DEFINITIONAL_REPRESENTATION('',(#5942),#5946);
#5942 = LINE('',#5943,#5944);
#5943 = CARTESIAN_POINT('',(0.,-0.));
#5944 = VECTOR('',#5945,1.);
#5945 = DIRECTION('',(1.,0.));
#5946 = ( GEOMETRIC_REPRESENTATION_CONTEXT(2) 
PARAMETRIC_REPRESENTATION_CONTEXT() REPRESENTATION_CONTEXT('2D SPACE',''
  ) );
#5947 = ORIENTED_EDGE('',*,*,#5948,.F.);
#5948 = EDGE_CURVE('',#5949,#5921,#5951,.T.);
#5949 = VERTEX_POINT('',#5950);
#5950 = CARTESIAN_POINT('',(-3.2,-0.14,14.75));
#5951 = SURFACE_CURVE('',#5952,(#5956,#5963),.PCURVE_S1.);
#5952 = LINE('',#5953,#5954);
#5953 = CARTESIAN_POINT('',(-3.2,-0.14,14.75));
#5954 = VECTOR('',#5955,1.);
#5955 = DIRECTION('',(0.,1.,0.));
#5956 = PCURVE('',#5269,#5957);
#5957 = DEFINITIONAL_REPRESENTATION('',(#5958),#5962);
#5958 = LINE('',#5959,#5960);
#5959 = CARTESIAN_POINT('',(2.5,-0.14));
#5960 = VECTOR('',#5961,1.);
#5961 = DIRECTION('',(0.,1.));
#5962 = ( GEOMETRIC_REPRESENTATION_CONTEXT(2) 
PARAMETRIC_REPRESENTATION_CONTEXT() REPRESENTATION_CONTEXT('2D SPACE',''
  ) );
#5963 = PCURVE('',#5964,#5969);
#5964 = PLANE('',#5965);
#5965 = AXIS2_PLACEMENT_3D('',#5966,#5967,#5968);
#5966 = CARTESIAN_POINT('',(-3.2,-0.14,14.75));
#5967 = DIRECTION('',(-1.,0.,0.));
#5968 = DIRECTION('',(0.,1.,0.));
#5969 = DEFINITIONAL_REPRESENTATION('',(#5970),#5974);
#5970 = LINE('',#5971,#5972);
#5971 = CARTESIAN_POINT('',(0.,0.));
#5972 = VECTOR('',#5973,1.);
#5973 = DIRECTION('',(1.,0.));
#5974 = ( GEOMETRIC_REPRESENTATION_CONTEXT(2) 
PARAMETRIC_REPRESENTATION_CONTEXT() REPRESENTATION_CONTEXT('2D SPACE',''
  ) );
#5975 = ORIENTED_EDGE('',*,*,#5976,.F.);
#5976 = EDGE_CURVE('',#5977,#5949,#5979,.T.);
#5977 = VERTEX_POINT('',#5978);
#5978 = CARTESIAN_POINT('',(-3.554562981582,-0.14,14.75));
#5979 = SURFACE_CURVE('',#5980,(#5984,#5991),.PCURVE_S1.);
#5980 = LINE('',#5981,#5982);
#5981 = CARTESIAN_POINT('',(-4.,-0.14,14.75));
#5982 = VECTOR('',#5983,1.);
#5983 = DIRECTION('',(1.,0.,0.));
#5984 = PCURVE('',#5269,#5985);
#5985 = DEFINITIONAL_REPRESENTATION('',(#5986),#5990);
#5986 = LINE('',#5987,#5988);
#5987 = CARTESIAN_POINT('',(1.7,-0.14));
#5988 = VECTOR('',#5989,1.);
#5989 = DIRECTION('',(1.,0.));
#5990 = ( GEOMETRIC_REPRESENTATION_CONTEXT(2) 
PARAMETRIC_REPRESENTATION_CONTEXT() REPRESENTATION_CONTEXT('2D SPACE',''
  ) );
#5991 = PCURVE('',#5992,#5997);
#5992 = PLANE('',#5993);
#5993 = AXIS2_PLACEMENT_3D('',#5994,#5995,#5996);
#5994 = CARTESIAN_POINT('',(-4.,-0.14,14.75));
#5995 = DIRECTION('',(0.,1.,0.));
#5996 = DIRECTION('',(1.,0.,0.));
#5997 = DEFINITIONAL_REPRESENTATION('',(#5998),#6002);
#5998 = LINE('',#5999,#6000);
#5999 = CARTESIAN_POINT('',(0.,0.));
#6000 = VECTOR('',#6001,1.);
#6001 = DIRECTION('',(1.,0.));
#6002 = ( GEOMETRIC_REPRESENTATION_CONTEXT(2) 
PARAMETRIC_REPRESENTATION_CONTEXT() REPRESENTATION_CONTEXT('2D SPACE',''
  ) );
#6003 = ORIENTED_EDGE('',*,*,#6004,.F.);
#6004 = EDGE_CURVE('',#6005,#5977,#6007,.T.);
#6005 = VERTEX_POINT('',#6006);
#6006 = CARTESIAN_POINT('',(-3.587149246495,-0.397946847472,14.75));
#6007 = SURFACE_CURVE('',#6008,(#6013,#6020),.PCURVE_S1.);
#6008 = CIRCLE('',#6009,2.15);
#6009 = AXIS2_PLACEMENT_3D('',#6010,#6011,#6012);
#6010 = CARTESIAN_POINT('',(-5.7,0.,14.75));
#6011 = DIRECTION('',(0.,0.,1.));
#6012 = DIRECTION('',(1.,0.,0.));
#6013 = PCURVE('',#5269,#6014);
#6014 = DEFINITIONAL_REPRESENTATION('',(#6015),#6019);
#6015 = CIRCLE('',#6016,2.15);
#6016 = AXIS2_PLACEMENT_2D('',#6017,#6018);
#6017 = CARTESIAN_POINT('',(0.,-7.643776681114E-18));
#6018 = DIRECTION('',(1.,0.));
#6019 = ( GEOMETRIC_REPRESENTATION_CONTEXT(2) 
PARAMETRIC_REPRESENTATION_CONTEXT() REPRESENTATION_CONTEXT('2D SPACE',''
  ) );
#6020 = PCURVE('',#6021,#6026);
#6021 = CYLINDRICAL_SURFACE('',#6022,2.15);
#6022 = AXIS2_PLACEMENT_3D('',#6023,#6024,#6025);
#6023 = CARTESIAN_POINT('',(-5.7,0.,14.75));
#6024 = DIRECTION('',(-0.,-0.,-1.));
#6025 = DIRECTION('',(1.,0.,0.));
#6026 = DEFINITIONAL_REPRESENTATION('',(#6027),#6031);
#6027 = LINE('',#6028,#6029);
#6028 = CARTESIAN_POINT('',(-0.,0.));
#6029 = VECTOR('',#6030,1.);
#6030 = DIRECTION('',(-1.,0.));
#6031 = ( GEOMETRIC_REPRESENTATION_CONTEXT(2) 
PARAMETRIC_REPRESENTATION_CONTEXT() REPRESENTATION_CONTEXT('2D SPACE',''
  ) );
#6032 = ORIENTED_EDGE('',*,*,#6033,.F.);
#6033 = EDGE_CURVE('',#6034,#6005,#6036,.T.);
#6034 = VERTEX_POINT('',#6035);
#6035 = CARTESIAN_POINT('',(-3.243725512975,-0.486123075354,14.75));
#6036 = SURFACE_CURVE('',#6037,(#6041,#6048),.PCURVE_S1.);
#6037 = LINE('',#6038,#6039);
#6038 = CARTESIAN_POINT('',(-3.243725512975,-0.486123075354,14.75));
#6039 = VECTOR('',#6040,1.);
#6040 = DIRECTION('',(-0.968583161129,0.248689887165,0.));
#6041 = PCURVE('',#5269,#6042);
#6042 = DEFINITIONAL_REPRESENTATION('',(#6043),#6047);
#6043 = LINE('',#6044,#6045);
#6044 = CARTESIAN_POINT('',(2.456274487025,-0.486123075354));
#6045 = VECTOR('',#6046,1.);
#6046 = DIRECTION('',(-0.968583161129,0.248689887165));
#6047 = ( GEOMETRIC_REPRESENTATION_CONTEXT(2) 
PARAMETRIC_REPRESENTATION_CONTEXT() REPRESENTATION_CONTEXT('2D SPACE',''
  ) );
#6048 = PCURVE('',#6049,#6054);
#6049 = PLANE('',#6050);
#6050 = AXIS2_PLACEMENT_3D('',#6051,#6052,#6053);
#6051 = CARTESIAN_POINT('',(-3.243725512975,-0.486123075354,14.75));
#6052 = DIRECTION('',(-0.248689887165,-0.968583161129,0.));
#6053 = DIRECTION('',(-0.968583161129,0.248689887165,0.));
#6054 = DEFINITIONAL_REPRESENTATION('',(#6055),#6059);
#6055 = LINE('',#6056,#6057);
#6056 = CARTESIAN_POINT('',(0.,0.));
#6057 = VECTOR('',#6058,1.);
#6058 = DIRECTION('',(1.,0.));
#6059 = ( GEOMETRIC_REPRESENTATION_CONTEXT(2) 
PARAMETRIC_REPRESENTATION_CONTEXT() REPRESENTATION_CONTEXT('2D SPACE',''
  ) );
#6060 = ORIENTED_EDGE('',*,*,#6061,.F.);
#6061 = EDGE_CURVE('',#6062,#6034,#6064,.T.);
#6062 = VERTEX_POINT('',#6063);
#6063 = CARTESIAN_POINT('',(-3.313358681382,-0.75732636047,14.75));
#6064 = SURFACE_CURVE('',#6065,(#6069,#6076),.PCURVE_S1.);
#6065 = LINE('',#6066,#6067);
#6066 = CARTESIAN_POINT('',(-3.313358681382,-0.75732636047,14.75));
#6067 = VECTOR('',#6068,1.);
#6068 = DIRECTION('',(0.248689887165,0.968583161129,0.));
#6069 = PCURVE('',#5269,#6070);
#6070 = DEFINITIONAL_REPRESENTATION('',(#6071),#6075);
#6071 = LINE('',#6072,#6073);
#6072 = CARTESIAN_POINT('',(2.386641318618,-0.75732636047));
#6073 = VECTOR('',#6074,1.);
#6074 = DIRECTION('',(0.248689887165,0.968583161129));
#6075 = ( GEOMETRIC_REPRESENTATION_CONTEXT(2) 
PARAMETRIC_REPRESENTATION_CONTEXT() REPRESENTATION_CONTEXT('2D SPACE',''
  ) );
#6076 = PCURVE('',#6077,#6082);
#6077 = PLANE('',#6078);
#6078 = AXIS2_PLACEMENT_3D('',#6079,#6080,#6081);
#6079 = CARTESIAN_POINT('',(-3.313358681382,-0.75732636047,14.75));
#6080 = DIRECTION('',(-0.968583161129,0.248689887165,0.));
#6081 = DIRECTION('',(0.248689887165,0.968583161129,0.));
#6082 = DEFINITIONAL_REPRESENTATION('',(#6083),#6087);
#6083 = LINE('',#6084,#6085);
#6084 = CARTESIAN_POINT('',(0.,0.));
#6085 = VECTOR('',#6086,1.);
#6086 = DIRECTION('',(1.,0.));
#6087 = ( GEOMETRIC_REPRESENTATION_CONTEXT(2) 
PARAMETRIC_REPRESENTATION_CONTEXT() REPRESENTATION_CONTEXT('2D SPACE',''
  ) );
#6088 = ORIENTED_EDGE('',*,*,#6089,.F.);
#6089 = EDGE_CURVE('',#6090,#6062,#6092,.T.);
#6090 = VERTEX_POINT('',#6091);
#6091 = CARTESIAN_POINT('',(-3.656782414901,-0.669150132588,14.75));
#6092 = SURFACE_CURVE('',#6093,(#6097,#6104),.PCURVE_S1.);
#6093 = LINE('',#6094,#6095);
#6094 = CARTESIAN_POINT('',(-4.088225210284,-0.558374450738,14.75));
#6095 = VECTOR('',#6096,1.);
#6096 = DIRECTION('',(0.968583161129,-0.248689887165,0.));
#6097 = PCURVE('',#5269,#6098);
#6098 = DEFINITIONAL_REPRESENTATION('',(#6099),#6103);
#6099 = LINE('',#6100,#6101);
#6100 = CARTESIAN_POINT('',(1.611774789716,-0.558374450738));
#6101 = VECTOR('',#6102,1.);
#6102 = DIRECTION('',(0.968583161129,-0.248689887165));
#6103 = ( GEOMETRIC_REPRESENTATION_CONTEXT(2) 
PARAMETRIC_REPRESENTATION_CONTEXT() REPRESENTATION_CONTEXT('2D SPACE',''
  ) );
#6104 = PCURVE('',#6105,#6110);
#6105 = PLANE('',#6106);
#6106 = AXIS2_PLACEMENT_3D('',#6107,#6108,#6109);
#6107 = CARTESIAN_POINT('',(-4.088225210284,-0.558374450738,14.75));
#6108 = DIRECTION('',(0.248689887165,0.968583161129,0.));
#6109 = DIRECTION('',(0.968583161129,-0.248689887165,0.));
#6110 = DEFINITIONAL_REPRESENTATION('',(#6111),#6115);
#6111 = LINE('',#6112,#6113);
#6112 = CARTESIAN_POINT('',(0.,0.));
#6113 = VECTOR('',#6114,1.);
#6114 = DIRECTION('',(1.,0.));
#6115 = ( GEOMETRIC_REPRESENTATION_CONTEXT(2) 
PARAMETRIC_REPRESENTATION_CONTEXT() REPRESENTATION_CONTEXT('2D SPACE',''
  ) );
#6116 = ORIENTED_EDGE('',*,*,#6117,.F.);
#6117 = EDGE_CURVE('',#6118,#6090,#6120,.T.);
#6118 = VERTEX_POINT('',#6119);
#6119 = CARTESIAN_POINT('',(-3.752493694772,-0.910889230971,14.75));
#6120 = SURFACE_CURVE('',#6121,(#6126,#6133),.PCURVE_S1.);
#6121 = CIRCLE('',#6122,2.15);
#6122 = AXIS2_PLACEMENT_3D('',#6123,#6124,#6125);
#6123 = CARTESIAN_POINT('',(-5.7,0.,14.75));
#6124 = DIRECTION('',(0.,0.,1.));
#6125 = DIRECTION('',(1.,0.,0.));
#6126 = PCURVE('',#5269,#6127);
#6127 = DEFINITIONAL_REPRESENTATION('',(#6128),#6132);
#6128 = CIRCLE('',#6129,2.15);
#6129 = AXIS2_PLACEMENT_2D('',#6130,#6131);
#6130 = CARTESIAN_POINT('',(0.,-7.643776681114E-18));
#6131 = DIRECTION('',(1.,0.));
#6132 = ( GEOMETRIC_REPRESENTATION_CONTEXT(2) 
PARAMETRIC_REPRESENTATION_CONTEXT() REPRESENTATION_CONTEXT('2D SPACE',''
  ) );
#6133 = PCURVE('',#6134,#6139);
#6134 = CYLINDRICAL_SURFACE('',#6135,2.15);
#6135 = AXIS2_PLACEMENT_3D('',#6136,#6137,#6138);
#6136 = CARTESIAN_POINT('',(-5.7,0.,14.75));
#6137 = DIRECTION('',(-0.,-0.,-1.));
#6138 = DIRECTION('',(1.,0.,0.));
#6139 = DEFINITIONAL_REPRESENTATION('',(#6140),#6144);
#6140 = LINE('',#6141,#6142);
#6141 = CARTESIAN_POINT('',(-0.,0.));
#6142 = VECTOR('',#6143,1.);
#6143 = DIRECTION('',(-1.,0.));
#6144 = ( GEOMETRIC_REPRESENTATION_CONTEXT(2) 
PARAMETRIC_REPRESENTATION_CONTEXT() REPRESENTATION_CONTEXT('2D SPACE',''
  ) );
#6145 = ORIENTED_EDGE('',*,*,#6146,.F.);
#6146 = EDGE_CURVE('',#6147,#6118,#6149,.T.);
#6147 = VERTEX_POINT('',#6148);
#6148 = CARTESIAN_POINT('',(-3.441787785516,-1.081701250048,14.75));
#6149 = SURFACE_CURVE('',#6150,(#6154,#6161),.PCURVE_S1.);
#6150 = LINE('',#6151,#6152);
#6151 = CARTESIAN_POINT('',(-3.441787785516,-1.081701250048,14.75));
#6152 = VECTOR('',#6153,1.);
#6153 = DIRECTION('',(-0.876306680044,0.481753674102,0.));
#6154 = PCURVE('',#5269,#6155);
#6155 = DEFINITIONAL_REPRESENTATION('',(#6156),#6160);
#6156 = LINE('',#6157,#6158);
#6157 = CARTESIAN_POINT('',(2.258212214484,-1.081701250048));
#6158 = VECTOR('',#6159,1.);
#6159 = DIRECTION('',(-0.876306680044,0.481753674102));
#6160 = ( GEOMETRIC_REPRESENTATION_CONTEXT(2) 
PARAMETRIC_REPRESENTATION_CONTEXT() REPRESENTATION_CONTEXT('2D SPACE',''
  ) );
#6161 = PCURVE('',#6162,#6167);
#6162 = PLANE('',#6163);
#6163 = AXIS2_PLACEMENT_3D('',#6164,#6165,#6166);
#6164 = CARTESIAN_POINT('',(-3.441787785516,-1.081701250048,14.75));
#6165 = DIRECTION('',(-0.481753674102,-0.876306680044,0.));
#6166 = DIRECTION('',(-0.876306680044,0.481753674102,0.));
#6167 = DEFINITIONAL_REPRESENTATION('',(#6168),#6172);
#6168 = LINE('',#6169,#6170);
#6169 = CARTESIAN_POINT('',(0.,0.));
#6170 = VECTOR('',#6171,1.);
#6171 = DIRECTION('',(1.,0.));
#6172 = ( GEOMETRIC_REPRESENTATION_CONTEXT(2) 
PARAMETRIC_REPRESENTATION_CONTEXT() REPRESENTATION_CONTEXT('2D SPACE',''
  ) );
#6173 = ORIENTED_EDGE('',*,*,#6174,.F.);
#6174 = EDGE_CURVE('',#6175,#6147,#6177,.T.);
#6175 = VERTEX_POINT('',#6176);
#6176 = CARTESIAN_POINT('',(-3.576678814265,-1.32706712046,14.75));
#6177 = SURFACE_CURVE('',#6178,(#6182,#6189),.PCURVE_S1.);
#6178 = LINE('',#6179,#6180);
#6179 = CARTESIAN_POINT('',(-3.576678814265,-1.32706712046,14.75));
#6180 = VECTOR('',#6181,1.);
#6181 = DIRECTION('',(0.481753674102,0.876306680044,0.));
#6182 = PCURVE('',#5269,#6183);
#6183 = DEFINITIONAL_REPRESENTATION('',(#6184),#6188);
#6184 = LINE('',#6185,#6186);
#6185 = CARTESIAN_POINT('',(2.123321185735,-1.32706712046));
#6186 = VECTOR('',#6187,1.);
#6187 = DIRECTION('',(0.481753674102,0.876306680044));
#6188 = ( GEOMETRIC_REPRESENTATION_CONTEXT(2) 
PARAMETRIC_REPRESENTATION_CONTEXT() REPRESENTATION_CONTEXT('2D SPACE',''
  ) );
#6189 = PCURVE('',#6190,#6195);
#6190 = PLANE('',#6191);
#6191 = AXIS2_PLACEMENT_3D('',#6192,#6193,#6194);
#6192 = CARTESIAN_POINT('',(-3.576678814265,-1.32706712046,14.75));
#6193 = DIRECTION('',(-0.876306680044,0.481753674102,0.));
#6194 = DIRECTION('',(0.481753674102,0.876306680044,0.));
#6195 = DEFINITIONAL_REPRESENTATION('',(#6196),#6200);
#6196 = LINE('',#6197,#6198);
#6197 = CARTESIAN_POINT('',(0.,0.));
#6198 = VECTOR('',#6199,1.);
#6199 = DIRECTION('',(1.,0.));
#6200 = ( GEOMETRIC_REPRESENTATION_CONTEXT(2) 
PARAMETRIC_REPRESENTATION_CONTEXT() REPRESENTATION_CONTEXT('2D SPACE',''
  ) );
#6201 = ORIENTED_EDGE('',*,*,#6202,.F.);
#6202 = EDGE_CURVE('',#6203,#6175,#6205,.T.);
#6203 = VERTEX_POINT('',#6204);
#6204 = CARTESIAN_POINT('',(-3.887384723521,-1.156255101383,14.75));
#6205 = SURFACE_CURVE('',#6206,(#6210,#6217),.PCURVE_S1.);
#6206 = LINE('',#6207,#6208);
#6207 = CARTESIAN_POINT('',(-4.2777241583,-0.941664181179,14.75));
#6208 = VECTOR('',#6209,1.);
#6209 = DIRECTION('',(0.876306680044,-0.481753674102,0.));
#6210 = PCURVE('',#5269,#6211);
#6211 = DEFINITIONAL_REPRESENTATION('',(#6212),#6216);
#6212 = LINE('',#6213,#6214);
#6213 = CARTESIAN_POINT('',(1.4222758417,-0.941664181179));
#6214 = VECTOR('',#6215,1.);
#6215 = DIRECTION('',(0.876306680044,-0.481753674102));
#6216 = ( GEOMETRIC_REPRESENTATION_CONTEXT(2) 
PARAMETRIC_REPRESENTATION_CONTEXT() REPRESENTATION_CONTEXT('2D SPACE',''
  ) );
#6217 = PCURVE('',#6218,#6223);
#6218 = PLANE('',#6219);
#6219 = AXIS2_PLACEMENT_3D('',#6220,#6221,#6222);
#6220 = CARTESIAN_POINT('',(-4.2777241583,-0.941664181179,14.75));
#6221 = DIRECTION('',(0.481753674102,0.876306680044,0.));
#6222 = DIRECTION('',(0.876306680044,-0.481753674102,0.));
#6223 = DEFINITIONAL_REPRESENTATION('',(#6224),#6228);
#6224 = LINE('',#6225,#6226);
#6225 = CARTESIAN_POINT('',(0.,0.));
#6226 = VECTOR('',#6227,1.);
#6227 = DIRECTION('',(1.,0.));
#6228 = ( GEOMETRIC_REPRESENTATION_CONTEXT(2) 
PARAMETRIC_REPRESENTATION_CONTEXT() REPRESENTATION_CONTEXT('2D SPACE',''
  ) );
#6229 = ORIENTED_EDGE('',*,*,#6230,.F.);
#6230 = EDGE_CURVE('',#6231,#6203,#6233,.T.);
#6231 = VERTEX_POINT('',#6232);
#6232 = CARTESIAN_POINT('',(-4.040207126634,-1.366597094072,14.75));
#6233 = SURFACE_CURVE('',#6234,(#6239,#6246),.PCURVE_S1.);
#6234 = CIRCLE('',#6235,2.15);
#6235 = AXIS2_PLACEMENT_3D('',#6236,#6237,#6238);
#6236 = CARTESIAN_POINT('',(-5.7,0.,14.75));
#6237 = DIRECTION('',(0.,0.,1.));
#6238 = DIRECTION('',(1.,0.,0.));
#6239 = PCURVE('',#5269,#6240);
#6240 = DEFINITIONAL_REPRESENTATION('',(#6241),#6245);
#6241 = CIRCLE('',#6242,2.15);
#6242 = AXIS2_PLACEMENT_2D('',#6243,#6244);
#6243 = CARTESIAN_POINT('',(0.,-7.643776681114E-18));
#6244 = DIRECTION('',(1.,0.));
#6245 = ( GEOMETRIC_REPRESENTATION_CONTEXT(2) 
PARAMETRIC_REPRESENTATION_CONTEXT() REPRESENTATION_CONTEXT('2D SPACE',''
  ) );
#6246 = PCURVE('',#6247,#6252);
#6247 = CYLINDRICAL_SURFACE('',#6248,2.15);
#6248 = AXIS2_PLACEMENT_3D('',#6249,#6250,#6251);
#6249 = CARTESIAN_POINT('',(-5.7,0.,14.75));
#6250 = DIRECTION('',(-0.,-0.,-1.));
#6251 = DIRECTION('',(1.,0.,0.));
#6252 = DEFINITIONAL_REPRESENTATION('',(#6253),#6257);
#6253 = LINE('',#6254,#6255);
#6254 = CARTESIAN_POINT('',(-0.,0.));
#6255 = VECTOR('',#6256,1.);
#6256 = DIRECTION('',(-1.,0.));
#6257 = ( GEOMETRIC_REPRESENTATION_CONTEXT(2) 
PARAMETRIC_REPRESENTATION_CONTEXT() REPRESENTATION_CONTEXT('2D SPACE',''
  ) );
#6258 = ORIENTED_EDGE('',*,*,#6259,.F.);
#6259 = EDGE_CURVE('',#6260,#6231,#6262,.T.);
#6260 = VERTEX_POINT('',#6261);
#6261 = CARTESIAN_POINT('',(-3.781741836616,-1.609312156983,14.75));
#6262 = SURFACE_CURVE('',#6263,(#6267,#6274),.PCURVE_S1.);
#6263 = LINE('',#6264,#6265);
#6264 = CARTESIAN_POINT('',(-3.781741836616,-1.609312156983,14.75));
#6265 = VECTOR('',#6266,1.);
#6266 = DIRECTION('',(-0.728968627421,0.684547105929,0.));
#6267 = PCURVE('',#5269,#6268);
#6268 = DEFINITIONAL_REPRESENTATION('',(#6269),#6273);
#6269 = LINE('',#6270,#6271);
#6270 = CARTESIAN_POINT('',(1.918258163384,-1.609312156983));
#6271 = VECTOR('',#6272,1.);
#6272 = DIRECTION('',(-0.728968627421,0.684547105929));
#6273 = ( GEOMETRIC_REPRESENTATION_CONTEXT(2) 
PARAMETRIC_REPRESENTATION_CONTEXT() REPRESENTATION_CONTEXT('2D SPACE',''
  ) );
#6274 = PCURVE('',#6275,#6280);
#6275 = PLANE('',#6276);
#6276 = AXIS2_PLACEMENT_3D('',#6277,#6278,#6279);
#6277 = CARTESIAN_POINT('',(-3.781741836616,-1.609312156983,14.75));
#6278 = DIRECTION('',(-0.684547105929,-0.728968627421,0.));
#6279 = DIRECTION('',(-0.728968627421,0.684547105929,0.));
#6280 = DEFINITIONAL_REPRESENTATION('',(#6281),#6285);
#6281 = LINE('',#6282,#6283);
#6282 = CARTESIAN_POINT('',(0.,0.));
#6283 = VECTOR('',#6284,1.);
#6284 = DIRECTION('',(1.,0.));
#6285 = ( GEOMETRIC_REPRESENTATION_CONTEXT(2) 
PARAMETRIC_REPRESENTATION_CONTEXT() REPRESENTATION_CONTEXT('2D SPACE',''
  ) );
#6286 = ORIENTED_EDGE('',*,*,#6287,.F.);
#6287 = EDGE_CURVE('',#6288,#6260,#6290,.T.);
#6288 = VERTEX_POINT('',#6289);
#6289 = CARTESIAN_POINT('',(-3.973415026276,-1.813423372661,14.75));
#6290 = SURFACE_CURVE('',#6291,(#6295,#6302),.PCURVE_S1.);
#6291 = LINE('',#6292,#6293);
#6292 = CARTESIAN_POINT('',(-3.973415026276,-1.813423372661,14.75));
#6293 = VECTOR('',#6294,1.);
#6294 = DIRECTION('',(0.684547105929,0.728968627421,0.));
#6295 = PCURVE('',#5269,#6296);
#6296 = DEFINITIONAL_REPRESENTATION('',(#6297),#6301);
#6297 = LINE('',#6298,#6299);
#6298 = CARTESIAN_POINT('',(1.726584973724,-1.813423372661));
#6299 = VECTOR('',#6300,1.);
#6300 = DIRECTION('',(0.684547105929,0.728968627421));
#6301 = ( GEOMETRIC_REPRESENTATION_CONTEXT(2) 
PARAMETRIC_REPRESENTATION_CONTEXT() REPRESENTATION_CONTEXT('2D SPACE',''
  ) );
#6302 = PCURVE('',#6303,#6308);
#6303 = PLANE('',#6304);
#6304 = AXIS2_PLACEMENT_3D('',#6305,#6306,#6307);
#6305 = CARTESIAN_POINT('',(-3.973415026276,-1.813423372661,14.75));
#6306 = DIRECTION('',(-0.728968627421,0.684547105929,0.));
#6307 = DIRECTION('',(0.684547105929,0.728968627421,0.));
#6308 = DEFINITIONAL_REPRESENTATION('',(#6309),#6313);
#6309 = LINE('',#6310,#6311);
#6310 = CARTESIAN_POINT('',(0.,0.));
#6311 = VECTOR('',#6312,1.);
#6312 = DIRECTION('',(1.,0.));
#6313 = ( GEOMETRIC_REPRESENTATION_CONTEXT(2) 
PARAMETRIC_REPRESENTATION_CONTEXT() REPRESENTATION_CONTEXT('2D SPACE',''
  ) );
#6314 = ORIENTED_EDGE('',*,*,#6315,.F.);
#6315 = EDGE_CURVE('',#6316,#6288,#6318,.T.);
#6316 = VERTEX_POINT('',#6317);
#6317 = CARTESIAN_POINT('',(-4.231880316295,-1.57070830975,14.75));
#6318 = SURFACE_CURVE('',#6319,(#6323,#6330),.PCURVE_S1.);
#6319 = LINE('',#6320,#6321);
#6320 = CARTESIAN_POINT('',(-4.556589928214,-1.265785687918,14.75));
#6321 = VECTOR('',#6322,1.);
#6322 = DIRECTION('',(0.728968627421,-0.684547105929,0.));
#6323 = PCURVE('',#5269,#6324);
#6324 = DEFINITIONAL_REPRESENTATION('',(#6325),#6329);
#6325 = LINE('',#6326,#6327);
#6326 = CARTESIAN_POINT('',(1.143410071786,-1.265785687918));
#6327 = VECTOR('',#6328,1.);
#6328 = DIRECTION('',(0.728968627421,-0.684547105929));
#6329 = ( GEOMETRIC_REPRESENTATION_CONTEXT(2) 
PARAMETRIC_REPRESENTATION_CONTEXT() REPRESENTATION_CONTEXT('2D SPACE',''
  ) );
#6330 = PCURVE('',#6331,#6336);
#6331 = PLANE('',#6332);
#6332 = AXIS2_PLACEMENT_3D('',#6333,#6334,#6335);
#6333 = CARTESIAN_POINT('',(-4.556589928214,-1.265785687918,14.75));
#6334 = DIRECTION('',(0.684547105929,0.728968627421,0.));
#6335 = DIRECTION('',(0.728968627421,-0.684547105929,0.));
#6336 = DEFINITIONAL_REPRESENTATION('',(#6337),#6341);
#6337 = LINE('',#6338,#6339);
#6338 = CARTESIAN_POINT('',(0.,0.));
#6339 = VECTOR('',#6340,1.);
#6340 = DIRECTION('',(1.,0.));
#6341 = ( GEOMETRIC_REPRESENTATION_CONTEXT(2) 
PARAMETRIC_REPRESENTATION_CONTEXT() REPRESENTATION_CONTEXT('2D SPACE',''
  ) );
#6342 = ORIENTED_EDGE('',*,*,#6343,.F.);
#6343 = EDGE_CURVE('',#6344,#6316,#6346,.T.);
#6344 = VERTEX_POINT('',#6345);
#6345 = CARTESIAN_POINT('',(-4.432211449021,-1.736436635759,14.75));
#6346 = SURFACE_CURVE('',#6347,(#6352,#6359),.PCURVE_S1.);
#6347 = CIRCLE('',#6348,2.15);
#6348 = AXIS2_PLACEMENT_3D('',#6349,#6350,#6351);
#6349 = CARTESIAN_POINT('',(-5.7,0.,14.75));
#6350 = DIRECTION('',(0.,0.,1.));
#6351 = DIRECTION('',(1.,0.,0.));
#6352 = PCURVE('',#5269,#6353);
#6353 = DEFINITIONAL_REPRESENTATION('',(#6354),#6358);
#6354 = CIRCLE('',#6355,2.15);
#6355 = AXIS2_PLACEMENT_2D('',#6356,#6357);
#6356 = CARTESIAN_POINT('',(0.,-7.643776681114E-18));
#6357 = DIRECTION('',(1.,0.));
#6358 = ( GEOMETRIC_REPRESENTATION_CONTEXT(2) 
PARAMETRIC_REPRESENTATION_CONTEXT() REPRESENTATION_CONTEXT('2D SPACE',''
  ) );
#6359 = PCURVE('',#6360,#6365);
#6360 = CYLINDRICAL_SURFACE('',#6361,2.15);
#6361 = AXIS2_PLACEMENT_3D('',#6362,#6363,#6364);
#6362 = CARTESIAN_POINT('',(-5.7,0.,14.75));
#6363 = DIRECTION('',(-0.,-0.,-1.));
#6364 = DIRECTION('',(1.,0.,0.));
#6365 = DEFINITIONAL_REPRESENTATION('',(#6366),#6370);
#6366 = LINE('',#6367,#6368);
#6367 = CARTESIAN_POINT('',(-0.,0.));
#6368 = VECTOR('',#6369,1.);
#6369 = DIRECTION('',(-1.,0.));
#6370 = ( GEOMETRIC_REPRESENTATION_CONTEXT(2) 
PARAMETRIC_REPRESENTATION_CONTEXT() REPRESENTATION_CONTEXT('2D SPACE',''
  ) );
#6371 = ORIENTED_EDGE('',*,*,#6372,.F.);
#6372 = EDGE_CURVE('',#6373,#6344,#6375,.T.);
#6373 = VERTEX_POINT('',#6374);
#6374 = CARTESIAN_POINT('',(-4.242227102982,-2.035804062458,14.75));
#6375 = SURFACE_CURVE('',#6376,(#6380,#6387),.PCURVE_S1.);
#6376 = LINE('',#6377,#6378);
#6377 = CARTESIAN_POINT('',(-4.242227102982,-2.035804062458,14.75));
#6378 = VECTOR('',#6379,1.);
#6379 = DIRECTION('',(-0.535826794979,0.844327925502,0.));
#6380 = PCURVE('',#5269,#6381);
#6381 = DEFINITIONAL_REPRESENTATION('',(#6382),#6386);
#6382 = LINE('',#6383,#6384);
#6383 = CARTESIAN_POINT('',(1.457772897018,-2.035804062458));
#6384 = VECTOR('',#6385,1.);
#6385 = DIRECTION('',(-0.535826794979,0.844327925502));
#6386 = ( GEOMETRIC_REPRESENTATION_CONTEXT(2) 
PARAMETRIC_REPRESENTATION_CONTEXT() REPRESENTATION_CONTEXT('2D SPACE',''
  ) );
#6387 = PCURVE('',#6388,#6393);
#6388 = PLANE('',#6389);
#6389 = AXIS2_PLACEMENT_3D('',#6390,#6391,#6392);
#6390 = CARTESIAN_POINT('',(-4.242227102982,-2.035804062458,14.75));
#6391 = DIRECTION('',(-0.844327925502,-0.535826794979,0.));
#6392 = DIRECTION('',(-0.535826794979,0.844327925502,0.));
#6393 = DEFINITIONAL_REPRESENTATION('',(#6394),#6398);
#6394 = LINE('',#6395,#6396);
#6395 = CARTESIAN_POINT('',(0.,0.));
#6396 = VECTOR('',#6397,1.);
#6397 = DIRECTION('',(1.,0.));
#6398 = ( GEOMETRIC_REPRESENTATION_CONTEXT(2) 
PARAMETRIC_REPRESENTATION_CONTEXT() REPRESENTATION_CONTEXT('2D SPACE',''
  ) );
#6399 = ORIENTED_EDGE('',*,*,#6400,.F.);
#6400 = EDGE_CURVE('',#6401,#6373,#6403,.T.);
#6401 = VERTEX_POINT('',#6402);
#6402 = CARTESIAN_POINT('',(-4.478638922123,-2.185835565052,14.75));
#6403 = SURFACE_CURVE('',#6404,(#6408,#6415),.PCURVE_S1.);
#6404 = LINE('',#6405,#6406);
#6405 = CARTESIAN_POINT('',(-4.478638922123,-2.185835565052,14.75));
#6406 = VECTOR('',#6407,1.);
#6407 = DIRECTION('',(0.844327925502,0.535826794979,0.));
#6408 = PCURVE('',#5269,#6409);
#6409 = DEFINITIONAL_REPRESENTATION('',(#6410),#6414);
#6410 = LINE('',#6411,#6412);
#6411 = CARTESIAN_POINT('',(1.221361077877,-2.185835565052));
#6412 = VECTOR('',#6413,1.);
#6413 = DIRECTION('',(0.844327925502,0.535826794979));
#6414 = ( GEOMETRIC_REPRESENTATION_CONTEXT(2) 
PARAMETRIC_REPRESENTATION_CONTEXT() REPRESENTATION_CONTEXT('2D SPACE',''
  ) );
#6415 = PCURVE('',#6416,#6421);
#6416 = PLANE('',#6417);
#6417 = AXIS2_PLACEMENT_3D('',#6418,#6419,#6420);
#6418 = CARTESIAN_POINT('',(-4.478638922123,-2.185835565052,14.75));
#6419 = DIRECTION('',(-0.535826794979,0.844327925502,0.));
#6420 = DIRECTION('',(0.844327925502,0.535826794979,0.));
#6421 = DEFINITIONAL_REPRESENTATION('',(#6422),#6426);
#6422 = LINE('',#6423,#6424);
#6423 = CARTESIAN_POINT('',(0.,0.));
#6424 = VECTOR('',#6425,1.);
#6425 = DIRECTION('',(1.,0.));
#6426 = ( GEOMETRIC_REPRESENTATION_CONTEXT(2) 
PARAMETRIC_REPRESENTATION_CONTEXT() REPRESENTATION_CONTEXT('2D SPACE',''
  ) );
#6427 = ORIENTED_EDGE('',*,*,#6428,.F.);
#6428 = EDGE_CURVE('',#6429,#6401,#6431,.T.);
#6429 = VERTEX_POINT('',#6430);
#6430 = CARTESIAN_POINT('',(-4.668623268162,-1.886468138353,14.75));
#6431 = SURFACE_CURVE('',#6432,(#6436,#6443),.PCURVE_S1.);
#6432 = LINE('',#6433,#6434);
#6433 = CARTESIAN_POINT('',(-4.907300358106,-1.51037322465,14.75));
#6434 = VECTOR('',#6435,1.);
#6435 = DIRECTION('',(0.535826794979,-0.844327925502,0.));
#6436 = PCURVE('',#5269,#6437);
#6437 = DEFINITIONAL_REPRESENTATION('',(#6438),#6442);
#6438 = LINE('',#6439,#6440);
#6439 = CARTESIAN_POINT('',(0.792699641894,-1.51037322465));
#6440 = VECTOR('',#6441,1.);
#6441 = DIRECTION('',(0.535826794979,-0.844327925502));
#6442 = ( GEOMETRIC_REPRESENTATION_CONTEXT(2) 
PARAMETRIC_REPRESENTATION_CONTEXT() REPRESENTATION_CONTEXT('2D SPACE',''
  ) );
#6443 = PCURVE('',#6444,#6449);
#6444 = PLANE('',#6445);
#6445 = AXIS2_PLACEMENT_3D('',#6446,#6447,#6448);
#6446 = CARTESIAN_POINT('',(-4.907300358106,-1.51037322465,14.75));
#6447 = DIRECTION('',(0.844327925502,0.535826794979,0.));
#6448 = DIRECTION('',(0.535826794979,-0.844327925502,0.));
#6449 = DEFINITIONAL_REPRESENTATION('',(#6450),#6454);
#6450 = LINE('',#6451,#6452);
#6451 = CARTESIAN_POINT('',(0.,0.));
#6452 = VECTOR('',#6453,1.);
#6453 = DIRECTION('',(1.,0.));
#6454 = ( GEOMETRIC_REPRESENTATION_CONTEXT(2) 
PARAMETRIC_REPRESENTATION_CONTEXT() REPRESENTATION_CONTEXT('2D SPACE',''
  ) );
#6455 = ORIENTED_EDGE('',*,*,#6456,.F.);
#6456 = EDGE_CURVE('',#6457,#6429,#6459,.T.);
#6457 = VERTEX_POINT('',#6458);
#6458 = CARTESIAN_POINT('',(-4.903875588666,-1.997169477455,14.75));
#6459 = SURFACE_CURVE('',#6460,(#6465,#6472),.PCURVE_S1.);
#6460 = CIRCLE('',#6461,2.15);
#6461 = AXIS2_PLACEMENT_3D('',#6462,#6463,#6464);
#6462 = CARTESIAN_POINT('',(-5.7,0.,14.75));
#6463 = DIRECTION('',(0.,0.,1.));
#6464 = DIRECTION('',(1.,0.,0.));
#6465 = PCURVE('',#5269,#6466);
#6466 = DEFINITIONAL_REPRESENTATION('',(#6467),#6471);
#6467 = CIRCLE('',#6468,2.15);
#6468 = AXIS2_PLACEMENT_2D('',#6469,#6470);
#6469 = CARTESIAN_POINT('',(0.,-7.643776681114E-18));
#6470 = DIRECTION('',(1.,0.));
#6471 = ( GEOMETRIC_REPRESENTATION_CONTEXT(2) 
PARAMETRIC_REPRESENTATION_CONTEXT() REPRESENTATION_CONTEXT('2D SPACE',''
  ) );
#6472 = PCURVE('',#6473,#6478);
#6473 = CYLINDRICAL_SURFACE('',#6474,2.15);
#6474 = AXIS2_PLACEMENT_3D('',#6475,#6476,#6477);
#6475 = CARTESIAN_POINT('',(-5.7,0.,14.75));
#6476 = DIRECTION('',(-0.,-0.,-1.));
#6477 = DIRECTION('',(1.,0.,0.));
#6478 = DEFINITIONAL_REPRESENTATION('',(#6479),#6483);
#6479 = LINE('',#6480,#6481);
#6480 = CARTESIAN_POINT('',(-0.,0.));
#6481 = VECTOR('',#6482,1.);
#6482 = DIRECTION('',(-1.,0.));
#6483 = ( GEOMETRIC_REPRESENTATION_CONTEXT(2) 
PARAMETRIC_REPRESENTATION_CONTEXT() REPRESENTATION_CONTEXT('2D SPACE',''
  ) );
#6484 = ORIENTED_EDGE('',*,*,#6485,.F.);
#6485 = EDGE_CURVE('',#6486,#6457,#6488,.T.);
#6486 = VERTEX_POINT('',#6487);
#6487 = CARTESIAN_POINT('',(-4.794309601781,-2.334378911525,14.75));
#6488 = SURFACE_CURVE('',#6489,(#6493,#6500),.PCURVE_S1.);
#6489 = LINE('',#6490,#6491);
#6490 = CARTESIAN_POINT('',(-4.794309601781,-2.334378911525,14.75));
#6491 = VECTOR('',#6492,1.);
#6492 = DIRECTION('',(-0.309016994375,0.951056516295,0.));
#6493 = PCURVE('',#5269,#6494);
#6494 = DEFINITIONAL_REPRESENTATION('',(#6495),#6499);
#6495 = LINE('',#6496,#6497);
#6496 = CARTESIAN_POINT('',(0.905690398219,-2.334378911525));
#6497 = VECTOR('',#6498,1.);
#6498 = DIRECTION('',(-0.309016994375,0.951056516295));
#6499 = ( GEOMETRIC_REPRESENTATION_CONTEXT(2) 
PARAMETRIC_REPRESENTATION_CONTEXT() REPRESENTATION_CONTEXT('2D SPACE',''
  ) );
#6500 = PCURVE('',#6501,#6506);
#6501 = PLANE('',#6502);
#6502 = AXIS2_PLACEMENT_3D('',#6503,#6504,#6505);
#6503 = CARTESIAN_POINT('',(-4.794309601781,-2.334378911525,14.75));
#6504 = DIRECTION('',(-0.951056516295,-0.309016994375,0.));
#6505 = DIRECTION('',(-0.309016994375,0.951056516295,0.));
#6506 = DEFINITIONAL_REPRESENTATION('',(#6507),#6511);
#6507 = LINE('',#6508,#6509);
#6508 = CARTESIAN_POINT('',(0.,0.));
#6509 = VECTOR('',#6510,1.);
#6510 = DIRECTION('',(1.,0.));
#6511 = ( GEOMETRIC_REPRESENTATION_CONTEXT(2) 
PARAMETRIC_REPRESENTATION_CONTEXT() REPRESENTATION_CONTEXT('2D SPACE',''
  ) );
#6512 = ORIENTED_EDGE('',*,*,#6513,.F.);
#6513 = EDGE_CURVE('',#6514,#6486,#6516,.T.);
#6514 = VERTEX_POINT('',#6515);
#6515 = CARTESIAN_POINT('',(-5.060605426344,-2.42090366995,14.75));
#6516 = SURFACE_CURVE('',#6517,(#6521,#6528),.PCURVE_S1.);
#6517 = LINE('',#6518,#6519);
#6518 = CARTESIAN_POINT('',(-5.060605426344,-2.42090366995,14.75));
#6519 = VECTOR('',#6520,1.);
#6520 = DIRECTION('',(0.951056516295,0.309016994375,0.));
#6521 = PCURVE('',#5269,#6522);
#6522 = DEFINITIONAL_REPRESENTATION('',(#6523),#6527);
#6523 = LINE('',#6524,#6525);
#6524 = CARTESIAN_POINT('',(0.639394573656,-2.42090366995));
#6525 = VECTOR('',#6526,1.);
#6526 = DIRECTION('',(0.951056516295,0.309016994375));
#6527 = ( GEOMETRIC_REPRESENTATION_CONTEXT(2) 
PARAMETRIC_REPRESENTATION_CONTEXT() REPRESENTATION_CONTEXT('2D SPACE',''
  ) );
#6528 = PCURVE('',#6529,#6534);
#6529 = PLANE('',#6530);
#6530 = AXIS2_PLACEMENT_3D('',#6531,#6532,#6533);
#6531 = CARTESIAN_POINT('',(-5.060605426344,-2.42090366995,14.75));
#6532 = DIRECTION('',(-0.309016994375,0.951056516295,0.));
#6533 = DIRECTION('',(0.951056516295,0.309016994375,0.));
#6534 = DEFINITIONAL_REPRESENTATION('',(#6535),#6539);
#6535 = LINE('',#6536,#6537);
#6536 = CARTESIAN_POINT('',(0.,0.));
#6537 = VECTOR('',#6538,1.);
#6538 = DIRECTION('',(1.,0.));
#6539 = ( GEOMETRIC_REPRESENTATION_CONTEXT(2) 
PARAMETRIC_REPRESENTATION_CONTEXT() REPRESENTATION_CONTEXT('2D SPACE',''
  ) );
#6540 = ORIENTED_EDGE('',*,*,#6541,.F.);
#6541 = EDGE_CURVE('',#6542,#6514,#6544,.T.);
#6542 = VERTEX_POINT('',#6543);
#6543 = CARTESIAN_POINT('',(-5.170171413229,-2.08369423588,14.75));
#6544 = SURFACE_CURVE('',#6545,(#6549,#6556),.PCURVE_S1.);
#6545 = LINE('',#6546,#6547);
#6546 = CARTESIAN_POINT('',(-5.307819021844,-1.660058456914,14.75));
#6547 = VECTOR('',#6548,1.);
#6548 = DIRECTION('',(0.309016994375,-0.951056516295,0.));
#6549 = PCURVE('',#5269,#6550);
#6550 = DEFINITIONAL_REPRESENTATION('',(#6551),#6555);
#6551 = LINE('',#6552,#6553);
#6552 = CARTESIAN_POINT('',(0.392180978156,-1.660058456914));
#6553 = VECTOR('',#6554,1.);
#6554 = DIRECTION('',(0.309016994375,-0.951056516295));
#6555 = ( GEOMETRIC_REPRESENTATION_CONTEXT(2) 
PARAMETRIC_REPRESENTATION_CONTEXT() REPRESENTATION_CONTEXT('2D SPACE',''
  ) );
#6556 = PCURVE('',#6557,#6562);
#6557 = PLANE('',#6558);
#6558 = AXIS2_PLACEMENT_3D('',#6559,#6560,#6561);
#6559 = CARTESIAN_POINT('',(-5.307819021844,-1.660058456914,14.75));
#6560 = DIRECTION('',(0.951056516295,0.309016994375,0.));
#6561 = DIRECTION('',(0.309016994375,-0.951056516295,0.));
#6562 = DEFINITIONAL_REPRESENTATION('',(#6563),#6567);
#6563 = LINE('',#6564,#6565);
#6564 = CARTESIAN_POINT('',(0.,0.));
#6565 = VECTOR('',#6566,1.);
#6566 = DIRECTION('',(1.,0.));
#6567 = ( GEOMETRIC_REPRESENTATION_CONTEXT(2) 
PARAMETRIC_REPRESENTATION_CONTEXT() REPRESENTATION_CONTEXT('2D SPACE',''
  ) );
#6568 = ORIENTED_EDGE('',*,*,#6569,.F.);
#6569 = EDGE_CURVE('',#6570,#6542,#6572,.T.);
#6570 = VERTEX_POINT('',#6571);
#6571 = CARTESIAN_POINT('',(-5.425563153016,-2.132412815807,14.75));
#6572 = SURFACE_CURVE('',#6573,(#6578,#6585),.PCURVE_S1.);
#6573 = CIRCLE('',#6574,2.15);
#6574 = AXIS2_PLACEMENT_3D('',#6575,#6576,#6577);
#6575 = CARTESIAN_POINT('',(-5.7,0.,14.75));
#6576 = DIRECTION('',(0.,0.,1.));
#6577 = DIRECTION('',(1.,0.,0.));
#6578 = PCURVE('',#5269,#6579);
#6579 = DEFINITIONAL_REPRESENTATION('',(#6580),#6584);
#6580 = CIRCLE('',#6581,2.15);
#6581 = AXIS2_PLACEMENT_2D('',#6582,#6583);
#6582 = CARTESIAN_POINT('',(0.,-7.643776681114E-18));
#6583 = DIRECTION('',(1.,0.));
#6584 = ( GEOMETRIC_REPRESENTATION_CONTEXT(2) 
PARAMETRIC_REPRESENTATION_CONTEXT() REPRESENTATION_CONTEXT('2D SPACE',''
  ) );
#6585 = PCURVE('',#6586,#6591);
#6586 = CYLINDRICAL_SURFACE('',#6587,2.15);
#6587 = AXIS2_PLACEMENT_3D('',#6588,#6589,#6590);
#6588 = CARTESIAN_POINT('',(-5.7,0.,14.75));
#6589 = DIRECTION('',(-0.,-0.,-1.));
#6590 = DIRECTION('',(1.,0.,0.));
#6591 = DEFINITIONAL_REPRESENTATION('',(#6592),#6596);
#6592 = LINE('',#6593,#6594);
#6593 = CARTESIAN_POINT('',(-0.,0.));
#6594 = VECTOR('',#6595,1.);
#6595 = DIRECTION('',(-1.,0.));
#6596 = ( GEOMETRIC_REPRESENTATION_CONTEXT(2) 
PARAMETRIC_REPRESENTATION_CONTEXT() REPRESENTATION_CONTEXT('2D SPACE',''
  ) );
#6597 = ORIENTED_EDGE('',*,*,#6598,.F.);
#6598 = EDGE_CURVE('',#6599,#6570,#6601,.T.);
#6599 = VERTEX_POINT('',#6600);
#6600 = CARTESIAN_POINT('',(-5.403299959197,-2.486276148337,14.75));
#6601 = SURFACE_CURVE('',#6602,(#6606,#6613),.PCURVE_S1.);
#6602 = LINE('',#6603,#6604);
#6603 = CARTESIAN_POINT('',(-5.403299959197,-2.486276148337,14.75));
#6604 = VECTOR('',#6605,1.);
#6605 = DIRECTION('',(-6.279051952931E-02,0.998026728428,0.));
#6606 = PCURVE('',#5269,#6607);
#6607 = DEFINITIONAL_REPRESENTATION('',(#6608),#6612);
#6608 = LINE('',#6609,#6610);
#6609 = CARTESIAN_POINT('',(0.296700040803,-2.486276148337));
#6610 = VECTOR('',#6611,1.);
#6611 = DIRECTION('',(-6.279051952931E-02,0.998026728428));
#6612 = ( GEOMETRIC_REPRESENTATION_CONTEXT(2) 
PARAMETRIC_REPRESENTATION_CONTEXT() REPRESENTATION_CONTEXT('2D SPACE',''
  ) );
#6613 = PCURVE('',#6614,#6619);
#6614 = PLANE('',#6615);
#6615 = AXIS2_PLACEMENT_3D('',#6616,#6617,#6618);
#6616 = CARTESIAN_POINT('',(-5.403299959197,-2.486276148337,14.75));
#6617 = DIRECTION('',(-0.998026728428,-6.279051952931E-02,0.));
#6618 = DIRECTION('',(-6.279051952931E-02,0.998026728428,0.));
#6619 = DEFINITIONAL_REPRESENTATION('',(#6620),#6624);
#6620 = LINE('',#6621,#6622);
#6621 = CARTESIAN_POINT('',(0.,0.));
#6622 = VECTOR('',#6623,1.);
#6623 = DIRECTION('',(1.,0.));
#6624 = ( GEOMETRIC_REPRESENTATION_CONTEXT(2) 
PARAMETRIC_REPRESENTATION_CONTEXT() REPRESENTATION_CONTEXT('2D SPACE',''
  ) );
#6625 = ORIENTED_EDGE('',*,*,#6626,.F.);
#6626 = EDGE_CURVE('',#6627,#6599,#6629,.T.);
#6627 = VERTEX_POINT('',#6628);
#6628 = CARTESIAN_POINT('',(-5.682747443157,-2.503857493805,14.75));
#6629 = SURFACE_CURVE('',#6630,(#6634,#6641),.PCURVE_S1.);
#6630 = LINE('',#6631,#6632);
#6631 = CARTESIAN_POINT('',(-5.682747443157,-2.503857493805,14.75));
#6632 = VECTOR('',#6633,1.);
#6633 = DIRECTION('',(0.998026728428,6.279051952931E-02,0.));
#6634 = PCURVE('',#5269,#6635);
#6635 = DEFINITIONAL_REPRESENTATION('',(#6636),#6640);
#6636 = LINE('',#6637,#6638);
#6637 = CARTESIAN_POINT('',(1.725255684333E-02,-2.503857493805));
#6638 = VECTOR('',#6639,1.);
#6639 = DIRECTION('',(0.998026728428,6.279051952931E-02));
#6640 = ( GEOMETRIC_REPRESENTATION_CONTEXT(2) 
PARAMETRIC_REPRESENTATION_CONTEXT() REPRESENTATION_CONTEXT('2D SPACE',''
  ) );
#6641 = PCURVE('',#6642,#6647);
#6642 = PLANE('',#6643);
#6643 = AXIS2_PLACEMENT_3D('',#6644,#6645,#6646);
#6644 = CARTESIAN_POINT('',(-5.682747443157,-2.503857493805,14.75));
#6645 = DIRECTION('',(-6.279051952931E-02,0.998026728428,0.));
#6646 = DIRECTION('',(0.998026728428,6.279051952931E-02,0.));
#6647 = DEFINITIONAL_REPRESENTATION('',(#6648),#6652);
#6648 = LINE('',#6649,#6650);
#6649 = CARTESIAN_POINT('',(0.,0.));
#6650 = VECTOR('',#6651,1.);
#6651 = DIRECTION('',(1.,0.));
#6652 = ( GEOMETRIC_REPRESENTATION_CONTEXT(2) 
PARAMETRIC_REPRESENTATION_CONTEXT() REPRESENTATION_CONTEXT('2D SPACE',''
  ) );
#6653 = ORIENTED_EDGE('',*,*,#6654,.F.);
#6654 = EDGE_CURVE('',#6655,#6627,#6657,.T.);
#6655 = VERTEX_POINT('',#6656);
#6656 = CARTESIAN_POINT('',(-5.705010636976,-2.149994161275,14.75));
#6657 = SURFACE_CURVE('',#6658,(#6662,#6669),.PCURVE_S1.);
#6658 = LINE('',#6659,#6660);
#6659 = CARTESIAN_POINT('',(-5.73297985878,-1.705436111062,14.75));
#6660 = VECTOR('',#6661,1.);
#6661 = DIRECTION('',(6.279051952931E-02,-0.998026728428,0.));
#6662 = PCURVE('',#5269,#6663);
#6663 = DEFINITIONAL_REPRESENTATION('',(#6664),#6668);
#6664 = LINE('',#6665,#6666);
#6665 = CARTESIAN_POINT('',(-3.297985878013E-02,-1.705436111062));
#6666 = VECTOR('',#6667,1.);
#6667 = DIRECTION('',(6.279051952931E-02,-0.998026728428));
#6668 = ( GEOMETRIC_REPRESENTATION_CONTEXT(2) 
PARAMETRIC_REPRESENTATION_CONTEXT() REPRESENTATION_CONTEXT('2D SPACE',''
  ) );
#6669 = PCURVE('',#6670,#6675);
#6670 = PLANE('',#6671);
#6671 = AXIS2_PLACEMENT_3D('',#6672,#6673,#6674);
#6672 = CARTESIAN_POINT('',(-5.73297985878,-1.705436111062,14.75));
#6673 = DIRECTION('',(0.998026728428,6.279051952931E-02,0.));
#6674 = DIRECTION('',(6.279051952931E-02,-0.998026728428,0.));
#6675 = DEFINITIONAL_REPRESENTATION('',(#6676),#6680);
#6676 = LINE('',#6677,#6678);
#6677 = CARTESIAN_POINT('',(0.,0.));
#6678 = VECTOR('',#6679,1.);
#6679 = DIRECTION('',(1.,0.));
#6680 = ( GEOMETRIC_REPRESENTATION_CONTEXT(2) 
PARAMETRIC_REPRESENTATION_CONTEXT() REPRESENTATION_CONTEXT('2D SPACE',''
  ) );
#6681 = ORIENTED_EDGE('',*,*,#6682,.F.);
#6682 = EDGE_CURVE('',#6683,#6655,#6685,.T.);
#6683 = VERTEX_POINT('',#6684);
#6684 = CARTESIAN_POINT('',(-5.96449459377,-2.133668814476,14.75));
#6685 = SURFACE_CURVE('',#6686,(#6691,#6698),.PCURVE_S1.);
#6686 = CIRCLE('',#6687,2.15);
#6687 = AXIS2_PLACEMENT_3D('',#6688,#6689,#6690);
#6688 = CARTESIAN_POINT('',(-5.7,0.,14.75));
#6689 = DIRECTION('',(0.,0.,1.));
#6690 = DIRECTION('',(1.,0.,0.));
#6691 = PCURVE('',#5269,#6692);
#6692 = DEFINITIONAL_REPRESENTATION('',(#6693),#6697);
#6693 = CIRCLE('',#6694,2.15);
#6694 = AXIS2_PLACEMENT_2D('',#6695,#6696);
#6695 = CARTESIAN_POINT('',(0.,-7.643776681114E-18));
#6696 = DIRECTION('',(1.,0.));
#6697 = ( GEOMETRIC_REPRESENTATION_CONTEXT(2) 
PARAMETRIC_REPRESENTATION_CONTEXT() REPRESENTATION_CONTEXT('2D SPACE',''
  ) );
#6698 = PCURVE('',#6699,#6704);
#6699 = CYLINDRICAL_SURFACE('',#6700,2.15);
#6700 = AXIS2_PLACEMENT_3D('',#6701,#6702,#6703);
#6701 = CARTESIAN_POINT('',(-5.7,0.,14.75));
#6702 = DIRECTION('',(-0.,-0.,-1.));
#6703 = DIRECTION('',(1.,0.,0.));
#6704 = DEFINITIONAL_REPRESENTATION('',(#6705),#6709);
#6705 = LINE('',#6706,#6707);
#6706 = CARTESIAN_POINT('',(-0.,0.));
#6707 = VECTOR('',#6708,1.);
#6708 = DIRECTION('',(-1.,0.));
#6709 = ( GEOMETRIC_REPRESENTATION_CONTEXT(2) 
PARAMETRIC_REPRESENTATION_CONTEXT() REPRESENTATION_CONTEXT('2D SPACE',''
  ) );
#6710 = ORIENTED_EDGE('',*,*,#6711,.F.);
#6711 = EDGE_CURVE('',#6712,#6683,#6714,.T.);
#6712 = VERTEX_POINT('',#6713);
#6713 = CARTESIAN_POINT('',(-6.030933071362,-2.481951510864,14.75));
#6714 = SURFACE_CURVE('',#6715,(#6719,#6726),.PCURVE_S1.);
#6715 = LINE('',#6716,#6717);
#6716 = CARTESIAN_POINT('',(-6.030933071362,-2.481951510864,14.75));
#6717 = VECTOR('',#6718,1.);
#6718 = DIRECTION('',(0.187381314586,0.982287250729,0.));
#6719 = PCURVE('',#5269,#6720);
#6720 = DEFINITIONAL_REPRESENTATION('',(#6721),#6725);
#6721 = LINE('',#6722,#6723);
#6722 = CARTESIAN_POINT('',(-0.330933071362,-2.481951510864));
#6723 = VECTOR('',#6724,1.);
#6724 = DIRECTION('',(0.187381314586,0.982287250729));
#6725 = ( GEOMETRIC_REPRESENTATION_CONTEXT(2) 
PARAMETRIC_REPRESENTATION_CONTEXT() REPRESENTATION_CONTEXT('2D SPACE',''
  ) );
#6726 = PCURVE('',#6727,#6732);
#6727 = PLANE('',#6728);
#6728 = AXIS2_PLACEMENT_3D('',#6729,#6730,#6731);
#6729 = CARTESIAN_POINT('',(-6.030933071362,-2.481951510864,14.75));
#6730 = DIRECTION('',(-0.982287250729,0.187381314586,0.));
#6731 = DIRECTION('',(0.187381314586,0.982287250729,0.));
#6732 = DEFINITIONAL_REPRESENTATION('',(#6733),#6737);
#6733 = LINE('',#6734,#6735);
#6734 = CARTESIAN_POINT('',(0.,0.));
#6735 = VECTOR('',#6736,1.);
#6736 = DIRECTION('',(1.,0.));
#6737 = ( GEOMETRIC_REPRESENTATION_CONTEXT(2) 
PARAMETRIC_REPRESENTATION_CONTEXT() REPRESENTATION_CONTEXT('2D SPACE',''
  ) );
#6738 = ORIENTED_EDGE('',*,*,#6739,.F.);
#6739 = EDGE_CURVE('',#6740,#6712,#6742,.T.);
#6740 = VERTEX_POINT('',#6741);
#6741 = CARTESIAN_POINT('',(-6.305973501566,-2.42948474278,14.75));
#6742 = SURFACE_CURVE('',#6743,(#6747,#6754),.PCURVE_S1.);
#6743 = LINE('',#6744,#6745);
#6744 = CARTESIAN_POINT('',(-6.305973501566,-2.42948474278,14.75));
#6745 = VECTOR('',#6746,1.);
#6746 = DIRECTION('',(0.982287250729,-0.187381314586,0.));
#6747 = PCURVE('',#5269,#6748);
#6748 = DEFINITIONAL_REPRESENTATION('',(#6749),#6753);
#6749 = LINE('',#6750,#6751);
#6750 = CARTESIAN_POINT('',(-0.605973501566,-2.42948474278));
#6751 = VECTOR('',#6752,1.);
#6752 = DIRECTION('',(0.982287250729,-0.187381314586));
#6753 = ( GEOMETRIC_REPRESENTATION_CONTEXT(2) 
PARAMETRIC_REPRESENTATION_CONTEXT() REPRESENTATION_CONTEXT('2D SPACE',''
  ) );
#6754 = PCURVE('',#6755,#6760);
#6755 = PLANE('',#6756);
#6756 = AXIS2_PLACEMENT_3D('',#6757,#6758,#6759);
#6757 = CARTESIAN_POINT('',(-6.305973501566,-2.42948474278,14.75));
#6758 = DIRECTION('',(0.187381314586,0.982287250729,0.));
#6759 = DIRECTION('',(0.982287250729,-0.187381314586,0.));
#6760 = DEFINITIONAL_REPRESENTATION('',(#6761),#6765);
#6761 = LINE('',#6762,#6763);
#6762 = CARTESIAN_POINT('',(0.,0.));
#6763 = VECTOR('',#6764,1.);
#6764 = DIRECTION('',(1.,0.));
#6765 = ( GEOMETRIC_REPRESENTATION_CONTEXT(2) 
PARAMETRIC_REPRESENTATION_CONTEXT() REPRESENTATION_CONTEXT('2D SPACE',''
  ) );
#6766 = ORIENTED_EDGE('',*,*,#6767,.F.);
#6767 = EDGE_CURVE('',#6768,#6740,#6770,.T.);
#6768 = VERTEX_POINT('',#6769);
#6769 = CARTESIAN_POINT('',(-6.239535023974,-2.081202046392,14.75));
#6770 = SURFACE_CURVE('',#6771,(#6775,#6782),.PCURVE_S1.);
#6771 = LINE('',#6772,#6773);
#6772 = CARTESIAN_POINT('',(-6.156068449898,-1.643654942197,14.75));
#6773 = VECTOR('',#6774,1.);
#6774 = DIRECTION('',(-0.187381314586,-0.982287250729,0.));
#6775 = PCURVE('',#5269,#6776);
#6776 = DEFINITIONAL_REPRESENTATION('',(#6777),#6781);
#6777 = LINE('',#6778,#6779);
#6778 = CARTESIAN_POINT('',(-0.456068449898,-1.643654942197));
#6779 = VECTOR('',#6780,1.);
#6780 = DIRECTION('',(-0.187381314586,-0.982287250729));
#6781 = ( GEOMETRIC_REPRESENTATION_CONTEXT(2) 
PARAMETRIC_REPRESENTATION_CONTEXT() REPRESENTATION_CONTEXT('2D SPACE',''
  ) );
#6782 = PCURVE('',#6783,#6788);
#6783 = PLANE('',#6784);
#6784 = AXIS2_PLACEMENT_3D('',#6785,#6786,#6787);
#6785 = CARTESIAN_POINT('',(-6.156068449898,-1.643654942197,14.75));
#6786 = DIRECTION('',(0.982287250729,-0.187381314586,0.));
#6787 = DIRECTION('',(-0.187381314586,-0.982287250729,0.));
#6788 = DEFINITIONAL_REPRESENTATION('',(#6789),#6793);
#6789 = LINE('',#6790,#6791);
#6790 = CARTESIAN_POINT('',(0.,0.));
#6791 = VECTOR('',#6792,1.);
#6792 = DIRECTION('',(1.,0.));
#6793 = ( GEOMETRIC_REPRESENTATION_CONTEXT(2) 
PARAMETRIC_REPRESENTATION_CONTEXT() REPRESENTATION_CONTEXT('2D SPACE',''
  ) );
#6794 = ORIENTED_EDGE('',*,*,#6795,.F.);
#6795 = EDGE_CURVE('',#6796,#6768,#6798,.T.);
#6796 = VERTEX_POINT('',#6797);
#6797 = CARTESIAN_POINT('',(-6.486806866454,-2.000858554446,14.75));
#6798 = SURFACE_CURVE('',#6799,(#6804,#6811),.PCURVE_S1.);
#6799 = CIRCLE('',#6800,2.15);
#6800 = AXIS2_PLACEMENT_3D('',#6801,#6802,#6803);
#6801 = CARTESIAN_POINT('',(-5.7,0.,14.75));
#6802 = DIRECTION('',(0.,0.,1.));
#6803 = DIRECTION('',(1.,0.,0.));
#6804 = PCURVE('',#5269,#6805);
#6805 = DEFINITIONAL_REPRESENTATION('',(#6806),#6810);
#6806 = CIRCLE('',#6807,2.15);
#6807 = AXIS2_PLACEMENT_2D('',#6808,#6809);
#6808 = CARTESIAN_POINT('',(0.,-7.643776681114E-18));
#6809 = DIRECTION('',(1.,0.));
#6810 = ( GEOMETRIC_REPRESENTATION_CONTEXT(2) 
PARAMETRIC_REPRESENTATION_CONTEXT() REPRESENTATION_CONTEXT('2D SPACE',''
  ) );
#6811 = PCURVE('',#6812,#6817);
#6812 = CYLINDRICAL_SURFACE('',#6813,2.15);
#6813 = AXIS2_PLACEMENT_3D('',#6814,#6815,#6816);
#6814 = CARTESIAN_POINT('',(-5.7,0.,14.75));
#6815 = DIRECTION('',(-0.,-0.,-1.));
#6816 = DIRECTION('',(1.,0.,0.));
#6817 = DEFINITIONAL_REPRESENTATION('',(#6818),#6822);
#6818 = LINE('',#6819,#6820);
#6819 = CARTESIAN_POINT('',(-0.,0.));
#6820 = VECTOR('',#6821,1.);
#6821 = DIRECTION('',(-1.,0.));
#6822 = ( GEOMETRIC_REPRESENTATION_CONTEXT(2) 
PARAMETRIC_REPRESENTATION_CONTEXT() REPRESENTATION_CONTEXT('2D SPACE',''
  ) );
#6823 = ORIENTED_EDGE('',*,*,#6824,.F.);
#6824 = EDGE_CURVE('',#6825,#6796,#6827,.T.);
#6825 = VERTEX_POINT('',#6826);
#6826 = CARTESIAN_POINT('',(-6.637772441567,-2.321676731984,14.75));
#6827 = SURFACE_CURVE('',#6828,(#6832,#6839),.PCURVE_S1.);
#6828 = LINE('',#6829,#6830);
#6829 = CARTESIAN_POINT('',(-6.637772441567,-2.321676731984,14.75));
#6830 = VECTOR('',#6831,1.);
#6831 = DIRECTION('',(0.425779291565,0.904827052466,0.));
#6832 = PCURVE('',#5269,#6833);
#6833 = DEFINITIONAL_REPRESENTATION('',(#6834),#6838);
#6834 = LINE('',#6835,#6836);
#6835 = CARTESIAN_POINT('',(-0.937772441567,-2.321676731984));
#6836 = VECTOR('',#6837,1.);
#6837 = DIRECTION('',(0.425779291565,0.904827052466));
#6838 = ( GEOMETRIC_REPRESENTATION_CONTEXT(2) 
PARAMETRIC_REPRESENTATION_CONTEXT() REPRESENTATION_CONTEXT('2D SPACE',''
  ) );
#6839 = PCURVE('',#6840,#6845);
#6840 = PLANE('',#6841);
#6841 = AXIS2_PLACEMENT_3D('',#6842,#6843,#6844);
#6842 = CARTESIAN_POINT('',(-6.637772441567,-2.321676731984,14.75));
#6843 = DIRECTION('',(-0.904827052466,0.425779291565,0.));
#6844 = DIRECTION('',(0.425779291565,0.904827052466,0.));
#6845 = DEFINITIONAL_REPRESENTATION('',(#6846),#6850);
#6846 = LINE('',#6847,#6848);
#6847 = CARTESIAN_POINT('',(0.,0.));
#6848 = VECTOR('',#6849,1.);
#6849 = DIRECTION('',(1.,0.));
#6850 = ( GEOMETRIC_REPRESENTATION_CONTEXT(2) 
PARAMETRIC_REPRESENTATION_CONTEXT() REPRESENTATION_CONTEXT('2D SPACE',''
  ) );
#6851 = ORIENTED_EDGE('',*,*,#6852,.F.);
#6852 = EDGE_CURVE('',#6853,#6825,#6855,.T.);
#6853 = VERTEX_POINT('',#6854);
#6854 = CARTESIAN_POINT('',(-6.891124016258,-2.202458530346,14.75));
#6855 = SURFACE_CURVE('',#6856,(#6860,#6867),.PCURVE_S1.);
#6856 = LINE('',#6857,#6858);
#6857 = CARTESIAN_POINT('',(-6.891124016258,-2.202458530346,14.75));
#6858 = VECTOR('',#6859,1.);
#6859 = DIRECTION('',(0.904827052466,-0.425779291565,0.));
#6860 = PCURVE('',#5269,#6861);
#6861 = DEFINITIONAL_REPRESENTATION('',(#6862),#6866);
#6862 = LINE('',#6863,#6864);
#6863 = CARTESIAN_POINT('',(-1.191124016258,-2.202458530346));
#6864 = VECTOR('',#6865,1.);
#6865 = DIRECTION('',(0.904827052466,-0.425779291565));
#6866 = ( GEOMETRIC_REPRESENTATION_CONTEXT(2) 
PARAMETRIC_REPRESENTATION_CONTEXT() REPRESENTATION_CONTEXT('2D SPACE',''
  ) );
#6867 = PCURVE('',#6868,#6873);
#6868 = PLANE('',#6869);
#6869 = AXIS2_PLACEMENT_3D('',#6870,#6871,#6872);
#6870 = CARTESIAN_POINT('',(-6.891124016258,-2.202458530346,14.75));
#6871 = DIRECTION('',(0.425779291565,0.904827052466,0.));
#6872 = DIRECTION('',(0.904827052466,-0.425779291565,0.));
#6873 = DEFINITIONAL_REPRESENTATION('',(#6874),#6878);
#6874 = LINE('',#6875,#6876);
#6875 = CARTESIAN_POINT('',(0.,0.));
#6876 = VECTOR('',#6877,1.);
#6877 = DIRECTION('',(1.,0.));
#6878 = ( GEOMETRIC_REPRESENTATION_CONTEXT(2) 
PARAMETRIC_REPRESENTATION_CONTEXT() REPRESENTATION_CONTEXT('2D SPACE',''
  ) );
#6879 = ORIENTED_EDGE('',*,*,#6880,.F.);
#6880 = EDGE_CURVE('',#6881,#6853,#6883,.T.);
#6881 = VERTEX_POINT('',#6882);
#6882 = CARTESIAN_POINT('',(-6.740158441145,-1.881640352808,14.75));
#6883 = SURFACE_CURVE('',#6884,(#6888,#6895),.PCURVE_S1.);
#6884 = LINE('',#6885,#6886);
#6885 = CARTESIAN_POINT('',(-6.550500583006,-1.478596888373,14.75));
#6886 = VECTOR('',#6887,1.);
#6887 = DIRECTION('',(-0.425779291565,-0.904827052466,0.));
#6888 = PCURVE('',#5269,#6889);
#6889 = DEFINITIONAL_REPRESENTATION('',(#6890),#6894);
#6890 = LINE('',#6891,#6892);
#6891 = CARTESIAN_POINT('',(-0.850500583006,-1.478596888373));
#6892 = VECTOR('',#6893,1.);
#6893 = DIRECTION('',(-0.425779291565,-0.904827052466));
#6894 = ( GEOMETRIC_REPRESENTATION_CONTEXT(2) 
PARAMETRIC_REPRESENTATION_CONTEXT() REPRESENTATION_CONTEXT('2D SPACE',''
  ) );
#6895 = PCURVE('',#6896,#6901);
#6896 = PLANE('',#6897);
#6897 = AXIS2_PLACEMENT_3D('',#6898,#6899,#6900);
#6898 = CARTESIAN_POINT('',(-6.550500583006,-1.478596888373,14.75));
#6899 = DIRECTION('',(0.904827052466,-0.425779291565,0.));
#6900 = DIRECTION('',(-0.425779291565,-0.904827052466,0.));
#6901 = DEFINITIONAL_REPRESENTATION('',(#6902),#6906);
#6902 = LINE('',#6903,#6904);
#6903 = CARTESIAN_POINT('',(0.,0.));
#6904 = VECTOR('',#6905,1.);
#6905 = DIRECTION('',(1.,0.));
#6906 = ( GEOMETRIC_REPRESENTATION_CONTEXT(2) 
PARAMETRIC_REPRESENTATION_CONTEXT() REPRESENTATION_CONTEXT('2D SPACE',''
  ) );
#6907 = ORIENTED_EDGE('',*,*,#6908,.F.);
#6908 = EDGE_CURVE('',#6909,#6881,#6911,.T.);
#6909 = VERTEX_POINT('',#6910);
#6910 = CARTESIAN_POINT('',(-6.959681170046,-1.742326992798,14.75));
#6911 = SURFACE_CURVE('',#6912,(#6917,#6924),.PCURVE_S1.);
#6912 = CIRCLE('',#6913,2.15);
#6913 = AXIS2_PLACEMENT_3D('',#6914,#6915,#6916);
#6914 = CARTESIAN_POINT('',(-5.7,0.,14.75));
#6915 = DIRECTION('',(0.,0.,1.));
#6916 = DIRECTION('',(1.,0.,0.));
#6917 = PCURVE('',#5269,#6918);
#6918 = DEFINITIONAL_REPRESENTATION('',(#6919),#6923);
#6919 = CIRCLE('',#6920,2.15);
#6920 = AXIS2_PLACEMENT_2D('',#6921,#6922);
#6921 = CARTESIAN_POINT('',(0.,-7.643776681114E-18));
#6922 = DIRECTION('',(1.,0.));
#6923 = ( GEOMETRIC_REPRESENTATION_CONTEXT(2) 
PARAMETRIC_REPRESENTATION_CONTEXT() REPRESENTATION_CONTEXT('2D SPACE',''
  ) );
#6924 = PCURVE('',#6925,#6930);
#6925 = CYLINDRICAL_SURFACE('',#6926,2.15);
#6926 = AXIS2_PLACEMENT_3D('',#6927,#6928,#6929);
#6927 = CARTESIAN_POINT('',(-5.7,0.,14.75));
#6928 = DIRECTION('',(-0.,-0.,-1.));
#6929 = DIRECTION('',(1.,0.,0.));
#6930 = DEFINITIONAL_REPRESENTATION('',(#6931),#6935);
#6931 = LINE('',#6932,#6933);
#6932 = CARTESIAN_POINT('',(-0.,0.));
#6933 = VECTOR('',#6934,1.);
#6934 = DIRECTION('',(-1.,0.));
#6935 = ( GEOMETRIC_REPRESENTATION_CONTEXT(2) 
PARAMETRIC_REPRESENTATION_CONTEXT() REPRESENTATION_CONTEXT('2D SPACE',''
  ) );
#6936 = ORIENTED_EDGE('',*,*,#6937,.F.);
#6937 = EDGE_CURVE('',#6938,#6909,#6940,.T.);
#6938 = VERTEX_POINT('',#6939);
#6939 = CARTESIAN_POINT('',(-7.185688120383,-2.015522465504,14.75));
#6940 = SURFACE_CURVE('',#6941,(#6945,#6952),.PCURVE_S1.);
#6941 = LINE('',#6942,#6943);
#6942 = CARTESIAN_POINT('',(-7.185688120383,-2.015522465504,14.75));
#6943 = VECTOR('',#6944,1.);
#6944 = DIRECTION('',(0.637423989749,0.770513242776,0.));
#6945 = PCURVE('',#5269,#6946);
#6946 = DEFINITIONAL_REPRESENTATION('',(#6947),#6951);
#6947 = LINE('',#6948,#6949);
#6948 = CARTESIAN_POINT('',(-1.485688120383,-2.015522465504));
#6949 = VECTOR('',#6950,1.);
#6950 = DIRECTION('',(0.637423989749,0.770513242776));
#6951 = ( GEOMETRIC_REPRESENTATION_CONTEXT(2) 
PARAMETRIC_REPRESENTATION_CONTEXT() REPRESENTATION_CONTEXT('2D SPACE',''
  ) );
#6952 = PCURVE('',#6953,#6958);
#6953 = PLANE('',#6954);
#6954 = AXIS2_PLACEMENT_3D('',#6955,#6956,#6957);
#6955 = CARTESIAN_POINT('',(-7.185688120383,-2.015522465504,14.75));
#6956 = DIRECTION('',(-0.770513242776,0.637423989749,0.));
#6957 = DIRECTION('',(0.637423989749,0.770513242776,0.));
#6958 = DEFINITIONAL_REPRESENTATION('',(#6959),#6963);
#6959 = LINE('',#6960,#6961);
#6960 = CARTESIAN_POINT('',(0.,0.));
#6961 = VECTOR('',#6962,1.);
#6962 = DIRECTION('',(1.,0.));
#6963 = ( GEOMETRIC_REPRESENTATION_CONTEXT(2) 
PARAMETRIC_REPRESENTATION_CONTEXT() REPRESENTATION_CONTEXT('2D SPACE',''
  ) );
#6964 = ORIENTED_EDGE('',*,*,#6965,.F.);
#6965 = EDGE_CURVE('',#6966,#6938,#6968,.T.);
#6966 = VERTEX_POINT('',#6967);
#6967 = CARTESIAN_POINT('',(-7.40143182836,-1.837043748375,14.75));
#6968 = SURFACE_CURVE('',#6969,(#6973,#6980),.PCURVE_S1.);
#6969 = LINE('',#6970,#6971);
#6970 = CARTESIAN_POINT('',(-7.40143182836,-1.837043748375,14.75));
#6971 = VECTOR('',#6972,1.);
#6972 = DIRECTION('',(0.770513242776,-0.637423989749,0.));
#6973 = PCURVE('',#5269,#6974);
#6974 = DEFINITIONAL_REPRESENTATION('',(#6975),#6979);
#6975 = LINE('',#6976,#6977);
#6976 = CARTESIAN_POINT('',(-1.70143182836,-1.837043748375));
#6977 = VECTOR('',#6978,1.);
#6978 = DIRECTION('',(0.770513242776,-0.637423989749));
#6979 = ( GEOMETRIC_REPRESENTATION_CONTEXT(2) 
PARAMETRIC_REPRESENTATION_CONTEXT() REPRESENTATION_CONTEXT('2D SPACE',''
  ) );
#6980 = PCURVE('',#6981,#6986);
#6981 = PLANE('',#6982);
#6982 = AXIS2_PLACEMENT_3D('',#6983,#6984,#6985);
#6983 = CARTESIAN_POINT('',(-7.40143182836,-1.837043748375,14.75));
#6984 = DIRECTION('',(0.637423989749,0.770513242776,0.));
#6985 = DIRECTION('',(0.770513242776,-0.637423989749,0.));
#6986 = DEFINITIONAL_REPRESENTATION('',(#6987),#6991);
#6987 = LINE('',#6988,#6989);
#6988 = CARTESIAN_POINT('',(0.,0.));
#6989 = VECTOR('',#6990,1.);
#6990 = DIRECTION('',(1.,0.));
#6991 = ( GEOMETRIC_REPRESENTATION_CONTEXT(2) 
PARAMETRIC_REPRESENTATION_CONTEXT() REPRESENTATION_CONTEXT('2D SPACE',''
  ) );
#6992 = ORIENTED_EDGE('',*,*,#6993,.F.);
#6993 = EDGE_CURVE('',#6994,#6966,#6996,.T.);
#6994 = VERTEX_POINT('',#6995);
#6995 = CARTESIAN_POINT('',(-7.175424878023,-1.563848275668,14.75));
#6996 = SURFACE_CURVE('',#6997,(#7001,#7008),.PCURVE_S1.);
#6997 = LINE('',#6998,#6999);
#6998 = CARTESIAN_POINT('',(-6.891492636561,-1.220633154154,14.75));
#6999 = VECTOR('',#7000,1.);
#7000 = DIRECTION('',(-0.637423989749,-0.770513242776,0.));
#7001 = PCURVE('',#5269,#7002);
#7002 = DEFINITIONAL_REPRESENTATION('',(#7003),#7007);
#7003 = LINE('',#7004,#7005);
#7004 = CARTESIAN_POINT('',(-1.191492636561,-1.220633154154));
#7005 = VECTOR('',#7006,1.);
#7006 = DIRECTION('',(-0.637423989749,-0.770513242776));
#7007 = ( GEOMETRIC_REPRESENTATION_CONTEXT(2) 
PARAMETRIC_REPRESENTATION_CONTEXT() REPRESENTATION_CONTEXT('2D SPACE',''
  ) );
#7008 = PCURVE('',#7009,#7014);
#7009 = PLANE('',#7010);
#7010 = AXIS2_PLACEMENT_3D('',#7011,#7012,#7013);
#7011 = CARTESIAN_POINT('',(-6.891492636561,-1.220633154154,14.75));
#7012 = DIRECTION('',(0.770513242776,-0.637423989749,0.));
#7013 = DIRECTION('',(-0.637423989749,-0.770513242776,0.));
#7014 = DEFINITIONAL_REPRESENTATION('',(#7015),#7019);
#7015 = LINE('',#7016,#7017);
#7016 = CARTESIAN_POINT('',(0.,0.));
#7017 = VECTOR('',#7018,1.);
#7018 = DIRECTION('',(1.,0.));
#7019 = ( GEOMETRIC_REPRESENTATION_CONTEXT(2) 
PARAMETRIC_REPRESENTATION_CONTEXT() REPRESENTATION_CONTEXT('2D SPACE',''
  ) );
#7020 = ORIENTED_EDGE('',*,*,#7021,.F.);
#7021 = EDGE_CURVE('',#7022,#6994,#7024,.T.);
#7022 = VERTEX_POINT('',#7023);
#7023 = CARTESIAN_POINT('',(-7.353405072941,-1.374318618361,14.75));
#7024 = SURFACE_CURVE('',#7025,(#7030,#7037),.PCURVE_S1.);
#7025 = CIRCLE('',#7026,2.15);
#7026 = AXIS2_PLACEMENT_3D('',#7027,#7028,#7029);
#7027 = CARTESIAN_POINT('',(-5.7,0.,14.75));
#7028 = DIRECTION('',(0.,0.,1.));
#7029 = DIRECTION('',(1.,0.,0.));
#7030 = PCURVE('',#5269,#7031);
#7031 = DEFINITIONAL_REPRESENTATION('',(#7032),#7036);
#7032 = CIRCLE('',#7033,2.15);
#7033 = AXIS2_PLACEMENT_2D('',#7034,#7035);
#7034 = CARTESIAN_POINT('',(0.,-7.643776681114E-18));
#7035 = DIRECTION('',(1.,0.));
#7036 = ( GEOMETRIC_REPRESENTATION_CONTEXT(2) 
PARAMETRIC_REPRESENTATION_CONTEXT() REPRESENTATION_CONTEXT('2D SPACE',''
  ) );
#7037 = PCURVE('',#7038,#7043);
#7038 = CYLINDRICAL_SURFACE('',#7039,2.15);
#7039 = AXIS2_PLACEMENT_3D('',#7040,#7041,#7042);
#7040 = CARTESIAN_POINT('',(-5.7,0.,14.75));
#7041 = DIRECTION('',(-0.,-0.,-1.));
#7042 = DIRECTION('',(1.,0.,0.));
#7043 = DEFINITIONAL_REPRESENTATION('',(#7044),#7048);
#7044 = LINE('',#7045,#7046);
#7045 = CARTESIAN_POINT('',(-0.,0.));
#7046 = VECTOR('',#7047,1.);
#7047 = DIRECTION('',(-1.,0.));
#7048 = ( GEOMETRIC_REPRESENTATION_CONTEXT(2) 
PARAMETRIC_REPRESENTATION_CONTEXT() REPRESENTATION_CONTEXT('2D SPACE',''
  ) );
#7049 = ORIENTED_EDGE('',*,*,#7050,.F.);
#7050 = EDGE_CURVE('',#7051,#7022,#7053,.T.);
#7051 = VERTEX_POINT('',#7052);
#7052 = CARTESIAN_POINT('',(-7.640252550616,-1.582725509944,14.75));
#7053 = SURFACE_CURVE('',#7054,(#7058,#7065),.PCURVE_S1.);
#7054 = LINE('',#7055,#7056);
#7055 = CARTESIAN_POINT('',(-7.640252550616,-1.582725509944,14.75));
#7056 = VECTOR('',#7057,1.);
#7057 = DIRECTION('',(0.809016994375,0.587785252292,0.));
#7058 = PCURVE('',#5269,#7059);
#7059 = DEFINITIONAL_REPRESENTATION('',(#7060),#7064);
#7060 = LINE('',#7061,#7062);
#7061 = CARTESIAN_POINT('',(-1.940252550616,-1.582725509944));
#7062 = VECTOR('',#7063,1.);
#7063 = DIRECTION('',(0.809016994375,0.587785252292));
#7064 = ( GEOMETRIC_REPRESENTATION_CONTEXT(2) 
PARAMETRIC_REPRESENTATION_CONTEXT() REPRESENTATION_CONTEXT('2D SPACE',''
  ) );
#7065 = PCURVE('',#7066,#7071);
#7066 = PLANE('',#7067);
#7067 = AXIS2_PLACEMENT_3D('',#7068,#7069,#7070);
#7068 = CARTESIAN_POINT('',(-7.640252550616,-1.582725509944,14.75));
#7069 = DIRECTION('',(-0.587785252292,0.809016994375,0.));
#7070 = DIRECTION('',(0.809016994375,0.587785252292,0.));
#7071 = DEFINITIONAL_REPRESENTATION('',(#7072),#7076);
#7072 = LINE('',#7073,#7074);
#7073 = CARTESIAN_POINT('',(0.,0.));
#7074 = VECTOR('',#7075,1.);
#7075 = DIRECTION('',(1.,0.));
#7076 = ( GEOMETRIC_REPRESENTATION_CONTEXT(2) 
PARAMETRIC_REPRESENTATION_CONTEXT() REPRESENTATION_CONTEXT('2D SPACE',''
  ) );
#7077 = ORIENTED_EDGE('',*,*,#7078,.F.);
#7078 = EDGE_CURVE('',#7079,#7051,#7081,.T.);
#7079 = VERTEX_POINT('',#7080);
#7080 = CARTESIAN_POINT('',(-7.804832421258,-1.356200751519,14.75));
#7081 = SURFACE_CURVE('',#7082,(#7086,#7093),.PCURVE_S1.);
#7082 = LINE('',#7083,#7084);
#7083 = CARTESIAN_POINT('',(-7.804832421258,-1.356200751519,14.75));
#7084 = VECTOR('',#7085,1.);
#7085 = DIRECTION('',(0.587785252292,-0.809016994375,0.));
#7086 = PCURVE('',#5269,#7087);
#7087 = DEFINITIONAL_REPRESENTATION('',(#7088),#7092);
#7088 = LINE('',#7089,#7090);
#7089 = CARTESIAN_POINT('',(-2.104832421258,-1.356200751519));
#7090 = VECTOR('',#7091,1.);
#7091 = DIRECTION('',(0.587785252292,-0.809016994375));
#7092 = ( GEOMETRIC_REPRESENTATION_CONTEXT(2) 
PARAMETRIC_REPRESENTATION_CONTEXT() REPRESENTATION_CONTEXT('2D SPACE',''
  ) );
#7093 = PCURVE('',#7094,#7099);
#7094 = PLANE('',#7095);
#7095 = AXIS2_PLACEMENT_3D('',#7096,#7097,#7098);
#7096 = CARTESIAN_POINT('',(-7.804832421258,-1.356200751519,14.75));
#7097 = DIRECTION('',(0.809016994375,0.587785252292,0.));
#7098 = DIRECTION('',(0.587785252292,-0.809016994375,0.));
#7099 = DEFINITIONAL_REPRESENTATION('',(#7100),#7104);
#7100 = LINE('',#7101,#7102);
#7101 = CARTESIAN_POINT('',(0.,0.));
#7102 = VECTOR('',#7103,1.);
#7103 = DIRECTION('',(1.,0.));
#7104 = ( GEOMETRIC_REPRESENTATION_CONTEXT(2) 
PARAMETRIC_REPRESENTATION_CONTEXT() REPRESENTATION_CONTEXT('2D SPACE',''
  ) );
#7105 = ORIENTED_EDGE('',*,*,#7106,.F.);
#7106 = EDGE_CURVE('',#7107,#7079,#7109,.T.);
#7107 = VERTEX_POINT('',#7108);
#7108 = CARTESIAN_POINT('',(-7.517984943583,-1.147793859936,14.75));
#7109 = SURFACE_CURVE('',#7110,(#7114,#7121),.PCURVE_S1.);
#7110 = LINE('',#7111,#7112);
#7111 = CARTESIAN_POINT('',(-7.157618825758,-0.885972549685,14.75));
#7112 = VECTOR('',#7113,1.);
#7113 = DIRECTION('',(-0.809016994375,-0.587785252292,0.));
#7114 = PCURVE('',#5269,#7115);
#7115 = DEFINITIONAL_REPRESENTATION('',(#7116),#7120);
#7116 = LINE('',#7117,#7118);
#7117 = CARTESIAN_POINT('',(-1.457618825758,-0.885972549685));
#7118 = VECTOR('',#7119,1.);
#7119 = DIRECTION('',(-0.809016994375,-0.587785252292));
#7120 = ( GEOMETRIC_REPRESENTATION_CONTEXT(2) 
PARAMETRIC_REPRESENTATION_CONTEXT() REPRESENTATION_CONTEXT('2D SPACE',''
  ) );
#7121 = PCURVE('',#7122,#7127);
#7122 = PLANE('',#7123);
#7123 = AXIS2_PLACEMENT_3D('',#7124,#7125,#7126);
#7124 = CARTESIAN_POINT('',(-7.157618825758,-0.885972549685,14.75));
#7125 = DIRECTION('',(0.587785252292,-0.809016994375,0.));
#7126 = DIRECTION('',(-0.809016994375,-0.587785252292,0.));
#7127 = DEFINITIONAL_REPRESENTATION('',(#7128),#7132);
#7128 = LINE('',#7129,#7130);
#7129 = CARTESIAN_POINT('',(0.,0.));
#7130 = VECTOR('',#7131,1.);
#7131 = DIRECTION('',(1.,0.));
#7132 = ( GEOMETRIC_REPRESENTATION_CONTEXT(2) 
PARAMETRIC_REPRESENTATION_CONTEXT() REPRESENTATION_CONTEXT('2D SPACE',''
  ) );
#7133 = ORIENTED_EDGE('',*,*,#7134,.F.);
#7134 = EDGE_CURVE('',#7135,#7107,#7137,.T.);
#7135 = VERTEX_POINT('',#7136);
#7136 = CARTESIAN_POINT('',(-7.643239454304,-0.919956750743,14.75));
#7137 = SURFACE_CURVE('',#7138,(#7143,#7150),.PCURVE_S1.);
#7138 = CIRCLE('',#7139,2.15);
#7139 = AXIS2_PLACEMENT_3D('',#7140,#7141,#7142);
#7140 = CARTESIAN_POINT('',(-5.7,0.,14.75));
#7141 = DIRECTION('',(0.,0.,1.));
#7142 = DIRECTION('',(1.,0.,0.));
#7143 = PCURVE('',#5269,#7144);
#7144 = DEFINITIONAL_REPRESENTATION('',(#7145),#7149);
#7145 = CIRCLE('',#7146,2.15);
#7146 = AXIS2_PLACEMENT_2D('',#7147,#7148);
#7147 = CARTESIAN_POINT('',(0.,-7.643776681114E-18));
#7148 = DIRECTION('',(1.,0.));
#7149 = ( GEOMETRIC_REPRESENTATION_CONTEXT(2) 
PARAMETRIC_REPRESENTATION_CONTEXT() REPRESENTATION_CONTEXT('2D SPACE',''
  ) );
#7150 = PCURVE('',#7151,#7156);
#7151 = CYLINDRICAL_SURFACE('',#7152,2.15);
#7152 = AXIS2_PLACEMENT_3D('',#7153,#7154,#7155);
#7153 = CARTESIAN_POINT('',(-5.7,0.,14.75));
#7154 = DIRECTION('',(-0.,-0.,-1.));
#7155 = DIRECTION('',(1.,0.,0.));
#7156 = DEFINITIONAL_REPRESENTATION('',(#7157),#7161);
#7157 = LINE('',#7158,#7159);
#7158 = CARTESIAN_POINT('',(-0.,0.));
#7159 = VECTOR('',#7160,1.);
#7160 = DIRECTION('',(-1.,0.));
#7161 = ( GEOMETRIC_REPRESENTATION_CONTEXT(2) 
PARAMETRIC_REPRESENTATION_CONTEXT() REPRESENTATION_CONTEXT('2D SPACE',''
  ) );
#7162 = ORIENTED_EDGE('',*,*,#7163,.F.);
#7163 = EDGE_CURVE('',#7164,#7135,#7166,.T.);
#7164 = VERTEX_POINT('',#7165);
#7165 = CARTESIAN_POINT('',(-7.972903777345,-1.050480089736,14.75));
#7166 = SURFACE_CURVE('',#7167,(#7171,#7178),.PCURVE_S1.);
#7167 = LINE('',#7168,#7169);
#7168 = CARTESIAN_POINT('',(-7.972903777345,-1.050480089736,14.75));
#7169 = VECTOR('',#7170,1.);
#7170 = DIRECTION('',(0.929776485888,0.368124552685,0.));
#7171 = PCURVE('',#5269,#7172);
#7172 = DEFINITIONAL_REPRESENTATION('',(#7173),#7177);
#7173 = LINE('',#7174,#7175);
#7174 = CARTESIAN_POINT('',(-2.272903777345,-1.050480089736));
#7175 = VECTOR('',#7176,1.);
#7176 = DIRECTION('',(0.929776485888,0.368124552685));
#7177 = ( GEOMETRIC_REPRESENTATION_CONTEXT(2) 
PARAMETRIC_REPRESENTATION_CONTEXT() REPRESENTATION_CONTEXT('2D SPACE',''
  ) );
#7178 = PCURVE('',#7179,#7184);
#7179 = PLANE('',#7180);
#7180 = AXIS2_PLACEMENT_3D('',#7181,#7182,#7183);
#7181 = CARTESIAN_POINT('',(-7.972903777345,-1.050480089736,14.75));
#7182 = DIRECTION('',(-0.368124552685,0.929776485888,0.));
#7183 = DIRECTION('',(0.929776485888,0.368124552685,0.));
#7184 = DEFINITIONAL_REPRESENTATION('',(#7185),#7189);
#7185 = LINE('',#7186,#7187);
#7186 = CARTESIAN_POINT('',(0.,0.));
#7187 = VECTOR('',#7188,1.);
#7188 = DIRECTION('',(1.,0.));
#7189 = ( GEOMETRIC_REPRESENTATION_CONTEXT(2) 
PARAMETRIC_REPRESENTATION_CONTEXT() REPRESENTATION_CONTEXT('2D SPACE',''
  ) );
#7190 = ORIENTED_EDGE('',*,*,#7191,.F.);
#7191 = EDGE_CURVE('',#7192,#7164,#7194,.T.);
#7192 = VERTEX_POINT('',#7193);
#7193 = CARTESIAN_POINT('',(-8.075978652096,-0.790142673687,14.75));
#7194 = SURFACE_CURVE('',#7195,(#7199,#7206),.PCURVE_S1.);
#7195 = LINE('',#7196,#7197);
#7196 = CARTESIAN_POINT('',(-8.075978652096,-0.790142673687,14.75));
#7197 = VECTOR('',#7198,1.);
#7198 = DIRECTION('',(0.368124552685,-0.929776485888,0.));
#7199 = PCURVE('',#5269,#7200);
#7200 = DEFINITIONAL_REPRESENTATION('',(#7201),#7205);
#7201 = LINE('',#7202,#7203);
#7202 = CARTESIAN_POINT('',(-2.375978652096,-0.790142673687));
#7203 = VECTOR('',#7204,1.);
#7204 = DIRECTION('',(0.368124552685,-0.929776485888));
#7205 = ( GEOMETRIC_REPRESENTATION_CONTEXT(2) 
PARAMETRIC_REPRESENTATION_CONTEXT() REPRESENTATION_CONTEXT('2D SPACE',''
  ) );
#7206 = PCURVE('',#7207,#7212);
#7207 = PLANE('',#7208);
#7208 = AXIS2_PLACEMENT_3D('',#7209,#7210,#7211);
#7209 = CARTESIAN_POINT('',(-8.075978652096,-0.790142673687,14.75));
#7210 = DIRECTION('',(0.929776485888,0.368124552685,0.));
#7211 = DIRECTION('',(0.368124552685,-0.929776485888,0.));
#7212 = DEFINITIONAL_REPRESENTATION('',(#7213),#7217);
#7213 = LINE('',#7214,#7215);
#7214 = CARTESIAN_POINT('',(0.,0.));
#7215 = VECTOR('',#7216,1.);
#7216 = DIRECTION('',(1.,0.));
#7217 = ( GEOMETRIC_REPRESENTATION_CONTEXT(2) 
PARAMETRIC_REPRESENTATION_CONTEXT() REPRESENTATION_CONTEXT('2D SPACE',''
  ) );
#7218 = ORIENTED_EDGE('',*,*,#7219,.F.);
#7219 = EDGE_CURVE('',#7220,#7192,#7222,.T.);
#7220 = VERTEX_POINT('',#7221);
#7221 = CARTESIAN_POINT('',(-7.746314329055,-0.659619334694,14.75));
#7222 = SURFACE_CURVE('',#7223,(#7227,#7234),.PCURVE_S1.);
#7223 = LINE('',#7224,#7225);
#7224 = CARTESIAN_POINT('',(-7.332157463386,-0.49564303154,14.75));
#7225 = VECTOR('',#7226,1.);
#7226 = DIRECTION('',(-0.929776485888,-0.368124552685,0.));
#7227 = PCURVE('',#5269,#7228);
#7228 = DEFINITIONAL_REPRESENTATION('',(#7229),#7233);
#7229 = LINE('',#7230,#7231);
#7230 = CARTESIAN_POINT('',(-1.632157463386,-0.49564303154));
#7231 = VECTOR('',#7232,1.);
#7232 = DIRECTION('',(-0.929776485888,-0.368124552685));
#7233 = ( GEOMETRIC_REPRESENTATION_CONTEXT(2) 
PARAMETRIC_REPRESENTATION_CONTEXT() REPRESENTATION_CONTEXT('2D SPACE',''
  ) );
#7234 = PCURVE('',#7235,#7240);
#7235 = PLANE('',#7236);
#7236 = AXIS2_PLACEMENT_3D('',#7237,#7238,#7239);
#7237 = CARTESIAN_POINT('',(-7.332157463386,-0.49564303154,14.75));
#7238 = DIRECTION('',(0.368124552685,-0.929776485888,0.));
#7239 = DIRECTION('',(-0.929776485888,-0.368124552685,0.));
#7240 = DEFINITIONAL_REPRESENTATION('',(#7241),#7245);
#7241 = LINE('',#7242,#7243);
#7242 = CARTESIAN_POINT('',(0.,0.));
#7243 = VECTOR('',#7244,1.);
#7244 = DIRECTION('',(1.,0.));
#7245 = ( GEOMETRIC_REPRESENTATION_CONTEXT(2) 
PARAMETRIC_REPRESENTATION_CONTEXT() REPRESENTATION_CONTEXT('2D SPACE',''
  ) );
#7246 = ORIENTED_EDGE('',*,*,#7247,.F.);
#7247 = EDGE_CURVE('',#7248,#7220,#7250,.T.);
#7248 = VERTEX_POINT('',#7249);
#7249 = CARTESIAN_POINT('',(-7.810972954018,-0.407790617111,14.75));
#7250 = SURFACE_CURVE('',#7251,(#7256,#7263),.PCURVE_S1.);
#7251 = CIRCLE('',#7252,2.15);
#7252 = AXIS2_PLACEMENT_3D('',#7253,#7254,#7255);
#7253 = CARTESIAN_POINT('',(-5.7,0.,14.75));
#7254 = DIRECTION('',(0.,0.,1.));
#7255 = DIRECTION('',(1.,0.,0.));
#7256 = PCURVE('',#5269,#7257);
#7257 = DEFINITIONAL_REPRESENTATION('',(#7258),#7262);
#7258 = CIRCLE('',#7259,2.15);
#7259 = AXIS2_PLACEMENT_2D('',#7260,#7261);
#7260 = CARTESIAN_POINT('',(0.,-7.643776681114E-18));
#7261 = DIRECTION('',(1.,0.));
#7262 = ( GEOMETRIC_REPRESENTATION_CONTEXT(2) 
PARAMETRIC_REPRESENTATION_CONTEXT() REPRESENTATION_CONTEXT('2D SPACE',''
  ) );
#7263 = PCURVE('',#7264,#7269);
#7264 = CYLINDRICAL_SURFACE('',#7265,2.15);
#7265 = AXIS2_PLACEMENT_3D('',#7266,#7267,#7268);
#7266 = CARTESIAN_POINT('',(-5.7,0.,14.75));
#7267 = DIRECTION('',(-0.,-0.,-1.));
#7268 = DIRECTION('',(1.,0.,0.));
#7269 = DEFINITIONAL_REPRESENTATION('',(#7270),#7274);
#7270 = LINE('',#7271,#7272);
#7271 = CARTESIAN_POINT('',(-0.,0.));
#7272 = VECTOR('',#7273,1.);
#7273 = DIRECTION('',(-1.,0.));
#7274 = ( GEOMETRIC_REPRESENTATION_CONTEXT(2) 
PARAMETRIC_REPRESENTATION_CONTEXT() REPRESENTATION_CONTEXT('2D SPACE',''
  ) );
#7275 = ORIENTED_EDGE('',*,*,#7276,.F.);
#7276 = EDGE_CURVE('',#7277,#7248,#7279,.T.);
#7277 = VERTEX_POINT('',#7278);
#7278 = CARTESIAN_POINT('',(-8.162740100587,-0.452229142095,14.75));
#7279 = SURFACE_CURVE('',#7280,(#7284,#7291),.PCURVE_S1.);
#7280 = LINE('',#7281,#7282);
#7281 = CARTESIAN_POINT('',(-8.162740100587,-0.452229142095,14.75));
#7282 = VECTOR('',#7283,1.);
#7283 = DIRECTION('',(0.992114701314,0.125333233564,0.));
#7284 = PCURVE('',#5269,#7285);
#7285 = DEFINITIONAL_REPRESENTATION('',(#7286),#7290);
#7286 = LINE('',#7287,#7288);
#7287 = CARTESIAN_POINT('',(-2.462740100587,-0.452229142095));
#7288 = VECTOR('',#7289,1.);
#7289 = DIRECTION('',(0.992114701314,0.125333233564));
#7290 = ( GEOMETRIC_REPRESENTATION_CONTEXT(2) 
PARAMETRIC_REPRESENTATION_CONTEXT() REPRESENTATION_CONTEXT('2D SPACE',''
  ) );
#7291 = PCURVE('',#7292,#7297);
#7292 = PLANE('',#7293);
#7293 = AXIS2_PLACEMENT_3D('',#7294,#7295,#7296);
#7294 = CARTESIAN_POINT('',(-8.162740100587,-0.452229142095,14.75));
#7295 = DIRECTION('',(-0.125333233564,0.992114701314,0.));
#7296 = DIRECTION('',(0.992114701314,0.125333233564,0.));
#7297 = DEFINITIONAL_REPRESENTATION('',(#7298),#7302);
#7298 = LINE('',#7299,#7300);
#7299 = CARTESIAN_POINT('',(0.,0.));
#7300 = VECTOR('',#7301,1.);
#7301 = DIRECTION('',(1.,0.));
#7302 = ( GEOMETRIC_REPRESENTATION_CONTEXT(2) 
PARAMETRIC_REPRESENTATION_CONTEXT() REPRESENTATION_CONTEXT('2D SPACE',''
  ) );
#7303 = ORIENTED_EDGE('',*,*,#7304,.F.);
#7304 = EDGE_CURVE('',#7305,#7277,#7307,.T.);
#7305 = VERTEX_POINT('',#7306);
#7306 = CARTESIAN_POINT('',(-8.197833405985,-0.174437025727,14.75));
#7307 = SURFACE_CURVE('',#7308,(#7312,#7319),.PCURVE_S1.);
#7308 = LINE('',#7309,#7310);
#7309 = CARTESIAN_POINT('',(-8.197833405985,-0.174437025727,14.75));
#7310 = VECTOR('',#7311,1.);
#7311 = DIRECTION('',(0.125333233564,-0.992114701314,0.));
#7312 = PCURVE('',#5269,#7313);
#7313 = DEFINITIONAL_REPRESENTATION('',(#7314),#7318);
#7314 = LINE('',#7315,#7316);
#7315 = CARTESIAN_POINT('',(-2.497833405985,-0.174437025727));
#7316 = VECTOR('',#7317,1.);
#7317 = DIRECTION('',(0.125333233564,-0.992114701314));
#7318 = ( GEOMETRIC_REPRESENTATION_CONTEXT(2) 
PARAMETRIC_REPRESENTATION_CONTEXT() REPRESENTATION_CONTEXT('2D SPACE',''
  ) );
#7319 = PCURVE('',#7320,#7325);
#7320 = PLANE('',#7321);
#7321 = AXIS2_PLACEMENT_3D('',#7322,#7323,#7324);
#7322 = CARTESIAN_POINT('',(-8.197833405985,-0.174437025727,14.75));
#7323 = DIRECTION('',(0.992114701314,0.125333233564,0.));
#7324 = DIRECTION('',(0.125333233564,-0.992114701314,0.));
#7325 = DEFINITIONAL_REPRESENTATION('',(#7326),#7330);
#7326 = LINE('',#7327,#7328);
#7327 = CARTESIAN_POINT('',(0.,0.));
#7328 = VECTOR('',#7329,1.);
#7329 = DIRECTION('',(1.,0.));
#7330 = ( GEOMETRIC_REPRESENTATION_CONTEXT(2) 
PARAMETRIC_REPRESENTATION_CONTEXT() REPRESENTATION_CONTEXT('2D SPACE',''
  ) );
#7331 = ORIENTED_EDGE('',*,*,#7332,.F.);
#7332 = EDGE_CURVE('',#7333,#7305,#7335,.T.);
#7333 = VERTEX_POINT('',#7334);
#7334 = CARTESIAN_POINT('',(-7.846066259416,-0.129998500743,14.75));
#7335 = SURFACE_CURVE('',#7336,(#7340,#7347),.PCURVE_S1.);
#7336 = LINE('',#7337,#7338);
#7337 = CARTESIAN_POINT('',(-7.404141644934,-7.417043887529E-02,14.75));
#7338 = VECTOR('',#7339,1.);
#7339 = DIRECTION('',(-0.992114701314,-0.125333233564,0.));
#7340 = PCURVE('',#5269,#7341);
#7341 = DEFINITIONAL_REPRESENTATION('',(#7342),#7346);
#7342 = LINE('',#7343,#7344);
#7343 = CARTESIAN_POINT('',(-1.704141644934,-7.417043887529E-02));
#7344 = VECTOR('',#7345,1.);
#7345 = DIRECTION('',(-0.992114701314,-0.125333233564));
#7346 = ( GEOMETRIC_REPRESENTATION_CONTEXT(2) 
PARAMETRIC_REPRESENTATION_CONTEXT() REPRESENTATION_CONTEXT('2D SPACE',''
  ) );
#7347 = PCURVE('',#7348,#7353);
#7348 = PLANE('',#7349);
#7349 = AXIS2_PLACEMENT_3D('',#7350,#7351,#7352);
#7350 = CARTESIAN_POINT('',(-7.404141644934,-7.417043887529E-02,14.75));
#7351 = DIRECTION('',(0.125333233564,-0.992114701314,0.));
#7352 = DIRECTION('',(-0.992114701314,-0.125333233564,0.));
#7353 = DEFINITIONAL_REPRESENTATION('',(#7354),#7358);
#7354 = LINE('',#7355,#7356);
#7355 = CARTESIAN_POINT('',(0.,0.));
#7356 = VECTOR('',#7357,1.);
#7357 = DIRECTION('',(1.,0.));
#7358 = ( GEOMETRIC_REPRESENTATION_CONTEXT(2) 
PARAMETRIC_REPRESENTATION_CONTEXT() REPRESENTATION_CONTEXT('2D SPACE',''
  ) );
#7359 = ORIENTED_EDGE('',*,*,#7360,.F.);
#7360 = EDGE_CURVE('',#7361,#7333,#7363,.T.);
#7361 = VERTEX_POINT('',#7362);
#7362 = CARTESIAN_POINT('',(-7.846066259416,0.129998500743,14.75));
#7363 = SURFACE_CURVE('',#7364,(#7369,#7376),.PCURVE_S1.);
#7364 = CIRCLE('',#7365,2.15);
#7365 = AXIS2_PLACEMENT_3D('',#7366,#7367,#7368);
#7366 = CARTESIAN_POINT('',(-5.7,0.,14.75));
#7367 = DIRECTION('',(0.,0.,1.));
#7368 = DIRECTION('',(1.,0.,0.));
#7369 = PCURVE('',#5269,#7370);
#7370 = DEFINITIONAL_REPRESENTATION('',(#7371),#7375);
#7371 = CIRCLE('',#7372,2.15);
#7372 = AXIS2_PLACEMENT_2D('',#7373,#7374);
#7373 = CARTESIAN_POINT('',(0.,-7.643776681114E-18));
#7374 = DIRECTION('',(1.,0.));
#7375 = ( GEOMETRIC_REPRESENTATION_CONTEXT(2) 
PARAMETRIC_REPRESENTATION_CONTEXT() REPRESENTATION_CONTEXT('2D SPACE',''
  ) );
#7376 = PCURVE('',#7377,#7382);
#7377 = CYLINDRICAL_SURFACE('',#7378,2.15);
#7378 = AXIS2_PLACEMENT_3D('',#7379,#7380,#7381);
#7379 = CARTESIAN_POINT('',(-5.7,0.,14.75));
#7380 = DIRECTION('',(-0.,-0.,-1.));
#7381 = DIRECTION('',(1.,0.,0.));
#7382 = DEFINITIONAL_REPRESENTATION('',(#7383),#7387);
#7383 = LINE('',#7384,#7385);
#7384 = CARTESIAN_POINT('',(-0.,0.));
#7385 = VECTOR('',#7386,1.);
#7386 = DIRECTION('',(-1.,0.));
#7387 = ( GEOMETRIC_REPRESENTATION_CONTEXT(2) 
PARAMETRIC_REPRESENTATION_CONTEXT() REPRESENTATION_CONTEXT('2D SPACE',''
  ) );
#7388 = ORIENTED_EDGE('',*,*,#7389,.F.);
#7389 = EDGE_CURVE('',#7390,#7361,#7392,.T.);
#7390 = VERTEX_POINT('',#7391);
#7391 = CARTESIAN_POINT('',(-8.197833405985,0.174437025727,14.75));
#7392 = SURFACE_CURVE('',#7393,(#7397,#7404),.PCURVE_S1.);
#7393 = LINE('',#7394,#7395);
#7394 = CARTESIAN_POINT('',(-8.197833405985,0.174437025727,14.75));
#7395 = VECTOR('',#7396,1.);
#7396 = DIRECTION('',(0.992114701314,-0.125333233564,0.));
#7397 = PCURVE('',#5269,#7398);
#7398 = DEFINITIONAL_REPRESENTATION('',(#7399),#7403);
#7399 = LINE('',#7400,#7401);
#7400 = CARTESIAN_POINT('',(-2.497833405985,0.174437025727));
#7401 = VECTOR('',#7402,1.);
#7402 = DIRECTION('',(0.992114701314,-0.125333233564));
#7403 = ( GEOMETRIC_REPRESENTATION_CONTEXT(2) 
PARAMETRIC_REPRESENTATION_CONTEXT() REPRESENTATION_CONTEXT('2D SPACE',''
  ) );
#7404 = PCURVE('',#7405,#7410);
#7405 = PLANE('',#7406);
#7406 = AXIS2_PLACEMENT_3D('',#7407,#7408,#7409);
#7407 = CARTESIAN_POINT('',(-8.197833405985,0.174437025727,14.75));
#7408 = DIRECTION('',(0.125333233564,0.992114701314,0.));
#7409 = DIRECTION('',(0.992114701314,-0.125333233564,0.));
#7410 = DEFINITIONAL_REPRESENTATION('',(#7411),#7415);
#7411 = LINE('',#7412,#7413);
#7412 = CARTESIAN_POINT('',(0.,0.));
#7413 = VECTOR('',#7414,1.);
#7414 = DIRECTION('',(1.,0.));
#7415 = ( GEOMETRIC_REPRESENTATION_CONTEXT(2) 
PARAMETRIC_REPRESENTATION_CONTEXT() REPRESENTATION_CONTEXT('2D SPACE',''
  ) );
#7416 = ORIENTED_EDGE('',*,*,#7417,.F.);
#7417 = EDGE_CURVE('',#7418,#7390,#7420,.T.);
#7418 = VERTEX_POINT('',#7419);
#7419 = CARTESIAN_POINT('',(-8.162740100587,0.452229142095,14.75));
#7420 = SURFACE_CURVE('',#7421,(#7425,#7432),.PCURVE_S1.);
#7421 = LINE('',#7422,#7423);
#7422 = CARTESIAN_POINT('',(-8.162740100587,0.452229142095,14.75));
#7423 = VECTOR('',#7424,1.);
#7424 = DIRECTION('',(-0.125333233564,-0.992114701314,0.));
#7425 = PCURVE('',#5269,#7426);
#7426 = DEFINITIONAL_REPRESENTATION('',(#7427),#7431);
#7427 = LINE('',#7428,#7429);
#7428 = CARTESIAN_POINT('',(-2.462740100587,0.452229142095));
#7429 = VECTOR('',#7430,1.);
#7430 = DIRECTION('',(-0.125333233564,-0.992114701314));
#7431 = ( GEOMETRIC_REPRESENTATION_CONTEXT(2) 
PARAMETRIC_REPRESENTATION_CONTEXT() REPRESENTATION_CONTEXT('2D SPACE',''
  ) );
#7432 = PCURVE('',#7433,#7438);
#7433 = PLANE('',#7434);
#7434 = AXIS2_PLACEMENT_3D('',#7435,#7436,#7437);
#7435 = CARTESIAN_POINT('',(-8.162740100587,0.452229142095,14.75));
#7436 = DIRECTION('',(0.992114701314,-0.125333233564,0.));
#7437 = DIRECTION('',(-0.125333233564,-0.992114701314,0.));
#7438 = DEFINITIONAL_REPRESENTATION('',(#7439),#7443);
#7439 = LINE('',#7440,#7441);
#7440 = CARTESIAN_POINT('',(0.,0.));
#7441 = VECTOR('',#7442,1.);
#7442 = DIRECTION('',(1.,0.));
#7443 = ( GEOMETRIC_REPRESENTATION_CONTEXT(2) 
PARAMETRIC_REPRESENTATION_CONTEXT() REPRESENTATION_CONTEXT('2D SPACE',''
  ) );
#7444 = ORIENTED_EDGE('',*,*,#7445,.F.);
#7445 = EDGE_CURVE('',#7446,#7418,#7448,.T.);
#7446 = VERTEX_POINT('',#7447);
#7447 = CARTESIAN_POINT('',(-7.810972954018,0.407790617111,14.75));
#7448 = SURFACE_CURVE('',#7449,(#7453,#7460),.PCURVE_S1.);
#7449 = LINE('',#7450,#7451);
#7450 = CARTESIAN_POINT('',(-7.369048339536,0.351962555243,14.75));
#7451 = VECTOR('',#7452,1.);
#7452 = DIRECTION('',(-0.992114701314,0.125333233564,0.));
#7453 = PCURVE('',#5269,#7454);
#7454 = DEFINITIONAL_REPRESENTATION('',(#7455),#7459);
#7455 = LINE('',#7456,#7457);
#7456 = CARTESIAN_POINT('',(-1.669048339536,0.351962555243));
#7457 = VECTOR('',#7458,1.);
#7458 = DIRECTION('',(-0.992114701314,0.125333233564));
#7459 = ( GEOMETRIC_REPRESENTATION_CONTEXT(2) 
PARAMETRIC_REPRESENTATION_CONTEXT() REPRESENTATION_CONTEXT('2D SPACE',''
  ) );
#7460 = PCURVE('',#7461,#7466);
#7461 = PLANE('',#7462);
#7462 = AXIS2_PLACEMENT_3D('',#7463,#7464,#7465);
#7463 = CARTESIAN_POINT('',(-7.369048339536,0.351962555243,14.75));
#7464 = DIRECTION('',(-0.125333233564,-0.992114701314,0.));
#7465 = DIRECTION('',(-0.992114701314,0.125333233564,0.));
#7466 = DEFINITIONAL_REPRESENTATION('',(#7467),#7471);
#7467 = LINE('',#7468,#7469);
#7468 = CARTESIAN_POINT('',(0.,0.));
#7469 = VECTOR('',#7470,1.);
#7470 = DIRECTION('',(1.,0.));
#7471 = ( GEOMETRIC_REPRESENTATION_CONTEXT(2) 
PARAMETRIC_REPRESENTATION_CONTEXT() REPRESENTATION_CONTEXT('2D SPACE',''
  ) );
#7472 = ORIENTED_EDGE('',*,*,#7473,.F.);
#7473 = EDGE_CURVE('',#7474,#7446,#7476,.T.);
#7474 = VERTEX_POINT('',#7475);
#7475 = CARTESIAN_POINT('',(-7.746314329055,0.659619334694,14.75));
#7476 = SURFACE_CURVE('',#7477,(#7482,#7489),.PCURVE_S1.);
#7477 = CIRCLE('',#7478,2.15);
#7478 = AXIS2_PLACEMENT_3D('',#7479,#7480,#7481);
#7479 = CARTESIAN_POINT('',(-5.7,0.,14.75));
#7480 = DIRECTION('',(0.,0.,1.));
#7481 = DIRECTION('',(1.,0.,0.));
#7482 = PCURVE('',#5269,#7483);
#7483 = DEFINITIONAL_REPRESENTATION('',(#7484),#7488);
#7484 = CIRCLE('',#7485,2.15);
#7485 = AXIS2_PLACEMENT_2D('',#7486,#7487);
#7486 = CARTESIAN_POINT('',(0.,-7.643776681114E-18));
#7487 = DIRECTION('',(1.,0.));
#7488 = ( GEOMETRIC_REPRESENTATION_CONTEXT(2) 
PARAMETRIC_REPRESENTATION_CONTEXT() REPRESENTATION_CONTEXT('2D SPACE',''
  ) );
#7489 = PCURVE('',#7490,#7495);
#7490 = CYLINDRICAL_SURFACE('',#7491,2.15);
#7491 = AXIS2_PLACEMENT_3D('',#7492,#7493,#7494);
#7492 = CARTESIAN_POINT('',(-5.7,0.,14.75));
#7493 = DIRECTION('',(-0.,-0.,-1.));
#7494 = DIRECTION('',(1.,0.,0.));
#7495 = DEFINITIONAL_REPRESENTATION('',(#7496),#7500);
#7496 = LINE('',#7497,#7498);
#7497 = CARTESIAN_POINT('',(-0.,0.));
#7498 = VECTOR('',#7499,1.);
#7499 = DIRECTION('',(-1.,0.));
#7500 = ( GEOMETRIC_REPRESENTATION_CONTEXT(2) 
PARAMETRIC_REPRESENTATION_CONTEXT() REPRESENTATION_CONTEXT('2D SPACE',''
  ) );
#7501 = ORIENTED_EDGE('',*,*,#7502,.F.);
#7502 = EDGE_CURVE('',#7503,#7474,#7505,.T.);
#7503 = VERTEX_POINT('',#7504);
#7504 = CARTESIAN_POINT('',(-8.075978652096,0.790142673687,14.75));
#7505 = SURFACE_CURVE('',#7506,(#7510,#7517),.PCURVE_S1.);
#7506 = LINE('',#7507,#7508);
#7507 = CARTESIAN_POINT('',(-8.075978652096,0.790142673687,14.75));
#7508 = VECTOR('',#7509,1.);
#7509 = DIRECTION('',(0.929776485888,-0.368124552685,0.));
#7510 = PCURVE('',#5269,#7511);
#7511 = DEFINITIONAL_REPRESENTATION('',(#7512),#7516);
#7512 = LINE('',#7513,#7514);
#7513 = CARTESIAN_POINT('',(-2.375978652096,0.790142673687));
#7514 = VECTOR('',#7515,1.);
#7515 = DIRECTION('',(0.929776485888,-0.368124552685));
#7516 = ( GEOMETRIC_REPRESENTATION_CONTEXT(2) 
PARAMETRIC_REPRESENTATION_CONTEXT() REPRESENTATION_CONTEXT('2D SPACE',''
  ) );
#7517 = PCURVE('',#7518,#7523);
#7518 = PLANE('',#7519);
#7519 = AXIS2_PLACEMENT_3D('',#7520,#7521,#7522);
#7520 = CARTESIAN_POINT('',(-8.075978652096,0.790142673687,14.75));
#7521 = DIRECTION('',(0.368124552685,0.929776485888,0.));
#7522 = DIRECTION('',(0.929776485888,-0.368124552685,0.));
#7523 = DEFINITIONAL_REPRESENTATION('',(#7524),#7528);
#7524 = LINE('',#7525,#7526);
#7525 = CARTESIAN_POINT('',(0.,0.));
#7526 = VECTOR('',#7527,1.);
#7527 = DIRECTION('',(1.,0.));
#7528 = ( GEOMETRIC_REPRESENTATION_CONTEXT(2) 
PARAMETRIC_REPRESENTATION_CONTEXT() REPRESENTATION_CONTEXT('2D SPACE',''
  ) );
#7529 = ORIENTED_EDGE('',*,*,#7530,.F.);
#7530 = EDGE_CURVE('',#7531,#7503,#7533,.T.);
#7531 = VERTEX_POINT('',#7532);
#7532 = CARTESIAN_POINT('',(-7.972903777345,1.050480089736,14.75));
#7533 = SURFACE_CURVE('',#7534,(#7538,#7545),.PCURVE_S1.);
#7534 = LINE('',#7535,#7536);
#7535 = CARTESIAN_POINT('',(-7.972903777345,1.050480089736,14.75));
#7536 = VECTOR('',#7537,1.);
#7537 = DIRECTION('',(-0.368124552685,-0.929776485888,0.));
#7538 = PCURVE('',#5269,#7539);
#7539 = DEFINITIONAL_REPRESENTATION('',(#7540),#7544);
#7540 = LINE('',#7541,#7542);
#7541 = CARTESIAN_POINT('',(-2.272903777345,1.050480089736));
#7542 = VECTOR('',#7543,1.);
#7543 = DIRECTION('',(-0.368124552685,-0.929776485888));
#7544 = ( GEOMETRIC_REPRESENTATION_CONTEXT(2) 
PARAMETRIC_REPRESENTATION_CONTEXT() REPRESENTATION_CONTEXT('2D SPACE',''
  ) );
#7545 = PCURVE('',#7546,#7551);
#7546 = PLANE('',#7547);
#7547 = AXIS2_PLACEMENT_3D('',#7548,#7549,#7550);
#7548 = CARTESIAN_POINT('',(-7.972903777345,1.050480089736,14.75));
#7549 = DIRECTION('',(0.929776485888,-0.368124552685,0.));
#7550 = DIRECTION('',(-0.368124552685,-0.929776485888,0.));
#7551 = DEFINITIONAL_REPRESENTATION('',(#7552),#7556);
#7552 = LINE('',#7553,#7554);
#7553 = CARTESIAN_POINT('',(0.,0.));
#7554 = VECTOR('',#7555,1.);
#7555 = DIRECTION('',(1.,0.));
#7556 = ( GEOMETRIC_REPRESENTATION_CONTEXT(2) 
PARAMETRIC_REPRESENTATION_CONTEXT() REPRESENTATION_CONTEXT('2D SPACE',''
  ) );
#7557 = ORIENTED_EDGE('',*,*,#7558,.F.);
#7558 = EDGE_CURVE('',#7559,#7531,#7561,.T.);
#7559 = VERTEX_POINT('',#7560);
#7560 = CARTESIAN_POINT('',(-7.643239454304,0.919956750743,14.75));
#7561 = SURFACE_CURVE('',#7562,(#7566,#7573),.PCURVE_S1.);
#7562 = LINE('',#7563,#7564);
#7563 = CARTESIAN_POINT('',(-7.229082588634,0.755980447588,14.75));
#7564 = VECTOR('',#7565,1.);
#7565 = DIRECTION('',(-0.929776485888,0.368124552685,0.));
#7566 = PCURVE('',#5269,#7567);
#7567 = DEFINITIONAL_REPRESENTATION('',(#7568),#7572);
#7568 = LINE('',#7569,#7570);
#7569 = CARTESIAN_POINT('',(-1.529082588634,0.755980447588));
#7570 = VECTOR('',#7571,1.);
#7571 = DIRECTION('',(-0.929776485888,0.368124552685));
#7572 = ( GEOMETRIC_REPRESENTATION_CONTEXT(2) 
PARAMETRIC_REPRESENTATION_CONTEXT() REPRESENTATION_CONTEXT('2D SPACE',''
  ) );
#7573 = PCURVE('',#7574,#7579);
#7574 = PLANE('',#7575);
#7575 = AXIS2_PLACEMENT_3D('',#7576,#7577,#7578);
#7576 = CARTESIAN_POINT('',(-7.229082588634,0.755980447588,14.75));
#7577 = DIRECTION('',(-0.368124552685,-0.929776485888,0.));
#7578 = DIRECTION('',(-0.929776485888,0.368124552685,0.));
#7579 = DEFINITIONAL_REPRESENTATION('',(#7580),#7584);
#7580 = LINE('',#7581,#7582);
#7581 = CARTESIAN_POINT('',(0.,0.));
#7582 = VECTOR('',#7583,1.);
#7583 = DIRECTION('',(1.,0.));
#7584 = ( GEOMETRIC_REPRESENTATION_CONTEXT(2) 
PARAMETRIC_REPRESENTATION_CONTEXT() REPRESENTATION_CONTEXT('2D SPACE',''
  ) );
#7585 = ORIENTED_EDGE('',*,*,#7586,.F.);
#7586 = EDGE_CURVE('',#7587,#7559,#7589,.T.);
#7587 = VERTEX_POINT('',#7588);
#7588 = CARTESIAN_POINT('',(-7.517984943583,1.147793859936,14.75));
#7589 = SURFACE_CURVE('',#7590,(#7595,#7602),.PCURVE_S1.);
#7590 = CIRCLE('',#7591,2.15);
#7591 = AXIS2_PLACEMENT_3D('',#7592,#7593,#7594);
#7592 = CARTESIAN_POINT('',(-5.7,0.,14.75));
#7593 = DIRECTION('',(0.,0.,1.));
#7594 = DIRECTION('',(1.,0.,0.));
#7595 = PCURVE('',#5269,#7596);
#7596 = DEFINITIONAL_REPRESENTATION('',(#7597),#7601);
#7597 = CIRCLE('',#7598,2.15);
#7598 = AXIS2_PLACEMENT_2D('',#7599,#7600);
#7599 = CARTESIAN_POINT('',(0.,-7.643776681114E-18));
#7600 = DIRECTION('',(1.,0.));
#7601 = ( GEOMETRIC_REPRESENTATION_CONTEXT(2) 
PARAMETRIC_REPRESENTATION_CONTEXT() REPRESENTATION_CONTEXT('2D SPACE',''
  ) );
#7602 = PCURVE('',#7603,#7608);
#7603 = CYLINDRICAL_SURFACE('',#7604,2.15);
#7604 = AXIS2_PLACEMENT_3D('',#7605,#7606,#7607);
#7605 = CARTESIAN_POINT('',(-5.7,0.,14.75));
#7606 = DIRECTION('',(-0.,-0.,-1.));
#7607 = DIRECTION('',(1.,0.,0.));
#7608 = DEFINITIONAL_REPRESENTATION('',(#7609),#7613);
#7609 = LINE('',#7610,#7611);
#7610 = CARTESIAN_POINT('',(-0.,0.));
#7611 = VECTOR('',#7612,1.);
#7612 = DIRECTION('',(-1.,0.));
#7613 = ( GEOMETRIC_REPRESENTATION_CONTEXT(2) 
PARAMETRIC_REPRESENTATION_CONTEXT() REPRESENTATION_CONTEXT('2D SPACE',''
  ) );
#7614 = ORIENTED_EDGE('',*,*,#7615,.F.);
#7615 = EDGE_CURVE('',#7616,#7587,#7618,.T.);
#7616 = VERTEX_POINT('',#7617);
#7617 = CARTESIAN_POINT('',(-7.804832421258,1.356200751519,14.75));
#7618 = SURFACE_CURVE('',#7619,(#7623,#7630),.PCURVE_S1.);
#7619 = LINE('',#7620,#7621);
#7620 = CARTESIAN_POINT('',(-7.804832421258,1.356200751519,14.75));
#7621 = VECTOR('',#7622,1.);
#7622 = DIRECTION('',(0.809016994375,-0.587785252292,0.));
#7623 = PCURVE('',#5269,#7624);
#7624 = DEFINITIONAL_REPRESENTATION('',(#7625),#7629);
#7625 = LINE('',#7626,#7627);
#7626 = CARTESIAN_POINT('',(-2.104832421258,1.356200751519));
#7627 = VECTOR('',#7628,1.);
#7628 = DIRECTION('',(0.809016994375,-0.587785252292));
#7629 = ( GEOMETRIC_REPRESENTATION_CONTEXT(2) 
PARAMETRIC_REPRESENTATION_CONTEXT() REPRESENTATION_CONTEXT('2D SPACE',''
  ) );
#7630 = PCURVE('',#7631,#7636);
#7631 = PLANE('',#7632);
#7632 = AXIS2_PLACEMENT_3D('',#7633,#7634,#7635);
#7633 = CARTESIAN_POINT('',(-7.804832421258,1.356200751519,14.75));
#7634 = DIRECTION('',(0.587785252292,0.809016994375,0.));
#7635 = DIRECTION('',(0.809016994375,-0.587785252292,0.));
#7636 = DEFINITIONAL_REPRESENTATION('',(#7637),#7641);
#7637 = LINE('',#7638,#7639);
#7638 = CARTESIAN_POINT('',(0.,0.));
#7639 = VECTOR('',#7640,1.);
#7640 = DIRECTION('',(1.,0.));
#7641 = ( GEOMETRIC_REPRESENTATION_CONTEXT(2) 
PARAMETRIC_REPRESENTATION_CONTEXT() REPRESENTATION_CONTEXT('2D SPACE',''
  ) );
#7642 = ORIENTED_EDGE('',*,*,#7643,.F.);
#7643 = EDGE_CURVE('',#7644,#7616,#7646,.T.);
#7644 = VERTEX_POINT('',#7645);
#7645 = CARTESIAN_POINT('',(-7.640252550616,1.582725509944,14.75));
#7646 = SURFACE_CURVE('',#7647,(#7651,#7658),.PCURVE_S1.);
#7647 = LINE('',#7648,#7649);
#7648 = CARTESIAN_POINT('',(-7.640252550616,1.582725509944,14.75));
#7649 = VECTOR('',#7650,1.);
#7650 = DIRECTION('',(-0.587785252292,-0.809016994375,0.));
#7651 = PCURVE('',#5269,#7652);
#7652 = DEFINITIONAL_REPRESENTATION('',(#7653),#7657);
#7653 = LINE('',#7654,#7655);
#7654 = CARTESIAN_POINT('',(-1.940252550616,1.582725509944));
#7655 = VECTOR('',#7656,1.);
#7656 = DIRECTION('',(-0.587785252292,-0.809016994375));
#7657 = ( GEOMETRIC_REPRESENTATION_CONTEXT(2) 
PARAMETRIC_REPRESENTATION_CONTEXT() REPRESENTATION_CONTEXT('2D SPACE',''
  ) );
#7658 = PCURVE('',#7659,#7664);
#7659 = PLANE('',#7660);
#7660 = AXIS2_PLACEMENT_3D('',#7661,#7662,#7663);
#7661 = CARTESIAN_POINT('',(-7.640252550616,1.582725509944,14.75));
#7662 = DIRECTION('',(0.809016994375,-0.587785252292,0.));
#7663 = DIRECTION('',(-0.587785252292,-0.809016994375,0.));
#7664 = DEFINITIONAL_REPRESENTATION('',(#7665),#7669);
#7665 = LINE('',#7666,#7667);
#7666 = CARTESIAN_POINT('',(0.,0.));
#7667 = VECTOR('',#7668,1.);
#7668 = DIRECTION('',(1.,0.));
#7669 = ( GEOMETRIC_REPRESENTATION_CONTEXT(2) 
PARAMETRIC_REPRESENTATION_CONTEXT() REPRESENTATION_CONTEXT('2D SPACE',''
  ) );
#7670 = ORIENTED_EDGE('',*,*,#7671,.F.);
#7671 = EDGE_CURVE('',#7672,#7644,#7674,.T.);
#7672 = VERTEX_POINT('',#7673);
#7673 = CARTESIAN_POINT('',(-7.353405072941,1.374318618361,14.75));
#7674 = SURFACE_CURVE('',#7675,(#7679,#7686),.PCURVE_S1.);
#7675 = LINE('',#7676,#7677);
#7676 = CARTESIAN_POINT('',(-6.993038955116,1.11249730811,14.75));
#7677 = VECTOR('',#7678,1.);
#7678 = DIRECTION('',(-0.809016994375,0.587785252292,0.));
#7679 = PCURVE('',#5269,#7680);
#7680 = DEFINITIONAL_REPRESENTATION('',(#7681),#7685);
#7681 = LINE('',#7682,#7683);
#7682 = CARTESIAN_POINT('',(-1.293038955116,1.11249730811));
#7683 = VECTOR('',#7684,1.);
#7684 = DIRECTION('',(-0.809016994375,0.587785252292));
#7685 = ( GEOMETRIC_REPRESENTATION_CONTEXT(2) 
PARAMETRIC_REPRESENTATION_CONTEXT() REPRESENTATION_CONTEXT('2D SPACE',''
  ) );
#7686 = PCURVE('',#7687,#7692);
#7687 = PLANE('',#7688);
#7688 = AXIS2_PLACEMENT_3D('',#7689,#7690,#7691);
#7689 = CARTESIAN_POINT('',(-6.993038955116,1.11249730811,14.75));
#7690 = DIRECTION('',(-0.587785252292,-0.809016994375,0.));
#7691 = DIRECTION('',(-0.809016994375,0.587785252292,0.));
#7692 = DEFINITIONAL_REPRESENTATION('',(#7693),#7697);
#7693 = LINE('',#7694,#7695);
#7694 = CARTESIAN_POINT('',(0.,0.));
#7695 = VECTOR('',#7696,1.);
#7696 = DIRECTION('',(1.,0.));
#7697 = ( GEOMETRIC_REPRESENTATION_CONTEXT(2) 
PARAMETRIC_REPRESENTATION_CONTEXT() REPRESENTATION_CONTEXT('2D SPACE',''
  ) );
#7698 = ORIENTED_EDGE('',*,*,#7699,.F.);
#7699 = EDGE_CURVE('',#7700,#7672,#7702,.T.);
#7700 = VERTEX_POINT('',#7701);
#7701 = CARTESIAN_POINT('',(-7.175424878023,1.563848275668,14.75));
#7702 = SURFACE_CURVE('',#7703,(#7708,#7715),.PCURVE_S1.);
#7703 = CIRCLE('',#7704,2.15);
#7704 = AXIS2_PLACEMENT_3D('',#7705,#7706,#7707);
#7705 = CARTESIAN_POINT('',(-5.7,0.,14.75));
#7706 = DIRECTION('',(0.,0.,1.));
#7707 = DIRECTION('',(1.,0.,0.));
#7708 = PCURVE('',#5269,#7709);
#7709 = DEFINITIONAL_REPRESENTATION('',(#7710),#7714);
#7710 = CIRCLE('',#7711,2.15);
#7711 = AXIS2_PLACEMENT_2D('',#7712,#7713);
#7712 = CARTESIAN_POINT('',(0.,-7.643776681114E-18));
#7713 = DIRECTION('',(1.,0.));
#7714 = ( GEOMETRIC_REPRESENTATION_CONTEXT(2) 
PARAMETRIC_REPRESENTATION_CONTEXT() REPRESENTATION_CONTEXT('2D SPACE',''
  ) );
#7715 = PCURVE('',#7716,#7721);
#7716 = CYLINDRICAL_SURFACE('',#7717,2.15);
#7717 = AXIS2_PLACEMENT_3D('',#7718,#7719,#7720);
#7718 = CARTESIAN_POINT('',(-5.7,0.,14.75));
#7719 = DIRECTION('',(-0.,-0.,-1.));
#7720 = DIRECTION('',(1.,0.,0.));
#7721 = DEFINITIONAL_REPRESENTATION('',(#7722),#7726);
#7722 = LINE('',#7723,#7724);
#7723 = CARTESIAN_POINT('',(-0.,0.));
#7724 = VECTOR('',#7725,1.);
#7725 = DIRECTION('',(-1.,0.));
#7726 = ( GEOMETRIC_REPRESENTATION_CONTEXT(2) 
PARAMETRIC_REPRESENTATION_CONTEXT() REPRESENTATION_CONTEXT('2D SPACE',''
  ) );
#7727 = ORIENTED_EDGE('',*,*,#7728,.F.);
#7728 = EDGE_CURVE('',#7729,#7700,#7731,.T.);
#7729 = VERTEX_POINT('',#7730);
#7730 = CARTESIAN_POINT('',(-7.40143182836,1.837043748375,14.75));
#7731 = SURFACE_CURVE('',#7732,(#7736,#7743),.PCURVE_S1.);
#7732 = LINE('',#7733,#7734);
#7733 = CARTESIAN_POINT('',(-7.40143182836,1.837043748375,14.75));
#7734 = VECTOR('',#7735,1.);
#7735 = DIRECTION('',(0.637423989749,-0.770513242776,0.));
#7736 = PCURVE('',#5269,#7737);
#7737 = DEFINITIONAL_REPRESENTATION('',(#7738),#7742);
#7738 = LINE('',#7739,#7740);
#7739 = CARTESIAN_POINT('',(-1.70143182836,1.837043748375));
#7740 = VECTOR('',#7741,1.);
#7741 = DIRECTION('',(0.637423989749,-0.770513242776));
#7742 = ( GEOMETRIC_REPRESENTATION_CONTEXT(2) 
PARAMETRIC_REPRESENTATION_CONTEXT() REPRESENTATION_CONTEXT('2D SPACE',''
  ) );
#7743 = PCURVE('',#7744,#7749);
#7744 = PLANE('',#7745);
#7745 = AXIS2_PLACEMENT_3D('',#7746,#7747,#7748);
#7746 = CARTESIAN_POINT('',(-7.40143182836,1.837043748375,14.75));
#7747 = DIRECTION('',(0.770513242776,0.637423989749,0.));
#7748 = DIRECTION('',(0.637423989749,-0.770513242776,0.));
#7749 = DEFINITIONAL_REPRESENTATION('',(#7750),#7754);
#7750 = LINE('',#7751,#7752);
#7751 = CARTESIAN_POINT('',(0.,0.));
#7752 = VECTOR('',#7753,1.);
#7753 = DIRECTION('',(1.,0.));
#7754 = ( GEOMETRIC_REPRESENTATION_CONTEXT(2) 
PARAMETRIC_REPRESENTATION_CONTEXT() REPRESENTATION_CONTEXT('2D SPACE',''
  ) );
#7755 = ORIENTED_EDGE('',*,*,#7756,.F.);
#7756 = EDGE_CURVE('',#7757,#7729,#7759,.T.);
#7757 = VERTEX_POINT('',#7758);
#7758 = CARTESIAN_POINT('',(-7.185688120383,2.015522465504,14.75));
#7759 = SURFACE_CURVE('',#7760,(#7764,#7771),.PCURVE_S1.);
#7760 = LINE('',#7761,#7762);
#7761 = CARTESIAN_POINT('',(-7.185688120383,2.015522465504,14.75));
#7762 = VECTOR('',#7763,1.);
#7763 = DIRECTION('',(-0.770513242776,-0.637423989749,0.));
#7764 = PCURVE('',#5269,#7765);
#7765 = DEFINITIONAL_REPRESENTATION('',(#7766),#7770);
#7766 = LINE('',#7767,#7768);
#7767 = CARTESIAN_POINT('',(-1.485688120383,2.015522465504));
#7768 = VECTOR('',#7769,1.);
#7769 = DIRECTION('',(-0.770513242776,-0.637423989749));
#7770 = ( GEOMETRIC_REPRESENTATION_CONTEXT(2) 
PARAMETRIC_REPRESENTATION_CONTEXT() REPRESENTATION_CONTEXT('2D SPACE',''
  ) );
#7771 = PCURVE('',#7772,#7777);
#7772 = PLANE('',#7773);
#7773 = AXIS2_PLACEMENT_3D('',#7774,#7775,#7776);
#7774 = CARTESIAN_POINT('',(-7.185688120383,2.015522465504,14.75));
#7775 = DIRECTION('',(0.637423989749,-0.770513242776,0.));
#7776 = DIRECTION('',(-0.770513242776,-0.637423989749,0.));
#7777 = DEFINITIONAL_REPRESENTATION('',(#7778),#7782);
#7778 = LINE('',#7779,#7780);
#7779 = CARTESIAN_POINT('',(0.,0.));
#7780 = VECTOR('',#7781,1.);
#7781 = DIRECTION('',(1.,0.));
#7782 = ( GEOMETRIC_REPRESENTATION_CONTEXT(2) 
PARAMETRIC_REPRESENTATION_CONTEXT() REPRESENTATION_CONTEXT('2D SPACE',''
  ) );
#7783 = ORIENTED_EDGE('',*,*,#7784,.F.);
#7784 = EDGE_CURVE('',#7785,#7757,#7787,.T.);
#7785 = VERTEX_POINT('',#7786);
#7786 = CARTESIAN_POINT('',(-6.959681170046,1.742326992798,14.75));
#7787 = SURFACE_CURVE('',#7788,(#7792,#7799),.PCURVE_S1.);
#7788 = LINE('',#7789,#7790);
#7789 = CARTESIAN_POINT('',(-6.675748928584,1.399111871284,14.75));
#7790 = VECTOR('',#7791,1.);
#7791 = DIRECTION('',(-0.637423989749,0.770513242776,0.));
#7792 = PCURVE('',#5269,#7793);
#7793 = DEFINITIONAL_REPRESENTATION('',(#7794),#7798);
#7794 = LINE('',#7795,#7796);
#7795 = CARTESIAN_POINT('',(-0.975748928584,1.399111871284));
#7796 = VECTOR('',#7797,1.);
#7797 = DIRECTION('',(-0.637423989749,0.770513242776));
#7798 = ( GEOMETRIC_REPRESENTATION_CONTEXT(2) 
PARAMETRIC_REPRESENTATION_CONTEXT() REPRESENTATION_CONTEXT('2D SPACE',''
  ) );
#7799 = PCURVE('',#7800,#7805);
#7800 = PLANE('',#7801);
#7801 = AXIS2_PLACEMENT_3D('',#7802,#7803,#7804);
#7802 = CARTESIAN_POINT('',(-6.675748928584,1.399111871284,14.75));
#7803 = DIRECTION('',(-0.770513242776,-0.637423989749,0.));
#7804 = DIRECTION('',(-0.637423989749,0.770513242776,0.));
#7805 = DEFINITIONAL_REPRESENTATION('',(#7806),#7810);
#7806 = LINE('',#7807,#7808);
#7807 = CARTESIAN_POINT('',(0.,0.));
#7808 = VECTOR('',#7809,1.);
#7809 = DIRECTION('',(1.,0.));
#7810 = ( GEOMETRIC_REPRESENTATION_CONTEXT(2) 
PARAMETRIC_REPRESENTATION_CONTEXT() REPRESENTATION_CONTEXT('2D SPACE',''
  ) );
#7811 = ORIENTED_EDGE('',*,*,#7812,.F.);
#7812 = EDGE_CURVE('',#7813,#7785,#7815,.T.);
#7813 = VERTEX_POINT('',#7814);
#7814 = CARTESIAN_POINT('',(-6.740158441145,1.881640352808,14.75));
#7815 = SURFACE_CURVE('',#7816,(#7821,#7828),.PCURVE_S1.);
#7816 = CIRCLE('',#7817,2.15);
#7817 = AXIS2_PLACEMENT_3D('',#7818,#7819,#7820);
#7818 = CARTESIAN_POINT('',(-5.7,0.,14.75));
#7819 = DIRECTION('',(0.,0.,1.));
#7820 = DIRECTION('',(1.,0.,0.));
#7821 = PCURVE('',#5269,#7822);
#7822 = DEFINITIONAL_REPRESENTATION('',(#7823),#7827);
#7823 = CIRCLE('',#7824,2.15);
#7824 = AXIS2_PLACEMENT_2D('',#7825,#7826);
#7825 = CARTESIAN_POINT('',(0.,-7.643776681114E-18));
#7826 = DIRECTION('',(1.,0.));
#7827 = ( GEOMETRIC_REPRESENTATION_CONTEXT(2) 
PARAMETRIC_REPRESENTATION_CONTEXT() REPRESENTATION_CONTEXT('2D SPACE',''
  ) );
#7828 = PCURVE('',#7829,#7834);
#7829 = CYLINDRICAL_SURFACE('',#7830,2.15);
#7830 = AXIS2_PLACEMENT_3D('',#7831,#7832,#7833);
#7831 = CARTESIAN_POINT('',(-5.7,0.,14.75));
#7832 = DIRECTION('',(-0.,-0.,-1.));
#7833 = DIRECTION('',(1.,0.,0.));
#7834 = DEFINITIONAL_REPRESENTATION('',(#7835),#7839);
#7835 = LINE('',#7836,#7837);
#7836 = CARTESIAN_POINT('',(-0.,0.));
#7837 = VECTOR('',#7838,1.);
#7838 = DIRECTION('',(-1.,0.));
#7839 = ( GEOMETRIC_REPRESENTATION_CONTEXT(2) 
PARAMETRIC_REPRESENTATION_CONTEXT() REPRESENTATION_CONTEXT('2D SPACE',''
  ) );
#7840 = ORIENTED_EDGE('',*,*,#7841,.F.);
#7841 = EDGE_CURVE('',#7842,#7813,#7844,.T.);
#7842 = VERTEX_POINT('',#7843);
#7843 = CARTESIAN_POINT('',(-6.891124016258,2.202458530346,14.75));
#7844 = SURFACE_CURVE('',#7845,(#7849,#7856),.PCURVE_S1.);
#7845 = LINE('',#7846,#7847);
#7846 = CARTESIAN_POINT('',(-6.891124016258,2.202458530346,14.75));
#7847 = VECTOR('',#7848,1.);
#7848 = DIRECTION('',(0.425779291565,-0.904827052466,0.));
#7849 = PCURVE('',#5269,#7850);
#7850 = DEFINITIONAL_REPRESENTATION('',(#7851),#7855);
#7851 = LINE('',#7852,#7853);
#7852 = CARTESIAN_POINT('',(-1.191124016258,2.202458530346));
#7853 = VECTOR('',#7854,1.);
#7854 = DIRECTION('',(0.425779291565,-0.904827052466));
#7855 = ( GEOMETRIC_REPRESENTATION_CONTEXT(2) 
PARAMETRIC_REPRESENTATION_CONTEXT() REPRESENTATION_CONTEXT('2D SPACE',''
  ) );
#7856 = PCURVE('',#7857,#7862);
#7857 = PLANE('',#7858);
#7858 = AXIS2_PLACEMENT_3D('',#7859,#7860,#7861);
#7859 = CARTESIAN_POINT('',(-6.891124016258,2.202458530346,14.75));
#7860 = DIRECTION('',(0.904827052466,0.425779291565,0.));
#7861 = DIRECTION('',(0.425779291565,-0.904827052466,0.));
#7862 = DEFINITIONAL_REPRESENTATION('',(#7863),#7867);
#7863 = LINE('',#7864,#7865);
#7864 = CARTESIAN_POINT('',(0.,0.));
#7865 = VECTOR('',#7866,1.);
#7866 = DIRECTION('',(1.,0.));
#7867 = ( GEOMETRIC_REPRESENTATION_CONTEXT(2) 
PARAMETRIC_REPRESENTATION_CONTEXT() REPRESENTATION_CONTEXT('2D SPACE',''
  ) );
#7868 = ORIENTED_EDGE('',*,*,#7869,.F.);
#7869 = EDGE_CURVE('',#7870,#7842,#7872,.T.);
#7870 = VERTEX_POINT('',#7871);
#7871 = CARTESIAN_POINT('',(-6.637772441567,2.321676731984,14.75));
#7872 = SURFACE_CURVE('',#7873,(#7877,#7884),.PCURVE_S1.);
#7873 = LINE('',#7874,#7875);
#7874 = CARTESIAN_POINT('',(-6.637772441567,2.321676731984,14.75));
#7875 = VECTOR('',#7876,1.);
#7876 = DIRECTION('',(-0.904827052466,-0.425779291565,0.));
#7877 = PCURVE('',#5269,#7878);
#7878 = DEFINITIONAL_REPRESENTATION('',(#7879),#7883);
#7879 = LINE('',#7880,#7881);
#7880 = CARTESIAN_POINT('',(-0.937772441567,2.321676731984));
#7881 = VECTOR('',#7882,1.);
#7882 = DIRECTION('',(-0.904827052466,-0.425779291565));
#7883 = ( GEOMETRIC_REPRESENTATION_CONTEXT(2) 
PARAMETRIC_REPRESENTATION_CONTEXT() REPRESENTATION_CONTEXT('2D SPACE',''
  ) );
#7884 = PCURVE('',#7885,#7890);
#7885 = PLANE('',#7886);
#7886 = AXIS2_PLACEMENT_3D('',#7887,#7888,#7889);
#7887 = CARTESIAN_POINT('',(-6.637772441567,2.321676731984,14.75));
#7888 = DIRECTION('',(0.425779291565,-0.904827052466,0.));
#7889 = DIRECTION('',(-0.904827052466,-0.425779291565,0.));
#7890 = DEFINITIONAL_REPRESENTATION('',(#7891),#7895);
#7891 = LINE('',#7892,#7893);
#7892 = CARTESIAN_POINT('',(0.,0.));
#7893 = VECTOR('',#7894,1.);
#7894 = DIRECTION('',(1.,0.));
#7895 = ( GEOMETRIC_REPRESENTATION_CONTEXT(2) 
PARAMETRIC_REPRESENTATION_CONTEXT() REPRESENTATION_CONTEXT('2D SPACE',''
  ) );
#7896 = ORIENTED_EDGE('',*,*,#7897,.F.);
#7897 = EDGE_CURVE('',#7898,#7870,#7900,.T.);
#7898 = VERTEX_POINT('',#7899);
#7899 = CARTESIAN_POINT('',(-6.486806866454,2.000858554446,14.75));
#7900 = SURFACE_CURVE('',#7901,(#7905,#7912),.PCURVE_S1.);
#7901 = LINE('',#7902,#7903);
#7902 = CARTESIAN_POINT('',(-6.297149008315,1.597815090011,14.75));
#7903 = VECTOR('',#7904,1.);
#7904 = DIRECTION('',(-0.425779291565,0.904827052466,0.));
#7905 = PCURVE('',#5269,#7906);
#7906 = DEFINITIONAL_REPRESENTATION('',(#7907),#7911);
#7907 = LINE('',#7908,#7909);
#7908 = CARTESIAN_POINT('',(-0.597149008315,1.597815090011));
#7909 = VECTOR('',#7910,1.);
#7910 = DIRECTION('',(-0.425779291565,0.904827052466));
#7911 = ( GEOMETRIC_REPRESENTATION_CONTEXT(2) 
PARAMETRIC_REPRESENTATION_CONTEXT() REPRESENTATION_CONTEXT('2D SPACE',''
  ) );
#7912 = PCURVE('',#7913,#7918);
#7913 = PLANE('',#7914);
#7914 = AXIS2_PLACEMENT_3D('',#7915,#7916,#7917);
#7915 = CARTESIAN_POINT('',(-6.297149008315,1.597815090011,14.75));
#7916 = DIRECTION('',(-0.904827052466,-0.425779291565,0.));
#7917 = DIRECTION('',(-0.425779291565,0.904827052466,0.));
#7918 = DEFINITIONAL_REPRESENTATION('',(#7919),#7923);
#7919 = LINE('',#7920,#7921);
#7920 = CARTESIAN_POINT('',(0.,0.));
#7921 = VECTOR('',#7922,1.);
#7922 = DIRECTION('',(1.,0.));
#7923 = ( GEOMETRIC_REPRESENTATION_CONTEXT(2) 
PARAMETRIC_REPRESENTATION_CONTEXT() REPRESENTATION_CONTEXT('2D SPACE',''
  ) );
#7924 = ORIENTED_EDGE('',*,*,#7925,.F.);
#7925 = EDGE_CURVE('',#7926,#7898,#7928,.T.);
#7926 = VERTEX_POINT('',#7927);
#7927 = CARTESIAN_POINT('',(-6.239535023974,2.081202046392,14.75));
#7928 = SURFACE_CURVE('',#7929,(#7934,#7941),.PCURVE_S1.);
#7929 = CIRCLE('',#7930,2.15);
#7930 = AXIS2_PLACEMENT_3D('',#7931,#7932,#7933);
#7931 = CARTESIAN_POINT('',(-5.7,0.,14.75));
#7932 = DIRECTION('',(0.,0.,1.));
#7933 = DIRECTION('',(1.,0.,0.));
#7934 = PCURVE('',#5269,#7935);
#7935 = DEFINITIONAL_REPRESENTATION('',(#7936),#7940);
#7936 = CIRCLE('',#7937,2.15);
#7937 = AXIS2_PLACEMENT_2D('',#7938,#7939);
#7938 = CARTESIAN_POINT('',(0.,-7.643776681114E-18));
#7939 = DIRECTION('',(1.,0.));
#7940 = ( GEOMETRIC_REPRESENTATION_CONTEXT(2) 
PARAMETRIC_REPRESENTATION_CONTEXT() REPRESENTATION_CONTEXT('2D SPACE',''
  ) );
#7941 = PCURVE('',#7942,#7947);
#7942 = CYLINDRICAL_SURFACE('',#7943,2.15);
#7943 = AXIS2_PLACEMENT_3D('',#7944,#7945,#7946);
#7944 = CARTESIAN_POINT('',(-5.7,0.,14.75));
#7945 = DIRECTION('',(-0.,-0.,-1.));
#7946 = DIRECTION('',(1.,0.,0.));
#7947 = DEFINITIONAL_REPRESENTATION('',(#7948),#7952);
#7948 = LINE('',#7949,#7950);
#7949 = CARTESIAN_POINT('',(-0.,0.));
#7950 = VECTOR('',#7951,1.);
#7951 = DIRECTION('',(-1.,0.));
#7952 = ( GEOMETRIC_REPRESENTATION_CONTEXT(2) 
PARAMETRIC_REPRESENTATION_CONTEXT() REPRESENTATION_CONTEXT('2D SPACE',''
  ) );
#7953 = ORIENTED_EDGE('',*,*,#7954,.F.);
#7954 = EDGE_CURVE('',#7955,#7926,#7957,.T.);
#7955 = VERTEX_POINT('',#7956);
#7956 = CARTESIAN_POINT('',(-6.305973501566,2.42948474278,14.75));
#7957 = SURFACE_CURVE('',#7958,(#7962,#7969),.PCURVE_S1.);
#7958 = LINE('',#7959,#7960);
#7959 = CARTESIAN_POINT('',(-6.305973501566,2.42948474278,14.75));
#7960 = VECTOR('',#7961,1.);
#7961 = DIRECTION('',(0.187381314586,-0.982287250729,0.));
#7962 = PCURVE('',#5269,#7963);
#7963 = DEFINITIONAL_REPRESENTATION('',(#7964),#7968);
#7964 = LINE('',#7965,#7966);
#7965 = CARTESIAN_POINT('',(-0.605973501566,2.42948474278));
#7966 = VECTOR('',#7967,1.);
#7967 = DIRECTION('',(0.187381314586,-0.982287250729));
#7968 = ( GEOMETRIC_REPRESENTATION_CONTEXT(2) 
PARAMETRIC_REPRESENTATION_CONTEXT() REPRESENTATION_CONTEXT('2D SPACE',''
  ) );
#7969 = PCURVE('',#7970,#7975);
#7970 = PLANE('',#7971);
#7971 = AXIS2_PLACEMENT_3D('',#7972,#7973,#7974);
#7972 = CARTESIAN_POINT('',(-6.305973501566,2.42948474278,14.75));
#7973 = DIRECTION('',(0.982287250729,0.187381314586,0.));
#7974 = DIRECTION('',(0.187381314586,-0.982287250729,0.));
#7975 = DEFINITIONAL_REPRESENTATION('',(#7976),#7980);
#7976 = LINE('',#7977,#7978);
#7977 = CARTESIAN_POINT('',(0.,0.));
#7978 = VECTOR('',#7979,1.);
#7979 = DIRECTION('',(1.,0.));
#7980 = ( GEOMETRIC_REPRESENTATION_CONTEXT(2) 
PARAMETRIC_REPRESENTATION_CONTEXT() REPRESENTATION_CONTEXT('2D SPACE',''
  ) );
#7981 = ORIENTED_EDGE('',*,*,#7982,.F.);
#7982 = EDGE_CURVE('',#7983,#7955,#7985,.T.);
#7983 = VERTEX_POINT('',#7984);
#7984 = CARTESIAN_POINT('',(-6.030933071362,2.481951510864,14.75));
#7985 = SURFACE_CURVE('',#7986,(#7990,#7997),.PCURVE_S1.);
#7986 = LINE('',#7987,#7988);
#7987 = CARTESIAN_POINT('',(-6.030933071362,2.481951510864,14.75));
#7988 = VECTOR('',#7989,1.);
#7989 = DIRECTION('',(-0.982287250729,-0.187381314586,0.));
#7990 = PCURVE('',#5269,#7991);
#7991 = DEFINITIONAL_REPRESENTATION('',(#7992),#7996);
#7992 = LINE('',#7993,#7994);
#7993 = CARTESIAN_POINT('',(-0.330933071362,2.481951510864));
#7994 = VECTOR('',#7995,1.);
#7995 = DIRECTION('',(-0.982287250729,-0.187381314586));
#7996 = ( GEOMETRIC_REPRESENTATION_CONTEXT(2) 
PARAMETRIC_REPRESENTATION_CONTEXT() REPRESENTATION_CONTEXT('2D SPACE',''
  ) );
#7997 = PCURVE('',#7998,#8003);
#7998 = PLANE('',#7999);
#7999 = AXIS2_PLACEMENT_3D('',#8000,#8001,#8002);
#8000 = CARTESIAN_POINT('',(-6.030933071362,2.481951510864,14.75));
#8001 = DIRECTION('',(0.187381314586,-0.982287250729,0.));
#8002 = DIRECTION('',(-0.982287250729,-0.187381314586,0.));
#8003 = DEFINITIONAL_REPRESENTATION('',(#8004),#8008);
#8004 = LINE('',#8005,#8006);
#8005 = CARTESIAN_POINT('',(0.,0.));
#8006 = VECTOR('',#8007,1.);
#8007 = DIRECTION('',(1.,0.));
#8008 = ( GEOMETRIC_REPRESENTATION_CONTEXT(2) 
PARAMETRIC_REPRESENTATION_CONTEXT() REPRESENTATION_CONTEXT('2D SPACE',''
  ) );
#8009 = ORIENTED_EDGE('',*,*,#8010,.F.);
#8010 = EDGE_CURVE('',#8011,#7983,#8013,.T.);
#8011 = VERTEX_POINT('',#8012);
#8012 = CARTESIAN_POINT('',(-5.96449459377,2.133668814476,14.75));
#8013 = SURFACE_CURVE('',#8014,(#8018,#8025),.PCURVE_S1.);
#8014 = LINE('',#8015,#8016);
#8015 = CARTESIAN_POINT('',(-5.881028019694,1.696121710281,14.75));
#8016 = VECTOR('',#8017,1.);
#8017 = DIRECTION('',(-0.187381314586,0.982287250729,0.));
#8018 = PCURVE('',#5269,#8019);
#8019 = DEFINITIONAL_REPRESENTATION('',(#8020),#8024);
#8020 = LINE('',#8021,#8022);
#8021 = CARTESIAN_POINT('',(-0.181028019694,1.696121710281));
#8022 = VECTOR('',#8023,1.);
#8023 = DIRECTION('',(-0.187381314586,0.982287250729));
#8024 = ( GEOMETRIC_REPRESENTATION_CONTEXT(2) 
PARAMETRIC_REPRESENTATION_CONTEXT() REPRESENTATION_CONTEXT('2D SPACE',''
  ) );
#8025 = PCURVE('',#8026,#8031);
#8026 = PLANE('',#8027);
#8027 = AXIS2_PLACEMENT_3D('',#8028,#8029,#8030);
#8028 = CARTESIAN_POINT('',(-5.881028019694,1.696121710281,14.75));
#8029 = DIRECTION('',(-0.982287250729,-0.187381314586,0.));
#8030 = DIRECTION('',(-0.187381314586,0.982287250729,0.));
#8031 = DEFINITIONAL_REPRESENTATION('',(#8032),#8036);
#8032 = LINE('',#8033,#8034);
#8033 = CARTESIAN_POINT('',(0.,0.));
#8034 = VECTOR('',#8035,1.);
#8035 = DIRECTION('',(1.,0.));
#8036 = ( GEOMETRIC_REPRESENTATION_CONTEXT(2) 
PARAMETRIC_REPRESENTATION_CONTEXT() REPRESENTATION_CONTEXT('2D SPACE',''
  ) );
#8037 = ORIENTED_EDGE('',*,*,#8038,.F.);
#8038 = EDGE_CURVE('',#8039,#8011,#8041,.T.);
#8039 = VERTEX_POINT('',#8040);
#8040 = CARTESIAN_POINT('',(-5.705010636976,2.149994161275,14.75));
#8041 = SURFACE_CURVE('',#8042,(#8047,#8054),.PCURVE_S1.);
#8042 = CIRCLE('',#8043,2.15);
#8043 = AXIS2_PLACEMENT_3D('',#8044,#8045,#8046);
#8044 = CARTESIAN_POINT('',(-5.7,0.,14.75));
#8045 = DIRECTION('',(0.,0.,1.));
#8046 = DIRECTION('',(1.,0.,0.));
#8047 = PCURVE('',#5269,#8048);
#8048 = DEFINITIONAL_REPRESENTATION('',(#8049),#8053);
#8049 = CIRCLE('',#8050,2.15);
#8050 = AXIS2_PLACEMENT_2D('',#8051,#8052);
#8051 = CARTESIAN_POINT('',(0.,-7.643776681114E-18));
#8052 = DIRECTION('',(1.,0.));
#8053 = ( GEOMETRIC_REPRESENTATION_CONTEXT(2) 
PARAMETRIC_REPRESENTATION_CONTEXT() REPRESENTATION_CONTEXT('2D SPACE',''
  ) );
#8054 = PCURVE('',#8055,#8060);
#8055 = CYLINDRICAL_SURFACE('',#8056,2.15);
#8056 = AXIS2_PLACEMENT_3D('',#8057,#8058,#8059);
#8057 = CARTESIAN_POINT('',(-5.7,0.,14.75));
#8058 = DIRECTION('',(-0.,-0.,-1.));
#8059 = DIRECTION('',(1.,0.,0.));
#8060 = DEFINITIONAL_REPRESENTATION('',(#8061),#8065);
#8061 = LINE('',#8062,#8063);
#8062 = CARTESIAN_POINT('',(-0.,0.));
#8063 = VECTOR('',#8064,1.);
#8064 = DIRECTION('',(-1.,0.));
#8065 = ( GEOMETRIC_REPRESENTATION_CONTEXT(2) 
PARAMETRIC_REPRESENTATION_CONTEXT() REPRESENTATION_CONTEXT('2D SPACE',''
  ) );
#8066 = ORIENTED_EDGE('',*,*,#8067,.F.);
#8067 = EDGE_CURVE('',#8068,#8039,#8070,.T.);
#8068 = VERTEX_POINT('',#8069);
#8069 = CARTESIAN_POINT('',(-5.682747443157,2.503857493805,14.75));
#8070 = SURFACE_CURVE('',#8071,(#8075,#8082),.PCURVE_S1.);
#8071 = LINE('',#8072,#8073);
#8072 = CARTESIAN_POINT('',(-5.682747443157,2.503857493805,14.75));
#8073 = VECTOR('',#8074,1.);
#8074 = DIRECTION('',(-6.279051952931E-02,-0.998026728428,0.));
#8075 = PCURVE('',#5269,#8076);
#8076 = DEFINITIONAL_REPRESENTATION('',(#8077),#8081);
#8077 = LINE('',#8078,#8079);
#8078 = CARTESIAN_POINT('',(1.725255684332E-02,2.503857493805));
#8079 = VECTOR('',#8080,1.);
#8080 = DIRECTION('',(-6.279051952931E-02,-0.998026728428));
#8081 = ( GEOMETRIC_REPRESENTATION_CONTEXT(2) 
PARAMETRIC_REPRESENTATION_CONTEXT() REPRESENTATION_CONTEXT('2D SPACE',''
  ) );
#8082 = PCURVE('',#8083,#8088);
#8083 = PLANE('',#8084);
#8084 = AXIS2_PLACEMENT_3D('',#8085,#8086,#8087);
#8085 = CARTESIAN_POINT('',(-5.682747443157,2.503857493805,14.75));
#8086 = DIRECTION('',(0.998026728428,-6.279051952931E-02,0.));
#8087 = DIRECTION('',(-6.279051952931E-02,-0.998026728428,0.));
#8088 = DEFINITIONAL_REPRESENTATION('',(#8089),#8093);
#8089 = LINE('',#8090,#8091);
#8090 = CARTESIAN_POINT('',(0.,0.));
#8091 = VECTOR('',#8092,1.);
#8092 = DIRECTION('',(1.,0.));
#8093 = ( GEOMETRIC_REPRESENTATION_CONTEXT(2) 
PARAMETRIC_REPRESENTATION_CONTEXT() REPRESENTATION_CONTEXT('2D SPACE',''
  ) );
#8094 = ORIENTED_EDGE('',*,*,#8095,.F.);
#8095 = EDGE_CURVE('',#5299,#8068,#8096,.T.);
#8096 = SURFACE_CURVE('',#8097,(#8101,#8108),.PCURVE_S1.);
#8097 = LINE('',#8098,#8099);
#8098 = CARTESIAN_POINT('',(-5.403299959197,2.486276148337,14.75));
#8099 = VECTOR('',#8100,1.);
#8100 = DIRECTION('',(-0.998026728428,6.279051952931E-02,0.));
#8101 = PCURVE('',#5269,#8102);
#8102 = DEFINITIONAL_REPRESENTATION('',(#8103),#8107);
#8103 = LINE('',#8104,#8105);
#8104 = CARTESIAN_POINT('',(0.296700040803,2.486276148337));
#8105 = VECTOR('',#8106,1.);
#8106 = DIRECTION('',(-0.998026728428,6.279051952931E-02));
#8107 = ( GEOMETRIC_REPRESENTATION_CONTEXT(2) 
PARAMETRIC_REPRESENTATION_CONTEXT() REPRESENTATION_CONTEXT('2D SPACE',''
  ) );
#8108 = PCURVE('',#8109,#8114);
#8109 = PLANE('',#8110);
#8110 = AXIS2_PLACEMENT_3D('',#8111,#8112,#8113);
#8111 = CARTESIAN_POINT('',(-5.403299959197,2.486276148337,14.75));
#8112 = DIRECTION('',(-6.279051952931E-02,-0.998026728428,0.));
#8113 = DIRECTION('',(-0.998026728428,6.279051952931E-02,0.));
#8114 = DEFINITIONAL_REPRESENTATION('',(#8115),#8119);
#8115 = LINE('',#8116,#8117);
#8116 = CARTESIAN_POINT('',(0.,0.));
#8117 = VECTOR('',#8118,1.);
#8118 = DIRECTION('',(1.,0.));
#8119 = ( GEOMETRIC_REPRESENTATION_CONTEXT(2) 
PARAMETRIC_REPRESENTATION_CONTEXT() REPRESENTATION_CONTEXT('2D SPACE',''
  ) );
#8120 = ADVANCED_FACE('',(#8121),#5314,.F.);
#8121 = FACE_BOUND('',#8122,.F.);
#8122 = EDGE_LOOP('',(#8123,#8124,#8145,#8173));
#8123 = ORIENTED_EDGE('',*,*,#5296,.F.);
#8124 = ORIENTED_EDGE('',*,*,#8125,.F.);
#8125 = EDGE_CURVE('',#8126,#5297,#8128,.T.);
#8126 = VERTEX_POINT('',#8127);
#8127 = CARTESIAN_POINT('',(-5.425563153016,2.132412815807,18.25));
#8128 = SURFACE_CURVE('',#8129,(#8133,#8139),.PCURVE_S1.);
#8129 = LINE('',#8130,#8131);
#8130 = CARTESIAN_POINT('',(-5.425563153016,2.132412815807,14.75));
#8131 = VECTOR('',#8132,1.);
#8132 = DIRECTION('',(-0.,-0.,-1.));
#8133 = PCURVE('',#5314,#8134);
#8134 = DEFINITIONAL_REPRESENTATION('',(#8135),#8138);
#8135 = B_SPLINE_CURVE_WITH_KNOTS('',1,(#8136,#8137),.UNSPECIFIED.,.F.,
  .F.,(2,2),(-3.5000006,5.999999999062E-07),.PIECEWISE_BEZIER_KNOTS.);
#8136 = CARTESIAN_POINT('',(0.445437018418,-3.5000006));
#8137 = CARTESIAN_POINT('',(0.445437018418,5.999999999062E-07));
#8138 = ( GEOMETRIC_REPRESENTATION_CONTEXT(2) 
PARAMETRIC_REPRESENTATION_CONTEXT() REPRESENTATION_CONTEXT('2D SPACE',''
  ) );
#8139 = PCURVE('',#5343,#8140);
#8140 = DEFINITIONAL_REPRESENTATION('',(#8141),#8144);
#8141 = B_SPLINE_CURVE_WITH_KNOTS('',1,(#8142,#8143),.UNSPECIFIED.,.F.,
  .F.,(2,2),(-3.5000006,5.999999999062E-07),.PIECEWISE_BEZIER_KNOTS.);
#8142 = CARTESIAN_POINT('',(-1.442802089716,-3.5000006));
#8143 = CARTESIAN_POINT('',(-1.442802089716,5.999999999062E-07));
#8144 = ( GEOMETRIC_REPRESENTATION_CONTEXT(2) 
PARAMETRIC_REPRESENTATION_CONTEXT() REPRESENTATION_CONTEXT('2D SPACE',''
  ) );
#8145 = ORIENTED_EDGE('',*,*,#8146,.T.);
#8146 = EDGE_CURVE('',#8126,#8147,#8149,.T.);
#8147 = VERTEX_POINT('',#8148);
#8148 = CARTESIAN_POINT('',(-5.403299959197,2.486276148337,18.25));
#8149 = SURFACE_CURVE('',#8150,(#8154,#8161),.PCURVE_S1.);
#8150 = LINE('',#8151,#8152);
#8151 = CARTESIAN_POINT('',(-5.45353237482,1.687854765594,18.25));
#8152 = VECTOR('',#8153,1.);
#8153 = DIRECTION('',(6.279051952931E-02,0.998026728428,0.));
#8154 = PCURVE('',#5314,#8155);
#8155 = DEFINITIONAL_REPRESENTATION('',(#8156),#8160);
#8156 = LINE('',#8157,#8158);
#8157 = CARTESIAN_POINT('',(0.,-3.5));
#8158 = VECTOR('',#8159,1.);
#8159 = DIRECTION('',(1.,0.));
#8160 = ( GEOMETRIC_REPRESENTATION_CONTEXT(2) 
PARAMETRIC_REPRESENTATION_CONTEXT() REPRESENTATION_CONTEXT('2D SPACE',''
  ) );
#8161 = PCURVE('',#8162,#8167);
#8162 = PLANE('',#8163);
#8163 = AXIS2_PLACEMENT_3D('',#8164,#8165,#8166);
#8164 = CARTESIAN_POINT('',(-3.6,0.,18.25));
#8165 = DIRECTION('',(0.,0.,1.));
#8166 = DIRECTION('',(1.,0.,0.));
#8167 = DEFINITIONAL_REPRESENTATION('',(#8168),#8172);
#8168 = LINE('',#8169,#8170);
#8169 = CARTESIAN_POINT('',(-1.85353237482,1.687854765594));
#8170 = VECTOR('',#8171,1.);
#8171 = DIRECTION('',(6.279051952931E-02,0.998026728428));
#8172 = ( GEOMETRIC_REPRESENTATION_CONTEXT(2) 
PARAMETRIC_REPRESENTATION_CONTEXT() REPRESENTATION_CONTEXT('2D SPACE',''
  ) );
#8173 = ORIENTED_EDGE('',*,*,#8174,.F.);
#8174 = EDGE_CURVE('',#5299,#8147,#8175,.T.);
#8175 = SURFACE_CURVE('',#8176,(#8180,#8187),.PCURVE_S1.);
#8176 = LINE('',#8177,#8178);
#8177 = CARTESIAN_POINT('',(-5.403299959197,2.486276148337,14.75));
#8178 = VECTOR('',#8179,1.);
#8179 = DIRECTION('',(0.,0.,1.));
#8180 = PCURVE('',#5314,#8181);
#8181 = DEFINITIONAL_REPRESENTATION('',(#8182),#8186);
#8182 = LINE('',#8183,#8184);
#8183 = CARTESIAN_POINT('',(0.8,0.));
#8184 = VECTOR('',#8185,1.);
#8185 = DIRECTION('',(0.,-1.));
#8186 = ( GEOMETRIC_REPRESENTATION_CONTEXT(2) 
PARAMETRIC_REPRESENTATION_CONTEXT() REPRESENTATION_CONTEXT('2D SPACE',''
  ) );
#8187 = PCURVE('',#8109,#8188);
#8188 = DEFINITIONAL_REPRESENTATION('',(#8189),#8193);
#8189 = LINE('',#8190,#8191);
#8190 = CARTESIAN_POINT('',(0.,0.));
#8191 = VECTOR('',#8192,1.);
#8192 = DIRECTION('',(0.,-1.));
#8193 = ( GEOMETRIC_REPRESENTATION_CONTEXT(2) 
PARAMETRIC_REPRESENTATION_CONTEXT() REPRESENTATION_CONTEXT('2D SPACE',''
  ) );
#8194 = ADVANCED_FACE('',(#8195),#8109,.F.);
#8195 = FACE_BOUND('',#8196,.F.);
#8196 = EDGE_LOOP('',(#8197,#8198,#8221,#8242));
#8197 = ORIENTED_EDGE('',*,*,#8174,.T.);
#8198 = ORIENTED_EDGE('',*,*,#8199,.T.);
#8199 = EDGE_CURVE('',#8147,#8200,#8202,.T.);
#8200 = VERTEX_POINT('',#8201);
#8201 = CARTESIAN_POINT('',(-5.682747443157,2.503857493805,18.25));
#8202 = SURFACE_CURVE('',#8203,(#8207,#8214),.PCURVE_S1.);
#8203 = LINE('',#8204,#8205);
#8204 = CARTESIAN_POINT('',(-5.403299959197,2.486276148337,18.25));
#8205 = VECTOR('',#8206,1.);
#8206 = DIRECTION('',(-0.998026728428,6.279051952931E-02,0.));
#8207 = PCURVE('',#8109,#8208);
#8208 = DEFINITIONAL_REPRESENTATION('',(#8209),#8213);
#8209 = LINE('',#8210,#8211);
#8210 = CARTESIAN_POINT('',(0.,-3.5));
#8211 = VECTOR('',#8212,1.);
#8212 = DIRECTION('',(1.,0.));
#8213 = ( GEOMETRIC_REPRESENTATION_CONTEXT(2) 
PARAMETRIC_REPRESENTATION_CONTEXT() REPRESENTATION_CONTEXT('2D SPACE',''
  ) );
#8214 = PCURVE('',#8162,#8215);
#8215 = DEFINITIONAL_REPRESENTATION('',(#8216),#8220);
#8216 = LINE('',#8217,#8218);
#8217 = CARTESIAN_POINT('',(-1.803299959197,2.486276148337));
#8218 = VECTOR('',#8219,1.);
#8219 = DIRECTION('',(-0.998026728428,6.279051952931E-02));
#8220 = ( GEOMETRIC_REPRESENTATION_CONTEXT(2) 
PARAMETRIC_REPRESENTATION_CONTEXT() REPRESENTATION_CONTEXT('2D SPACE',''
  ) );
#8221 = ORIENTED_EDGE('',*,*,#8222,.F.);
#8222 = EDGE_CURVE('',#8068,#8200,#8223,.T.);
#8223 = SURFACE_CURVE('',#8224,(#8228,#8235),.PCURVE_S1.);
#8224 = LINE('',#8225,#8226);
#8225 = CARTESIAN_POINT('',(-5.682747443157,2.503857493805,14.75));
#8226 = VECTOR('',#8227,1.);
#8227 = DIRECTION('',(0.,0.,1.));
#8228 = PCURVE('',#8109,#8229);
#8229 = DEFINITIONAL_REPRESENTATION('',(#8230),#8234);
#8230 = LINE('',#8231,#8232);
#8231 = CARTESIAN_POINT('',(0.28,0.));
#8232 = VECTOR('',#8233,1.);
#8233 = DIRECTION('',(0.,-1.));
#8234 = ( GEOMETRIC_REPRESENTATION_CONTEXT(2) 
PARAMETRIC_REPRESENTATION_CONTEXT() REPRESENTATION_CONTEXT('2D SPACE',''
  ) );
#8235 = PCURVE('',#8083,#8236);
#8236 = DEFINITIONAL_REPRESENTATION('',(#8237),#8241);
#8237 = LINE('',#8238,#8239);
#8238 = CARTESIAN_POINT('',(0.,0.));
#8239 = VECTOR('',#8240,1.);
#8240 = DIRECTION('',(0.,-1.));
#8241 = ( GEOMETRIC_REPRESENTATION_CONTEXT(2) 
PARAMETRIC_REPRESENTATION_CONTEXT() REPRESENTATION_CONTEXT('2D SPACE',''
  ) );
#8242 = ORIENTED_EDGE('',*,*,#8095,.F.);
#8243 = ADVANCED_FACE('',(#8244),#8083,.F.);
#8244 = FACE_BOUND('',#8245,.F.);
#8245 = EDGE_LOOP('',(#8246,#8247,#8248,#8271));
#8246 = ORIENTED_EDGE('',*,*,#8067,.F.);
#8247 = ORIENTED_EDGE('',*,*,#8222,.T.);
#8248 = ORIENTED_EDGE('',*,*,#8249,.T.);
#8249 = EDGE_CURVE('',#8200,#8250,#8252,.T.);
#8250 = VERTEX_POINT('',#8251);
#8251 = CARTESIAN_POINT('',(-5.705010636976,2.149994161275,18.25));
#8252 = SURFACE_CURVE('',#8253,(#8257,#8264),.PCURVE_S1.);
#8253 = LINE('',#8254,#8255);
#8254 = CARTESIAN_POINT('',(-5.682747443157,2.503857493805,18.25));
#8255 = VECTOR('',#8256,1.);
#8256 = DIRECTION('',(-6.279051952931E-02,-0.998026728428,0.));
#8257 = PCURVE('',#8083,#8258);
#8258 = DEFINITIONAL_REPRESENTATION('',(#8259),#8263);
#8259 = LINE('',#8260,#8261);
#8260 = CARTESIAN_POINT('',(0.,-3.5));
#8261 = VECTOR('',#8262,1.);
#8262 = DIRECTION('',(1.,0.));
#8263 = ( GEOMETRIC_REPRESENTATION_CONTEXT(2) 
PARAMETRIC_REPRESENTATION_CONTEXT() REPRESENTATION_CONTEXT('2D SPACE',''
  ) );
#8264 = PCURVE('',#8162,#8265);
#8265 = DEFINITIONAL_REPRESENTATION('',(#8266),#8270);
#8266 = LINE('',#8267,#8268);
#8267 = CARTESIAN_POINT('',(-2.082747443157,2.503857493805));
#8268 = VECTOR('',#8269,1.);
#8269 = DIRECTION('',(-6.279051952931E-02,-0.998026728428));
#8270 = ( GEOMETRIC_REPRESENTATION_CONTEXT(2) 
PARAMETRIC_REPRESENTATION_CONTEXT() REPRESENTATION_CONTEXT('2D SPACE',''
  ) );
#8271 = ORIENTED_EDGE('',*,*,#8272,.T.);
#8272 = EDGE_CURVE('',#8250,#8039,#8273,.T.);
#8273 = SURFACE_CURVE('',#8274,(#8278,#8284),.PCURVE_S1.);
#8274 = LINE('',#8275,#8276);
#8275 = CARTESIAN_POINT('',(-5.705010636976,2.149994161275,14.75));
#8276 = VECTOR('',#8277,1.);
#8277 = DIRECTION('',(-0.,-0.,-1.));
#8278 = PCURVE('',#8083,#8279);
#8279 = DEFINITIONAL_REPRESENTATION('',(#8280),#8283);
#8280 = B_SPLINE_CURVE_WITH_KNOTS('',1,(#8281,#8282),.UNSPECIFIED.,.F.,
  .F.,(2,2),(-3.5000006,5.999999999062E-07),.PIECEWISE_BEZIER_KNOTS.);
#8281 = CARTESIAN_POINT('',(0.354562981582,-3.5000006));
#8282 = CARTESIAN_POINT('',(0.354562981582,5.999999999062E-07));
#8283 = ( GEOMETRIC_REPRESENTATION_CONTEXT(2) 
PARAMETRIC_REPRESENTATION_CONTEXT() REPRESENTATION_CONTEXT('2D SPACE',''
  ) );
#8284 = PCURVE('',#8055,#8285);
#8285 = DEFINITIONAL_REPRESENTATION('',(#8286),#8289);
#8286 = B_SPLINE_CURVE_WITH_KNOTS('',1,(#8287,#8288),.UNSPECIFIED.,.F.,
  .F.,(2,2),(-3.5000006,5.999999999062E-07),.PIECEWISE_BEZIER_KNOTS.);
#8287 = CARTESIAN_POINT('',(-1.573126857731,-3.5000006));
#8288 = CARTESIAN_POINT('',(-1.573126857731,5.999999999062E-07));
#8289 = ( GEOMETRIC_REPRESENTATION_CONTEXT(2) 
PARAMETRIC_REPRESENTATION_CONTEXT() REPRESENTATION_CONTEXT('2D SPACE',''
  ) );
#8290 = ADVANCED_FACE('',(#8291),#8055,.T.);
#8291 = FACE_BOUND('',#8292,.F.);
#8292 = EDGE_LOOP('',(#8293,#8294,#8295,#8319));
#8293 = ORIENTED_EDGE('',*,*,#8038,.F.);
#8294 = ORIENTED_EDGE('',*,*,#8272,.F.);
#8295 = ORIENTED_EDGE('',*,*,#8296,.T.);
#8296 = EDGE_CURVE('',#8250,#8297,#8299,.T.);
#8297 = VERTEX_POINT('',#8298);
#8298 = CARTESIAN_POINT('',(-5.96449459377,2.133668814476,18.25));
#8299 = SURFACE_CURVE('',#8300,(#8305,#8312),.PCURVE_S1.);
#8300 = CIRCLE('',#8301,2.15);
#8301 = AXIS2_PLACEMENT_3D('',#8302,#8303,#8304);
#8302 = CARTESIAN_POINT('',(-5.7,0.,18.25));
#8303 = DIRECTION('',(0.,0.,1.));
#8304 = DIRECTION('',(1.,0.,0.));
#8305 = PCURVE('',#8055,#8306);
#8306 = DEFINITIONAL_REPRESENTATION('',(#8307),#8311);
#8307 = LINE('',#8308,#8309);
#8308 = CARTESIAN_POINT('',(-0.,-3.5));
#8309 = VECTOR('',#8310,1.);
#8310 = DIRECTION('',(-1.,0.));
#8311 = ( GEOMETRIC_REPRESENTATION_CONTEXT(2) 
PARAMETRIC_REPRESENTATION_CONTEXT() REPRESENTATION_CONTEXT('2D SPACE',''
  ) );
#8312 = PCURVE('',#8162,#8313);
#8313 = DEFINITIONAL_REPRESENTATION('',(#8314),#8318);
#8314 = CIRCLE('',#8315,2.15);
#8315 = AXIS2_PLACEMENT_2D('',#8316,#8317);
#8316 = CARTESIAN_POINT('',(-2.1,0.));
#8317 = DIRECTION('',(1.,0.));
#8318 = ( GEOMETRIC_REPRESENTATION_CONTEXT(2) 
PARAMETRIC_REPRESENTATION_CONTEXT() REPRESENTATION_CONTEXT('2D SPACE',''
  ) );
#8319 = ORIENTED_EDGE('',*,*,#8320,.T.);
#8320 = EDGE_CURVE('',#8297,#8011,#8321,.T.);
#8321 = SURFACE_CURVE('',#8322,(#8326,#8332),.PCURVE_S1.);
#8322 = LINE('',#8323,#8324);
#8323 = CARTESIAN_POINT('',(-5.96449459377,2.133668814476,14.75));
#8324 = VECTOR('',#8325,1.);
#8325 = DIRECTION('',(-0.,-0.,-1.));
#8326 = PCURVE('',#8055,#8327);
#8327 = DEFINITIONAL_REPRESENTATION('',(#8328),#8331);
#8328 = B_SPLINE_CURVE_WITH_KNOTS('',1,(#8329,#8330),.UNSPECIFIED.,.F.,
  .F.,(2,2),(-3.5000006,5.999999999062E-07),.PIECEWISE_BEZIER_KNOTS.);
#8329 = CARTESIAN_POINT('',(-1.694129502003,-3.5000006));
#8330 = CARTESIAN_POINT('',(-1.694129502003,5.999999999062E-07));
#8331 = ( GEOMETRIC_REPRESENTATION_CONTEXT(2) 
PARAMETRIC_REPRESENTATION_CONTEXT() REPRESENTATION_CONTEXT('2D SPACE',''
  ) );
#8332 = PCURVE('',#8026,#8333);
#8333 = DEFINITIONAL_REPRESENTATION('',(#8334),#8337);
#8334 = B_SPLINE_CURVE_WITH_KNOTS('',1,(#8335,#8336),.UNSPECIFIED.,.F.,
  .F.,(2,2),(-3.5000006,5.999999999062E-07),.PIECEWISE_BEZIER_KNOTS.);
#8335 = CARTESIAN_POINT('',(0.445437018418,-3.5000006));
#8336 = CARTESIAN_POINT('',(0.445437018418,5.999999999062E-07));
#8337 = ( GEOMETRIC_REPRESENTATION_CONTEXT(2) 
PARAMETRIC_REPRESENTATION_CONTEXT() REPRESENTATION_CONTEXT('2D SPACE',''
  ) );
#8338 = ADVANCED_FACE('',(#8339),#8026,.F.);
#8339 = FACE_BOUND('',#8340,.F.);
#8340 = EDGE_LOOP('',(#8341,#8342,#8343,#8366));
#8341 = ORIENTED_EDGE('',*,*,#8010,.F.);
#8342 = ORIENTED_EDGE('',*,*,#8320,.F.);
#8343 = ORIENTED_EDGE('',*,*,#8344,.T.);
#8344 = EDGE_CURVE('',#8297,#8345,#8347,.T.);
#8345 = VERTEX_POINT('',#8346);
#8346 = CARTESIAN_POINT('',(-6.030933071362,2.481951510864,18.25));
#8347 = SURFACE_CURVE('',#8348,(#8352,#8359),.PCURVE_S1.);
#8348 = LINE('',#8349,#8350);
#8349 = CARTESIAN_POINT('',(-5.881028019694,1.696121710281,18.25));
#8350 = VECTOR('',#8351,1.);
#8351 = DIRECTION('',(-0.187381314586,0.982287250729,0.));
#8352 = PCURVE('',#8026,#8353);
#8353 = DEFINITIONAL_REPRESENTATION('',(#8354),#8358);
#8354 = LINE('',#8355,#8356);
#8355 = CARTESIAN_POINT('',(0.,-3.5));
#8356 = VECTOR('',#8357,1.);
#8357 = DIRECTION('',(1.,0.));
#8358 = ( GEOMETRIC_REPRESENTATION_CONTEXT(2) 
PARAMETRIC_REPRESENTATION_CONTEXT() REPRESENTATION_CONTEXT('2D SPACE',''
  ) );
#8359 = PCURVE('',#8162,#8360);
#8360 = DEFINITIONAL_REPRESENTATION('',(#8361),#8365);
#8361 = LINE('',#8362,#8363);
#8362 = CARTESIAN_POINT('',(-2.281028019694,1.696121710281));
#8363 = VECTOR('',#8364,1.);
#8364 = DIRECTION('',(-0.187381314586,0.982287250729));
#8365 = ( GEOMETRIC_REPRESENTATION_CONTEXT(2) 
PARAMETRIC_REPRESENTATION_CONTEXT() REPRESENTATION_CONTEXT('2D SPACE',''
  ) );
#8366 = ORIENTED_EDGE('',*,*,#8367,.F.);
#8367 = EDGE_CURVE('',#7983,#8345,#8368,.T.);
#8368 = SURFACE_CURVE('',#8369,(#8373,#8380),.PCURVE_S1.);
#8369 = LINE('',#8370,#8371);
#8370 = CARTESIAN_POINT('',(-6.030933071362,2.481951510864,14.75));
#8371 = VECTOR('',#8372,1.);
#8372 = DIRECTION('',(0.,0.,1.));
#8373 = PCURVE('',#8026,#8374);
#8374 = DEFINITIONAL_REPRESENTATION('',(#8375),#8379);
#8375 = LINE('',#8376,#8377);
#8376 = CARTESIAN_POINT('',(0.8,0.));
#8377 = VECTOR('',#8378,1.);
#8378 = DIRECTION('',(0.,-1.));
#8379 = ( GEOMETRIC_REPRESENTATION_CONTEXT(2) 
PARAMETRIC_REPRESENTATION_CONTEXT() REPRESENTATION_CONTEXT('2D SPACE',''
  ) );
#8380 = PCURVE('',#7998,#8381);
#8381 = DEFINITIONAL_REPRESENTATION('',(#8382),#8386);
#8382 = LINE('',#8383,#8384);
#8383 = CARTESIAN_POINT('',(0.,0.));
#8384 = VECTOR('',#8385,1.);
#8385 = DIRECTION('',(0.,-1.));
#8386 = ( GEOMETRIC_REPRESENTATION_CONTEXT(2) 
PARAMETRIC_REPRESENTATION_CONTEXT() REPRESENTATION_CONTEXT('2D SPACE',''
  ) );
#8387 = ADVANCED_FACE('',(#8388),#7998,.F.);
#8388 = FACE_BOUND('',#8389,.F.);
#8389 = EDGE_LOOP('',(#8390,#8391,#8414,#8435));
#8390 = ORIENTED_EDGE('',*,*,#8367,.T.);
#8391 = ORIENTED_EDGE('',*,*,#8392,.T.);
#8392 = EDGE_CURVE('',#8345,#8393,#8395,.T.);
#8393 = VERTEX_POINT('',#8394);
#8394 = CARTESIAN_POINT('',(-6.305973501566,2.42948474278,18.25));
#8395 = SURFACE_CURVE('',#8396,(#8400,#8407),.PCURVE_S1.);
#8396 = LINE('',#8397,#8398);
#8397 = CARTESIAN_POINT('',(-6.030933071362,2.481951510864,18.25));
#8398 = VECTOR('',#8399,1.);
#8399 = DIRECTION('',(-0.982287250729,-0.187381314586,0.));
#8400 = PCURVE('',#7998,#8401);
#8401 = DEFINITIONAL_REPRESENTATION('',(#8402),#8406);
#8402 = LINE('',#8403,#8404);
#8403 = CARTESIAN_POINT('',(0.,-3.5));
#8404 = VECTOR('',#8405,1.);
#8405 = DIRECTION('',(1.,0.));
#8406 = ( GEOMETRIC_REPRESENTATION_CONTEXT(2) 
PARAMETRIC_REPRESENTATION_CONTEXT() REPRESENTATION_CONTEXT('2D SPACE',''
  ) );
#8407 = PCURVE('',#8162,#8408);
#8408 = DEFINITIONAL_REPRESENTATION('',(#8409),#8413);
#8409 = LINE('',#8410,#8411);
#8410 = CARTESIAN_POINT('',(-2.430933071362,2.481951510864));
#8411 = VECTOR('',#8412,1.);
#8412 = DIRECTION('',(-0.982287250729,-0.187381314586));
#8413 = ( GEOMETRIC_REPRESENTATION_CONTEXT(2) 
PARAMETRIC_REPRESENTATION_CONTEXT() REPRESENTATION_CONTEXT('2D SPACE',''
  ) );
#8414 = ORIENTED_EDGE('',*,*,#8415,.F.);
#8415 = EDGE_CURVE('',#7955,#8393,#8416,.T.);
#8416 = SURFACE_CURVE('',#8417,(#8421,#8428),.PCURVE_S1.);
#8417 = LINE('',#8418,#8419);
#8418 = CARTESIAN_POINT('',(-6.305973501566,2.42948474278,14.75));
#8419 = VECTOR('',#8420,1.);
#8420 = DIRECTION('',(0.,0.,1.));
#8421 = PCURVE('',#7998,#8422);
#8422 = DEFINITIONAL_REPRESENTATION('',(#8423),#8427);
#8423 = LINE('',#8424,#8425);
#8424 = CARTESIAN_POINT('',(0.28,0.));
#8425 = VECTOR('',#8426,1.);
#8426 = DIRECTION('',(0.,-1.));
#8427 = ( GEOMETRIC_REPRESENTATION_CONTEXT(2) 
PARAMETRIC_REPRESENTATION_CONTEXT() REPRESENTATION_CONTEXT('2D SPACE',''
  ) );
#8428 = PCURVE('',#7970,#8429);
#8429 = DEFINITIONAL_REPRESENTATION('',(#8430),#8434);
#8430 = LINE('',#8431,#8432);
#8431 = CARTESIAN_POINT('',(0.,0.));
#8432 = VECTOR('',#8433,1.);
#8433 = DIRECTION('',(0.,-1.));
#8434 = ( GEOMETRIC_REPRESENTATION_CONTEXT(2) 
PARAMETRIC_REPRESENTATION_CONTEXT() REPRESENTATION_CONTEXT('2D SPACE',''
  ) );
#8435 = ORIENTED_EDGE('',*,*,#7982,.F.);
#8436 = ADVANCED_FACE('',(#8437),#7970,.F.);
#8437 = FACE_BOUND('',#8438,.F.);
#8438 = EDGE_LOOP('',(#8439,#8440,#8441,#8464));
#8439 = ORIENTED_EDGE('',*,*,#7954,.F.);
#8440 = ORIENTED_EDGE('',*,*,#8415,.T.);
#8441 = ORIENTED_EDGE('',*,*,#8442,.T.);
#8442 = EDGE_CURVE('',#8393,#8443,#8445,.T.);
#8443 = VERTEX_POINT('',#8444);
#8444 = CARTESIAN_POINT('',(-6.239535023974,2.081202046392,18.25));
#8445 = SURFACE_CURVE('',#8446,(#8450,#8457),.PCURVE_S1.);
#8446 = LINE('',#8447,#8448);
#8447 = CARTESIAN_POINT('',(-6.305973501566,2.42948474278,18.25));
#8448 = VECTOR('',#8449,1.);
#8449 = DIRECTION('',(0.187381314586,-0.982287250729,0.));
#8450 = PCURVE('',#7970,#8451);
#8451 = DEFINITIONAL_REPRESENTATION('',(#8452),#8456);
#8452 = LINE('',#8453,#8454);
#8453 = CARTESIAN_POINT('',(0.,-3.5));
#8454 = VECTOR('',#8455,1.);
#8455 = DIRECTION('',(1.,0.));
#8456 = ( GEOMETRIC_REPRESENTATION_CONTEXT(2) 
PARAMETRIC_REPRESENTATION_CONTEXT() REPRESENTATION_CONTEXT('2D SPACE',''
  ) );
#8457 = PCURVE('',#8162,#8458);
#8458 = DEFINITIONAL_REPRESENTATION('',(#8459),#8463);
#8459 = LINE('',#8460,#8461);
#8460 = CARTESIAN_POINT('',(-2.705973501566,2.42948474278));
#8461 = VECTOR('',#8462,1.);
#8462 = DIRECTION('',(0.187381314586,-0.982287250729));
#8463 = ( GEOMETRIC_REPRESENTATION_CONTEXT(2) 
PARAMETRIC_REPRESENTATION_CONTEXT() REPRESENTATION_CONTEXT('2D SPACE',''
  ) );
#8464 = ORIENTED_EDGE('',*,*,#8465,.T.);
#8465 = EDGE_CURVE('',#8443,#7926,#8466,.T.);
#8466 = SURFACE_CURVE('',#8467,(#8471,#8477),.PCURVE_S1.);
#8467 = LINE('',#8468,#8469);
#8468 = CARTESIAN_POINT('',(-6.239535023974,2.081202046392,14.75));
#8469 = VECTOR('',#8470,1.);
#8470 = DIRECTION('',(-0.,-0.,-1.));
#8471 = PCURVE('',#7970,#8472);
#8472 = DEFINITIONAL_REPRESENTATION('',(#8473),#8476);
#8473 = B_SPLINE_CURVE_WITH_KNOTS('',1,(#8474,#8475),.UNSPECIFIED.,.F.,
  .F.,(2,2),(-3.5000006,5.999999999062E-07),.PIECEWISE_BEZIER_KNOTS.);
#8474 = CARTESIAN_POINT('',(0.354562981582,-3.5000006));
#8475 = CARTESIAN_POINT('',(0.354562981582,5.999999999062E-07));
#8476 = ( GEOMETRIC_REPRESENTATION_CONTEXT(2) 
PARAMETRIC_REPRESENTATION_CONTEXT() REPRESENTATION_CONTEXT('2D SPACE',''
  ) );
#8477 = PCURVE('',#7942,#8478);
#8478 = DEFINITIONAL_REPRESENTATION('',(#8479),#8482);
#8479 = B_SPLINE_CURVE_WITH_KNOTS('',1,(#8480,#8481),.UNSPECIFIED.,.F.,
  .F.,(2,2),(-3.5000006,5.999999999062E-07),.PIECEWISE_BEZIER_KNOTS.);
#8480 = CARTESIAN_POINT('',(-1.824454270018,-3.5000006));
#8481 = CARTESIAN_POINT('',(-1.824454270018,5.999999999062E-07));
#8482 = ( GEOMETRIC_REPRESENTATION_CONTEXT(2) 
PARAMETRIC_REPRESENTATION_CONTEXT() REPRESENTATION_CONTEXT('2D SPACE',''
  ) );
#8483 = ADVANCED_FACE('',(#8484),#7942,.T.);
#8484 = FACE_BOUND('',#8485,.F.);
#8485 = EDGE_LOOP('',(#8486,#8487,#8488,#8512));
#8486 = ORIENTED_EDGE('',*,*,#7925,.F.);
#8487 = ORIENTED_EDGE('',*,*,#8465,.F.);
#8488 = ORIENTED_EDGE('',*,*,#8489,.T.);
#8489 = EDGE_CURVE('',#8443,#8490,#8492,.T.);
#8490 = VERTEX_POINT('',#8491);
#8491 = CARTESIAN_POINT('',(-6.486806866454,2.000858554446,18.25));
#8492 = SURFACE_CURVE('',#8493,(#8498,#8505),.PCURVE_S1.);
#8493 = CIRCLE('',#8494,2.15);
#8494 = AXIS2_PLACEMENT_3D('',#8495,#8496,#8497);
#8495 = CARTESIAN_POINT('',(-5.7,0.,18.25));
#8496 = DIRECTION('',(0.,0.,1.));
#8497 = DIRECTION('',(1.,0.,0.));
#8498 = PCURVE('',#7942,#8499);
#8499 = DEFINITIONAL_REPRESENTATION('',(#8500),#8504);
#8500 = LINE('',#8501,#8502);
#8501 = CARTESIAN_POINT('',(-0.,-3.5));
#8502 = VECTOR('',#8503,1.);
#8503 = DIRECTION('',(-1.,0.));
#8504 = ( GEOMETRIC_REPRESENTATION_CONTEXT(2) 
PARAMETRIC_REPRESENTATION_CONTEXT() REPRESENTATION_CONTEXT('2D SPACE',''
  ) );
#8505 = PCURVE('',#8162,#8506);
#8506 = DEFINITIONAL_REPRESENTATION('',(#8507),#8511);
#8507 = CIRCLE('',#8508,2.15);
#8508 = AXIS2_PLACEMENT_2D('',#8509,#8510);
#8509 = CARTESIAN_POINT('',(-2.1,0.));
#8510 = DIRECTION('',(1.,0.));
#8511 = ( GEOMETRIC_REPRESENTATION_CONTEXT(2) 
PARAMETRIC_REPRESENTATION_CONTEXT() REPRESENTATION_CONTEXT('2D SPACE',''
  ) );
#8512 = ORIENTED_EDGE('',*,*,#8513,.T.);
#8513 = EDGE_CURVE('',#8490,#7898,#8514,.T.);
#8514 = SURFACE_CURVE('',#8515,(#8519,#8525),.PCURVE_S1.);
#8515 = LINE('',#8516,#8517);
#8516 = CARTESIAN_POINT('',(-6.486806866454,2.000858554446,14.75));
#8517 = VECTOR('',#8518,1.);
#8518 = DIRECTION('',(-0.,-0.,-1.));
#8519 = PCURVE('',#7942,#8520);
#8520 = DEFINITIONAL_REPRESENTATION('',(#8521),#8524);
#8521 = B_SPLINE_CURVE_WITH_KNOTS('',1,(#8522,#8523),.UNSPECIFIED.,.F.,
  .F.,(2,2),(-3.5000006,5.999999999062E-07),.PIECEWISE_BEZIER_KNOTS.);
#8522 = CARTESIAN_POINT('',(-1.94545691429,-3.5000006));
#8523 = CARTESIAN_POINT('',(-1.94545691429,5.999999999062E-07));
#8524 = ( GEOMETRIC_REPRESENTATION_CONTEXT(2) 
PARAMETRIC_REPRESENTATION_CONTEXT() REPRESENTATION_CONTEXT('2D SPACE',''
  ) );
#8525 = PCURVE('',#7913,#8526);
#8526 = DEFINITIONAL_REPRESENTATION('',(#8527),#8530);
#8527 = B_SPLINE_CURVE_WITH_KNOTS('',1,(#8528,#8529),.UNSPECIFIED.,.F.,
  .F.,(2,2),(-3.5000006,5.999999999062E-07),.PIECEWISE_BEZIER_KNOTS.);
#8528 = CARTESIAN_POINT('',(0.445437018418,-3.5000006));
#8529 = CARTESIAN_POINT('',(0.445437018418,5.999999999062E-07));
#8530 = ( GEOMETRIC_REPRESENTATION_CONTEXT(2) 
PARAMETRIC_REPRESENTATION_CONTEXT() REPRESENTATION_CONTEXT('2D SPACE',''
  ) );
#8531 = ADVANCED_FACE('',(#8532),#7913,.F.);
#8532 = FACE_BOUND('',#8533,.F.);
#8533 = EDGE_LOOP('',(#8534,#8535,#8536,#8559));
#8534 = ORIENTED_EDGE('',*,*,#7897,.F.);
#8535 = ORIENTED_EDGE('',*,*,#8513,.F.);
#8536 = ORIENTED_EDGE('',*,*,#8537,.T.);
#8537 = EDGE_CURVE('',#8490,#8538,#8540,.T.);
#8538 = VERTEX_POINT('',#8539);
#8539 = CARTESIAN_POINT('',(-6.637772441567,2.321676731984,18.25));
#8540 = SURFACE_CURVE('',#8541,(#8545,#8552),.PCURVE_S1.);
#8541 = LINE('',#8542,#8543);
#8542 = CARTESIAN_POINT('',(-6.297149008315,1.597815090011,18.25));
#8543 = VECTOR('',#8544,1.);
#8544 = DIRECTION('',(-0.425779291565,0.904827052466,0.));
#8545 = PCURVE('',#7913,#8546);
#8546 = DEFINITIONAL_REPRESENTATION('',(#8547),#8551);
#8547 = LINE('',#8548,#8549);
#8548 = CARTESIAN_POINT('',(0.,-3.5));
#8549 = VECTOR('',#8550,1.);
#8550 = DIRECTION('',(1.,0.));
#8551 = ( GEOMETRIC_REPRESENTATION_CONTEXT(2) 
PARAMETRIC_REPRESENTATION_CONTEXT() REPRESENTATION_CONTEXT('2D SPACE',''
  ) );
#8552 = PCURVE('',#8162,#8553);
#8553 = DEFINITIONAL_REPRESENTATION('',(#8554),#8558);
#8554 = LINE('',#8555,#8556);
#8555 = CARTESIAN_POINT('',(-2.697149008315,1.597815090011));
#8556 = VECTOR('',#8557,1.);
#8557 = DIRECTION('',(-0.425779291565,0.904827052466));
#8558 = ( GEOMETRIC_REPRESENTATION_CONTEXT(2) 
PARAMETRIC_REPRESENTATION_CONTEXT() REPRESENTATION_CONTEXT('2D SPACE',''
  ) );
#8559 = ORIENTED_EDGE('',*,*,#8560,.F.);
#8560 = EDGE_CURVE('',#7870,#8538,#8561,.T.);
#8561 = SURFACE_CURVE('',#8562,(#8566,#8573),.PCURVE_S1.);
#8562 = LINE('',#8563,#8564);
#8563 = CARTESIAN_POINT('',(-6.637772441567,2.321676731984,14.75));
#8564 = VECTOR('',#8565,1.);
#8565 = DIRECTION('',(0.,0.,1.));
#8566 = PCURVE('',#7913,#8567);
#8567 = DEFINITIONAL_REPRESENTATION('',(#8568),#8572);
#8568 = LINE('',#8569,#8570);
#8569 = CARTESIAN_POINT('',(0.8,0.));
#8570 = VECTOR('',#8571,1.);
#8571 = DIRECTION('',(0.,-1.));
#8572 = ( GEOMETRIC_REPRESENTATION_CONTEXT(2) 
PARAMETRIC_REPRESENTATION_CONTEXT() REPRESENTATION_CONTEXT('2D SPACE',''
  ) );
#8573 = PCURVE('',#7885,#8574);
#8574 = DEFINITIONAL_REPRESENTATION('',(#8575),#8579);
#8575 = LINE('',#8576,#8577);
#8576 = CARTESIAN_POINT('',(0.,0.));
#8577 = VECTOR('',#8578,1.);
#8578 = DIRECTION('',(0.,-1.));
#8579 = ( GEOMETRIC_REPRESENTATION_CONTEXT(2) 
PARAMETRIC_REPRESENTATION_CONTEXT() REPRESENTATION_CONTEXT('2D SPACE',''
  ) );
#8580 = ADVANCED_FACE('',(#8581),#7885,.F.);
#8581 = FACE_BOUND('',#8582,.F.);
#8582 = EDGE_LOOP('',(#8583,#8584,#8607,#8628));
#8583 = ORIENTED_EDGE('',*,*,#8560,.T.);
#8584 = ORIENTED_EDGE('',*,*,#8585,.T.);
#8585 = EDGE_CURVE('',#8538,#8586,#8588,.T.);
#8586 = VERTEX_POINT('',#8587);
#8587 = CARTESIAN_POINT('',(-6.891124016258,2.202458530346,18.25));
#8588 = SURFACE_CURVE('',#8589,(#8593,#8600),.PCURVE_S1.);
#8589 = LINE('',#8590,#8591);
#8590 = CARTESIAN_POINT('',(-6.637772441567,2.321676731984,18.25));
#8591 = VECTOR('',#8592,1.);
#8592 = DIRECTION('',(-0.904827052466,-0.425779291565,0.));
#8593 = PCURVE('',#7885,#8594);
#8594 = DEFINITIONAL_REPRESENTATION('',(#8595),#8599);
#8595 = LINE('',#8596,#8597);
#8596 = CARTESIAN_POINT('',(0.,-3.5));
#8597 = VECTOR('',#8598,1.);
#8598 = DIRECTION('',(1.,0.));
#8599 = ( GEOMETRIC_REPRESENTATION_CONTEXT(2) 
PARAMETRIC_REPRESENTATION_CONTEXT() REPRESENTATION_CONTEXT('2D SPACE',''
  ) );
#8600 = PCURVE('',#8162,#8601);
#8601 = DEFINITIONAL_REPRESENTATION('',(#8602),#8606);
#8602 = LINE('',#8603,#8604);
#8603 = CARTESIAN_POINT('',(-3.037772441567,2.321676731984));
#8604 = VECTOR('',#8605,1.);
#8605 = DIRECTION('',(-0.904827052466,-0.425779291565));
#8606 = ( GEOMETRIC_REPRESENTATION_CONTEXT(2) 
PARAMETRIC_REPRESENTATION_CONTEXT() REPRESENTATION_CONTEXT('2D SPACE',''
  ) );
#8607 = ORIENTED_EDGE('',*,*,#8608,.F.);
#8608 = EDGE_CURVE('',#7842,#8586,#8609,.T.);
#8609 = SURFACE_CURVE('',#8610,(#8614,#8621),.PCURVE_S1.);
#8610 = LINE('',#8611,#8612);
#8611 = CARTESIAN_POINT('',(-6.891124016258,2.202458530346,14.75));
#8612 = VECTOR('',#8613,1.);
#8613 = DIRECTION('',(0.,0.,1.));
#8614 = PCURVE('',#7885,#8615);
#8615 = DEFINITIONAL_REPRESENTATION('',(#8616),#8620);
#8616 = LINE('',#8617,#8618);
#8617 = CARTESIAN_POINT('',(0.28,0.));
#8618 = VECTOR('',#8619,1.);
#8619 = DIRECTION('',(0.,-1.));
#8620 = ( GEOMETRIC_REPRESENTATION_CONTEXT(2) 
PARAMETRIC_REPRESENTATION_CONTEXT() REPRESENTATION_CONTEXT('2D SPACE',''
  ) );
#8621 = PCURVE('',#7857,#8622);
#8622 = DEFINITIONAL_REPRESENTATION('',(#8623),#8627);
#8623 = LINE('',#8624,#8625);
#8624 = CARTESIAN_POINT('',(0.,0.));
#8625 = VECTOR('',#8626,1.);
#8626 = DIRECTION('',(0.,-1.));
#8627 = ( GEOMETRIC_REPRESENTATION_CONTEXT(2) 
PARAMETRIC_REPRESENTATION_CONTEXT() REPRESENTATION_CONTEXT('2D SPACE',''
  ) );
#8628 = ORIENTED_EDGE('',*,*,#7869,.F.);
#8629 = ADVANCED_FACE('',(#8630),#7857,.F.);
#8630 = FACE_BOUND('',#8631,.F.);
#8631 = EDGE_LOOP('',(#8632,#8633,#8634,#8657));
#8632 = ORIENTED_EDGE('',*,*,#7841,.F.);
#8633 = ORIENTED_EDGE('',*,*,#8608,.T.);
#8634 = ORIENTED_EDGE('',*,*,#8635,.T.);
#8635 = EDGE_CURVE('',#8586,#8636,#8638,.T.);
#8636 = VERTEX_POINT('',#8637);
#8637 = CARTESIAN_POINT('',(-6.740158441145,1.881640352808,18.25));
#8638 = SURFACE_CURVE('',#8639,(#8643,#8650),.PCURVE_S1.);
#8639 = LINE('',#8640,#8641);
#8640 = CARTESIAN_POINT('',(-6.891124016258,2.202458530346,18.25));
#8641 = VECTOR('',#8642,1.);
#8642 = DIRECTION('',(0.425779291565,-0.904827052466,0.));
#8643 = PCURVE('',#7857,#8644);
#8644 = DEFINITIONAL_REPRESENTATION('',(#8645),#8649);
#8645 = LINE('',#8646,#8647);
#8646 = CARTESIAN_POINT('',(0.,-3.5));
#8647 = VECTOR('',#8648,1.);
#8648 = DIRECTION('',(1.,0.));
#8649 = ( GEOMETRIC_REPRESENTATION_CONTEXT(2) 
PARAMETRIC_REPRESENTATION_CONTEXT() REPRESENTATION_CONTEXT('2D SPACE',''
  ) );
#8650 = PCURVE('',#8162,#8651);
#8651 = DEFINITIONAL_REPRESENTATION('',(#8652),#8656);
#8652 = LINE('',#8653,#8654);
#8653 = CARTESIAN_POINT('',(-3.291124016258,2.202458530346));
#8654 = VECTOR('',#8655,1.);
#8655 = DIRECTION('',(0.425779291565,-0.904827052466));
#8656 = ( GEOMETRIC_REPRESENTATION_CONTEXT(2) 
PARAMETRIC_REPRESENTATION_CONTEXT() REPRESENTATION_CONTEXT('2D SPACE',''
  ) );
#8657 = ORIENTED_EDGE('',*,*,#8658,.T.);
#8658 = EDGE_CURVE('',#8636,#7813,#8659,.T.);
#8659 = SURFACE_CURVE('',#8660,(#8664,#8670),.PCURVE_S1.);
#8660 = LINE('',#8661,#8662);
#8661 = CARTESIAN_POINT('',(-6.740158441145,1.881640352808,14.75));
#8662 = VECTOR('',#8663,1.);
#8663 = DIRECTION('',(-0.,-0.,-1.));
#8664 = PCURVE('',#7857,#8665);
#8665 = DEFINITIONAL_REPRESENTATION('',(#8666),#8669);
#8666 = B_SPLINE_CURVE_WITH_KNOTS('',1,(#8667,#8668),.UNSPECIFIED.,.F.,
  .F.,(2,2),(-3.5000006,5.999999999062E-07),.PIECEWISE_BEZIER_KNOTS.);
#8667 = CARTESIAN_POINT('',(0.354562981582,-3.5000006));
#8668 = CARTESIAN_POINT('',(0.354562981582,5.999999999062E-07));
#8669 = ( GEOMETRIC_REPRESENTATION_CONTEXT(2) 
PARAMETRIC_REPRESENTATION_CONTEXT() REPRESENTATION_CONTEXT('2D SPACE',''
  ) );
#8670 = PCURVE('',#7829,#8671);
#8671 = DEFINITIONAL_REPRESENTATION('',(#8672),#8675);
#8672 = B_SPLINE_CURVE_WITH_KNOTS('',1,(#8673,#8674),.UNSPECIFIED.,.F.,
  .F.,(2,2),(-3.5000006,5.999999999062E-07),.PIECEWISE_BEZIER_KNOTS.);
#8673 = CARTESIAN_POINT('',(-2.075781682305,-3.5000006));
#8674 = CARTESIAN_POINT('',(-2.075781682305,5.999999999062E-07));
#8675 = ( GEOMETRIC_REPRESENTATION_CONTEXT(2) 
PARAMETRIC_REPRESENTATION_CONTEXT() REPRESENTATION_CONTEXT('2D SPACE',''
  ) );
#8676 = ADVANCED_FACE('',(#8677),#7829,.T.);
#8677 = FACE_BOUND('',#8678,.F.);
#8678 = EDGE_LOOP('',(#8679,#8680,#8681,#8705));
#8679 = ORIENTED_EDGE('',*,*,#7812,.F.);
#8680 = ORIENTED_EDGE('',*,*,#8658,.F.);
#8681 = ORIENTED_EDGE('',*,*,#8682,.T.);
#8682 = EDGE_CURVE('',#8636,#8683,#8685,.T.);
#8683 = VERTEX_POINT('',#8684);
#8684 = CARTESIAN_POINT('',(-6.959681170046,1.742326992798,18.25));
#8685 = SURFACE_CURVE('',#8686,(#8691,#8698),.PCURVE_S1.);
#8686 = CIRCLE('',#8687,2.15);
#8687 = AXIS2_PLACEMENT_3D('',#8688,#8689,#8690);
#8688 = CARTESIAN_POINT('',(-5.7,0.,18.25));
#8689 = DIRECTION('',(0.,0.,1.));
#8690 = DIRECTION('',(1.,0.,0.));
#8691 = PCURVE('',#7829,#8692);
#8692 = DEFINITIONAL_REPRESENTATION('',(#8693),#8697);
#8693 = LINE('',#8694,#8695);
#8694 = CARTESIAN_POINT('',(-0.,-3.5));
#8695 = VECTOR('',#8696,1.);
#8696 = DIRECTION('',(-1.,0.));
#8697 = ( GEOMETRIC_REPRESENTATION_CONTEXT(2) 
PARAMETRIC_REPRESENTATION_CONTEXT() REPRESENTATION_CONTEXT('2D SPACE',''
  ) );
#8698 = PCURVE('',#8162,#8699);
#8699 = DEFINITIONAL_REPRESENTATION('',(#8700),#8704);
#8700 = CIRCLE('',#8701,2.15);
#8701 = AXIS2_PLACEMENT_2D('',#8702,#8703);
#8702 = CARTESIAN_POINT('',(-2.1,0.));
#8703 = DIRECTION('',(1.,0.));
#8704 = ( GEOMETRIC_REPRESENTATION_CONTEXT(2) 
PARAMETRIC_REPRESENTATION_CONTEXT() REPRESENTATION_CONTEXT('2D SPACE',''
  ) );
#8705 = ORIENTED_EDGE('',*,*,#8706,.T.);
#8706 = EDGE_CURVE('',#8683,#7785,#8707,.T.);
#8707 = SURFACE_CURVE('',#8708,(#8712,#8718),.PCURVE_S1.);
#8708 = LINE('',#8709,#8710);
#8709 = CARTESIAN_POINT('',(-6.959681170046,1.742326992798,14.75));
#8710 = VECTOR('',#8711,1.);
#8711 = DIRECTION('',(-0.,-0.,-1.));
#8712 = PCURVE('',#7829,#8713);
#8713 = DEFINITIONAL_REPRESENTATION('',(#8714),#8717);
#8714 = B_SPLINE_CURVE_WITH_KNOTS('',1,(#8715,#8716),.UNSPECIFIED.,.F.,
  .F.,(2,2),(-3.5000006,5.999999999062E-07),.PIECEWISE_BEZIER_KNOTS.);
#8715 = CARTESIAN_POINT('',(-2.196784326577,-3.5000006));
#8716 = CARTESIAN_POINT('',(-2.196784326577,5.999999999062E-07));
#8717 = ( GEOMETRIC_REPRESENTATION_CONTEXT(2) 
PARAMETRIC_REPRESENTATION_CONTEXT() REPRESENTATION_CONTEXT('2D SPACE',''
  ) );
#8718 = PCURVE('',#7800,#8719);
#8719 = DEFINITIONAL_REPRESENTATION('',(#8720),#8723);
#8720 = B_SPLINE_CURVE_WITH_KNOTS('',1,(#8721,#8722),.UNSPECIFIED.,.F.,
  .F.,(2,2),(-3.5000006,5.999999999062E-07),.PIECEWISE_BEZIER_KNOTS.);
#8721 = CARTESIAN_POINT('',(0.445437018418,-3.5000006));
#8722 = CARTESIAN_POINT('',(0.445437018418,5.999999999062E-07));
#8723 = ( GEOMETRIC_REPRESENTATION_CONTEXT(2) 
PARAMETRIC_REPRESENTATION_CONTEXT() REPRESENTATION_CONTEXT('2D SPACE',''
  ) );
#8724 = ADVANCED_FACE('',(#8725),#7800,.F.);
#8725 = FACE_BOUND('',#8726,.F.);
#8726 = EDGE_LOOP('',(#8727,#8728,#8729,#8752));
#8727 = ORIENTED_EDGE('',*,*,#7784,.F.);
#8728 = ORIENTED_EDGE('',*,*,#8706,.F.);
#8729 = ORIENTED_EDGE('',*,*,#8730,.T.);
#8730 = EDGE_CURVE('',#8683,#8731,#8733,.T.);
#8731 = VERTEX_POINT('',#8732);
#8732 = CARTESIAN_POINT('',(-7.185688120383,2.015522465504,18.25));
#8733 = SURFACE_CURVE('',#8734,(#8738,#8745),.PCURVE_S1.);
#8734 = LINE('',#8735,#8736);
#8735 = CARTESIAN_POINT('',(-6.675748928584,1.399111871284,18.25));
#8736 = VECTOR('',#8737,1.);
#8737 = DIRECTION('',(-0.637423989749,0.770513242776,0.));
#8738 = PCURVE('',#7800,#8739);
#8739 = DEFINITIONAL_REPRESENTATION('',(#8740),#8744);
#8740 = LINE('',#8741,#8742);
#8741 = CARTESIAN_POINT('',(0.,-3.5));
#8742 = VECTOR('',#8743,1.);
#8743 = DIRECTION('',(1.,0.));
#8744 = ( GEOMETRIC_REPRESENTATION_CONTEXT(2) 
PARAMETRIC_REPRESENTATION_CONTEXT() REPRESENTATION_CONTEXT('2D SPACE',''
  ) );
#8745 = PCURVE('',#8162,#8746);
#8746 = DEFINITIONAL_REPRESENTATION('',(#8747),#8751);
#8747 = LINE('',#8748,#8749);
#8748 = CARTESIAN_POINT('',(-3.075748928584,1.399111871284));
#8749 = VECTOR('',#8750,1.);
#8750 = DIRECTION('',(-0.637423989749,0.770513242776));
#8751 = ( GEOMETRIC_REPRESENTATION_CONTEXT(2) 
PARAMETRIC_REPRESENTATION_CONTEXT() REPRESENTATION_CONTEXT('2D SPACE',''
  ) );
#8752 = ORIENTED_EDGE('',*,*,#8753,.F.);
#8753 = EDGE_CURVE('',#7757,#8731,#8754,.T.);
#8754 = SURFACE_CURVE('',#8755,(#8759,#8766),.PCURVE_S1.);
#8755 = LINE('',#8756,#8757);
#8756 = CARTESIAN_POINT('',(-7.185688120383,2.015522465504,14.75));
#8757 = VECTOR('',#8758,1.);
#8758 = DIRECTION('',(0.,0.,1.));
#8759 = PCURVE('',#7800,#8760);
#8760 = DEFINITIONAL_REPRESENTATION('',(#8761),#8765);
#8761 = LINE('',#8762,#8763);
#8762 = CARTESIAN_POINT('',(0.8,0.));
#8763 = VECTOR('',#8764,1.);
#8764 = DIRECTION('',(0.,-1.));
#8765 = ( GEOMETRIC_REPRESENTATION_CONTEXT(2) 
PARAMETRIC_REPRESENTATION_CONTEXT() REPRESENTATION_CONTEXT('2D SPACE',''
  ) );
#8766 = PCURVE('',#7772,#8767);
#8767 = DEFINITIONAL_REPRESENTATION('',(#8768),#8772);
#8768 = LINE('',#8769,#8770);
#8769 = CARTESIAN_POINT('',(0.,0.));
#8770 = VECTOR('',#8771,1.);
#8771 = DIRECTION('',(0.,-1.));
#8772 = ( GEOMETRIC_REPRESENTATION_CONTEXT(2) 
PARAMETRIC_REPRESENTATION_CONTEXT() REPRESENTATION_CONTEXT('2D SPACE',''
  ) );
#8773 = ADVANCED_FACE('',(#8774),#7772,.F.);
#8774 = FACE_BOUND('',#8775,.F.);
#8775 = EDGE_LOOP('',(#8776,#8777,#8800,#8821));
#8776 = ORIENTED_EDGE('',*,*,#8753,.T.);
#8777 = ORIENTED_EDGE('',*,*,#8778,.T.);
#8778 = EDGE_CURVE('',#8731,#8779,#8781,.T.);
#8779 = VERTEX_POINT('',#8780);
#8780 = CARTESIAN_POINT('',(-7.40143182836,1.837043748375,18.25));
#8781 = SURFACE_CURVE('',#8782,(#8786,#8793),.PCURVE_S1.);
#8782 = LINE('',#8783,#8784);
#8783 = CARTESIAN_POINT('',(-7.185688120383,2.015522465504,18.25));
#8784 = VECTOR('',#8785,1.);
#8785 = DIRECTION('',(-0.770513242776,-0.637423989749,0.));
#8786 = PCURVE('',#7772,#8787);
#8787 = DEFINITIONAL_REPRESENTATION('',(#8788),#8792);
#8788 = LINE('',#8789,#8790);
#8789 = CARTESIAN_POINT('',(0.,-3.5));
#8790 = VECTOR('',#8791,1.);
#8791 = DIRECTION('',(1.,0.));
#8792 = ( GEOMETRIC_REPRESENTATION_CONTEXT(2) 
PARAMETRIC_REPRESENTATION_CONTEXT() REPRESENTATION_CONTEXT('2D SPACE',''
  ) );
#8793 = PCURVE('',#8162,#8794);
#8794 = DEFINITIONAL_REPRESENTATION('',(#8795),#8799);
#8795 = LINE('',#8796,#8797);
#8796 = CARTESIAN_POINT('',(-3.585688120383,2.015522465504));
#8797 = VECTOR('',#8798,1.);
#8798 = DIRECTION('',(-0.770513242776,-0.637423989749));
#8799 = ( GEOMETRIC_REPRESENTATION_CONTEXT(2) 
PARAMETRIC_REPRESENTATION_CONTEXT() REPRESENTATION_CONTEXT('2D SPACE',''
  ) );
#8800 = ORIENTED_EDGE('',*,*,#8801,.F.);
#8801 = EDGE_CURVE('',#7729,#8779,#8802,.T.);
#8802 = SURFACE_CURVE('',#8803,(#8807,#8814),.PCURVE_S1.);
#8803 = LINE('',#8804,#8805);
#8804 = CARTESIAN_POINT('',(-7.40143182836,1.837043748375,14.75));
#8805 = VECTOR('',#8806,1.);
#8806 = DIRECTION('',(0.,0.,1.));
#8807 = PCURVE('',#7772,#8808);
#8808 = DEFINITIONAL_REPRESENTATION('',(#8809),#8813);
#8809 = LINE('',#8810,#8811);
#8810 = CARTESIAN_POINT('',(0.28,0.));
#8811 = VECTOR('',#8812,1.);
#8812 = DIRECTION('',(0.,-1.));
#8813 = ( GEOMETRIC_REPRESENTATION_CONTEXT(2) 
PARAMETRIC_REPRESENTATION_CONTEXT() REPRESENTATION_CONTEXT('2D SPACE',''
  ) );
#8814 = PCURVE('',#7744,#8815);
#8815 = DEFINITIONAL_REPRESENTATION('',(#8816),#8820);
#8816 = LINE('',#8817,#8818);
#8817 = CARTESIAN_POINT('',(0.,0.));
#8818 = VECTOR('',#8819,1.);
#8819 = DIRECTION('',(0.,-1.));
#8820 = ( GEOMETRIC_REPRESENTATION_CONTEXT(2) 
PARAMETRIC_REPRESENTATION_CONTEXT() REPRESENTATION_CONTEXT('2D SPACE',''
  ) );
#8821 = ORIENTED_EDGE('',*,*,#7756,.F.);
#8822 = ADVANCED_FACE('',(#8823),#7744,.F.);
#8823 = FACE_BOUND('',#8824,.F.);
#8824 = EDGE_LOOP('',(#8825,#8826,#8827,#8850));
#8825 = ORIENTED_EDGE('',*,*,#7728,.F.);
#8826 = ORIENTED_EDGE('',*,*,#8801,.T.);
#8827 = ORIENTED_EDGE('',*,*,#8828,.T.);
#8828 = EDGE_CURVE('',#8779,#8829,#8831,.T.);
#8829 = VERTEX_POINT('',#8830);
#8830 = CARTESIAN_POINT('',(-7.175424878023,1.563848275668,18.25));
#8831 = SURFACE_CURVE('',#8832,(#8836,#8843),.PCURVE_S1.);
#8832 = LINE('',#8833,#8834);
#8833 = CARTESIAN_POINT('',(-7.40143182836,1.837043748375,18.25));
#8834 = VECTOR('',#8835,1.);
#8835 = DIRECTION('',(0.637423989749,-0.770513242776,0.));
#8836 = PCURVE('',#7744,#8837);
#8837 = DEFINITIONAL_REPRESENTATION('',(#8838),#8842);
#8838 = LINE('',#8839,#8840);
#8839 = CARTESIAN_POINT('',(0.,-3.5));
#8840 = VECTOR('',#8841,1.);
#8841 = DIRECTION('',(1.,0.));
#8842 = ( GEOMETRIC_REPRESENTATION_CONTEXT(2) 
PARAMETRIC_REPRESENTATION_CONTEXT() REPRESENTATION_CONTEXT('2D SPACE',''
  ) );
#8843 = PCURVE('',#8162,#8844);
#8844 = DEFINITIONAL_REPRESENTATION('',(#8845),#8849);
#8845 = LINE('',#8846,#8847);
#8846 = CARTESIAN_POINT('',(-3.80143182836,1.837043748375));
#8847 = VECTOR('',#8848,1.);
#8848 = DIRECTION('',(0.637423989749,-0.770513242776));
#8849 = ( GEOMETRIC_REPRESENTATION_CONTEXT(2) 
PARAMETRIC_REPRESENTATION_CONTEXT() REPRESENTATION_CONTEXT('2D SPACE',''
  ) );
#8850 = ORIENTED_EDGE('',*,*,#8851,.T.);
#8851 = EDGE_CURVE('',#8829,#7700,#8852,.T.);
#8852 = SURFACE_CURVE('',#8853,(#8857,#8863),.PCURVE_S1.);
#8853 = LINE('',#8854,#8855);
#8854 = CARTESIAN_POINT('',(-7.175424878023,1.563848275668,14.75));
#8855 = VECTOR('',#8856,1.);
#8856 = DIRECTION('',(-0.,-0.,-1.));
#8857 = PCURVE('',#7744,#8858);
#8858 = DEFINITIONAL_REPRESENTATION('',(#8859),#8862);
#8859 = B_SPLINE_CURVE_WITH_KNOTS('',1,(#8860,#8861),.UNSPECIFIED.,.F.,
  .F.,(2,2),(-3.5000006,5.999999999062E-07),.PIECEWISE_BEZIER_KNOTS.);
#8860 = CARTESIAN_POINT('',(0.354562981582,-3.5000006));
#8861 = CARTESIAN_POINT('',(0.354562981582,5.999999999062E-07));
#8862 = ( GEOMETRIC_REPRESENTATION_CONTEXT(2) 
PARAMETRIC_REPRESENTATION_CONTEXT() REPRESENTATION_CONTEXT('2D SPACE',''
  ) );
#8863 = PCURVE('',#7716,#8864);
#8864 = DEFINITIONAL_REPRESENTATION('',(#8865),#8868);
#8865 = B_SPLINE_CURVE_WITH_KNOTS('',1,(#8866,#8867),.UNSPECIFIED.,.F.,
  .F.,(2,2),(-3.5000006,5.999999999062E-07),.PIECEWISE_BEZIER_KNOTS.);
#8866 = CARTESIAN_POINT('',(-2.327109094592,-3.5000006));
#8867 = CARTESIAN_POINT('',(-2.327109094592,5.999999999062E-07));
#8868 = ( GEOMETRIC_REPRESENTATION_CONTEXT(2) 
PARAMETRIC_REPRESENTATION_CONTEXT() REPRESENTATION_CONTEXT('2D SPACE',''
  ) );
#8869 = ADVANCED_FACE('',(#8870),#7716,.T.);
#8870 = FACE_BOUND('',#8871,.F.);
#8871 = EDGE_LOOP('',(#8872,#8873,#8874,#8898));
#8872 = ORIENTED_EDGE('',*,*,#7699,.F.);
#8873 = ORIENTED_EDGE('',*,*,#8851,.F.);
#8874 = ORIENTED_EDGE('',*,*,#8875,.T.);
#8875 = EDGE_CURVE('',#8829,#8876,#8878,.T.);
#8876 = VERTEX_POINT('',#8877);
#8877 = CARTESIAN_POINT('',(-7.353405072941,1.374318618361,18.25));
#8878 = SURFACE_CURVE('',#8879,(#8884,#8891),.PCURVE_S1.);
#8879 = CIRCLE('',#8880,2.15);
#8880 = AXIS2_PLACEMENT_3D('',#8881,#8882,#8883);
#8881 = CARTESIAN_POINT('',(-5.7,0.,18.25));
#8882 = DIRECTION('',(0.,0.,1.));
#8883 = DIRECTION('',(1.,0.,0.));
#8884 = PCURVE('',#7716,#8885);
#8885 = DEFINITIONAL_REPRESENTATION('',(#8886),#8890);
#8886 = LINE('',#8887,#8888);
#8887 = CARTESIAN_POINT('',(-0.,-3.5));
#8888 = VECTOR('',#8889,1.);
#8889 = DIRECTION('',(-1.,0.));
#8890 = ( GEOMETRIC_REPRESENTATION_CONTEXT(2) 
PARAMETRIC_REPRESENTATION_CONTEXT() REPRESENTATION_CONTEXT('2D SPACE',''
  ) );
#8891 = PCURVE('',#8162,#8892);
#8892 = DEFINITIONAL_REPRESENTATION('',(#8893),#8897);
#8893 = CIRCLE('',#8894,2.15);
#8894 = AXIS2_PLACEMENT_2D('',#8895,#8896);
#8895 = CARTESIAN_POINT('',(-2.1,0.));
#8896 = DIRECTION('',(1.,0.));
#8897 = ( GEOMETRIC_REPRESENTATION_CONTEXT(2) 
PARAMETRIC_REPRESENTATION_CONTEXT() REPRESENTATION_CONTEXT('2D SPACE',''
  ) );
#8898 = ORIENTED_EDGE('',*,*,#8899,.T.);
#8899 = EDGE_CURVE('',#8876,#7672,#8900,.T.);
#8900 = SURFACE_CURVE('',#8901,(#8905,#8911),.PCURVE_S1.);
#8901 = LINE('',#8902,#8903);
#8902 = CARTESIAN_POINT('',(-7.353405072941,1.374318618361,14.75));
#8903 = VECTOR('',#8904,1.);
#8904 = DIRECTION('',(-0.,-0.,-1.));
#8905 = PCURVE('',#7716,#8906);
#8906 = DEFINITIONAL_REPRESENTATION('',(#8907),#8910);
#8907 = B_SPLINE_CURVE_WITH_KNOTS('',1,(#8908,#8909),.UNSPECIFIED.,.F.,
  .F.,(2,2),(-3.5000006,5.999999999062E-07),.PIECEWISE_BEZIER_KNOTS.);
#8908 = CARTESIAN_POINT('',(-2.448111738864,-3.5000006));
#8909 = CARTESIAN_POINT('',(-2.448111738864,5.999999999062E-07));
#8910 = ( GEOMETRIC_REPRESENTATION_CONTEXT(2) 
PARAMETRIC_REPRESENTATION_CONTEXT() REPRESENTATION_CONTEXT('2D SPACE',''
  ) );
#8911 = PCURVE('',#7687,#8912);
#8912 = DEFINITIONAL_REPRESENTATION('',(#8913),#8916);
#8913 = B_SPLINE_CURVE_WITH_KNOTS('',1,(#8914,#8915),.UNSPECIFIED.,.F.,
  .F.,(2,2),(-3.5000006,5.999999999062E-07),.PIECEWISE_BEZIER_KNOTS.);
#8914 = CARTESIAN_POINT('',(0.445437018418,-3.5000006));
#8915 = CARTESIAN_POINT('',(0.445437018418,5.999999999062E-07));
#8916 = ( GEOMETRIC_REPRESENTATION_CONTEXT(2) 
PARAMETRIC_REPRESENTATION_CONTEXT() REPRESENTATION_CONTEXT('2D SPACE',''
  ) );
#8917 = ADVANCED_FACE('',(#8918),#7687,.F.);
#8918 = FACE_BOUND('',#8919,.F.);
#8919 = EDGE_LOOP('',(#8920,#8921,#8922,#8945));
#8920 = ORIENTED_EDGE('',*,*,#7671,.F.);
#8921 = ORIENTED_EDGE('',*,*,#8899,.F.);
#8922 = ORIENTED_EDGE('',*,*,#8923,.T.);
#8923 = EDGE_CURVE('',#8876,#8924,#8926,.T.);
#8924 = VERTEX_POINT('',#8925);
#8925 = CARTESIAN_POINT('',(-7.640252550616,1.582725509944,18.25));
#8926 = SURFACE_CURVE('',#8927,(#8931,#8938),.PCURVE_S1.);
#8927 = LINE('',#8928,#8929);
#8928 = CARTESIAN_POINT('',(-6.993038955116,1.11249730811,18.25));
#8929 = VECTOR('',#8930,1.);
#8930 = DIRECTION('',(-0.809016994375,0.587785252292,0.));
#8931 = PCURVE('',#7687,#8932);
#8932 = DEFINITIONAL_REPRESENTATION('',(#8933),#8937);
#8933 = LINE('',#8934,#8935);
#8934 = CARTESIAN_POINT('',(0.,-3.5));
#8935 = VECTOR('',#8936,1.);
#8936 = DIRECTION('',(1.,0.));
#8937 = ( GEOMETRIC_REPRESENTATION_CONTEXT(2) 
PARAMETRIC_REPRESENTATION_CONTEXT() REPRESENTATION_CONTEXT('2D SPACE',''
  ) );
#8938 = PCURVE('',#8162,#8939);
#8939 = DEFINITIONAL_REPRESENTATION('',(#8940),#8944);
#8940 = LINE('',#8941,#8942);
#8941 = CARTESIAN_POINT('',(-3.393038955116,1.11249730811));
#8942 = VECTOR('',#8943,1.);
#8943 = DIRECTION('',(-0.809016994375,0.587785252292));
#8944 = ( GEOMETRIC_REPRESENTATION_CONTEXT(2) 
PARAMETRIC_REPRESENTATION_CONTEXT() REPRESENTATION_CONTEXT('2D SPACE',''
  ) );
#8945 = ORIENTED_EDGE('',*,*,#8946,.F.);
#8946 = EDGE_CURVE('',#7644,#8924,#8947,.T.);
#8947 = SURFACE_CURVE('',#8948,(#8952,#8959),.PCURVE_S1.);
#8948 = LINE('',#8949,#8950);
#8949 = CARTESIAN_POINT('',(-7.640252550616,1.582725509944,14.75));
#8950 = VECTOR('',#8951,1.);
#8951 = DIRECTION('',(0.,0.,1.));
#8952 = PCURVE('',#7687,#8953);
#8953 = DEFINITIONAL_REPRESENTATION('',(#8954),#8958);
#8954 = LINE('',#8955,#8956);
#8955 = CARTESIAN_POINT('',(0.8,0.));
#8956 = VECTOR('',#8957,1.);
#8957 = DIRECTION('',(0.,-1.));
#8958 = ( GEOMETRIC_REPRESENTATION_CONTEXT(2) 
PARAMETRIC_REPRESENTATION_CONTEXT() REPRESENTATION_CONTEXT('2D SPACE',''
  ) );
#8959 = PCURVE('',#7659,#8960);
#8960 = DEFINITIONAL_REPRESENTATION('',(#8961),#8965);
#8961 = LINE('',#8962,#8963);
#8962 = CARTESIAN_POINT('',(0.,0.));
#8963 = VECTOR('',#8964,1.);
#8964 = DIRECTION('',(0.,-1.));
#8965 = ( GEOMETRIC_REPRESENTATION_CONTEXT(2) 
PARAMETRIC_REPRESENTATION_CONTEXT() REPRESENTATION_CONTEXT('2D SPACE',''
  ) );
#8966 = ADVANCED_FACE('',(#8967),#7659,.F.);
#8967 = FACE_BOUND('',#8968,.F.);
#8968 = EDGE_LOOP('',(#8969,#8970,#8993,#9014));
#8969 = ORIENTED_EDGE('',*,*,#8946,.T.);
#8970 = ORIENTED_EDGE('',*,*,#8971,.T.);
#8971 = EDGE_CURVE('',#8924,#8972,#8974,.T.);
#8972 = VERTEX_POINT('',#8973);
#8973 = CARTESIAN_POINT('',(-7.804832421258,1.356200751519,18.25));
#8974 = SURFACE_CURVE('',#8975,(#8979,#8986),.PCURVE_S1.);
#8975 = LINE('',#8976,#8977);
#8976 = CARTESIAN_POINT('',(-7.640252550616,1.582725509944,18.25));
#8977 = VECTOR('',#8978,1.);
#8978 = DIRECTION('',(-0.587785252292,-0.809016994375,0.));
#8979 = PCURVE('',#7659,#8980);
#8980 = DEFINITIONAL_REPRESENTATION('',(#8981),#8985);
#8981 = LINE('',#8982,#8983);
#8982 = CARTESIAN_POINT('',(0.,-3.5));
#8983 = VECTOR('',#8984,1.);
#8984 = DIRECTION('',(1.,0.));
#8985 = ( GEOMETRIC_REPRESENTATION_CONTEXT(2) 
PARAMETRIC_REPRESENTATION_CONTEXT() REPRESENTATION_CONTEXT('2D SPACE',''
  ) );
#8986 = PCURVE('',#8162,#8987);
#8987 = DEFINITIONAL_REPRESENTATION('',(#8988),#8992);
#8988 = LINE('',#8989,#8990);
#8989 = CARTESIAN_POINT('',(-4.040252550616,1.582725509944));
#8990 = VECTOR('',#8991,1.);
#8991 = DIRECTION('',(-0.587785252292,-0.809016994375));
#8992 = ( GEOMETRIC_REPRESENTATION_CONTEXT(2) 
PARAMETRIC_REPRESENTATION_CONTEXT() REPRESENTATION_CONTEXT('2D SPACE',''
  ) );
#8993 = ORIENTED_EDGE('',*,*,#8994,.F.);
#8994 = EDGE_CURVE('',#7616,#8972,#8995,.T.);
#8995 = SURFACE_CURVE('',#8996,(#9000,#9007),.PCURVE_S1.);
#8996 = LINE('',#8997,#8998);
#8997 = CARTESIAN_POINT('',(-7.804832421258,1.356200751519,14.75));
#8998 = VECTOR('',#8999,1.);
#8999 = DIRECTION('',(0.,0.,1.));
#9000 = PCURVE('',#7659,#9001);
#9001 = DEFINITIONAL_REPRESENTATION('',(#9002),#9006);
#9002 = LINE('',#9003,#9004);
#9003 = CARTESIAN_POINT('',(0.28,0.));
#9004 = VECTOR('',#9005,1.);
#9005 = DIRECTION('',(0.,-1.));
#9006 = ( GEOMETRIC_REPRESENTATION_CONTEXT(2) 
PARAMETRIC_REPRESENTATION_CONTEXT() REPRESENTATION_CONTEXT('2D SPACE',''
  ) );
#9007 = PCURVE('',#7631,#9008);
#9008 = DEFINITIONAL_REPRESENTATION('',(#9009),#9013);
#9009 = LINE('',#9010,#9011);
#9010 = CARTESIAN_POINT('',(0.,0.));
#9011 = VECTOR('',#9012,1.);
#9012 = DIRECTION('',(0.,-1.));
#9013 = ( GEOMETRIC_REPRESENTATION_CONTEXT(2) 
PARAMETRIC_REPRESENTATION_CONTEXT() REPRESENTATION_CONTEXT('2D SPACE',''
  ) );
#9014 = ORIENTED_EDGE('',*,*,#7643,.F.);
#9015 = ADVANCED_FACE('',(#9016),#7631,.F.);
#9016 = FACE_BOUND('',#9017,.F.);
#9017 = EDGE_LOOP('',(#9018,#9019,#9020,#9043));
#9018 = ORIENTED_EDGE('',*,*,#7615,.F.);
#9019 = ORIENTED_EDGE('',*,*,#8994,.T.);
#9020 = ORIENTED_EDGE('',*,*,#9021,.T.);
#9021 = EDGE_CURVE('',#8972,#9022,#9024,.T.);
#9022 = VERTEX_POINT('',#9023);
#9023 = CARTESIAN_POINT('',(-7.517984943583,1.147793859936,18.25));
#9024 = SURFACE_CURVE('',#9025,(#9029,#9036),.PCURVE_S1.);
#9025 = LINE('',#9026,#9027);
#9026 = CARTESIAN_POINT('',(-7.804832421258,1.356200751519,18.25));
#9027 = VECTOR('',#9028,1.);
#9028 = DIRECTION('',(0.809016994375,-0.587785252292,0.));
#9029 = PCURVE('',#7631,#9030);
#9030 = DEFINITIONAL_REPRESENTATION('',(#9031),#9035);
#9031 = LINE('',#9032,#9033);
#9032 = CARTESIAN_POINT('',(0.,-3.5));
#9033 = VECTOR('',#9034,1.);
#9034 = DIRECTION('',(1.,0.));
#9035 = ( GEOMETRIC_REPRESENTATION_CONTEXT(2) 
PARAMETRIC_REPRESENTATION_CONTEXT() REPRESENTATION_CONTEXT('2D SPACE',''
  ) );
#9036 = PCURVE('',#8162,#9037);
#9037 = DEFINITIONAL_REPRESENTATION('',(#9038),#9042);
#9038 = LINE('',#9039,#9040);
#9039 = CARTESIAN_POINT('',(-4.204832421258,1.356200751519));
#9040 = VECTOR('',#9041,1.);
#9041 = DIRECTION('',(0.809016994375,-0.587785252292));
#9042 = ( GEOMETRIC_REPRESENTATION_CONTEXT(2) 
PARAMETRIC_REPRESENTATION_CONTEXT() REPRESENTATION_CONTEXT('2D SPACE',''
  ) );
#9043 = ORIENTED_EDGE('',*,*,#9044,.T.);
#9044 = EDGE_CURVE('',#9022,#7587,#9045,.T.);
#9045 = SURFACE_CURVE('',#9046,(#9050,#9056),.PCURVE_S1.);
#9046 = LINE('',#9047,#9048);
#9047 = CARTESIAN_POINT('',(-7.517984943583,1.147793859936,14.75));
#9048 = VECTOR('',#9049,1.);
#9049 = DIRECTION('',(-0.,-0.,-1.));
#9050 = PCURVE('',#7631,#9051);
#9051 = DEFINITIONAL_REPRESENTATION('',(#9052),#9055);
#9052 = B_SPLINE_CURVE_WITH_KNOTS('',1,(#9053,#9054),.UNSPECIFIED.,.F.,
  .F.,(2,2),(-3.5000006,5.999999999062E-07),.PIECEWISE_BEZIER_KNOTS.);
#9053 = CARTESIAN_POINT('',(0.354562981582,-3.5000006));
#9054 = CARTESIAN_POINT('',(0.354562981582,5.999999999062E-07));
#9055 = ( GEOMETRIC_REPRESENTATION_CONTEXT(2) 
PARAMETRIC_REPRESENTATION_CONTEXT() REPRESENTATION_CONTEXT('2D SPACE',''
  ) );
#9056 = PCURVE('',#7603,#9057);
#9057 = DEFINITIONAL_REPRESENTATION('',(#9058),#9061);
#9058 = B_SPLINE_CURVE_WITH_KNOTS('',1,(#9059,#9060),.UNSPECIFIED.,.F.,
  .F.,(2,2),(-3.5000006,5.999999999062E-07),.PIECEWISE_BEZIER_KNOTS.);
#9059 = CARTESIAN_POINT('',(-2.578436506879,-3.5000006));
#9060 = CARTESIAN_POINT('',(-2.578436506879,5.999999999062E-07));
#9061 = ( GEOMETRIC_REPRESENTATION_CONTEXT(2) 
PARAMETRIC_REPRESENTATION_CONTEXT() REPRESENTATION_CONTEXT('2D SPACE',''
  ) );
#9062 = ADVANCED_FACE('',(#9063),#7603,.T.);
#9063 = FACE_BOUND('',#9064,.F.);
#9064 = EDGE_LOOP('',(#9065,#9066,#9067,#9091));
#9065 = ORIENTED_EDGE('',*,*,#7586,.F.);
#9066 = ORIENTED_EDGE('',*,*,#9044,.F.);
#9067 = ORIENTED_EDGE('',*,*,#9068,.T.);
#9068 = EDGE_CURVE('',#9022,#9069,#9071,.T.);
#9069 = VERTEX_POINT('',#9070);
#9070 = CARTESIAN_POINT('',(-7.643239454304,0.919956750743,18.25));
#9071 = SURFACE_CURVE('',#9072,(#9077,#9084),.PCURVE_S1.);
#9072 = CIRCLE('',#9073,2.15);
#9073 = AXIS2_PLACEMENT_3D('',#9074,#9075,#9076);
#9074 = CARTESIAN_POINT('',(-5.7,0.,18.25));
#9075 = DIRECTION('',(0.,0.,1.));
#9076 = DIRECTION('',(1.,0.,0.));
#9077 = PCURVE('',#7603,#9078);
#9078 = DEFINITIONAL_REPRESENTATION('',(#9079),#9083);
#9079 = LINE('',#9080,#9081);
#9080 = CARTESIAN_POINT('',(-0.,-3.5));
#9081 = VECTOR('',#9082,1.);
#9082 = DIRECTION('',(-1.,0.));
#9083 = ( GEOMETRIC_REPRESENTATION_CONTEXT(2) 
PARAMETRIC_REPRESENTATION_CONTEXT() REPRESENTATION_CONTEXT('2D SPACE',''
  ) );
#9084 = PCURVE('',#8162,#9085);
#9085 = DEFINITIONAL_REPRESENTATION('',(#9086),#9090);
#9086 = CIRCLE('',#9087,2.15);
#9087 = AXIS2_PLACEMENT_2D('',#9088,#9089);
#9088 = CARTESIAN_POINT('',(-2.1,0.));
#9089 = DIRECTION('',(1.,0.));
#9090 = ( GEOMETRIC_REPRESENTATION_CONTEXT(2) 
PARAMETRIC_REPRESENTATION_CONTEXT() REPRESENTATION_CONTEXT('2D SPACE',''
  ) );
#9091 = ORIENTED_EDGE('',*,*,#9092,.T.);
#9092 = EDGE_CURVE('',#9069,#7559,#9093,.T.);
#9093 = SURFACE_CURVE('',#9094,(#9098,#9104),.PCURVE_S1.);
#9094 = LINE('',#9095,#9096);
#9095 = CARTESIAN_POINT('',(-7.643239454304,0.919956750743,14.75));
#9096 = VECTOR('',#9097,1.);
#9097 = DIRECTION('',(-0.,-0.,-1.));
#9098 = PCURVE('',#7603,#9099);
#9099 = DEFINITIONAL_REPRESENTATION('',(#9100),#9103);
#9100 = B_SPLINE_CURVE_WITH_KNOTS('',1,(#9101,#9102),.UNSPECIFIED.,.F.,
  .F.,(2,2),(-3.5000006,5.999999999062E-07),.PIECEWISE_BEZIER_KNOTS.);
#9101 = CARTESIAN_POINT('',(-2.699439151151,-3.5000006));
#9102 = CARTESIAN_POINT('',(-2.699439151151,5.999999999062E-07));
#9103 = ( GEOMETRIC_REPRESENTATION_CONTEXT(2) 
PARAMETRIC_REPRESENTATION_CONTEXT() REPRESENTATION_CONTEXT('2D SPACE',''
  ) );
#9104 = PCURVE('',#7574,#9105);
#9105 = DEFINITIONAL_REPRESENTATION('',(#9106),#9109);
#9106 = B_SPLINE_CURVE_WITH_KNOTS('',1,(#9107,#9108),.UNSPECIFIED.,.F.,
  .F.,(2,2),(-3.5000006,5.999999999062E-07),.PIECEWISE_BEZIER_KNOTS.);
#9107 = CARTESIAN_POINT('',(0.445437018418,-3.5000006));
#9108 = CARTESIAN_POINT('',(0.445437018418,5.999999999062E-07));
#9109 = ( GEOMETRIC_REPRESENTATION_CONTEXT(2) 
PARAMETRIC_REPRESENTATION_CONTEXT() REPRESENTATION_CONTEXT('2D SPACE',''
  ) );
#9110 = ADVANCED_FACE('',(#9111),#7574,.F.);
#9111 = FACE_BOUND('',#9112,.F.);
#9112 = EDGE_LOOP('',(#9113,#9114,#9115,#9138));
#9113 = ORIENTED_EDGE('',*,*,#7558,.F.);
#9114 = ORIENTED_EDGE('',*,*,#9092,.F.);
#9115 = ORIENTED_EDGE('',*,*,#9116,.T.);
#9116 = EDGE_CURVE('',#9069,#9117,#9119,.T.);
#9117 = VERTEX_POINT('',#9118);
#9118 = CARTESIAN_POINT('',(-7.972903777345,1.050480089736,18.25));
#9119 = SURFACE_CURVE('',#9120,(#9124,#9131),.PCURVE_S1.);
#9120 = LINE('',#9121,#9122);
#9121 = CARTESIAN_POINT('',(-7.229082588634,0.755980447588,18.25));
#9122 = VECTOR('',#9123,1.);
#9123 = DIRECTION('',(-0.929776485888,0.368124552685,0.));
#9124 = PCURVE('',#7574,#9125);
#9125 = DEFINITIONAL_REPRESENTATION('',(#9126),#9130);
#9126 = LINE('',#9127,#9128);
#9127 = CARTESIAN_POINT('',(0.,-3.5));
#9128 = VECTOR('',#9129,1.);
#9129 = DIRECTION('',(1.,0.));
#9130 = ( GEOMETRIC_REPRESENTATION_CONTEXT(2) 
PARAMETRIC_REPRESENTATION_CONTEXT() REPRESENTATION_CONTEXT('2D SPACE',''
  ) );
#9131 = PCURVE('',#8162,#9132);
#9132 = DEFINITIONAL_REPRESENTATION('',(#9133),#9137);
#9133 = LINE('',#9134,#9135);
#9134 = CARTESIAN_POINT('',(-3.629082588634,0.755980447588));
#9135 = VECTOR('',#9136,1.);
#9136 = DIRECTION('',(-0.929776485888,0.368124552685));
#9137 = ( GEOMETRIC_REPRESENTATION_CONTEXT(2) 
PARAMETRIC_REPRESENTATION_CONTEXT() REPRESENTATION_CONTEXT('2D SPACE',''
  ) );
#9138 = ORIENTED_EDGE('',*,*,#9139,.F.);
#9139 = EDGE_CURVE('',#7531,#9117,#9140,.T.);
#9140 = SURFACE_CURVE('',#9141,(#9145,#9152),.PCURVE_S1.);
#9141 = LINE('',#9142,#9143);
#9142 = CARTESIAN_POINT('',(-7.972903777345,1.050480089736,14.75));
#9143 = VECTOR('',#9144,1.);
#9144 = DIRECTION('',(0.,0.,1.));
#9145 = PCURVE('',#7574,#9146);
#9146 = DEFINITIONAL_REPRESENTATION('',(#9147),#9151);
#9147 = LINE('',#9148,#9149);
#9148 = CARTESIAN_POINT('',(0.8,0.));
#9149 = VECTOR('',#9150,1.);
#9150 = DIRECTION('',(0.,-1.));
#9151 = ( GEOMETRIC_REPRESENTATION_CONTEXT(2) 
PARAMETRIC_REPRESENTATION_CONTEXT() REPRESENTATION_CONTEXT('2D SPACE',''
  ) );
#9152 = PCURVE('',#7546,#9153);
#9153 = DEFINITIONAL_REPRESENTATION('',(#9154),#9158);
#9154 = LINE('',#9155,#9156);
#9155 = CARTESIAN_POINT('',(0.,0.));
#9156 = VECTOR('',#9157,1.);
#9157 = DIRECTION('',(0.,-1.));
#9158 = ( GEOMETRIC_REPRESENTATION_CONTEXT(2) 
PARAMETRIC_REPRESENTATION_CONTEXT() REPRESENTATION_CONTEXT('2D SPACE',''
  ) );
#9159 = ADVANCED_FACE('',(#9160),#7546,.F.);
#9160 = FACE_BOUND('',#9161,.F.);
#9161 = EDGE_LOOP('',(#9162,#9163,#9186,#9207));
#9162 = ORIENTED_EDGE('',*,*,#9139,.T.);
#9163 = ORIENTED_EDGE('',*,*,#9164,.T.);
#9164 = EDGE_CURVE('',#9117,#9165,#9167,.T.);
#9165 = VERTEX_POINT('',#9166);
#9166 = CARTESIAN_POINT('',(-8.075978652096,0.790142673687,18.25));
#9167 = SURFACE_CURVE('',#9168,(#9172,#9179),.PCURVE_S1.);
#9168 = LINE('',#9169,#9170);
#9169 = CARTESIAN_POINT('',(-7.972903777345,1.050480089736,18.25));
#9170 = VECTOR('',#9171,1.);
#9171 = DIRECTION('',(-0.368124552685,-0.929776485888,0.));
#9172 = PCURVE('',#7546,#9173);
#9173 = DEFINITIONAL_REPRESENTATION('',(#9174),#9178);
#9174 = LINE('',#9175,#9176);
#9175 = CARTESIAN_POINT('',(0.,-3.5));
#9176 = VECTOR('',#9177,1.);
#9177 = DIRECTION('',(1.,0.));
#9178 = ( GEOMETRIC_REPRESENTATION_CONTEXT(2) 
PARAMETRIC_REPRESENTATION_CONTEXT() REPRESENTATION_CONTEXT('2D SPACE',''
  ) );
#9179 = PCURVE('',#8162,#9180);
#9180 = DEFINITIONAL_REPRESENTATION('',(#9181),#9185);
#9181 = LINE('',#9182,#9183);
#9182 = CARTESIAN_POINT('',(-4.372903777345,1.050480089736));
#9183 = VECTOR('',#9184,1.);
#9184 = DIRECTION('',(-0.368124552685,-0.929776485888));
#9185 = ( GEOMETRIC_REPRESENTATION_CONTEXT(2) 
PARAMETRIC_REPRESENTATION_CONTEXT() REPRESENTATION_CONTEXT('2D SPACE',''
  ) );
#9186 = ORIENTED_EDGE('',*,*,#9187,.F.);
#9187 = EDGE_CURVE('',#7503,#9165,#9188,.T.);
#9188 = SURFACE_CURVE('',#9189,(#9193,#9200),.PCURVE_S1.);
#9189 = LINE('',#9190,#9191);
#9190 = CARTESIAN_POINT('',(-8.075978652096,0.790142673687,14.75));
#9191 = VECTOR('',#9192,1.);
#9192 = DIRECTION('',(0.,0.,1.));
#9193 = PCURVE('',#7546,#9194);
#9194 = DEFINITIONAL_REPRESENTATION('',(#9195),#9199);
#9195 = LINE('',#9196,#9197);
#9196 = CARTESIAN_POINT('',(0.28,0.));
#9197 = VECTOR('',#9198,1.);
#9198 = DIRECTION('',(0.,-1.));
#9199 = ( GEOMETRIC_REPRESENTATION_CONTEXT(2) 
PARAMETRIC_REPRESENTATION_CONTEXT() REPRESENTATION_CONTEXT('2D SPACE',''
  ) );
#9200 = PCURVE('',#7518,#9201);
#9201 = DEFINITIONAL_REPRESENTATION('',(#9202),#9206);
#9202 = LINE('',#9203,#9204);
#9203 = CARTESIAN_POINT('',(0.,0.));
#9204 = VECTOR('',#9205,1.);
#9205 = DIRECTION('',(0.,-1.));
#9206 = ( GEOMETRIC_REPRESENTATION_CONTEXT(2) 
PARAMETRIC_REPRESENTATION_CONTEXT() REPRESENTATION_CONTEXT('2D SPACE',''
  ) );
#9207 = ORIENTED_EDGE('',*,*,#7530,.F.);
#9208 = ADVANCED_FACE('',(#9209),#7518,.F.);
#9209 = FACE_BOUND('',#9210,.F.);
#9210 = EDGE_LOOP('',(#9211,#9212,#9213,#9236));
#9211 = ORIENTED_EDGE('',*,*,#7502,.F.);
#9212 = ORIENTED_EDGE('',*,*,#9187,.T.);
#9213 = ORIENTED_EDGE('',*,*,#9214,.T.);
#9214 = EDGE_CURVE('',#9165,#9215,#9217,.T.);
#9215 = VERTEX_POINT('',#9216);
#9216 = CARTESIAN_POINT('',(-7.746314329055,0.659619334694,18.25));
#9217 = SURFACE_CURVE('',#9218,(#9222,#9229),.PCURVE_S1.);
#9218 = LINE('',#9219,#9220);
#9219 = CARTESIAN_POINT('',(-8.075978652096,0.790142673687,18.25));
#9220 = VECTOR('',#9221,1.);
#9221 = DIRECTION('',(0.929776485888,-0.368124552685,0.));
#9222 = PCURVE('',#7518,#9223);
#9223 = DEFINITIONAL_REPRESENTATION('',(#9224),#9228);
#9224 = LINE('',#9225,#9226);
#9225 = CARTESIAN_POINT('',(0.,-3.5));
#9226 = VECTOR('',#9227,1.);
#9227 = DIRECTION('',(1.,0.));
#9228 = ( GEOMETRIC_REPRESENTATION_CONTEXT(2) 
PARAMETRIC_REPRESENTATION_CONTEXT() REPRESENTATION_CONTEXT('2D SPACE',''
  ) );
#9229 = PCURVE('',#8162,#9230);
#9230 = DEFINITIONAL_REPRESENTATION('',(#9231),#9235);
#9231 = LINE('',#9232,#9233);
#9232 = CARTESIAN_POINT('',(-4.475978652096,0.790142673687));
#9233 = VECTOR('',#9234,1.);
#9234 = DIRECTION('',(0.929776485888,-0.368124552685));
#9235 = ( GEOMETRIC_REPRESENTATION_CONTEXT(2) 
PARAMETRIC_REPRESENTATION_CONTEXT() REPRESENTATION_CONTEXT('2D SPACE',''
  ) );
#9236 = ORIENTED_EDGE('',*,*,#9237,.T.);
#9237 = EDGE_CURVE('',#9215,#7474,#9238,.T.);
#9238 = SURFACE_CURVE('',#9239,(#9243,#9249),.PCURVE_S1.);
#9239 = LINE('',#9240,#9241);
#9240 = CARTESIAN_POINT('',(-7.746314329055,0.659619334694,14.75));
#9241 = VECTOR('',#9242,1.);
#9242 = DIRECTION('',(-0.,-0.,-1.));
#9243 = PCURVE('',#7518,#9244);
#9244 = DEFINITIONAL_REPRESENTATION('',(#9245),#9248);
#9245 = B_SPLINE_CURVE_WITH_KNOTS('',1,(#9246,#9247),.UNSPECIFIED.,.F.,
  .F.,(2,2),(-3.5000006,5.999999999062E-07),.PIECEWISE_BEZIER_KNOTS.);
#9246 = CARTESIAN_POINT('',(0.354562981582,-3.5000006));
#9247 = CARTESIAN_POINT('',(0.354562981582,5.999999999062E-07));
#9248 = ( GEOMETRIC_REPRESENTATION_CONTEXT(2) 
PARAMETRIC_REPRESENTATION_CONTEXT() REPRESENTATION_CONTEXT('2D SPACE',''
  ) );
#9249 = PCURVE('',#7490,#9250);
#9250 = DEFINITIONAL_REPRESENTATION('',(#9251),#9254);
#9251 = B_SPLINE_CURVE_WITH_KNOTS('',1,(#9252,#9253),.UNSPECIFIED.,.F.,
  .F.,(2,2),(-3.5000006,5.999999999062E-07),.PIECEWISE_BEZIER_KNOTS.);
#9252 = CARTESIAN_POINT('',(-2.829763919167,-3.5000006));
#9253 = CARTESIAN_POINT('',(-2.829763919167,5.999999999062E-07));
#9254 = ( GEOMETRIC_REPRESENTATION_CONTEXT(2) 
PARAMETRIC_REPRESENTATION_CONTEXT() REPRESENTATION_CONTEXT('2D SPACE',''
  ) );
#9255 = ADVANCED_FACE('',(#9256),#7490,.T.);
#9256 = FACE_BOUND('',#9257,.F.);
#9257 = EDGE_LOOP('',(#9258,#9259,#9260,#9284));
#9258 = ORIENTED_EDGE('',*,*,#7473,.F.);
#9259 = ORIENTED_EDGE('',*,*,#9237,.F.);
#9260 = ORIENTED_EDGE('',*,*,#9261,.T.);
#9261 = EDGE_CURVE('',#9215,#9262,#9264,.T.);
#9262 = VERTEX_POINT('',#9263);
#9263 = CARTESIAN_POINT('',(-7.810972954018,0.407790617111,18.25));
#9264 = SURFACE_CURVE('',#9265,(#9270,#9277),.PCURVE_S1.);
#9265 = CIRCLE('',#9266,2.15);
#9266 = AXIS2_PLACEMENT_3D('',#9267,#9268,#9269);
#9267 = CARTESIAN_POINT('',(-5.7,0.,18.25));
#9268 = DIRECTION('',(0.,0.,1.));
#9269 = DIRECTION('',(1.,0.,0.));
#9270 = PCURVE('',#7490,#9271);
#9271 = DEFINITIONAL_REPRESENTATION('',(#9272),#9276);
#9272 = LINE('',#9273,#9274);
#9273 = CARTESIAN_POINT('',(-0.,-3.5));
#9274 = VECTOR('',#9275,1.);
#9275 = DIRECTION('',(-1.,0.));
#9276 = ( GEOMETRIC_REPRESENTATION_CONTEXT(2) 
PARAMETRIC_REPRESENTATION_CONTEXT() REPRESENTATION_CONTEXT('2D SPACE',''
  ) );
#9277 = PCURVE('',#8162,#9278);
#9278 = DEFINITIONAL_REPRESENTATION('',(#9279),#9283);
#9279 = CIRCLE('',#9280,2.15);
#9280 = AXIS2_PLACEMENT_2D('',#9281,#9282);
#9281 = CARTESIAN_POINT('',(-2.1,0.));
#9282 = DIRECTION('',(1.,0.));
#9283 = ( GEOMETRIC_REPRESENTATION_CONTEXT(2) 
PARAMETRIC_REPRESENTATION_CONTEXT() REPRESENTATION_CONTEXT('2D SPACE',''
  ) );
#9284 = ORIENTED_EDGE('',*,*,#9285,.T.);
#9285 = EDGE_CURVE('',#9262,#7446,#9286,.T.);
#9286 = SURFACE_CURVE('',#9287,(#9291,#9297),.PCURVE_S1.);
#9287 = LINE('',#9288,#9289);
#9288 = CARTESIAN_POINT('',(-7.810972954018,0.407790617111,14.75));
#9289 = VECTOR('',#9290,1.);
#9290 = DIRECTION('',(-0.,-0.,-1.));
#9291 = PCURVE('',#7490,#9292);
#9292 = DEFINITIONAL_REPRESENTATION('',(#9293),#9296);
#9293 = B_SPLINE_CURVE_WITH_KNOTS('',1,(#9294,#9295),.UNSPECIFIED.,.F.,
  .F.,(2,2),(-3.5000006,5.999999999062E-07),.PIECEWISE_BEZIER_KNOTS.);
#9294 = CARTESIAN_POINT('',(-2.950766563439,-3.5000006));
#9295 = CARTESIAN_POINT('',(-2.950766563439,5.999999999062E-07));
#9296 = ( GEOMETRIC_REPRESENTATION_CONTEXT(2) 
PARAMETRIC_REPRESENTATION_CONTEXT() REPRESENTATION_CONTEXT('2D SPACE',''
  ) );
#9297 = PCURVE('',#7461,#9298);
#9298 = DEFINITIONAL_REPRESENTATION('',(#9299),#9302);
#9299 = B_SPLINE_CURVE_WITH_KNOTS('',1,(#9300,#9301),.UNSPECIFIED.,.F.,
  .F.,(2,2),(-3.5000006,5.999999999062E-07),.PIECEWISE_BEZIER_KNOTS.);
#9300 = CARTESIAN_POINT('',(0.445437018418,-3.5000006));
#9301 = CARTESIAN_POINT('',(0.445437018418,5.999999999062E-07));
#9302 = ( GEOMETRIC_REPRESENTATION_CONTEXT(2) 
PARAMETRIC_REPRESENTATION_CONTEXT() REPRESENTATION_CONTEXT('2D SPACE',''
  ) );
#9303 = ADVANCED_FACE('',(#9304),#7461,.F.);
#9304 = FACE_BOUND('',#9305,.F.);
#9305 = EDGE_LOOP('',(#9306,#9307,#9308,#9331));
#9306 = ORIENTED_EDGE('',*,*,#7445,.F.);
#9307 = ORIENTED_EDGE('',*,*,#9285,.F.);
#9308 = ORIENTED_EDGE('',*,*,#9309,.T.);
#9309 = EDGE_CURVE('',#9262,#9310,#9312,.T.);
#9310 = VERTEX_POINT('',#9311);
#9311 = CARTESIAN_POINT('',(-8.162740100587,0.452229142095,18.25));
#9312 = SURFACE_CURVE('',#9313,(#9317,#9324),.PCURVE_S1.);
#9313 = LINE('',#9314,#9315);
#9314 = CARTESIAN_POINT('',(-7.369048339536,0.351962555243,18.25));
#9315 = VECTOR('',#9316,1.);
#9316 = DIRECTION('',(-0.992114701314,0.125333233564,0.));
#9317 = PCURVE('',#7461,#9318);
#9318 = DEFINITIONAL_REPRESENTATION('',(#9319),#9323);
#9319 = LINE('',#9320,#9321);
#9320 = CARTESIAN_POINT('',(0.,-3.5));
#9321 = VECTOR('',#9322,1.);
#9322 = DIRECTION('',(1.,0.));
#9323 = ( GEOMETRIC_REPRESENTATION_CONTEXT(2) 
PARAMETRIC_REPRESENTATION_CONTEXT() REPRESENTATION_CONTEXT('2D SPACE',''
  ) );
#9324 = PCURVE('',#8162,#9325);
#9325 = DEFINITIONAL_REPRESENTATION('',(#9326),#9330);
#9326 = LINE('',#9327,#9328);
#9327 = CARTESIAN_POINT('',(-3.769048339536,0.351962555243));
#9328 = VECTOR('',#9329,1.);
#9329 = DIRECTION('',(-0.992114701314,0.125333233564));
#9330 = ( GEOMETRIC_REPRESENTATION_CONTEXT(2) 
PARAMETRIC_REPRESENTATION_CONTEXT() REPRESENTATION_CONTEXT('2D SPACE',''
  ) );
#9331 = ORIENTED_EDGE('',*,*,#9332,.F.);
#9332 = EDGE_CURVE('',#7418,#9310,#9333,.T.);
#9333 = SURFACE_CURVE('',#9334,(#9338,#9345),.PCURVE_S1.);
#9334 = LINE('',#9335,#9336);
#9335 = CARTESIAN_POINT('',(-8.162740100587,0.452229142095,14.75));
#9336 = VECTOR('',#9337,1.);
#9337 = DIRECTION('',(0.,0.,1.));
#9338 = PCURVE('',#7461,#9339);
#9339 = DEFINITIONAL_REPRESENTATION('',(#9340),#9344);
#9340 = LINE('',#9341,#9342);
#9341 = CARTESIAN_POINT('',(0.8,0.));
#9342 = VECTOR('',#9343,1.);
#9343 = DIRECTION('',(0.,-1.));
#9344 = ( GEOMETRIC_REPRESENTATION_CONTEXT(2) 
PARAMETRIC_REPRESENTATION_CONTEXT() REPRESENTATION_CONTEXT('2D SPACE',''
  ) );
#9345 = PCURVE('',#7433,#9346);
#9346 = DEFINITIONAL_REPRESENTATION('',(#9347),#9351);
#9347 = LINE('',#9348,#9349);
#9348 = CARTESIAN_POINT('',(0.,0.));
#9349 = VECTOR('',#9350,1.);
#9350 = DIRECTION('',(0.,-1.));
#9351 = ( GEOMETRIC_REPRESENTATION_CONTEXT(2) 
PARAMETRIC_REPRESENTATION_CONTEXT() REPRESENTATION_CONTEXT('2D SPACE',''
  ) );
#9352 = ADVANCED_FACE('',(#9353),#7433,.F.);
#9353 = FACE_BOUND('',#9354,.F.);
#9354 = EDGE_LOOP('',(#9355,#9356,#9379,#9400));
#9355 = ORIENTED_EDGE('',*,*,#9332,.T.);
#9356 = ORIENTED_EDGE('',*,*,#9357,.T.);
#9357 = EDGE_CURVE('',#9310,#9358,#9360,.T.);
#9358 = VERTEX_POINT('',#9359);
#9359 = CARTESIAN_POINT('',(-8.197833405985,0.174437025727,18.25));
#9360 = SURFACE_CURVE('',#9361,(#9365,#9372),.PCURVE_S1.);
#9361 = LINE('',#9362,#9363);
#9362 = CARTESIAN_POINT('',(-8.162740100587,0.452229142095,18.25));
#9363 = VECTOR('',#9364,1.);
#9364 = DIRECTION('',(-0.125333233564,-0.992114701314,0.));
#9365 = PCURVE('',#7433,#9366);
#9366 = DEFINITIONAL_REPRESENTATION('',(#9367),#9371);
#9367 = LINE('',#9368,#9369);
#9368 = CARTESIAN_POINT('',(0.,-3.5));
#9369 = VECTOR('',#9370,1.);
#9370 = DIRECTION('',(1.,0.));
#9371 = ( GEOMETRIC_REPRESENTATION_CONTEXT(2) 
PARAMETRIC_REPRESENTATION_CONTEXT() REPRESENTATION_CONTEXT('2D SPACE',''
  ) );
#9372 = PCURVE('',#8162,#9373);
#9373 = DEFINITIONAL_REPRESENTATION('',(#9374),#9378);
#9374 = LINE('',#9375,#9376);
#9375 = CARTESIAN_POINT('',(-4.562740100587,0.452229142095));
#9376 = VECTOR('',#9377,1.);
#9377 = DIRECTION('',(-0.125333233564,-0.992114701314));
#9378 = ( GEOMETRIC_REPRESENTATION_CONTEXT(2) 
PARAMETRIC_REPRESENTATION_CONTEXT() REPRESENTATION_CONTEXT('2D SPACE',''
  ) );
#9379 = ORIENTED_EDGE('',*,*,#9380,.F.);
#9380 = EDGE_CURVE('',#7390,#9358,#9381,.T.);
#9381 = SURFACE_CURVE('',#9382,(#9386,#9393),.PCURVE_S1.);
#9382 = LINE('',#9383,#9384);
#9383 = CARTESIAN_POINT('',(-8.197833405985,0.174437025727,14.75));
#9384 = VECTOR('',#9385,1.);
#9385 = DIRECTION('',(0.,0.,1.));
#9386 = PCURVE('',#7433,#9387);
#9387 = DEFINITIONAL_REPRESENTATION('',(#9388),#9392);
#9388 = LINE('',#9389,#9390);
#9389 = CARTESIAN_POINT('',(0.28,0.));
#9390 = VECTOR('',#9391,1.);
#9391 = DIRECTION('',(0.,-1.));
#9392 = ( GEOMETRIC_REPRESENTATION_CONTEXT(2) 
PARAMETRIC_REPRESENTATION_CONTEXT() REPRESENTATION_CONTEXT('2D SPACE',''
  ) );
#9393 = PCURVE('',#7405,#9394);
#9394 = DEFINITIONAL_REPRESENTATION('',(#9395),#9399);
#9395 = LINE('',#9396,#9397);
#9396 = CARTESIAN_POINT('',(0.,0.));
#9397 = VECTOR('',#9398,1.);
#9398 = DIRECTION('',(0.,-1.));
#9399 = ( GEOMETRIC_REPRESENTATION_CONTEXT(2) 
PARAMETRIC_REPRESENTATION_CONTEXT() REPRESENTATION_CONTEXT('2D SPACE',''
  ) );
#9400 = ORIENTED_EDGE('',*,*,#7417,.F.);
#9401 = ADVANCED_FACE('',(#9402),#7405,.F.);
#9402 = FACE_BOUND('',#9403,.F.);
#9403 = EDGE_LOOP('',(#9404,#9405,#9406,#9429));
#9404 = ORIENTED_EDGE('',*,*,#7389,.F.);
#9405 = ORIENTED_EDGE('',*,*,#9380,.T.);
#9406 = ORIENTED_EDGE('',*,*,#9407,.T.);
#9407 = EDGE_CURVE('',#9358,#9408,#9410,.T.);
#9408 = VERTEX_POINT('',#9409);
#9409 = CARTESIAN_POINT('',(-7.846066259416,0.129998500743,18.25));
#9410 = SURFACE_CURVE('',#9411,(#9415,#9422),.PCURVE_S1.);
#9411 = LINE('',#9412,#9413);
#9412 = CARTESIAN_POINT('',(-8.197833405985,0.174437025727,18.25));
#9413 = VECTOR('',#9414,1.);
#9414 = DIRECTION('',(0.992114701314,-0.125333233564,0.));
#9415 = PCURVE('',#7405,#9416);
#9416 = DEFINITIONAL_REPRESENTATION('',(#9417),#9421);
#9417 = LINE('',#9418,#9419);
#9418 = CARTESIAN_POINT('',(0.,-3.5));
#9419 = VECTOR('',#9420,1.);
#9420 = DIRECTION('',(1.,0.));
#9421 = ( GEOMETRIC_REPRESENTATION_CONTEXT(2) 
PARAMETRIC_REPRESENTATION_CONTEXT() REPRESENTATION_CONTEXT('2D SPACE',''
  ) );
#9422 = PCURVE('',#8162,#9423);
#9423 = DEFINITIONAL_REPRESENTATION('',(#9424),#9428);
#9424 = LINE('',#9425,#9426);
#9425 = CARTESIAN_POINT('',(-4.597833405985,0.174437025727));
#9426 = VECTOR('',#9427,1.);
#9427 = DIRECTION('',(0.992114701314,-0.125333233564));
#9428 = ( GEOMETRIC_REPRESENTATION_CONTEXT(2) 
PARAMETRIC_REPRESENTATION_CONTEXT() REPRESENTATION_CONTEXT('2D SPACE',''
  ) );
#9429 = ORIENTED_EDGE('',*,*,#9430,.T.);
#9430 = EDGE_CURVE('',#9408,#7361,#9431,.T.);
#9431 = SURFACE_CURVE('',#9432,(#9436,#9442),.PCURVE_S1.);
#9432 = LINE('',#9433,#9434);
#9433 = CARTESIAN_POINT('',(-7.846066259416,0.129998500743,14.75));
#9434 = VECTOR('',#9435,1.);
#9435 = DIRECTION('',(-0.,-0.,-1.));
#9436 = PCURVE('',#7405,#9437);
#9437 = DEFINITIONAL_REPRESENTATION('',(#9438),#9441);
#9438 = B_SPLINE_CURVE_WITH_KNOTS('',1,(#9439,#9440),.UNSPECIFIED.,.F.,
  .F.,(2,2),(-3.5000006,5.999999999062E-07),.PIECEWISE_BEZIER_KNOTS.);
#9439 = CARTESIAN_POINT('',(0.354562981582,-3.5000006));
#9440 = CARTESIAN_POINT('',(0.354562981582,5.999999999062E-07));
#9441 = ( GEOMETRIC_REPRESENTATION_CONTEXT(2) 
PARAMETRIC_REPRESENTATION_CONTEXT() REPRESENTATION_CONTEXT('2D SPACE',''
  ) );
#9442 = PCURVE('',#7377,#9443);
#9443 = DEFINITIONAL_REPRESENTATION('',(#9444),#9447);
#9444 = B_SPLINE_CURVE_WITH_KNOTS('',1,(#9445,#9446),.UNSPECIFIED.,.F.,
  .F.,(2,2),(-3.5000006,5.999999999062E-07),.PIECEWISE_BEZIER_KNOTS.);
#9445 = CARTESIAN_POINT('',(-3.081091331454,-3.5000006));
#9446 = CARTESIAN_POINT('',(-3.081091331454,5.999999999062E-07));
#9447 = ( GEOMETRIC_REPRESENTATION_CONTEXT(2) 
PARAMETRIC_REPRESENTATION_CONTEXT() REPRESENTATION_CONTEXT('2D SPACE',''
  ) );
#9448 = ADVANCED_FACE('',(#9449),#7377,.T.);
#9449 = FACE_BOUND('',#9450,.F.);
#9450 = EDGE_LOOP('',(#9451,#9452,#9453,#9477));
#9451 = ORIENTED_EDGE('',*,*,#7360,.F.);
#9452 = ORIENTED_EDGE('',*,*,#9430,.F.);
#9453 = ORIENTED_EDGE('',*,*,#9454,.T.);
#9454 = EDGE_CURVE('',#9408,#9455,#9457,.T.);
#9455 = VERTEX_POINT('',#9456);
#9456 = CARTESIAN_POINT('',(-7.846066259416,-0.129998500743,18.25));
#9457 = SURFACE_CURVE('',#9458,(#9463,#9470),.PCURVE_S1.);
#9458 = CIRCLE('',#9459,2.15);
#9459 = AXIS2_PLACEMENT_3D('',#9460,#9461,#9462);
#9460 = CARTESIAN_POINT('',(-5.7,0.,18.25));
#9461 = DIRECTION('',(0.,0.,1.));
#9462 = DIRECTION('',(1.,0.,0.));
#9463 = PCURVE('',#7377,#9464);
#9464 = DEFINITIONAL_REPRESENTATION('',(#9465),#9469);
#9465 = LINE('',#9466,#9467);
#9466 = CARTESIAN_POINT('',(-0.,-3.5));
#9467 = VECTOR('',#9468,1.);
#9468 = DIRECTION('',(-1.,0.));
#9469 = ( GEOMETRIC_REPRESENTATION_CONTEXT(2) 
PARAMETRIC_REPRESENTATION_CONTEXT() REPRESENTATION_CONTEXT('2D SPACE',''
  ) );
#9470 = PCURVE('',#8162,#9471);
#9471 = DEFINITIONAL_REPRESENTATION('',(#9472),#9476);
#9472 = CIRCLE('',#9473,2.15);
#9473 = AXIS2_PLACEMENT_2D('',#9474,#9475);
#9474 = CARTESIAN_POINT('',(-2.1,0.));
#9475 = DIRECTION('',(1.,0.));
#9476 = ( GEOMETRIC_REPRESENTATION_CONTEXT(2) 
PARAMETRIC_REPRESENTATION_CONTEXT() REPRESENTATION_CONTEXT('2D SPACE',''
  ) );
#9477 = ORIENTED_EDGE('',*,*,#9478,.T.);
#9478 = EDGE_CURVE('',#9455,#7333,#9479,.T.);
#9479 = SURFACE_CURVE('',#9480,(#9484,#9490),.PCURVE_S1.);
#9480 = LINE('',#9481,#9482);
#9481 = CARTESIAN_POINT('',(-7.846066259416,-0.129998500743,14.75));
#9482 = VECTOR('',#9483,1.);
#9483 = DIRECTION('',(-0.,-0.,-1.));
#9484 = PCURVE('',#7377,#9485);
#9485 = DEFINITIONAL_REPRESENTATION('',(#9486),#9489);
#9486 = B_SPLINE_CURVE_WITH_KNOTS('',1,(#9487,#9488),.UNSPECIFIED.,.F.,
  .F.,(2,2),(-3.5000006,5.999999999062E-07),.PIECEWISE_BEZIER_KNOTS.);
#9487 = CARTESIAN_POINT('',(-3.202093975726,-3.5000006));
#9488 = CARTESIAN_POINT('',(-3.202093975726,5.999999999062E-07));
#9489 = ( GEOMETRIC_REPRESENTATION_CONTEXT(2) 
PARAMETRIC_REPRESENTATION_CONTEXT() REPRESENTATION_CONTEXT('2D SPACE',''
  ) );
#9490 = PCURVE('',#7348,#9491);
#9491 = DEFINITIONAL_REPRESENTATION('',(#9492),#9495);
#9492 = B_SPLINE_CURVE_WITH_KNOTS('',1,(#9493,#9494),.UNSPECIFIED.,.F.,
  .F.,(2,2),(-3.5000006,5.999999999062E-07),.PIECEWISE_BEZIER_KNOTS.);
#9493 = CARTESIAN_POINT('',(0.445437018418,-3.5000006));
#9494 = CARTESIAN_POINT('',(0.445437018418,5.999999999062E-07));
#9495 = ( GEOMETRIC_REPRESENTATION_CONTEXT(2) 
PARAMETRIC_REPRESENTATION_CONTEXT() REPRESENTATION_CONTEXT('2D SPACE',''
  ) );
#9496 = ADVANCED_FACE('',(#9497),#7348,.F.);
#9497 = FACE_BOUND('',#9498,.F.);
#9498 = EDGE_LOOP('',(#9499,#9500,#9501,#9524));
#9499 = ORIENTED_EDGE('',*,*,#7332,.F.);
#9500 = ORIENTED_EDGE('',*,*,#9478,.F.);
#9501 = ORIENTED_EDGE('',*,*,#9502,.T.);
#9502 = EDGE_CURVE('',#9455,#9503,#9505,.T.);
#9503 = VERTEX_POINT('',#9504);
#9504 = CARTESIAN_POINT('',(-8.197833405985,-0.174437025727,18.25));
#9505 = SURFACE_CURVE('',#9506,(#9510,#9517),.PCURVE_S1.);
#9506 = LINE('',#9507,#9508);
#9507 = CARTESIAN_POINT('',(-7.404141644934,-7.417043887529E-02,18.25));
#9508 = VECTOR('',#9509,1.);
#9509 = DIRECTION('',(-0.992114701314,-0.125333233564,0.));
#9510 = PCURVE('',#7348,#9511);
#9511 = DEFINITIONAL_REPRESENTATION('',(#9512),#9516);
#9512 = LINE('',#9513,#9514);
#9513 = CARTESIAN_POINT('',(0.,-3.5));
#9514 = VECTOR('',#9515,1.);
#9515 = DIRECTION('',(1.,0.));
#9516 = ( GEOMETRIC_REPRESENTATION_CONTEXT(2) 
PARAMETRIC_REPRESENTATION_CONTEXT() REPRESENTATION_CONTEXT('2D SPACE',''
  ) );
#9517 = PCURVE('',#8162,#9518);
#9518 = DEFINITIONAL_REPRESENTATION('',(#9519),#9523);
#9519 = LINE('',#9520,#9521);
#9520 = CARTESIAN_POINT('',(-3.804141644934,-7.417043887529E-02));
#9521 = VECTOR('',#9522,1.);
#9522 = DIRECTION('',(-0.992114701314,-0.125333233564));
#9523 = ( GEOMETRIC_REPRESENTATION_CONTEXT(2) 
PARAMETRIC_REPRESENTATION_CONTEXT() REPRESENTATION_CONTEXT('2D SPACE',''
  ) );
#9524 = ORIENTED_EDGE('',*,*,#9525,.F.);
#9525 = EDGE_CURVE('',#7305,#9503,#9526,.T.);
#9526 = SURFACE_CURVE('',#9527,(#9531,#9538),.PCURVE_S1.);
#9527 = LINE('',#9528,#9529);
#9528 = CARTESIAN_POINT('',(-8.197833405985,-0.174437025727,14.75));
#9529 = VECTOR('',#9530,1.);
#9530 = DIRECTION('',(0.,0.,1.));
#9531 = PCURVE('',#7348,#9532);
#9532 = DEFINITIONAL_REPRESENTATION('',(#9533),#9537);
#9533 = LINE('',#9534,#9535);
#9534 = CARTESIAN_POINT('',(0.8,0.));
#9535 = VECTOR('',#9536,1.);
#9536 = DIRECTION('',(0.,-1.));
#9537 = ( GEOMETRIC_REPRESENTATION_CONTEXT(2) 
PARAMETRIC_REPRESENTATION_CONTEXT() REPRESENTATION_CONTEXT('2D SPACE',''
  ) );
#9538 = PCURVE('',#7320,#9539);
#9539 = DEFINITIONAL_REPRESENTATION('',(#9540),#9544);
#9540 = LINE('',#9541,#9542);
#9541 = CARTESIAN_POINT('',(0.,0.));
#9542 = VECTOR('',#9543,1.);
#9543 = DIRECTION('',(0.,-1.));
#9544 = ( GEOMETRIC_REPRESENTATION_CONTEXT(2) 
PARAMETRIC_REPRESENTATION_CONTEXT() REPRESENTATION_CONTEXT('2D SPACE',''
  ) );
#9545 = ADVANCED_FACE('',(#9546),#7320,.F.);
#9546 = FACE_BOUND('',#9547,.F.);
#9547 = EDGE_LOOP('',(#9548,#9549,#9572,#9593));
#9548 = ORIENTED_EDGE('',*,*,#9525,.T.);
#9549 = ORIENTED_EDGE('',*,*,#9550,.T.);
#9550 = EDGE_CURVE('',#9503,#9551,#9553,.T.);
#9551 = VERTEX_POINT('',#9552);
#9552 = CARTESIAN_POINT('',(-8.162740100587,-0.452229142095,18.25));
#9553 = SURFACE_CURVE('',#9554,(#9558,#9565),.PCURVE_S1.);
#9554 = LINE('',#9555,#9556);
#9555 = CARTESIAN_POINT('',(-8.197833405985,-0.174437025727,18.25));
#9556 = VECTOR('',#9557,1.);
#9557 = DIRECTION('',(0.125333233564,-0.992114701314,0.));
#9558 = PCURVE('',#7320,#9559);
#9559 = DEFINITIONAL_REPRESENTATION('',(#9560),#9564);
#9560 = LINE('',#9561,#9562);
#9561 = CARTESIAN_POINT('',(0.,-3.5));
#9562 = VECTOR('',#9563,1.);
#9563 = DIRECTION('',(1.,0.));
#9564 = ( GEOMETRIC_REPRESENTATION_CONTEXT(2) 
PARAMETRIC_REPRESENTATION_CONTEXT() REPRESENTATION_CONTEXT('2D SPACE',''
  ) );
#9565 = PCURVE('',#8162,#9566);
#9566 = DEFINITIONAL_REPRESENTATION('',(#9567),#9571);
#9567 = LINE('',#9568,#9569);
#9568 = CARTESIAN_POINT('',(-4.597833405985,-0.174437025727));
#9569 = VECTOR('',#9570,1.);
#9570 = DIRECTION('',(0.125333233564,-0.992114701314));
#9571 = ( GEOMETRIC_REPRESENTATION_CONTEXT(2) 
PARAMETRIC_REPRESENTATION_CONTEXT() REPRESENTATION_CONTEXT('2D SPACE',''
  ) );
#9572 = ORIENTED_EDGE('',*,*,#9573,.F.);
#9573 = EDGE_CURVE('',#7277,#9551,#9574,.T.);
#9574 = SURFACE_CURVE('',#9575,(#9579,#9586),.PCURVE_S1.);
#9575 = LINE('',#9576,#9577);
#9576 = CARTESIAN_POINT('',(-8.162740100587,-0.452229142095,14.75));
#9577 = VECTOR('',#9578,1.);
#9578 = DIRECTION('',(0.,0.,1.));
#9579 = PCURVE('',#7320,#9580);
#9580 = DEFINITIONAL_REPRESENTATION('',(#9581),#9585);
#9581 = LINE('',#9582,#9583);
#9582 = CARTESIAN_POINT('',(0.28,0.));
#9583 = VECTOR('',#9584,1.);
#9584 = DIRECTION('',(0.,-1.));
#9585 = ( GEOMETRIC_REPRESENTATION_CONTEXT(2) 
PARAMETRIC_REPRESENTATION_CONTEXT() REPRESENTATION_CONTEXT('2D SPACE',''
  ) );
#9586 = PCURVE('',#7292,#9587);
#9587 = DEFINITIONAL_REPRESENTATION('',(#9588),#9592);
#9588 = LINE('',#9589,#9590);
#9589 = CARTESIAN_POINT('',(0.,0.));
#9590 = VECTOR('',#9591,1.);
#9591 = DIRECTION('',(0.,-1.));
#9592 = ( GEOMETRIC_REPRESENTATION_CONTEXT(2) 
PARAMETRIC_REPRESENTATION_CONTEXT() REPRESENTATION_CONTEXT('2D SPACE',''
  ) );
#9593 = ORIENTED_EDGE('',*,*,#7304,.F.);
#9594 = ADVANCED_FACE('',(#9595),#7292,.F.);
#9595 = FACE_BOUND('',#9596,.F.);
#9596 = EDGE_LOOP('',(#9597,#9598,#9599,#9622));
#9597 = ORIENTED_EDGE('',*,*,#7276,.F.);
#9598 = ORIENTED_EDGE('',*,*,#9573,.T.);
#9599 = ORIENTED_EDGE('',*,*,#9600,.T.);
#9600 = EDGE_CURVE('',#9551,#9601,#9603,.T.);
#9601 = VERTEX_POINT('',#9602);
#9602 = CARTESIAN_POINT('',(-7.810972954018,-0.407790617111,18.25));
#9603 = SURFACE_CURVE('',#9604,(#9608,#9615),.PCURVE_S1.);
#9604 = LINE('',#9605,#9606);
#9605 = CARTESIAN_POINT('',(-8.162740100587,-0.452229142095,18.25));
#9606 = VECTOR('',#9607,1.);
#9607 = DIRECTION('',(0.992114701314,0.125333233564,0.));
#9608 = PCURVE('',#7292,#9609);
#9609 = DEFINITIONAL_REPRESENTATION('',(#9610),#9614);
#9610 = LINE('',#9611,#9612);
#9611 = CARTESIAN_POINT('',(0.,-3.5));
#9612 = VECTOR('',#9613,1.);
#9613 = DIRECTION('',(1.,0.));
#9614 = ( GEOMETRIC_REPRESENTATION_CONTEXT(2) 
PARAMETRIC_REPRESENTATION_CONTEXT() REPRESENTATION_CONTEXT('2D SPACE',''
  ) );
#9615 = PCURVE('',#8162,#9616);
#9616 = DEFINITIONAL_REPRESENTATION('',(#9617),#9621);
#9617 = LINE('',#9618,#9619);
#9618 = CARTESIAN_POINT('',(-4.562740100587,-0.452229142095));
#9619 = VECTOR('',#9620,1.);
#9620 = DIRECTION('',(0.992114701314,0.125333233564));
#9621 = ( GEOMETRIC_REPRESENTATION_CONTEXT(2) 
PARAMETRIC_REPRESENTATION_CONTEXT() REPRESENTATION_CONTEXT('2D SPACE',''
  ) );
#9622 = ORIENTED_EDGE('',*,*,#9623,.T.);
#9623 = EDGE_CURVE('',#9601,#7248,#9624,.T.);
#9624 = SURFACE_CURVE('',#9625,(#9629,#9635),.PCURVE_S1.);
#9625 = LINE('',#9626,#9627);
#9626 = CARTESIAN_POINT('',(-7.810972954018,-0.407790617111,14.75));
#9627 = VECTOR('',#9628,1.);
#9628 = DIRECTION('',(-0.,-0.,-1.));
#9629 = PCURVE('',#7292,#9630);
#9630 = DEFINITIONAL_REPRESENTATION('',(#9631),#9634);
#9631 = B_SPLINE_CURVE_WITH_KNOTS('',1,(#9632,#9633),.UNSPECIFIED.,.F.,
  .F.,(2,2),(-3.5000006,5.999999999062E-07),.PIECEWISE_BEZIER_KNOTS.);
#9632 = CARTESIAN_POINT('',(0.354562981582,-3.5000006));
#9633 = CARTESIAN_POINT('',(0.354562981582,5.999999999062E-07));
#9634 = ( GEOMETRIC_REPRESENTATION_CONTEXT(2) 
PARAMETRIC_REPRESENTATION_CONTEXT() REPRESENTATION_CONTEXT('2D SPACE',''
  ) );
#9635 = PCURVE('',#7264,#9636);
#9636 = DEFINITIONAL_REPRESENTATION('',(#9637),#9640);
#9637 = B_SPLINE_CURVE_WITH_KNOTS('',1,(#9638,#9639),.UNSPECIFIED.,.F.,
  .F.,(2,2),(-3.5000006,5.999999999062E-07),.PIECEWISE_BEZIER_KNOTS.);
#9638 = CARTESIAN_POINT('',(-3.332418743741,-3.5000006));
#9639 = CARTESIAN_POINT('',(-3.332418743741,5.999999999062E-07));
#9640 = ( GEOMETRIC_REPRESENTATION_CONTEXT(2) 
PARAMETRIC_REPRESENTATION_CONTEXT() REPRESENTATION_CONTEXT('2D SPACE',''
  ) );
#9641 = ADVANCED_FACE('',(#9642),#7264,.T.);
#9642 = FACE_BOUND('',#9643,.F.);
#9643 = EDGE_LOOP('',(#9644,#9645,#9646,#9670));
#9644 = ORIENTED_EDGE('',*,*,#7247,.F.);
#9645 = ORIENTED_EDGE('',*,*,#9623,.F.);
#9646 = ORIENTED_EDGE('',*,*,#9647,.T.);
#9647 = EDGE_CURVE('',#9601,#9648,#9650,.T.);
#9648 = VERTEX_POINT('',#9649);
#9649 = CARTESIAN_POINT('',(-7.746314329055,-0.659619334694,18.25));
#9650 = SURFACE_CURVE('',#9651,(#9656,#9663),.PCURVE_S1.);
#9651 = CIRCLE('',#9652,2.15);
#9652 = AXIS2_PLACEMENT_3D('',#9653,#9654,#9655);
#9653 = CARTESIAN_POINT('',(-5.7,0.,18.25));
#9654 = DIRECTION('',(0.,0.,1.));
#9655 = DIRECTION('',(1.,0.,0.));
#9656 = PCURVE('',#7264,#9657);
#9657 = DEFINITIONAL_REPRESENTATION('',(#9658),#9662);
#9658 = LINE('',#9659,#9660);
#9659 = CARTESIAN_POINT('',(-0.,-3.5));
#9660 = VECTOR('',#9661,1.);
#9661 = DIRECTION('',(-1.,0.));
#9662 = ( GEOMETRIC_REPRESENTATION_CONTEXT(2) 
PARAMETRIC_REPRESENTATION_CONTEXT() REPRESENTATION_CONTEXT('2D SPACE',''
  ) );
#9663 = PCURVE('',#8162,#9664);
#9664 = DEFINITIONAL_REPRESENTATION('',(#9665),#9669);
#9665 = CIRCLE('',#9666,2.15);
#9666 = AXIS2_PLACEMENT_2D('',#9667,#9668);
#9667 = CARTESIAN_POINT('',(-2.1,0.));
#9668 = DIRECTION('',(1.,0.));
#9669 = ( GEOMETRIC_REPRESENTATION_CONTEXT(2) 
PARAMETRIC_REPRESENTATION_CONTEXT() REPRESENTATION_CONTEXT('2D SPACE',''
  ) );
#9670 = ORIENTED_EDGE('',*,*,#9671,.T.);
#9671 = EDGE_CURVE('',#9648,#7220,#9672,.T.);
#9672 = SURFACE_CURVE('',#9673,(#9677,#9683),.PCURVE_S1.);
#9673 = LINE('',#9674,#9675);
#9674 = CARTESIAN_POINT('',(-7.746314329055,-0.659619334694,14.75));
#9675 = VECTOR('',#9676,1.);
#9676 = DIRECTION('',(-0.,-0.,-1.));
#9677 = PCURVE('',#7264,#9678);
#9678 = DEFINITIONAL_REPRESENTATION('',(#9679),#9682);
#9679 = B_SPLINE_CURVE_WITH_KNOTS('',1,(#9680,#9681),.UNSPECIFIED.,.F.,
  .F.,(2,2),(-3.5000006,5.999999999062E-07),.PIECEWISE_BEZIER_KNOTS.);
#9680 = CARTESIAN_POINT('',(-3.453421388013,-3.5000006));
#9681 = CARTESIAN_POINT('',(-3.453421388013,5.999999999062E-07));
#9682 = ( GEOMETRIC_REPRESENTATION_CONTEXT(2) 
PARAMETRIC_REPRESENTATION_CONTEXT() REPRESENTATION_CONTEXT('2D SPACE',''
  ) );
#9683 = PCURVE('',#7235,#9684);
#9684 = DEFINITIONAL_REPRESENTATION('',(#9685),#9688);
#9685 = B_SPLINE_CURVE_WITH_KNOTS('',1,(#9686,#9687),.UNSPECIFIED.,.F.,
  .F.,(2,2),(-3.5000006,5.999999999062E-07),.PIECEWISE_BEZIER_KNOTS.);
#9686 = CARTESIAN_POINT('',(0.445437018418,-3.5000006));
#9687 = CARTESIAN_POINT('',(0.445437018418,5.999999999062E-07));
#9688 = ( GEOMETRIC_REPRESENTATION_CONTEXT(2) 
PARAMETRIC_REPRESENTATION_CONTEXT() REPRESENTATION_CONTEXT('2D SPACE',''
  ) );
#9689 = ADVANCED_FACE('',(#9690),#7235,.F.);
#9690 = FACE_BOUND('',#9691,.F.);
#9691 = EDGE_LOOP('',(#9692,#9693,#9694,#9717));
#9692 = ORIENTED_EDGE('',*,*,#7219,.F.);
#9693 = ORIENTED_EDGE('',*,*,#9671,.F.);
#9694 = ORIENTED_EDGE('',*,*,#9695,.T.);
#9695 = EDGE_CURVE('',#9648,#9696,#9698,.T.);
#9696 = VERTEX_POINT('',#9697);
#9697 = CARTESIAN_POINT('',(-8.075978652096,-0.790142673687,18.25));
#9698 = SURFACE_CURVE('',#9699,(#9703,#9710),.PCURVE_S1.);
#9699 = LINE('',#9700,#9701);
#9700 = CARTESIAN_POINT('',(-7.332157463386,-0.49564303154,18.25));
#9701 = VECTOR('',#9702,1.);
#9702 = DIRECTION('',(-0.929776485888,-0.368124552685,0.));
#9703 = PCURVE('',#7235,#9704);
#9704 = DEFINITIONAL_REPRESENTATION('',(#9705),#9709);
#9705 = LINE('',#9706,#9707);
#9706 = CARTESIAN_POINT('',(0.,-3.5));
#9707 = VECTOR('',#9708,1.);
#9708 = DIRECTION('',(1.,0.));
#9709 = ( GEOMETRIC_REPRESENTATION_CONTEXT(2) 
PARAMETRIC_REPRESENTATION_CONTEXT() REPRESENTATION_CONTEXT('2D SPACE',''
  ) );
#9710 = PCURVE('',#8162,#9711);
#9711 = DEFINITIONAL_REPRESENTATION('',(#9712),#9716);
#9712 = LINE('',#9713,#9714);
#9713 = CARTESIAN_POINT('',(-3.732157463386,-0.49564303154));
#9714 = VECTOR('',#9715,1.);
#9715 = DIRECTION('',(-0.929776485888,-0.368124552685));
#9716 = ( GEOMETRIC_REPRESENTATION_CONTEXT(2) 
PARAMETRIC_REPRESENTATION_CONTEXT() REPRESENTATION_CONTEXT('2D SPACE',''
  ) );
#9717 = ORIENTED_EDGE('',*,*,#9718,.F.);
#9718 = EDGE_CURVE('',#7192,#9696,#9719,.T.);
#9719 = SURFACE_CURVE('',#9720,(#9724,#9731),.PCURVE_S1.);
#9720 = LINE('',#9721,#9722);
#9721 = CARTESIAN_POINT('',(-8.075978652096,-0.790142673687,14.75));
#9722 = VECTOR('',#9723,1.);
#9723 = DIRECTION('',(0.,0.,1.));
#9724 = PCURVE('',#7235,#9725);
#9725 = DEFINITIONAL_REPRESENTATION('',(#9726),#9730);
#9726 = LINE('',#9727,#9728);
#9727 = CARTESIAN_POINT('',(0.8,0.));
#9728 = VECTOR('',#9729,1.);
#9729 = DIRECTION('',(0.,-1.));
#9730 = ( GEOMETRIC_REPRESENTATION_CONTEXT(2) 
PARAMETRIC_REPRESENTATION_CONTEXT() REPRESENTATION_CONTEXT('2D SPACE',''
  ) );
#9731 = PCURVE('',#7207,#9732);
#9732 = DEFINITIONAL_REPRESENTATION('',(#9733),#9737);
#9733 = LINE('',#9734,#9735);
#9734 = CARTESIAN_POINT('',(0.,0.));
#9735 = VECTOR('',#9736,1.);
#9736 = DIRECTION('',(0.,-1.));
#9737 = ( GEOMETRIC_REPRESENTATION_CONTEXT(2) 
PARAMETRIC_REPRESENTATION_CONTEXT() REPRESENTATION_CONTEXT('2D SPACE',''
  ) );
#9738 = ADVANCED_FACE('',(#9739),#7207,.F.);
#9739 = FACE_BOUND('',#9740,.F.);
#9740 = EDGE_LOOP('',(#9741,#9742,#9765,#9786));
#9741 = ORIENTED_EDGE('',*,*,#9718,.T.);
#9742 = ORIENTED_EDGE('',*,*,#9743,.T.);
#9743 = EDGE_CURVE('',#9696,#9744,#9746,.T.);
#9744 = VERTEX_POINT('',#9745);
#9745 = CARTESIAN_POINT('',(-7.972903777345,-1.050480089736,18.25));
#9746 = SURFACE_CURVE('',#9747,(#9751,#9758),.PCURVE_S1.);
#9747 = LINE('',#9748,#9749);
#9748 = CARTESIAN_POINT('',(-8.075978652096,-0.790142673687,18.25));
#9749 = VECTOR('',#9750,1.);
#9750 = DIRECTION('',(0.368124552685,-0.929776485888,0.));
#9751 = PCURVE('',#7207,#9752);
#9752 = DEFINITIONAL_REPRESENTATION('',(#9753),#9757);
#9753 = LINE('',#9754,#9755);
#9754 = CARTESIAN_POINT('',(0.,-3.5));
#9755 = VECTOR('',#9756,1.);
#9756 = DIRECTION('',(1.,0.));
#9757 = ( GEOMETRIC_REPRESENTATION_CONTEXT(2) 
PARAMETRIC_REPRESENTATION_CONTEXT() REPRESENTATION_CONTEXT('2D SPACE',''
  ) );
#9758 = PCURVE('',#8162,#9759);
#9759 = DEFINITIONAL_REPRESENTATION('',(#9760),#9764);
#9760 = LINE('',#9761,#9762);
#9761 = CARTESIAN_POINT('',(-4.475978652096,-0.790142673687));
#9762 = VECTOR('',#9763,1.);
#9763 = DIRECTION('',(0.368124552685,-0.929776485888));
#9764 = ( GEOMETRIC_REPRESENTATION_CONTEXT(2) 
PARAMETRIC_REPRESENTATION_CONTEXT() REPRESENTATION_CONTEXT('2D SPACE',''
  ) );
#9765 = ORIENTED_EDGE('',*,*,#9766,.F.);
#9766 = EDGE_CURVE('',#7164,#9744,#9767,.T.);
#9767 = SURFACE_CURVE('',#9768,(#9772,#9779),.PCURVE_S1.);
#9768 = LINE('',#9769,#9770);
#9769 = CARTESIAN_POINT('',(-7.972903777345,-1.050480089736,14.75));
#9770 = VECTOR('',#9771,1.);
#9771 = DIRECTION('',(0.,0.,1.));
#9772 = PCURVE('',#7207,#9773);
#9773 = DEFINITIONAL_REPRESENTATION('',(#9774),#9778);
#9774 = LINE('',#9775,#9776);
#9775 = CARTESIAN_POINT('',(0.28,0.));
#9776 = VECTOR('',#9777,1.);
#9777 = DIRECTION('',(0.,-1.));
#9778 = ( GEOMETRIC_REPRESENTATION_CONTEXT(2) 
PARAMETRIC_REPRESENTATION_CONTEXT() REPRESENTATION_CONTEXT('2D SPACE',''
  ) );
#9779 = PCURVE('',#7179,#9780);
#9780 = DEFINITIONAL_REPRESENTATION('',(#9781),#9785);
#9781 = LINE('',#9782,#9783);
#9782 = CARTESIAN_POINT('',(0.,0.));
#9783 = VECTOR('',#9784,1.);
#9784 = DIRECTION('',(0.,-1.));
#9785 = ( GEOMETRIC_REPRESENTATION_CONTEXT(2) 
PARAMETRIC_REPRESENTATION_CONTEXT() REPRESENTATION_CONTEXT('2D SPACE',''
  ) );
#9786 = ORIENTED_EDGE('',*,*,#7191,.F.);
#9787 = ADVANCED_FACE('',(#9788),#7179,.F.);
#9788 = FACE_BOUND('',#9789,.F.);
#9789 = EDGE_LOOP('',(#9790,#9791,#9792,#9815));
#9790 = ORIENTED_EDGE('',*,*,#7163,.F.);
#9791 = ORIENTED_EDGE('',*,*,#9766,.T.);
#9792 = ORIENTED_EDGE('',*,*,#9793,.T.);
#9793 = EDGE_CURVE('',#9744,#9794,#9796,.T.);
#9794 = VERTEX_POINT('',#9795);
#9795 = CARTESIAN_POINT('',(-7.643239454304,-0.919956750743,18.25));
#9796 = SURFACE_CURVE('',#9797,(#9801,#9808),.PCURVE_S1.);
#9797 = LINE('',#9798,#9799);
#9798 = CARTESIAN_POINT('',(-7.972903777345,-1.050480089736,18.25));
#9799 = VECTOR('',#9800,1.);
#9800 = DIRECTION('',(0.929776485888,0.368124552685,0.));
#9801 = PCURVE('',#7179,#9802);
#9802 = DEFINITIONAL_REPRESENTATION('',(#9803),#9807);
#9803 = LINE('',#9804,#9805);
#9804 = CARTESIAN_POINT('',(0.,-3.5));
#9805 = VECTOR('',#9806,1.);
#9806 = DIRECTION('',(1.,0.));
#9807 = ( GEOMETRIC_REPRESENTATION_CONTEXT(2) 
PARAMETRIC_REPRESENTATION_CONTEXT() REPRESENTATION_CONTEXT('2D SPACE',''
  ) );
#9808 = PCURVE('',#8162,#9809);
#9809 = DEFINITIONAL_REPRESENTATION('',(#9810),#9814);
#9810 = LINE('',#9811,#9812);
#9811 = CARTESIAN_POINT('',(-4.372903777345,-1.050480089736));
#9812 = VECTOR('',#9813,1.);
#9813 = DIRECTION('',(0.929776485888,0.368124552685));
#9814 = ( GEOMETRIC_REPRESENTATION_CONTEXT(2) 
PARAMETRIC_REPRESENTATION_CONTEXT() REPRESENTATION_CONTEXT('2D SPACE',''
  ) );
#9815 = ORIENTED_EDGE('',*,*,#9816,.T.);
#9816 = EDGE_CURVE('',#9794,#7135,#9817,.T.);
#9817 = SURFACE_CURVE('',#9818,(#9822,#9828),.PCURVE_S1.);
#9818 = LINE('',#9819,#9820);
#9819 = CARTESIAN_POINT('',(-7.643239454304,-0.919956750743,14.75));
#9820 = VECTOR('',#9821,1.);
#9821 = DIRECTION('',(-0.,-0.,-1.));
#9822 = PCURVE('',#7179,#9823);
#9823 = DEFINITIONAL_REPRESENTATION('',(#9824),#9827);
#9824 = B_SPLINE_CURVE_WITH_KNOTS('',1,(#9825,#9826),.UNSPECIFIED.,.F.,
  .F.,(2,2),(-3.5000006,5.999999999062E-07),.PIECEWISE_BEZIER_KNOTS.);
#9825 = CARTESIAN_POINT('',(0.354562981582,-3.5000006));
#9826 = CARTESIAN_POINT('',(0.354562981582,5.999999999062E-07));
#9827 = ( GEOMETRIC_REPRESENTATION_CONTEXT(2) 
PARAMETRIC_REPRESENTATION_CONTEXT() REPRESENTATION_CONTEXT('2D SPACE',''
  ) );
#9828 = PCURVE('',#7151,#9829);
#9829 = DEFINITIONAL_REPRESENTATION('',(#9830),#9833);
#9830 = B_SPLINE_CURVE_WITH_KNOTS('',1,(#9831,#9832),.UNSPECIFIED.,.F.,
  .F.,(2,2),(-3.5000006,5.999999999062E-07),.PIECEWISE_BEZIER_KNOTS.);
#9831 = CARTESIAN_POINT('',(-3.583746156028,-3.5000006));
#9832 = CARTESIAN_POINT('',(-3.583746156028,5.999999999062E-07));
#9833 = ( GEOMETRIC_REPRESENTATION_CONTEXT(2) 
PARAMETRIC_REPRESENTATION_CONTEXT() REPRESENTATION_CONTEXT('2D SPACE',''
  ) );
#9834 = ADVANCED_FACE('',(#9835),#7151,.T.);
#9835 = FACE_BOUND('',#9836,.F.);
#9836 = EDGE_LOOP('',(#9837,#9838,#9839,#9863));
#9837 = ORIENTED_EDGE('',*,*,#7134,.F.);
#9838 = ORIENTED_EDGE('',*,*,#9816,.F.);
#9839 = ORIENTED_EDGE('',*,*,#9840,.T.);
#9840 = EDGE_CURVE('',#9794,#9841,#9843,.T.);
#9841 = VERTEX_POINT('',#9842);
#9842 = CARTESIAN_POINT('',(-7.517984943583,-1.147793859936,18.25));
#9843 = SURFACE_CURVE('',#9844,(#9849,#9856),.PCURVE_S1.);
#9844 = CIRCLE('',#9845,2.15);
#9845 = AXIS2_PLACEMENT_3D('',#9846,#9847,#9848);
#9846 = CARTESIAN_POINT('',(-5.7,0.,18.25));
#9847 = DIRECTION('',(0.,0.,1.));
#9848 = DIRECTION('',(1.,0.,0.));
#9849 = PCURVE('',#7151,#9850);
#9850 = DEFINITIONAL_REPRESENTATION('',(#9851),#9855);
#9851 = LINE('',#9852,#9853);
#9852 = CARTESIAN_POINT('',(-0.,-3.5));
#9853 = VECTOR('',#9854,1.);
#9854 = DIRECTION('',(-1.,0.));
#9855 = ( GEOMETRIC_REPRESENTATION_CONTEXT(2) 
PARAMETRIC_REPRESENTATION_CONTEXT() REPRESENTATION_CONTEXT('2D SPACE',''
  ) );
#9856 = PCURVE('',#8162,#9857);
#9857 = DEFINITIONAL_REPRESENTATION('',(#9858),#9862);
#9858 = CIRCLE('',#9859,2.15);
#9859 = AXIS2_PLACEMENT_2D('',#9860,#9861);
#9860 = CARTESIAN_POINT('',(-2.1,0.));
#9861 = DIRECTION('',(1.,0.));
#9862 = ( GEOMETRIC_REPRESENTATION_CONTEXT(2) 
PARAMETRIC_REPRESENTATION_CONTEXT() REPRESENTATION_CONTEXT('2D SPACE',''
  ) );
#9863 = ORIENTED_EDGE('',*,*,#9864,.T.);
#9864 = EDGE_CURVE('',#9841,#7107,#9865,.T.);
#9865 = SURFACE_CURVE('',#9866,(#9870,#9876),.PCURVE_S1.);
#9866 = LINE('',#9867,#9868);
#9867 = CARTESIAN_POINT('',(-7.517984943583,-1.147793859936,14.75));
#9868 = VECTOR('',#9869,1.);
#9869 = DIRECTION('',(-0.,-0.,-1.));
#9870 = PCURVE('',#7151,#9871);
#9871 = DEFINITIONAL_REPRESENTATION('',(#9872),#9875);
#9872 = B_SPLINE_CURVE_WITH_KNOTS('',1,(#9873,#9874),.UNSPECIFIED.,.F.,
  .F.,(2,2),(-3.5000006,5.999999999062E-07),.PIECEWISE_BEZIER_KNOTS.);
#9873 = CARTESIAN_POINT('',(-3.7047488003,-3.5000006));
#9874 = CARTESIAN_POINT('',(-3.7047488003,5.999999999062E-07));
#9875 = ( GEOMETRIC_REPRESENTATION_CONTEXT(2) 
PARAMETRIC_REPRESENTATION_CONTEXT() REPRESENTATION_CONTEXT('2D SPACE',''
  ) );
#9876 = PCURVE('',#7122,#9877);
#9877 = DEFINITIONAL_REPRESENTATION('',(#9878),#9881);
#9878 = B_SPLINE_CURVE_WITH_KNOTS('',1,(#9879,#9880),.UNSPECIFIED.,.F.,
  .F.,(2,2),(-3.5000006,5.999999999062E-07),.PIECEWISE_BEZIER_KNOTS.);
#9879 = CARTESIAN_POINT('',(0.445437018418,-3.5000006));
#9880 = CARTESIAN_POINT('',(0.445437018418,5.999999999062E-07));
#9881 = ( GEOMETRIC_REPRESENTATION_CONTEXT(2) 
PARAMETRIC_REPRESENTATION_CONTEXT() REPRESENTATION_CONTEXT('2D SPACE',''
  ) );
#9882 = ADVANCED_FACE('',(#9883),#7122,.F.);
#9883 = FACE_BOUND('',#9884,.F.);
#9884 = EDGE_LOOP('',(#9885,#9886,#9887,#9910));
#9885 = ORIENTED_EDGE('',*,*,#7106,.F.);
#9886 = ORIENTED_EDGE('',*,*,#9864,.F.);
#9887 = ORIENTED_EDGE('',*,*,#9888,.T.);
#9888 = EDGE_CURVE('',#9841,#9889,#9891,.T.);
#9889 = VERTEX_POINT('',#9890);
#9890 = CARTESIAN_POINT('',(-7.804832421258,-1.356200751519,18.25));
#9891 = SURFACE_CURVE('',#9892,(#9896,#9903),.PCURVE_S1.);
#9892 = LINE('',#9893,#9894);
#9893 = CARTESIAN_POINT('',(-7.157618825758,-0.885972549685,18.25));
#9894 = VECTOR('',#9895,1.);
#9895 = DIRECTION('',(-0.809016994375,-0.587785252292,0.));
#9896 = PCURVE('',#7122,#9897);
#9897 = DEFINITIONAL_REPRESENTATION('',(#9898),#9902);
#9898 = LINE('',#9899,#9900);
#9899 = CARTESIAN_POINT('',(0.,-3.5));
#9900 = VECTOR('',#9901,1.);
#9901 = DIRECTION('',(1.,0.));
#9902 = ( GEOMETRIC_REPRESENTATION_CONTEXT(2) 
PARAMETRIC_REPRESENTATION_CONTEXT() REPRESENTATION_CONTEXT('2D SPACE',''
  ) );
#9903 = PCURVE('',#8162,#9904);
#9904 = DEFINITIONAL_REPRESENTATION('',(#9905),#9909);
#9905 = LINE('',#9906,#9907);
#9906 = CARTESIAN_POINT('',(-3.557618825758,-0.885972549685));
#9907 = VECTOR('',#9908,1.);
#9908 = DIRECTION('',(-0.809016994375,-0.587785252292));
#9909 = ( GEOMETRIC_REPRESENTATION_CONTEXT(2) 
PARAMETRIC_REPRESENTATION_CONTEXT() REPRESENTATION_CONTEXT('2D SPACE',''
  ) );
#9910 = ORIENTED_EDGE('',*,*,#9911,.F.);
#9911 = EDGE_CURVE('',#7079,#9889,#9912,.T.);
#9912 = SURFACE_CURVE('',#9913,(#9917,#9924),.PCURVE_S1.);
#9913 = LINE('',#9914,#9915);
#9914 = CARTESIAN_POINT('',(-7.804832421258,-1.356200751519,14.75));
#9915 = VECTOR('',#9916,1.);
#9916 = DIRECTION('',(0.,0.,1.));
#9917 = PCURVE('',#7122,#9918);
#9918 = DEFINITIONAL_REPRESENTATION('',(#9919),#9923);
#9919 = LINE('',#9920,#9921);
#9920 = CARTESIAN_POINT('',(0.8,0.));
#9921 = VECTOR('',#9922,1.);
#9922 = DIRECTION('',(0.,-1.));
#9923 = ( GEOMETRIC_REPRESENTATION_CONTEXT(2) 
PARAMETRIC_REPRESENTATION_CONTEXT() REPRESENTATION_CONTEXT('2D SPACE',''
  ) );
#9924 = PCURVE('',#7094,#9925);
#9925 = DEFINITIONAL_REPRESENTATION('',(#9926),#9930);
#9926 = LINE('',#9927,#9928);
#9927 = CARTESIAN_POINT('',(0.,0.));
#9928 = VECTOR('',#9929,1.);
#9929 = DIRECTION('',(0.,-1.));
#9930 = ( GEOMETRIC_REPRESENTATION_CONTEXT(2) 
PARAMETRIC_REPRESENTATION_CONTEXT() REPRESENTATION_CONTEXT('2D SPACE',''
  ) );
#9931 = ADVANCED_FACE('',(#9932),#7094,.F.);
#9932 = FACE_BOUND('',#9933,.F.);
#9933 = EDGE_LOOP('',(#9934,#9935,#9958,#9979));
#9934 = ORIENTED_EDGE('',*,*,#9911,.T.);
#9935 = ORIENTED_EDGE('',*,*,#9936,.T.);
#9936 = EDGE_CURVE('',#9889,#9937,#9939,.T.);
#9937 = VERTEX_POINT('',#9938);
#9938 = CARTESIAN_POINT('',(-7.640252550616,-1.582725509944,18.25));
#9939 = SURFACE_CURVE('',#9940,(#9944,#9951),.PCURVE_S1.);
#9940 = LINE('',#9941,#9942);
#9941 = CARTESIAN_POINT('',(-7.804832421258,-1.356200751519,18.25));
#9942 = VECTOR('',#9943,1.);
#9943 = DIRECTION('',(0.587785252292,-0.809016994375,0.));
#9944 = PCURVE('',#7094,#9945);
#9945 = DEFINITIONAL_REPRESENTATION('',(#9946),#9950);
#9946 = LINE('',#9947,#9948);
#9947 = CARTESIAN_POINT('',(0.,-3.5));
#9948 = VECTOR('',#9949,1.);
#9949 = DIRECTION('',(1.,0.));
#9950 = ( GEOMETRIC_REPRESENTATION_CONTEXT(2) 
PARAMETRIC_REPRESENTATION_CONTEXT() REPRESENTATION_CONTEXT('2D SPACE',''
  ) );
#9951 = PCURVE('',#8162,#9952);
#9952 = DEFINITIONAL_REPRESENTATION('',(#9953),#9957);
#9953 = LINE('',#9954,#9955);
#9954 = CARTESIAN_POINT('',(-4.204832421258,-1.356200751519));
#9955 = VECTOR('',#9956,1.);
#9956 = DIRECTION('',(0.587785252292,-0.809016994375));
#9957 = ( GEOMETRIC_REPRESENTATION_CONTEXT(2) 
PARAMETRIC_REPRESENTATION_CONTEXT() REPRESENTATION_CONTEXT('2D SPACE',''
  ) );
#9958 = ORIENTED_EDGE('',*,*,#9959,.F.);
#9959 = EDGE_CURVE('',#7051,#9937,#9960,.T.);
#9960 = SURFACE_CURVE('',#9961,(#9965,#9972),.PCURVE_S1.);
#9961 = LINE('',#9962,#9963);
#9962 = CARTESIAN_POINT('',(-7.640252550616,-1.582725509944,14.75));
#9963 = VECTOR('',#9964,1.);
#9964 = DIRECTION('',(0.,0.,1.));
#9965 = PCURVE('',#7094,#9966);
#9966 = DEFINITIONAL_REPRESENTATION('',(#9967),#9971);
#9967 = LINE('',#9968,#9969);
#9968 = CARTESIAN_POINT('',(0.28,0.));
#9969 = VECTOR('',#9970,1.);
#9970 = DIRECTION('',(0.,-1.));
#9971 = ( GEOMETRIC_REPRESENTATION_CONTEXT(2) 
PARAMETRIC_REPRESENTATION_CONTEXT() REPRESENTATION_CONTEXT('2D SPACE',''
  ) );
#9972 = PCURVE('',#7066,#9973);
#9973 = DEFINITIONAL_REPRESENTATION('',(#9974),#9978);
#9974 = LINE('',#9975,#9976);
#9975 = CARTESIAN_POINT('',(0.,0.));
#9976 = VECTOR('',#9977,1.);
#9977 = DIRECTION('',(0.,-1.));
#9978 = ( GEOMETRIC_REPRESENTATION_CONTEXT(2) 
PARAMETRIC_REPRESENTATION_CONTEXT() REPRESENTATION_CONTEXT('2D SPACE',''
  ) );
#9979 = ORIENTED_EDGE('',*,*,#7078,.F.);
#9980 = ADVANCED_FACE('',(#9981),#7066,.F.);
#9981 = FACE_BOUND('',#9982,.F.);
#9982 = EDGE_LOOP('',(#9983,#9984,#9985,#10008));
#9983 = ORIENTED_EDGE('',*,*,#7050,.F.);
#9984 = ORIENTED_EDGE('',*,*,#9959,.T.);
#9985 = ORIENTED_EDGE('',*,*,#9986,.T.);
#9986 = EDGE_CURVE('',#9937,#9987,#9989,.T.);
#9987 = VERTEX_POINT('',#9988);
#9988 = CARTESIAN_POINT('',(-7.353405072941,-1.374318618361,18.25));
#9989 = SURFACE_CURVE('',#9990,(#9994,#10001),.PCURVE_S1.);
#9990 = LINE('',#9991,#9992);
#9991 = CARTESIAN_POINT('',(-7.640252550616,-1.582725509944,18.25));
#9992 = VECTOR('',#9993,1.);
#9993 = DIRECTION('',(0.809016994375,0.587785252292,0.));
#9994 = PCURVE('',#7066,#9995);
#9995 = DEFINITIONAL_REPRESENTATION('',(#9996),#10000);
#9996 = LINE('',#9997,#9998);
#9997 = CARTESIAN_POINT('',(0.,-3.5));
#9998 = VECTOR('',#9999,1.);
#9999 = DIRECTION('',(1.,0.));
#10000 = ( GEOMETRIC_REPRESENTATION_CONTEXT(2) 
PARAMETRIC_REPRESENTATION_CONTEXT() REPRESENTATION_CONTEXT('2D SPACE',''
  ) );
#10001 = PCURVE('',#8162,#10002);
#10002 = DEFINITIONAL_REPRESENTATION('',(#10003),#10007);
#10003 = LINE('',#10004,#10005);
#10004 = CARTESIAN_POINT('',(-4.040252550616,-1.582725509944));
#10005 = VECTOR('',#10006,1.);
#10006 = DIRECTION('',(0.809016994375,0.587785252292));
#10007 = ( GEOMETRIC_REPRESENTATION_CONTEXT(2) 
PARAMETRIC_REPRESENTATION_CONTEXT() REPRESENTATION_CONTEXT('2D SPACE',''
  ) );
#10008 = ORIENTED_EDGE('',*,*,#10009,.T.);
#10009 = EDGE_CURVE('',#9987,#7022,#10010,.T.);
#10010 = SURFACE_CURVE('',#10011,(#10015,#10021),.PCURVE_S1.);
#10011 = LINE('',#10012,#10013);
#10012 = CARTESIAN_POINT('',(-7.353405072941,-1.374318618361,14.75));
#10013 = VECTOR('',#10014,1.);
#10014 = DIRECTION('',(-0.,-0.,-1.));
#10015 = PCURVE('',#7066,#10016);
#10016 = DEFINITIONAL_REPRESENTATION('',(#10017),#10020);
#10017 = B_SPLINE_CURVE_WITH_KNOTS('',1,(#10018,#10019),.UNSPECIFIED.,
  .F.,.F.,(2,2),(-3.5000006,5.999999999062E-07),
  .PIECEWISE_BEZIER_KNOTS.);
#10018 = CARTESIAN_POINT('',(0.354562981582,-3.5000006));
#10019 = CARTESIAN_POINT('',(0.354562981582,5.999999999062E-07));
#10020 = ( GEOMETRIC_REPRESENTATION_CONTEXT(2) 
PARAMETRIC_REPRESENTATION_CONTEXT() REPRESENTATION_CONTEXT('2D SPACE',''
  ) );
#10021 = PCURVE('',#7038,#10022);
#10022 = DEFINITIONAL_REPRESENTATION('',(#10023),#10026);
#10023 = B_SPLINE_CURVE_WITH_KNOTS('',1,(#10024,#10025),.UNSPECIFIED.,
  .F.,.F.,(2,2),(-3.5000006,5.999999999062E-07),
  .PIECEWISE_BEZIER_KNOTS.);
#10024 = CARTESIAN_POINT('',(-3.835073568315,-3.5000006));
#10025 = CARTESIAN_POINT('',(-3.835073568315,5.999999999062E-07));
#10026 = ( GEOMETRIC_REPRESENTATION_CONTEXT(2) 
PARAMETRIC_REPRESENTATION_CONTEXT() REPRESENTATION_CONTEXT('2D SPACE',''
  ) );
#10027 = ADVANCED_FACE('',(#10028),#7038,.T.);
#10028 = FACE_BOUND('',#10029,.F.);
#10029 = EDGE_LOOP('',(#10030,#10031,#10032,#10056));
#10030 = ORIENTED_EDGE('',*,*,#7021,.F.);
#10031 = ORIENTED_EDGE('',*,*,#10009,.F.);
#10032 = ORIENTED_EDGE('',*,*,#10033,.T.);
#10033 = EDGE_CURVE('',#9987,#10034,#10036,.T.);
#10034 = VERTEX_POINT('',#10035);
#10035 = CARTESIAN_POINT('',(-7.175424878023,-1.563848275668,18.25));
#10036 = SURFACE_CURVE('',#10037,(#10042,#10049),.PCURVE_S1.);
#10037 = CIRCLE('',#10038,2.15);
#10038 = AXIS2_PLACEMENT_3D('',#10039,#10040,#10041);
#10039 = CARTESIAN_POINT('',(-5.7,0.,18.25));
#10040 = DIRECTION('',(0.,0.,1.));
#10041 = DIRECTION('',(1.,0.,0.));
#10042 = PCURVE('',#7038,#10043);
#10043 = DEFINITIONAL_REPRESENTATION('',(#10044),#10048);
#10044 = LINE('',#10045,#10046);
#10045 = CARTESIAN_POINT('',(-0.,-3.5));
#10046 = VECTOR('',#10047,1.);
#10047 = DIRECTION('',(-1.,0.));
#10048 = ( GEOMETRIC_REPRESENTATION_CONTEXT(2) 
PARAMETRIC_REPRESENTATION_CONTEXT() REPRESENTATION_CONTEXT('2D SPACE',''
  ) );
#10049 = PCURVE('',#8162,#10050);
#10050 = DEFINITIONAL_REPRESENTATION('',(#10051),#10055);
#10051 = CIRCLE('',#10052,2.15);
#10052 = AXIS2_PLACEMENT_2D('',#10053,#10054);
#10053 = CARTESIAN_POINT('',(-2.1,0.));
#10054 = DIRECTION('',(1.,0.));
#10055 = ( GEOMETRIC_REPRESENTATION_CONTEXT(2) 
PARAMETRIC_REPRESENTATION_CONTEXT() REPRESENTATION_CONTEXT('2D SPACE',''
  ) );
#10056 = ORIENTED_EDGE('',*,*,#10057,.T.);
#10057 = EDGE_CURVE('',#10034,#6994,#10058,.T.);
#10058 = SURFACE_CURVE('',#10059,(#10063,#10069),.PCURVE_S1.);
#10059 = LINE('',#10060,#10061);
#10060 = CARTESIAN_POINT('',(-7.175424878023,-1.563848275668,14.75));
#10061 = VECTOR('',#10062,1.);
#10062 = DIRECTION('',(-0.,-0.,-1.));
#10063 = PCURVE('',#7038,#10064);
#10064 = DEFINITIONAL_REPRESENTATION('',(#10065),#10068);
#10065 = B_SPLINE_CURVE_WITH_KNOTS('',1,(#10066,#10067),.UNSPECIFIED.,
  .F.,.F.,(2,2),(-3.5000006,5.999999999062E-07),
  .PIECEWISE_BEZIER_KNOTS.);
#10066 = CARTESIAN_POINT('',(-3.956076212587,-3.5000006));
#10067 = CARTESIAN_POINT('',(-3.956076212587,5.999999999062E-07));
#10068 = ( GEOMETRIC_REPRESENTATION_CONTEXT(2) 
PARAMETRIC_REPRESENTATION_CONTEXT() REPRESENTATION_CONTEXT('2D SPACE',''
  ) );
#10069 = PCURVE('',#7009,#10070);
#10070 = DEFINITIONAL_REPRESENTATION('',(#10071),#10074);
#10071 = B_SPLINE_CURVE_WITH_KNOTS('',1,(#10072,#10073),.UNSPECIFIED.,
  .F.,.F.,(2,2),(-3.5000006,5.999999999062E-07),
  .PIECEWISE_BEZIER_KNOTS.);
#10072 = CARTESIAN_POINT('',(0.445437018418,-3.5000006));
#10073 = CARTESIAN_POINT('',(0.445437018418,5.999999999062E-07));
#10074 = ( GEOMETRIC_REPRESENTATION_CONTEXT(2) 
PARAMETRIC_REPRESENTATION_CONTEXT() REPRESENTATION_CONTEXT('2D SPACE',''
  ) );
#10075 = ADVANCED_FACE('',(#10076),#7009,.F.);
#10076 = FACE_BOUND('',#10077,.F.);
#10077 = EDGE_LOOP('',(#10078,#10079,#10080,#10103));
#10078 = ORIENTED_EDGE('',*,*,#6993,.F.);
#10079 = ORIENTED_EDGE('',*,*,#10057,.F.);
#10080 = ORIENTED_EDGE('',*,*,#10081,.T.);
#10081 = EDGE_CURVE('',#10034,#10082,#10084,.T.);
#10082 = VERTEX_POINT('',#10083);
#10083 = CARTESIAN_POINT('',(-7.40143182836,-1.837043748375,18.25));
#10084 = SURFACE_CURVE('',#10085,(#10089,#10096),.PCURVE_S1.);
#10085 = LINE('',#10086,#10087);
#10086 = CARTESIAN_POINT('',(-6.891492636561,-1.220633154154,18.25));
#10087 = VECTOR('',#10088,1.);
#10088 = DIRECTION('',(-0.637423989749,-0.770513242776,0.));
#10089 = PCURVE('',#7009,#10090);
#10090 = DEFINITIONAL_REPRESENTATION('',(#10091),#10095);
#10091 = LINE('',#10092,#10093);
#10092 = CARTESIAN_POINT('',(0.,-3.5));
#10093 = VECTOR('',#10094,1.);
#10094 = DIRECTION('',(1.,0.));
#10095 = ( GEOMETRIC_REPRESENTATION_CONTEXT(2) 
PARAMETRIC_REPRESENTATION_CONTEXT() REPRESENTATION_CONTEXT('2D SPACE',''
  ) );
#10096 = PCURVE('',#8162,#10097);
#10097 = DEFINITIONAL_REPRESENTATION('',(#10098),#10102);
#10098 = LINE('',#10099,#10100);
#10099 = CARTESIAN_POINT('',(-3.291492636561,-1.220633154154));
#10100 = VECTOR('',#10101,1.);
#10101 = DIRECTION('',(-0.637423989749,-0.770513242776));
#10102 = ( GEOMETRIC_REPRESENTATION_CONTEXT(2) 
PARAMETRIC_REPRESENTATION_CONTEXT() REPRESENTATION_CONTEXT('2D SPACE',''
  ) );
#10103 = ORIENTED_EDGE('',*,*,#10104,.F.);
#10104 = EDGE_CURVE('',#6966,#10082,#10105,.T.);
#10105 = SURFACE_CURVE('',#10106,(#10110,#10117),.PCURVE_S1.);
#10106 = LINE('',#10107,#10108);
#10107 = CARTESIAN_POINT('',(-7.40143182836,-1.837043748375,14.75));
#10108 = VECTOR('',#10109,1.);
#10109 = DIRECTION('',(0.,0.,1.));
#10110 = PCURVE('',#7009,#10111);
#10111 = DEFINITIONAL_REPRESENTATION('',(#10112),#10116);
#10112 = LINE('',#10113,#10114);
#10113 = CARTESIAN_POINT('',(0.8,0.));
#10114 = VECTOR('',#10115,1.);
#10115 = DIRECTION('',(0.,-1.));
#10116 = ( GEOMETRIC_REPRESENTATION_CONTEXT(2) 
PARAMETRIC_REPRESENTATION_CONTEXT() REPRESENTATION_CONTEXT('2D SPACE',''
  ) );
#10117 = PCURVE('',#6981,#10118);
#10118 = DEFINITIONAL_REPRESENTATION('',(#10119),#10123);
#10119 = LINE('',#10120,#10121);
#10120 = CARTESIAN_POINT('',(0.,0.));
#10121 = VECTOR('',#10122,1.);
#10122 = DIRECTION('',(0.,-1.));
#10123 = ( GEOMETRIC_REPRESENTATION_CONTEXT(2) 
PARAMETRIC_REPRESENTATION_CONTEXT() REPRESENTATION_CONTEXT('2D SPACE',''
  ) );
#10124 = ADVANCED_FACE('',(#10125),#6981,.F.);
#10125 = FACE_BOUND('',#10126,.F.);
#10126 = EDGE_LOOP('',(#10127,#10128,#10151,#10172));
#10127 = ORIENTED_EDGE('',*,*,#10104,.T.);
#10128 = ORIENTED_EDGE('',*,*,#10129,.T.);
#10129 = EDGE_CURVE('',#10082,#10130,#10132,.T.);
#10130 = VERTEX_POINT('',#10131);
#10131 = CARTESIAN_POINT('',(-7.185688120383,-2.015522465504,18.25));
#10132 = SURFACE_CURVE('',#10133,(#10137,#10144),.PCURVE_S1.);
#10133 = LINE('',#10134,#10135);
#10134 = CARTESIAN_POINT('',(-7.40143182836,-1.837043748375,18.25));
#10135 = VECTOR('',#10136,1.);
#10136 = DIRECTION('',(0.770513242776,-0.637423989749,0.));
#10137 = PCURVE('',#6981,#10138);
#10138 = DEFINITIONAL_REPRESENTATION('',(#10139),#10143);
#10139 = LINE('',#10140,#10141);
#10140 = CARTESIAN_POINT('',(0.,-3.5));
#10141 = VECTOR('',#10142,1.);
#10142 = DIRECTION('',(1.,0.));
#10143 = ( GEOMETRIC_REPRESENTATION_CONTEXT(2) 
PARAMETRIC_REPRESENTATION_CONTEXT() REPRESENTATION_CONTEXT('2D SPACE',''
  ) );
#10144 = PCURVE('',#8162,#10145);
#10145 = DEFINITIONAL_REPRESENTATION('',(#10146),#10150);
#10146 = LINE('',#10147,#10148);
#10147 = CARTESIAN_POINT('',(-3.80143182836,-1.837043748375));
#10148 = VECTOR('',#10149,1.);
#10149 = DIRECTION('',(0.770513242776,-0.637423989749));
#10150 = ( GEOMETRIC_REPRESENTATION_CONTEXT(2) 
PARAMETRIC_REPRESENTATION_CONTEXT() REPRESENTATION_CONTEXT('2D SPACE',''
  ) );
#10151 = ORIENTED_EDGE('',*,*,#10152,.F.);
#10152 = EDGE_CURVE('',#6938,#10130,#10153,.T.);
#10153 = SURFACE_CURVE('',#10154,(#10158,#10165),.PCURVE_S1.);
#10154 = LINE('',#10155,#10156);
#10155 = CARTESIAN_POINT('',(-7.185688120383,-2.015522465504,14.75));
#10156 = VECTOR('',#10157,1.);
#10157 = DIRECTION('',(0.,0.,1.));
#10158 = PCURVE('',#6981,#10159);
#10159 = DEFINITIONAL_REPRESENTATION('',(#10160),#10164);
#10160 = LINE('',#10161,#10162);
#10161 = CARTESIAN_POINT('',(0.28,0.));
#10162 = VECTOR('',#10163,1.);
#10163 = DIRECTION('',(0.,-1.));
#10164 = ( GEOMETRIC_REPRESENTATION_CONTEXT(2) 
PARAMETRIC_REPRESENTATION_CONTEXT() REPRESENTATION_CONTEXT('2D SPACE',''
  ) );
#10165 = PCURVE('',#6953,#10166);
#10166 = DEFINITIONAL_REPRESENTATION('',(#10167),#10171);
#10167 = LINE('',#10168,#10169);
#10168 = CARTESIAN_POINT('',(0.,0.));
#10169 = VECTOR('',#10170,1.);
#10170 = DIRECTION('',(0.,-1.));
#10171 = ( GEOMETRIC_REPRESENTATION_CONTEXT(2) 
PARAMETRIC_REPRESENTATION_CONTEXT() REPRESENTATION_CONTEXT('2D SPACE',''
  ) );
#10172 = ORIENTED_EDGE('',*,*,#6965,.F.);
#10173 = ADVANCED_FACE('',(#10174),#6953,.F.);
#10174 = FACE_BOUND('',#10175,.F.);
#10175 = EDGE_LOOP('',(#10176,#10177,#10178,#10201));
#10176 = ORIENTED_EDGE('',*,*,#6937,.F.);
#10177 = ORIENTED_EDGE('',*,*,#10152,.T.);
#10178 = ORIENTED_EDGE('',*,*,#10179,.T.);
#10179 = EDGE_CURVE('',#10130,#10180,#10182,.T.);
#10180 = VERTEX_POINT('',#10181);
#10181 = CARTESIAN_POINT('',(-6.959681170046,-1.742326992798,18.25));
#10182 = SURFACE_CURVE('',#10183,(#10187,#10194),.PCURVE_S1.);
#10183 = LINE('',#10184,#10185);
#10184 = CARTESIAN_POINT('',(-7.185688120383,-2.015522465504,18.25));
#10185 = VECTOR('',#10186,1.);
#10186 = DIRECTION('',(0.637423989749,0.770513242776,0.));
#10187 = PCURVE('',#6953,#10188);
#10188 = DEFINITIONAL_REPRESENTATION('',(#10189),#10193);
#10189 = LINE('',#10190,#10191);
#10190 = CARTESIAN_POINT('',(0.,-3.5));
#10191 = VECTOR('',#10192,1.);
#10192 = DIRECTION('',(1.,0.));
#10193 = ( GEOMETRIC_REPRESENTATION_CONTEXT(2) 
PARAMETRIC_REPRESENTATION_CONTEXT() REPRESENTATION_CONTEXT('2D SPACE',''
  ) );
#10194 = PCURVE('',#8162,#10195);
#10195 = DEFINITIONAL_REPRESENTATION('',(#10196),#10200);
#10196 = LINE('',#10197,#10198);
#10197 = CARTESIAN_POINT('',(-3.585688120383,-2.015522465504));
#10198 = VECTOR('',#10199,1.);
#10199 = DIRECTION('',(0.637423989749,0.770513242776));
#10200 = ( GEOMETRIC_REPRESENTATION_CONTEXT(2) 
PARAMETRIC_REPRESENTATION_CONTEXT() REPRESENTATION_CONTEXT('2D SPACE',''
  ) );
#10201 = ORIENTED_EDGE('',*,*,#10202,.T.);
#10202 = EDGE_CURVE('',#10180,#6909,#10203,.T.);
#10203 = SURFACE_CURVE('',#10204,(#10208,#10214),.PCURVE_S1.);
#10204 = LINE('',#10205,#10206);
#10205 = CARTESIAN_POINT('',(-6.959681170046,-1.742326992798,14.75));
#10206 = VECTOR('',#10207,1.);
#10207 = DIRECTION('',(-0.,-0.,-1.));
#10208 = PCURVE('',#6953,#10209);
#10209 = DEFINITIONAL_REPRESENTATION('',(#10210),#10213);
#10210 = B_SPLINE_CURVE_WITH_KNOTS('',1,(#10211,#10212),.UNSPECIFIED.,
  .F.,.F.,(2,2),(-3.5000006,5.999999999062E-07),
  .PIECEWISE_BEZIER_KNOTS.);
#10211 = CARTESIAN_POINT('',(0.354562981582,-3.5000006));
#10212 = CARTESIAN_POINT('',(0.354562981582,5.999999999062E-07));
#10213 = ( GEOMETRIC_REPRESENTATION_CONTEXT(2) 
PARAMETRIC_REPRESENTATION_CONTEXT() REPRESENTATION_CONTEXT('2D SPACE',''
  ) );
#10214 = PCURVE('',#6925,#10215);
#10215 = DEFINITIONAL_REPRESENTATION('',(#10216),#10219);
#10216 = B_SPLINE_CURVE_WITH_KNOTS('',1,(#10217,#10218),.UNSPECIFIED.,
  .F.,.F.,(2,2),(-3.5000006,5.999999999062E-07),
  .PIECEWISE_BEZIER_KNOTS.);
#10217 = CARTESIAN_POINT('',(-4.086400980602,-3.5000006));
#10218 = CARTESIAN_POINT('',(-4.086400980602,5.999999999062E-07));
#10219 = ( GEOMETRIC_REPRESENTATION_CONTEXT(2) 
PARAMETRIC_REPRESENTATION_CONTEXT() REPRESENTATION_CONTEXT('2D SPACE',''
  ) );
#10220 = ADVANCED_FACE('',(#10221),#6925,.T.);
#10221 = FACE_BOUND('',#10222,.F.);
#10222 = EDGE_LOOP('',(#10223,#10224,#10225,#10249));
#10223 = ORIENTED_EDGE('',*,*,#6908,.F.);
#10224 = ORIENTED_EDGE('',*,*,#10202,.F.);
#10225 = ORIENTED_EDGE('',*,*,#10226,.T.);
#10226 = EDGE_CURVE('',#10180,#10227,#10229,.T.);
#10227 = VERTEX_POINT('',#10228);
#10228 = CARTESIAN_POINT('',(-6.740158441145,-1.881640352808,18.25));
#10229 = SURFACE_CURVE('',#10230,(#10235,#10242),.PCURVE_S1.);
#10230 = CIRCLE('',#10231,2.15);
#10231 = AXIS2_PLACEMENT_3D('',#10232,#10233,#10234);
#10232 = CARTESIAN_POINT('',(-5.7,0.,18.25));
#10233 = DIRECTION('',(0.,0.,1.));
#10234 = DIRECTION('',(1.,0.,0.));
#10235 = PCURVE('',#6925,#10236);
#10236 = DEFINITIONAL_REPRESENTATION('',(#10237),#10241);
#10237 = LINE('',#10238,#10239);
#10238 = CARTESIAN_POINT('',(-0.,-3.5));
#10239 = VECTOR('',#10240,1.);
#10240 = DIRECTION('',(-1.,0.));
#10241 = ( GEOMETRIC_REPRESENTATION_CONTEXT(2) 
PARAMETRIC_REPRESENTATION_CONTEXT() REPRESENTATION_CONTEXT('2D SPACE',''
  ) );
#10242 = PCURVE('',#8162,#10243);
#10243 = DEFINITIONAL_REPRESENTATION('',(#10244),#10248);
#10244 = CIRCLE('',#10245,2.15);
#10245 = AXIS2_PLACEMENT_2D('',#10246,#10247);
#10246 = CARTESIAN_POINT('',(-2.1,0.));
#10247 = DIRECTION('',(1.,0.));
#10248 = ( GEOMETRIC_REPRESENTATION_CONTEXT(2) 
PARAMETRIC_REPRESENTATION_CONTEXT() REPRESENTATION_CONTEXT('2D SPACE',''
  ) );
#10249 = ORIENTED_EDGE('',*,*,#10250,.T.);
#10250 = EDGE_CURVE('',#10227,#6881,#10251,.T.);
#10251 = SURFACE_CURVE('',#10252,(#10256,#10262),.PCURVE_S1.);
#10252 = LINE('',#10253,#10254);
#10253 = CARTESIAN_POINT('',(-6.740158441145,-1.881640352808,14.75));
#10254 = VECTOR('',#10255,1.);
#10255 = DIRECTION('',(-0.,-0.,-1.));
#10256 = PCURVE('',#6925,#10257);
#10257 = DEFINITIONAL_REPRESENTATION('',(#10258),#10261);
#10258 = B_SPLINE_CURVE_WITH_KNOTS('',1,(#10259,#10260),.UNSPECIFIED.,
  .F.,.F.,(2,2),(-3.5000006,5.999999999062E-07),
  .PIECEWISE_BEZIER_KNOTS.);
#10259 = CARTESIAN_POINT('',(-4.207403624875,-3.5000006));
#10260 = CARTESIAN_POINT('',(-4.207403624875,5.999999999062E-07));
#10261 = ( GEOMETRIC_REPRESENTATION_CONTEXT(2) 
PARAMETRIC_REPRESENTATION_CONTEXT() REPRESENTATION_CONTEXT('2D SPACE',''
  ) );
#10262 = PCURVE('',#6896,#10263);
#10263 = DEFINITIONAL_REPRESENTATION('',(#10264),#10267);
#10264 = B_SPLINE_CURVE_WITH_KNOTS('',1,(#10265,#10266),.UNSPECIFIED.,
  .F.,.F.,(2,2),(-3.5000006,5.999999999062E-07),
  .PIECEWISE_BEZIER_KNOTS.);
#10265 = CARTESIAN_POINT('',(0.445437018418,-3.5000006));
#10266 = CARTESIAN_POINT('',(0.445437018418,5.999999999062E-07));
#10267 = ( GEOMETRIC_REPRESENTATION_CONTEXT(2) 
PARAMETRIC_REPRESENTATION_CONTEXT() REPRESENTATION_CONTEXT('2D SPACE',''
  ) );
#10268 = ADVANCED_FACE('',(#10269),#6896,.F.);
#10269 = FACE_BOUND('',#10270,.F.);
#10270 = EDGE_LOOP('',(#10271,#10272,#10273,#10296));
#10271 = ORIENTED_EDGE('',*,*,#6880,.F.);
#10272 = ORIENTED_EDGE('',*,*,#10250,.F.);
#10273 = ORIENTED_EDGE('',*,*,#10274,.T.);
#10274 = EDGE_CURVE('',#10227,#10275,#10277,.T.);
#10275 = VERTEX_POINT('',#10276);
#10276 = CARTESIAN_POINT('',(-6.891124016258,-2.202458530346,18.25));
#10277 = SURFACE_CURVE('',#10278,(#10282,#10289),.PCURVE_S1.);
#10278 = LINE('',#10279,#10280);
#10279 = CARTESIAN_POINT('',(-6.550500583006,-1.478596888373,18.25));
#10280 = VECTOR('',#10281,1.);
#10281 = DIRECTION('',(-0.425779291565,-0.904827052466,0.));
#10282 = PCURVE('',#6896,#10283);
#10283 = DEFINITIONAL_REPRESENTATION('',(#10284),#10288);
#10284 = LINE('',#10285,#10286);
#10285 = CARTESIAN_POINT('',(0.,-3.5));
#10286 = VECTOR('',#10287,1.);
#10287 = DIRECTION('',(1.,0.));
#10288 = ( GEOMETRIC_REPRESENTATION_CONTEXT(2) 
PARAMETRIC_REPRESENTATION_CONTEXT() REPRESENTATION_CONTEXT('2D SPACE',''
  ) );
#10289 = PCURVE('',#8162,#10290);
#10290 = DEFINITIONAL_REPRESENTATION('',(#10291),#10295);
#10291 = LINE('',#10292,#10293);
#10292 = CARTESIAN_POINT('',(-2.950500583006,-1.478596888373));
#10293 = VECTOR('',#10294,1.);
#10294 = DIRECTION('',(-0.425779291565,-0.904827052466));
#10295 = ( GEOMETRIC_REPRESENTATION_CONTEXT(2) 
PARAMETRIC_REPRESENTATION_CONTEXT() REPRESENTATION_CONTEXT('2D SPACE',''
  ) );
#10296 = ORIENTED_EDGE('',*,*,#10297,.F.);
#10297 = EDGE_CURVE('',#6853,#10275,#10298,.T.);
#10298 = SURFACE_CURVE('',#10299,(#10303,#10310),.PCURVE_S1.);
#10299 = LINE('',#10300,#10301);
#10300 = CARTESIAN_POINT('',(-6.891124016258,-2.202458530346,14.75));
#10301 = VECTOR('',#10302,1.);
#10302 = DIRECTION('',(0.,0.,1.));
#10303 = PCURVE('',#6896,#10304);
#10304 = DEFINITIONAL_REPRESENTATION('',(#10305),#10309);
#10305 = LINE('',#10306,#10307);
#10306 = CARTESIAN_POINT('',(0.8,0.));
#10307 = VECTOR('',#10308,1.);
#10308 = DIRECTION('',(0.,-1.));
#10309 = ( GEOMETRIC_REPRESENTATION_CONTEXT(2) 
PARAMETRIC_REPRESENTATION_CONTEXT() REPRESENTATION_CONTEXT('2D SPACE',''
  ) );
#10310 = PCURVE('',#6868,#10311);
#10311 = DEFINITIONAL_REPRESENTATION('',(#10312),#10316);
#10312 = LINE('',#10313,#10314);
#10313 = CARTESIAN_POINT('',(0.,0.));
#10314 = VECTOR('',#10315,1.);
#10315 = DIRECTION('',(0.,-1.));
#10316 = ( GEOMETRIC_REPRESENTATION_CONTEXT(2) 
PARAMETRIC_REPRESENTATION_CONTEXT() REPRESENTATION_CONTEXT('2D SPACE',''
  ) );
#10317 = ADVANCED_FACE('',(#10318),#6868,.F.);
#10318 = FACE_BOUND('',#10319,.F.);
#10319 = EDGE_LOOP('',(#10320,#10321,#10344,#10365));
#10320 = ORIENTED_EDGE('',*,*,#10297,.T.);
#10321 = ORIENTED_EDGE('',*,*,#10322,.T.);
#10322 = EDGE_CURVE('',#10275,#10323,#10325,.T.);
#10323 = VERTEX_POINT('',#10324);
#10324 = CARTESIAN_POINT('',(-6.637772441567,-2.321676731984,18.25));
#10325 = SURFACE_CURVE('',#10326,(#10330,#10337),.PCURVE_S1.);
#10326 = LINE('',#10327,#10328);
#10327 = CARTESIAN_POINT('',(-6.891124016258,-2.202458530346,18.25));
#10328 = VECTOR('',#10329,1.);
#10329 = DIRECTION('',(0.904827052466,-0.425779291565,0.));
#10330 = PCURVE('',#6868,#10331);
#10331 = DEFINITIONAL_REPRESENTATION('',(#10332),#10336);
#10332 = LINE('',#10333,#10334);
#10333 = CARTESIAN_POINT('',(0.,-3.5));
#10334 = VECTOR('',#10335,1.);
#10335 = DIRECTION('',(1.,0.));
#10336 = ( GEOMETRIC_REPRESENTATION_CONTEXT(2) 
PARAMETRIC_REPRESENTATION_CONTEXT() REPRESENTATION_CONTEXT('2D SPACE',''
  ) );
#10337 = PCURVE('',#8162,#10338);
#10338 = DEFINITIONAL_REPRESENTATION('',(#10339),#10343);
#10339 = LINE('',#10340,#10341);
#10340 = CARTESIAN_POINT('',(-3.291124016258,-2.202458530346));
#10341 = VECTOR('',#10342,1.);
#10342 = DIRECTION('',(0.904827052466,-0.425779291565));
#10343 = ( GEOMETRIC_REPRESENTATION_CONTEXT(2) 
PARAMETRIC_REPRESENTATION_CONTEXT() REPRESENTATION_CONTEXT('2D SPACE',''
  ) );
#10344 = ORIENTED_EDGE('',*,*,#10345,.F.);
#10345 = EDGE_CURVE('',#6825,#10323,#10346,.T.);
#10346 = SURFACE_CURVE('',#10347,(#10351,#10358),.PCURVE_S1.);
#10347 = LINE('',#10348,#10349);
#10348 = CARTESIAN_POINT('',(-6.637772441567,-2.321676731984,14.75));
#10349 = VECTOR('',#10350,1.);
#10350 = DIRECTION('',(0.,0.,1.));
#10351 = PCURVE('',#6868,#10352);
#10352 = DEFINITIONAL_REPRESENTATION('',(#10353),#10357);
#10353 = LINE('',#10354,#10355);
#10354 = CARTESIAN_POINT('',(0.28,0.));
#10355 = VECTOR('',#10356,1.);
#10356 = DIRECTION('',(0.,-1.));
#10357 = ( GEOMETRIC_REPRESENTATION_CONTEXT(2) 
PARAMETRIC_REPRESENTATION_CONTEXT() REPRESENTATION_CONTEXT('2D SPACE',''
  ) );
#10358 = PCURVE('',#6840,#10359);
#10359 = DEFINITIONAL_REPRESENTATION('',(#10360),#10364);
#10360 = LINE('',#10361,#10362);
#10361 = CARTESIAN_POINT('',(0.,0.));
#10362 = VECTOR('',#10363,1.);
#10363 = DIRECTION('',(0.,-1.));
#10364 = ( GEOMETRIC_REPRESENTATION_CONTEXT(2) 
PARAMETRIC_REPRESENTATION_CONTEXT() REPRESENTATION_CONTEXT('2D SPACE',''
  ) );
#10365 = ORIENTED_EDGE('',*,*,#6852,.F.);
#10366 = ADVANCED_FACE('',(#10367),#6840,.F.);
#10367 = FACE_BOUND('',#10368,.F.);
#10368 = EDGE_LOOP('',(#10369,#10370,#10371,#10394));
#10369 = ORIENTED_EDGE('',*,*,#6824,.F.);
#10370 = ORIENTED_EDGE('',*,*,#10345,.T.);
#10371 = ORIENTED_EDGE('',*,*,#10372,.T.);
#10372 = EDGE_CURVE('',#10323,#10373,#10375,.T.);
#10373 = VERTEX_POINT('',#10374);
#10374 = CARTESIAN_POINT('',(-6.486806866454,-2.000858554446,18.25));
#10375 = SURFACE_CURVE('',#10376,(#10380,#10387),.PCURVE_S1.);
#10376 = LINE('',#10377,#10378);
#10377 = CARTESIAN_POINT('',(-6.637772441567,-2.321676731984,18.25));
#10378 = VECTOR('',#10379,1.);
#10379 = DIRECTION('',(0.425779291565,0.904827052466,0.));
#10380 = PCURVE('',#6840,#10381);
#10381 = DEFINITIONAL_REPRESENTATION('',(#10382),#10386);
#10382 = LINE('',#10383,#10384);
#10383 = CARTESIAN_POINT('',(0.,-3.5));
#10384 = VECTOR('',#10385,1.);
#10385 = DIRECTION('',(1.,0.));
#10386 = ( GEOMETRIC_REPRESENTATION_CONTEXT(2) 
PARAMETRIC_REPRESENTATION_CONTEXT() REPRESENTATION_CONTEXT('2D SPACE',''
  ) );
#10387 = PCURVE('',#8162,#10388);
#10388 = DEFINITIONAL_REPRESENTATION('',(#10389),#10393);
#10389 = LINE('',#10390,#10391);
#10390 = CARTESIAN_POINT('',(-3.037772441567,-2.321676731984));
#10391 = VECTOR('',#10392,1.);
#10392 = DIRECTION('',(0.425779291565,0.904827052466));
#10393 = ( GEOMETRIC_REPRESENTATION_CONTEXT(2) 
PARAMETRIC_REPRESENTATION_CONTEXT() REPRESENTATION_CONTEXT('2D SPACE',''
  ) );
#10394 = ORIENTED_EDGE('',*,*,#10395,.T.);
#10395 = EDGE_CURVE('',#10373,#6796,#10396,.T.);
#10396 = SURFACE_CURVE('',#10397,(#10401,#10407),.PCURVE_S1.);
#10397 = LINE('',#10398,#10399);
#10398 = CARTESIAN_POINT('',(-6.486806866454,-2.000858554446,14.75));
#10399 = VECTOR('',#10400,1.);
#10400 = DIRECTION('',(-0.,-0.,-1.));
#10401 = PCURVE('',#6840,#10402);
#10402 = DEFINITIONAL_REPRESENTATION('',(#10403),#10406);
#10403 = B_SPLINE_CURVE_WITH_KNOTS('',1,(#10404,#10405),.UNSPECIFIED.,
  .F.,.F.,(2,2),(-3.5000006,5.999999999062E-07),
  .PIECEWISE_BEZIER_KNOTS.);
#10404 = CARTESIAN_POINT('',(0.354562981582,-3.5000006));
#10405 = CARTESIAN_POINT('',(0.354562981582,5.999999999062E-07));
#10406 = ( GEOMETRIC_REPRESENTATION_CONTEXT(2) 
PARAMETRIC_REPRESENTATION_CONTEXT() REPRESENTATION_CONTEXT('2D SPACE',''
  ) );
#10407 = PCURVE('',#6812,#10408);
#10408 = DEFINITIONAL_REPRESENTATION('',(#10409),#10412);
#10409 = B_SPLINE_CURVE_WITH_KNOTS('',1,(#10410,#10411),.UNSPECIFIED.,
  .F.,.F.,(2,2),(-3.5000006,5.999999999062E-07),
  .PIECEWISE_BEZIER_KNOTS.);
#10410 = CARTESIAN_POINT('',(-4.33772839289,-3.5000006));
#10411 = CARTESIAN_POINT('',(-4.33772839289,5.999999999062E-07));
#10412 = ( GEOMETRIC_REPRESENTATION_CONTEXT(2) 
PARAMETRIC_REPRESENTATION_CONTEXT() REPRESENTATION_CONTEXT('2D SPACE',''
  ) );
#10413 = ADVANCED_FACE('',(#10414),#6812,.T.);
#10414 = FACE_BOUND('',#10415,.F.);
#10415 = EDGE_LOOP('',(#10416,#10417,#10418,#10442));
#10416 = ORIENTED_EDGE('',*,*,#6795,.F.);
#10417 = ORIENTED_EDGE('',*,*,#10395,.F.);
#10418 = ORIENTED_EDGE('',*,*,#10419,.T.);
#10419 = EDGE_CURVE('',#10373,#10420,#10422,.T.);
#10420 = VERTEX_POINT('',#10421);
#10421 = CARTESIAN_POINT('',(-6.239535023974,-2.081202046392,18.25));
#10422 = SURFACE_CURVE('',#10423,(#10428,#10435),.PCURVE_S1.);
#10423 = CIRCLE('',#10424,2.15);
#10424 = AXIS2_PLACEMENT_3D('',#10425,#10426,#10427);
#10425 = CARTESIAN_POINT('',(-5.7,0.,18.25));
#10426 = DIRECTION('',(0.,0.,1.));
#10427 = DIRECTION('',(1.,0.,0.));
#10428 = PCURVE('',#6812,#10429);
#10429 = DEFINITIONAL_REPRESENTATION('',(#10430),#10434);
#10430 = LINE('',#10431,#10432);
#10431 = CARTESIAN_POINT('',(-0.,-3.5));
#10432 = VECTOR('',#10433,1.);
#10433 = DIRECTION('',(-1.,0.));
#10434 = ( GEOMETRIC_REPRESENTATION_CONTEXT(2) 
PARAMETRIC_REPRESENTATION_CONTEXT() REPRESENTATION_CONTEXT('2D SPACE',''
  ) );
#10435 = PCURVE('',#8162,#10436);
#10436 = DEFINITIONAL_REPRESENTATION('',(#10437),#10441);
#10437 = CIRCLE('',#10438,2.15);
#10438 = AXIS2_PLACEMENT_2D('',#10439,#10440);
#10439 = CARTESIAN_POINT('',(-2.1,0.));
#10440 = DIRECTION('',(1.,0.));
#10441 = ( GEOMETRIC_REPRESENTATION_CONTEXT(2) 
PARAMETRIC_REPRESENTATION_CONTEXT() REPRESENTATION_CONTEXT('2D SPACE',''
  ) );
#10442 = ORIENTED_EDGE('',*,*,#10443,.T.);
#10443 = EDGE_CURVE('',#10420,#6768,#10444,.T.);
#10444 = SURFACE_CURVE('',#10445,(#10449,#10455),.PCURVE_S1.);
#10445 = LINE('',#10446,#10447);
#10446 = CARTESIAN_POINT('',(-6.239535023974,-2.081202046392,14.75));
#10447 = VECTOR('',#10448,1.);
#10448 = DIRECTION('',(-0.,-0.,-1.));
#10449 = PCURVE('',#6812,#10450);
#10450 = DEFINITIONAL_REPRESENTATION('',(#10451),#10454);
#10451 = B_SPLINE_CURVE_WITH_KNOTS('',1,(#10452,#10453),.UNSPECIFIED.,
  .F.,.F.,(2,2),(-3.5000006,5.999999999062E-07),
  .PIECEWISE_BEZIER_KNOTS.);
#10452 = CARTESIAN_POINT('',(-4.458731037162,-3.5000006));
#10453 = CARTESIAN_POINT('',(-4.458731037162,5.999999999062E-07));
#10454 = ( GEOMETRIC_REPRESENTATION_CONTEXT(2) 
PARAMETRIC_REPRESENTATION_CONTEXT() REPRESENTATION_CONTEXT('2D SPACE',''
  ) );
#10455 = PCURVE('',#6783,#10456);
#10456 = DEFINITIONAL_REPRESENTATION('',(#10457),#10460);
#10457 = B_SPLINE_CURVE_WITH_KNOTS('',1,(#10458,#10459),.UNSPECIFIED.,
  .F.,.F.,(2,2),(-3.5000006,5.999999999062E-07),
  .PIECEWISE_BEZIER_KNOTS.);
#10458 = CARTESIAN_POINT('',(0.445437018418,-3.5000006));
#10459 = CARTESIAN_POINT('',(0.445437018418,5.999999999062E-07));
#10460 = ( GEOMETRIC_REPRESENTATION_CONTEXT(2) 
PARAMETRIC_REPRESENTATION_CONTEXT() REPRESENTATION_CONTEXT('2D SPACE',''
  ) );
#10461 = ADVANCED_FACE('',(#10462),#6783,.F.);
#10462 = FACE_BOUND('',#10463,.F.);
#10463 = EDGE_LOOP('',(#10464,#10465,#10466,#10489));
#10464 = ORIENTED_EDGE('',*,*,#6767,.F.);
#10465 = ORIENTED_EDGE('',*,*,#10443,.F.);
#10466 = ORIENTED_EDGE('',*,*,#10467,.T.);
#10467 = EDGE_CURVE('',#10420,#10468,#10470,.T.);
#10468 = VERTEX_POINT('',#10469);
#10469 = CARTESIAN_POINT('',(-6.305973501566,-2.42948474278,18.25));
#10470 = SURFACE_CURVE('',#10471,(#10475,#10482),.PCURVE_S1.);
#10471 = LINE('',#10472,#10473);
#10472 = CARTESIAN_POINT('',(-6.156068449898,-1.643654942197,18.25));
#10473 = VECTOR('',#10474,1.);
#10474 = DIRECTION('',(-0.187381314586,-0.982287250729,0.));
#10475 = PCURVE('',#6783,#10476);
#10476 = DEFINITIONAL_REPRESENTATION('',(#10477),#10481);
#10477 = LINE('',#10478,#10479);
#10478 = CARTESIAN_POINT('',(0.,-3.5));
#10479 = VECTOR('',#10480,1.);
#10480 = DIRECTION('',(1.,0.));
#10481 = ( GEOMETRIC_REPRESENTATION_CONTEXT(2) 
PARAMETRIC_REPRESENTATION_CONTEXT() REPRESENTATION_CONTEXT('2D SPACE',''
  ) );
#10482 = PCURVE('',#8162,#10483);
#10483 = DEFINITIONAL_REPRESENTATION('',(#10484),#10488);
#10484 = LINE('',#10485,#10486);
#10485 = CARTESIAN_POINT('',(-2.556068449898,-1.643654942197));
#10486 = VECTOR('',#10487,1.);
#10487 = DIRECTION('',(-0.187381314586,-0.982287250729));
#10488 = ( GEOMETRIC_REPRESENTATION_CONTEXT(2) 
PARAMETRIC_REPRESENTATION_CONTEXT() REPRESENTATION_CONTEXT('2D SPACE',''
  ) );
#10489 = ORIENTED_EDGE('',*,*,#10490,.F.);
#10490 = EDGE_CURVE('',#6740,#10468,#10491,.T.);
#10491 = SURFACE_CURVE('',#10492,(#10496,#10503),.PCURVE_S1.);
#10492 = LINE('',#10493,#10494);
#10493 = CARTESIAN_POINT('',(-6.305973501566,-2.42948474278,14.75));
#10494 = VECTOR('',#10495,1.);
#10495 = DIRECTION('',(0.,0.,1.));
#10496 = PCURVE('',#6783,#10497);
#10497 = DEFINITIONAL_REPRESENTATION('',(#10498),#10502);
#10498 = LINE('',#10499,#10500);
#10499 = CARTESIAN_POINT('',(0.8,0.));
#10500 = VECTOR('',#10501,1.);
#10501 = DIRECTION('',(0.,-1.));
#10502 = ( GEOMETRIC_REPRESENTATION_CONTEXT(2) 
PARAMETRIC_REPRESENTATION_CONTEXT() REPRESENTATION_CONTEXT('2D SPACE',''
  ) );
#10503 = PCURVE('',#6755,#10504);
#10504 = DEFINITIONAL_REPRESENTATION('',(#10505),#10509);
#10505 = LINE('',#10506,#10507);
#10506 = CARTESIAN_POINT('',(0.,0.));
#10507 = VECTOR('',#10508,1.);
#10508 = DIRECTION('',(0.,-1.));
#10509 = ( GEOMETRIC_REPRESENTATION_CONTEXT(2) 
PARAMETRIC_REPRESENTATION_CONTEXT() REPRESENTATION_CONTEXT('2D SPACE',''
  ) );
#10510 = ADVANCED_FACE('',(#10511),#6755,.F.);
#10511 = FACE_BOUND('',#10512,.F.);
#10512 = EDGE_LOOP('',(#10513,#10514,#10537,#10558));
#10513 = ORIENTED_EDGE('',*,*,#10490,.T.);
#10514 = ORIENTED_EDGE('',*,*,#10515,.T.);
#10515 = EDGE_CURVE('',#10468,#10516,#10518,.T.);
#10516 = VERTEX_POINT('',#10517);
#10517 = CARTESIAN_POINT('',(-6.030933071362,-2.481951510864,18.25));
#10518 = SURFACE_CURVE('',#10519,(#10523,#10530),.PCURVE_S1.);
#10519 = LINE('',#10520,#10521);
#10520 = CARTESIAN_POINT('',(-6.305973501566,-2.42948474278,18.25));
#10521 = VECTOR('',#10522,1.);
#10522 = DIRECTION('',(0.982287250729,-0.187381314586,0.));
#10523 = PCURVE('',#6755,#10524);
#10524 = DEFINITIONAL_REPRESENTATION('',(#10525),#10529);
#10525 = LINE('',#10526,#10527);
#10526 = CARTESIAN_POINT('',(0.,-3.5));
#10527 = VECTOR('',#10528,1.);
#10528 = DIRECTION('',(1.,0.));
#10529 = ( GEOMETRIC_REPRESENTATION_CONTEXT(2) 
PARAMETRIC_REPRESENTATION_CONTEXT() REPRESENTATION_CONTEXT('2D SPACE',''
  ) );
#10530 = PCURVE('',#8162,#10531);
#10531 = DEFINITIONAL_REPRESENTATION('',(#10532),#10536);
#10532 = LINE('',#10533,#10534);
#10533 = CARTESIAN_POINT('',(-2.705973501566,-2.42948474278));
#10534 = VECTOR('',#10535,1.);
#10535 = DIRECTION('',(0.982287250729,-0.187381314586));
#10536 = ( GEOMETRIC_REPRESENTATION_CONTEXT(2) 
PARAMETRIC_REPRESENTATION_CONTEXT() REPRESENTATION_CONTEXT('2D SPACE',''
  ) );
#10537 = ORIENTED_EDGE('',*,*,#10538,.F.);
#10538 = EDGE_CURVE('',#6712,#10516,#10539,.T.);
#10539 = SURFACE_CURVE('',#10540,(#10544,#10551),.PCURVE_S1.);
#10540 = LINE('',#10541,#10542);
#10541 = CARTESIAN_POINT('',(-6.030933071362,-2.481951510864,14.75));
#10542 = VECTOR('',#10543,1.);
#10543 = DIRECTION('',(0.,0.,1.));
#10544 = PCURVE('',#6755,#10545);
#10545 = DEFINITIONAL_REPRESENTATION('',(#10546),#10550);
#10546 = LINE('',#10547,#10548);
#10547 = CARTESIAN_POINT('',(0.28,0.));
#10548 = VECTOR('',#10549,1.);
#10549 = DIRECTION('',(0.,-1.));
#10550 = ( GEOMETRIC_REPRESENTATION_CONTEXT(2) 
PARAMETRIC_REPRESENTATION_CONTEXT() REPRESENTATION_CONTEXT('2D SPACE',''
  ) );
#10551 = PCURVE('',#6727,#10552);
#10552 = DEFINITIONAL_REPRESENTATION('',(#10553),#10557);
#10553 = LINE('',#10554,#10555);
#10554 = CARTESIAN_POINT('',(0.,0.));
#10555 = VECTOR('',#10556,1.);
#10556 = DIRECTION('',(0.,-1.));
#10557 = ( GEOMETRIC_REPRESENTATION_CONTEXT(2) 
PARAMETRIC_REPRESENTATION_CONTEXT() REPRESENTATION_CONTEXT('2D SPACE',''
  ) );
#10558 = ORIENTED_EDGE('',*,*,#6739,.F.);
#10559 = ADVANCED_FACE('',(#10560),#6727,.F.);
#10560 = FACE_BOUND('',#10561,.F.);
#10561 = EDGE_LOOP('',(#10562,#10563,#10564,#10587));
#10562 = ORIENTED_EDGE('',*,*,#6711,.F.);
#10563 = ORIENTED_EDGE('',*,*,#10538,.T.);
#10564 = ORIENTED_EDGE('',*,*,#10565,.T.);
#10565 = EDGE_CURVE('',#10516,#10566,#10568,.T.);
#10566 = VERTEX_POINT('',#10567);
#10567 = CARTESIAN_POINT('',(-5.96449459377,-2.133668814476,18.25));
#10568 = SURFACE_CURVE('',#10569,(#10573,#10580),.PCURVE_S1.);
#10569 = LINE('',#10570,#10571);
#10570 = CARTESIAN_POINT('',(-6.030933071362,-2.481951510864,18.25));
#10571 = VECTOR('',#10572,1.);
#10572 = DIRECTION('',(0.187381314586,0.982287250729,0.));
#10573 = PCURVE('',#6727,#10574);
#10574 = DEFINITIONAL_REPRESENTATION('',(#10575),#10579);
#10575 = LINE('',#10576,#10577);
#10576 = CARTESIAN_POINT('',(0.,-3.5));
#10577 = VECTOR('',#10578,1.);
#10578 = DIRECTION('',(1.,0.));
#10579 = ( GEOMETRIC_REPRESENTATION_CONTEXT(2) 
PARAMETRIC_REPRESENTATION_CONTEXT() REPRESENTATION_CONTEXT('2D SPACE',''
  ) );
#10580 = PCURVE('',#8162,#10581);
#10581 = DEFINITIONAL_REPRESENTATION('',(#10582),#10586);
#10582 = LINE('',#10583,#10584);
#10583 = CARTESIAN_POINT('',(-2.430933071362,-2.481951510864));
#10584 = VECTOR('',#10585,1.);
#10585 = DIRECTION('',(0.187381314586,0.982287250729));
#10586 = ( GEOMETRIC_REPRESENTATION_CONTEXT(2) 
PARAMETRIC_REPRESENTATION_CONTEXT() REPRESENTATION_CONTEXT('2D SPACE',''
  ) );
#10587 = ORIENTED_EDGE('',*,*,#10588,.T.);
#10588 = EDGE_CURVE('',#10566,#6683,#10589,.T.);
#10589 = SURFACE_CURVE('',#10590,(#10594,#10600),.PCURVE_S1.);
#10590 = LINE('',#10591,#10592);
#10591 = CARTESIAN_POINT('',(-5.96449459377,-2.133668814476,14.75));
#10592 = VECTOR('',#10593,1.);
#10593 = DIRECTION('',(-0.,-0.,-1.));
#10594 = PCURVE('',#6727,#10595);
#10595 = DEFINITIONAL_REPRESENTATION('',(#10596),#10599);
#10596 = B_SPLINE_CURVE_WITH_KNOTS('',1,(#10597,#10598),.UNSPECIFIED.,
  .F.,.F.,(2,2),(-3.5000006,5.999999999062E-07),
  .PIECEWISE_BEZIER_KNOTS.);
#10597 = CARTESIAN_POINT('',(0.354562981582,-3.5000006));
#10598 = CARTESIAN_POINT('',(0.354562981582,5.999999999062E-07));
#10599 = ( GEOMETRIC_REPRESENTATION_CONTEXT(2) 
PARAMETRIC_REPRESENTATION_CONTEXT() REPRESENTATION_CONTEXT('2D SPACE',''
  ) );
#10600 = PCURVE('',#6699,#10601);
#10601 = DEFINITIONAL_REPRESENTATION('',(#10602),#10605);
#10602 = B_SPLINE_CURVE_WITH_KNOTS('',1,(#10603,#10604),.UNSPECIFIED.,
  .F.,.F.,(2,2),(-3.5000006,5.999999999062E-07),
  .PIECEWISE_BEZIER_KNOTS.);
#10603 = CARTESIAN_POINT('',(-4.589055805177,-3.5000006));
#10604 = CARTESIAN_POINT('',(-4.589055805177,5.999999999062E-07));
#10605 = ( GEOMETRIC_REPRESENTATION_CONTEXT(2) 
PARAMETRIC_REPRESENTATION_CONTEXT() REPRESENTATION_CONTEXT('2D SPACE',''
  ) );
#10606 = ADVANCED_FACE('',(#10607),#6699,.T.);
#10607 = FACE_BOUND('',#10608,.F.);
#10608 = EDGE_LOOP('',(#10609,#10610,#10611,#10635));
#10609 = ORIENTED_EDGE('',*,*,#6682,.F.);
#10610 = ORIENTED_EDGE('',*,*,#10588,.F.);
#10611 = ORIENTED_EDGE('',*,*,#10612,.T.);
#10612 = EDGE_CURVE('',#10566,#10613,#10615,.T.);
#10613 = VERTEX_POINT('',#10614);
#10614 = CARTESIAN_POINT('',(-5.705010636976,-2.149994161275,18.25));
#10615 = SURFACE_CURVE('',#10616,(#10621,#10628),.PCURVE_S1.);
#10616 = CIRCLE('',#10617,2.15);
#10617 = AXIS2_PLACEMENT_3D('',#10618,#10619,#10620);
#10618 = CARTESIAN_POINT('',(-5.7,0.,18.25));
#10619 = DIRECTION('',(0.,0.,1.));
#10620 = DIRECTION('',(1.,0.,0.));
#10621 = PCURVE('',#6699,#10622);
#10622 = DEFINITIONAL_REPRESENTATION('',(#10623),#10627);
#10623 = LINE('',#10624,#10625);
#10624 = CARTESIAN_POINT('',(-0.,-3.5));
#10625 = VECTOR('',#10626,1.);
#10626 = DIRECTION('',(-1.,0.));
#10627 = ( GEOMETRIC_REPRESENTATION_CONTEXT(2) 
PARAMETRIC_REPRESENTATION_CONTEXT() REPRESENTATION_CONTEXT('2D SPACE',''
  ) );
#10628 = PCURVE('',#8162,#10629);
#10629 = DEFINITIONAL_REPRESENTATION('',(#10630),#10634);
#10630 = CIRCLE('',#10631,2.15);
#10631 = AXIS2_PLACEMENT_2D('',#10632,#10633);
#10632 = CARTESIAN_POINT('',(-2.1,0.));
#10633 = DIRECTION('',(1.,0.));
#10634 = ( GEOMETRIC_REPRESENTATION_CONTEXT(2) 
PARAMETRIC_REPRESENTATION_CONTEXT() REPRESENTATION_CONTEXT('2D SPACE',''
  ) );
#10635 = ORIENTED_EDGE('',*,*,#10636,.T.);
#10636 = EDGE_CURVE('',#10613,#6655,#10637,.T.);
#10637 = SURFACE_CURVE('',#10638,(#10642,#10648),.PCURVE_S1.);
#10638 = LINE('',#10639,#10640);
#10639 = CARTESIAN_POINT('',(-5.705010636976,-2.149994161275,14.75));
#10640 = VECTOR('',#10641,1.);
#10641 = DIRECTION('',(-0.,-0.,-1.));
#10642 = PCURVE('',#6699,#10643);
#10643 = DEFINITIONAL_REPRESENTATION('',(#10644),#10647);
#10644 = B_SPLINE_CURVE_WITH_KNOTS('',1,(#10645,#10646),.UNSPECIFIED.,
  .F.,.F.,(2,2),(-3.5000006,5.999999999062E-07),
  .PIECEWISE_BEZIER_KNOTS.);
#10645 = CARTESIAN_POINT('',(-4.710058449449,-3.5000006));
#10646 = CARTESIAN_POINT('',(-4.710058449449,5.999999999062E-07));
#10647 = ( GEOMETRIC_REPRESENTATION_CONTEXT(2) 
PARAMETRIC_REPRESENTATION_CONTEXT() REPRESENTATION_CONTEXT('2D SPACE',''
  ) );
#10648 = PCURVE('',#6670,#10649);
#10649 = DEFINITIONAL_REPRESENTATION('',(#10650),#10653);
#10650 = B_SPLINE_CURVE_WITH_KNOTS('',1,(#10651,#10652),.UNSPECIFIED.,
  .F.,.F.,(2,2),(-3.5000006,5.999999999062E-07),
  .PIECEWISE_BEZIER_KNOTS.);
#10651 = CARTESIAN_POINT('',(0.445437018418,-3.5000006));
#10652 = CARTESIAN_POINT('',(0.445437018418,5.999999999062E-07));
#10653 = ( GEOMETRIC_REPRESENTATION_CONTEXT(2) 
PARAMETRIC_REPRESENTATION_CONTEXT() REPRESENTATION_CONTEXT('2D SPACE',''
  ) );
#10654 = ADVANCED_FACE('',(#10655),#6670,.F.);
#10655 = FACE_BOUND('',#10656,.F.);
#10656 = EDGE_LOOP('',(#10657,#10658,#10659,#10682));
#10657 = ORIENTED_EDGE('',*,*,#6654,.F.);
#10658 = ORIENTED_EDGE('',*,*,#10636,.F.);
#10659 = ORIENTED_EDGE('',*,*,#10660,.T.);
#10660 = EDGE_CURVE('',#10613,#10661,#10663,.T.);
#10661 = VERTEX_POINT('',#10662);
#10662 = CARTESIAN_POINT('',(-5.682747443157,-2.503857493805,18.25));
#10663 = SURFACE_CURVE('',#10664,(#10668,#10675),.PCURVE_S1.);
#10664 = LINE('',#10665,#10666);
#10665 = CARTESIAN_POINT('',(-5.73297985878,-1.705436111062,18.25));
#10666 = VECTOR('',#10667,1.);
#10667 = DIRECTION('',(6.279051952931E-02,-0.998026728428,0.));
#10668 = PCURVE('',#6670,#10669);
#10669 = DEFINITIONAL_REPRESENTATION('',(#10670),#10674);
#10670 = LINE('',#10671,#10672);
#10671 = CARTESIAN_POINT('',(0.,-3.5));
#10672 = VECTOR('',#10673,1.);
#10673 = DIRECTION('',(1.,0.));
#10674 = ( GEOMETRIC_REPRESENTATION_CONTEXT(2) 
PARAMETRIC_REPRESENTATION_CONTEXT() REPRESENTATION_CONTEXT('2D SPACE',''
  ) );
#10675 = PCURVE('',#8162,#10676);
#10676 = DEFINITIONAL_REPRESENTATION('',(#10677),#10681);
#10677 = LINE('',#10678,#10679);
#10678 = CARTESIAN_POINT('',(-2.13297985878,-1.705436111062));
#10679 = VECTOR('',#10680,1.);
#10680 = DIRECTION('',(6.279051952931E-02,-0.998026728428));
#10681 = ( GEOMETRIC_REPRESENTATION_CONTEXT(2) 
PARAMETRIC_REPRESENTATION_CONTEXT() REPRESENTATION_CONTEXT('2D SPACE',''
  ) );
#10682 = ORIENTED_EDGE('',*,*,#10683,.F.);
#10683 = EDGE_CURVE('',#6627,#10661,#10684,.T.);
#10684 = SURFACE_CURVE('',#10685,(#10689,#10696),.PCURVE_S1.);
#10685 = LINE('',#10686,#10687);
#10686 = CARTESIAN_POINT('',(-5.682747443157,-2.503857493805,14.75));
#10687 = VECTOR('',#10688,1.);
#10688 = DIRECTION('',(0.,0.,1.));
#10689 = PCURVE('',#6670,#10690);
#10690 = DEFINITIONAL_REPRESENTATION('',(#10691),#10695);
#10691 = LINE('',#10692,#10693);
#10692 = CARTESIAN_POINT('',(0.8,0.));
#10693 = VECTOR('',#10694,1.);
#10694 = DIRECTION('',(0.,-1.));
#10695 = ( GEOMETRIC_REPRESENTATION_CONTEXT(2) 
PARAMETRIC_REPRESENTATION_CONTEXT() REPRESENTATION_CONTEXT('2D SPACE',''
  ) );
#10696 = PCURVE('',#6642,#10697);
#10697 = DEFINITIONAL_REPRESENTATION('',(#10698),#10702);
#10698 = LINE('',#10699,#10700);
#10699 = CARTESIAN_POINT('',(0.,0.));
#10700 = VECTOR('',#10701,1.);
#10701 = DIRECTION('',(0.,-1.));
#10702 = ( GEOMETRIC_REPRESENTATION_CONTEXT(2) 
PARAMETRIC_REPRESENTATION_CONTEXT() REPRESENTATION_CONTEXT('2D SPACE',''
  ) );
#10703 = ADVANCED_FACE('',(#10704),#6642,.F.);
#10704 = FACE_BOUND('',#10705,.F.);
#10705 = EDGE_LOOP('',(#10706,#10707,#10730,#10751));
#10706 = ORIENTED_EDGE('',*,*,#10683,.T.);
#10707 = ORIENTED_EDGE('',*,*,#10708,.T.);
#10708 = EDGE_CURVE('',#10661,#10709,#10711,.T.);
#10709 = VERTEX_POINT('',#10710);
#10710 = CARTESIAN_POINT('',(-5.403299959197,-2.486276148337,18.25));
#10711 = SURFACE_CURVE('',#10712,(#10716,#10723),.PCURVE_S1.);
#10712 = LINE('',#10713,#10714);
#10713 = CARTESIAN_POINT('',(-5.682747443157,-2.503857493805,18.25));
#10714 = VECTOR('',#10715,1.);
#10715 = DIRECTION('',(0.998026728428,6.279051952931E-02,0.));
#10716 = PCURVE('',#6642,#10717);
#10717 = DEFINITIONAL_REPRESENTATION('',(#10718),#10722);
#10718 = LINE('',#10719,#10720);
#10719 = CARTESIAN_POINT('',(0.,-3.5));
#10720 = VECTOR('',#10721,1.);
#10721 = DIRECTION('',(1.,0.));
#10722 = ( GEOMETRIC_REPRESENTATION_CONTEXT(2) 
PARAMETRIC_REPRESENTATION_CONTEXT() REPRESENTATION_CONTEXT('2D SPACE',''
  ) );
#10723 = PCURVE('',#8162,#10724);
#10724 = DEFINITIONAL_REPRESENTATION('',(#10725),#10729);
#10725 = LINE('',#10726,#10727);
#10726 = CARTESIAN_POINT('',(-2.082747443157,-2.503857493805));
#10727 = VECTOR('',#10728,1.);
#10728 = DIRECTION('',(0.998026728428,6.279051952931E-02));
#10729 = ( GEOMETRIC_REPRESENTATION_CONTEXT(2) 
PARAMETRIC_REPRESENTATION_CONTEXT() REPRESENTATION_CONTEXT('2D SPACE',''
  ) );
#10730 = ORIENTED_EDGE('',*,*,#10731,.F.);
#10731 = EDGE_CURVE('',#6599,#10709,#10732,.T.);
#10732 = SURFACE_CURVE('',#10733,(#10737,#10744),.PCURVE_S1.);
#10733 = LINE('',#10734,#10735);
#10734 = CARTESIAN_POINT('',(-5.403299959197,-2.486276148337,14.75));
#10735 = VECTOR('',#10736,1.);
#10736 = DIRECTION('',(0.,0.,1.));
#10737 = PCURVE('',#6642,#10738);
#10738 = DEFINITIONAL_REPRESENTATION('',(#10739),#10743);
#10739 = LINE('',#10740,#10741);
#10740 = CARTESIAN_POINT('',(0.28,0.));
#10741 = VECTOR('',#10742,1.);
#10742 = DIRECTION('',(0.,-1.));
#10743 = ( GEOMETRIC_REPRESENTATION_CONTEXT(2) 
PARAMETRIC_REPRESENTATION_CONTEXT() REPRESENTATION_CONTEXT('2D SPACE',''
  ) );
#10744 = PCURVE('',#6614,#10745);
#10745 = DEFINITIONAL_REPRESENTATION('',(#10746),#10750);
#10746 = LINE('',#10747,#10748);
#10747 = CARTESIAN_POINT('',(0.,0.));
#10748 = VECTOR('',#10749,1.);
#10749 = DIRECTION('',(0.,-1.));
#10750 = ( GEOMETRIC_REPRESENTATION_CONTEXT(2) 
PARAMETRIC_REPRESENTATION_CONTEXT() REPRESENTATION_CONTEXT('2D SPACE',''
  ) );
#10751 = ORIENTED_EDGE('',*,*,#6626,.F.);
#10752 = ADVANCED_FACE('',(#10753),#6614,.F.);
#10753 = FACE_BOUND('',#10754,.F.);
#10754 = EDGE_LOOP('',(#10755,#10756,#10757,#10780));
#10755 = ORIENTED_EDGE('',*,*,#6598,.F.);
#10756 = ORIENTED_EDGE('',*,*,#10731,.T.);
#10757 = ORIENTED_EDGE('',*,*,#10758,.T.);
#10758 = EDGE_CURVE('',#10709,#10759,#10761,.T.);
#10759 = VERTEX_POINT('',#10760);
#10760 = CARTESIAN_POINT('',(-5.425563153016,-2.132412815807,18.25));
#10761 = SURFACE_CURVE('',#10762,(#10766,#10773),.PCURVE_S1.);
#10762 = LINE('',#10763,#10764);
#10763 = CARTESIAN_POINT('',(-5.403299959197,-2.486276148337,18.25));
#10764 = VECTOR('',#10765,1.);
#10765 = DIRECTION('',(-6.279051952931E-02,0.998026728428,0.));
#10766 = PCURVE('',#6614,#10767);
#10767 = DEFINITIONAL_REPRESENTATION('',(#10768),#10772);
#10768 = LINE('',#10769,#10770);
#10769 = CARTESIAN_POINT('',(0.,-3.5));
#10770 = VECTOR('',#10771,1.);
#10771 = DIRECTION('',(1.,0.));
#10772 = ( GEOMETRIC_REPRESENTATION_CONTEXT(2) 
PARAMETRIC_REPRESENTATION_CONTEXT() REPRESENTATION_CONTEXT('2D SPACE',''
  ) );
#10773 = PCURVE('',#8162,#10774);
#10774 = DEFINITIONAL_REPRESENTATION('',(#10775),#10779);
#10775 = LINE('',#10776,#10777);
#10776 = CARTESIAN_POINT('',(-1.803299959197,-2.486276148337));
#10777 = VECTOR('',#10778,1.);
#10778 = DIRECTION('',(-6.279051952931E-02,0.998026728428));
#10779 = ( GEOMETRIC_REPRESENTATION_CONTEXT(2) 
PARAMETRIC_REPRESENTATION_CONTEXT() REPRESENTATION_CONTEXT('2D SPACE',''
  ) );
#10780 = ORIENTED_EDGE('',*,*,#10781,.T.);
#10781 = EDGE_CURVE('',#10759,#6570,#10782,.T.);
#10782 = SURFACE_CURVE('',#10783,(#10787,#10793),.PCURVE_S1.);
#10783 = LINE('',#10784,#10785);
#10784 = CARTESIAN_POINT('',(-5.425563153016,-2.132412815807,14.75));
#10785 = VECTOR('',#10786,1.);
#10786 = DIRECTION('',(-0.,-0.,-1.));
#10787 = PCURVE('',#6614,#10788);
#10788 = DEFINITIONAL_REPRESENTATION('',(#10789),#10792);
#10789 = B_SPLINE_CURVE_WITH_KNOTS('',1,(#10790,#10791),.UNSPECIFIED.,
  .F.,.F.,(2,2),(-3.5000006,5.999999999062E-07),
  .PIECEWISE_BEZIER_KNOTS.);
#10790 = CARTESIAN_POINT('',(0.354562981582,-3.5000006));
#10791 = CARTESIAN_POINT('',(0.354562981582,5.999999999062E-07));
#10792 = ( GEOMETRIC_REPRESENTATION_CONTEXT(2) 
PARAMETRIC_REPRESENTATION_CONTEXT() REPRESENTATION_CONTEXT('2D SPACE',''
  ) );
#10793 = PCURVE('',#6586,#10794);
#10794 = DEFINITIONAL_REPRESENTATION('',(#10795),#10798);
#10795 = B_SPLINE_CURVE_WITH_KNOTS('',1,(#10796,#10797),.UNSPECIFIED.,
  .F.,.F.,(2,2),(-3.5000006,5.999999999062E-07),
  .PIECEWISE_BEZIER_KNOTS.);
#10796 = CARTESIAN_POINT('',(-4.840383217464,-3.5000006));
#10797 = CARTESIAN_POINT('',(-4.840383217464,5.999999999062E-07));
#10798 = ( GEOMETRIC_REPRESENTATION_CONTEXT(2) 
PARAMETRIC_REPRESENTATION_CONTEXT() REPRESENTATION_CONTEXT('2D SPACE',''
  ) );
#10799 = ADVANCED_FACE('',(#10800),#6586,.T.);
#10800 = FACE_BOUND('',#10801,.F.);
#10801 = EDGE_LOOP('',(#10802,#10803,#10804,#10828));
#10802 = ORIENTED_EDGE('',*,*,#6569,.F.);
#10803 = ORIENTED_EDGE('',*,*,#10781,.F.);
#10804 = ORIENTED_EDGE('',*,*,#10805,.T.);
#10805 = EDGE_CURVE('',#10759,#10806,#10808,.T.);
#10806 = VERTEX_POINT('',#10807);
#10807 = CARTESIAN_POINT('',(-5.170171413229,-2.08369423588,18.25));
#10808 = SURFACE_CURVE('',#10809,(#10814,#10821),.PCURVE_S1.);
#10809 = CIRCLE('',#10810,2.15);
#10810 = AXIS2_PLACEMENT_3D('',#10811,#10812,#10813);
#10811 = CARTESIAN_POINT('',(-5.7,0.,18.25));
#10812 = DIRECTION('',(0.,0.,1.));
#10813 = DIRECTION('',(1.,0.,0.));
#10814 = PCURVE('',#6586,#10815);
#10815 = DEFINITIONAL_REPRESENTATION('',(#10816),#10820);
#10816 = LINE('',#10817,#10818);
#10817 = CARTESIAN_POINT('',(-0.,-3.5));
#10818 = VECTOR('',#10819,1.);
#10819 = DIRECTION('',(-1.,0.));
#10820 = ( GEOMETRIC_REPRESENTATION_CONTEXT(2) 
PARAMETRIC_REPRESENTATION_CONTEXT() REPRESENTATION_CONTEXT('2D SPACE',''
  ) );
#10821 = PCURVE('',#8162,#10822);
#10822 = DEFINITIONAL_REPRESENTATION('',(#10823),#10827);
#10823 = CIRCLE('',#10824,2.15);
#10824 = AXIS2_PLACEMENT_2D('',#10825,#10826);
#10825 = CARTESIAN_POINT('',(-2.1,0.));
#10826 = DIRECTION('',(1.,0.));
#10827 = ( GEOMETRIC_REPRESENTATION_CONTEXT(2) 
PARAMETRIC_REPRESENTATION_CONTEXT() REPRESENTATION_CONTEXT('2D SPACE',''
  ) );
#10828 = ORIENTED_EDGE('',*,*,#10829,.T.);
#10829 = EDGE_CURVE('',#10806,#6542,#10830,.T.);
#10830 = SURFACE_CURVE('',#10831,(#10835,#10841),.PCURVE_S1.);
#10831 = LINE('',#10832,#10833);
#10832 = CARTESIAN_POINT('',(-5.170171413229,-2.08369423588,14.75));
#10833 = VECTOR('',#10834,1.);
#10834 = DIRECTION('',(-0.,-0.,-1.));
#10835 = PCURVE('',#6586,#10836);
#10836 = DEFINITIONAL_REPRESENTATION('',(#10837),#10840);
#10837 = B_SPLINE_CURVE_WITH_KNOTS('',1,(#10838,#10839),.UNSPECIFIED.,
  .F.,.F.,(2,2),(-3.5000006,5.999999999062E-07),
  .PIECEWISE_BEZIER_KNOTS.);
#10838 = CARTESIAN_POINT('',(-4.961385861736,-3.5000006));
#10839 = CARTESIAN_POINT('',(-4.961385861736,5.999999999062E-07));
#10840 = ( GEOMETRIC_REPRESENTATION_CONTEXT(2) 
PARAMETRIC_REPRESENTATION_CONTEXT() REPRESENTATION_CONTEXT('2D SPACE',''
  ) );
#10841 = PCURVE('',#6557,#10842);
#10842 = DEFINITIONAL_REPRESENTATION('',(#10843),#10846);
#10843 = B_SPLINE_CURVE_WITH_KNOTS('',1,(#10844,#10845),.UNSPECIFIED.,
  .F.,.F.,(2,2),(-3.5000006,5.999999999062E-07),
  .PIECEWISE_BEZIER_KNOTS.);
#10844 = CARTESIAN_POINT('',(0.445437018418,-3.5000006));
#10845 = CARTESIAN_POINT('',(0.445437018418,5.999999999062E-07));
#10846 = ( GEOMETRIC_REPRESENTATION_CONTEXT(2) 
PARAMETRIC_REPRESENTATION_CONTEXT() REPRESENTATION_CONTEXT('2D SPACE',''
  ) );
#10847 = ADVANCED_FACE('',(#10848),#6557,.F.);
#10848 = FACE_BOUND('',#10849,.F.);
#10849 = EDGE_LOOP('',(#10850,#10851,#10852,#10875));
#10850 = ORIENTED_EDGE('',*,*,#6541,.F.);
#10851 = ORIENTED_EDGE('',*,*,#10829,.F.);
#10852 = ORIENTED_EDGE('',*,*,#10853,.T.);
#10853 = EDGE_CURVE('',#10806,#10854,#10856,.T.);
#10854 = VERTEX_POINT('',#10855);
#10855 = CARTESIAN_POINT('',(-5.060605426344,-2.42090366995,18.25));
#10856 = SURFACE_CURVE('',#10857,(#10861,#10868),.PCURVE_S1.);
#10857 = LINE('',#10858,#10859);
#10858 = CARTESIAN_POINT('',(-5.307819021844,-1.660058456914,18.25));
#10859 = VECTOR('',#10860,1.);
#10860 = DIRECTION('',(0.309016994375,-0.951056516295,0.));
#10861 = PCURVE('',#6557,#10862);
#10862 = DEFINITIONAL_REPRESENTATION('',(#10863),#10867);
#10863 = LINE('',#10864,#10865);
#10864 = CARTESIAN_POINT('',(0.,-3.5));
#10865 = VECTOR('',#10866,1.);
#10866 = DIRECTION('',(1.,0.));
#10867 = ( GEOMETRIC_REPRESENTATION_CONTEXT(2) 
PARAMETRIC_REPRESENTATION_CONTEXT() REPRESENTATION_CONTEXT('2D SPACE',''
  ) );
#10868 = PCURVE('',#8162,#10869);
#10869 = DEFINITIONAL_REPRESENTATION('',(#10870),#10874);
#10870 = LINE('',#10871,#10872);
#10871 = CARTESIAN_POINT('',(-1.707819021844,-1.660058456914));
#10872 = VECTOR('',#10873,1.);
#10873 = DIRECTION('',(0.309016994375,-0.951056516295));
#10874 = ( GEOMETRIC_REPRESENTATION_CONTEXT(2) 
PARAMETRIC_REPRESENTATION_CONTEXT() REPRESENTATION_CONTEXT('2D SPACE',''
  ) );
#10875 = ORIENTED_EDGE('',*,*,#10876,.F.);
#10876 = EDGE_CURVE('',#6514,#10854,#10877,.T.);
#10877 = SURFACE_CURVE('',#10878,(#10882,#10889),.PCURVE_S1.);
#10878 = LINE('',#10879,#10880);
#10879 = CARTESIAN_POINT('',(-5.060605426344,-2.42090366995,14.75));
#10880 = VECTOR('',#10881,1.);
#10881 = DIRECTION('',(0.,0.,1.));
#10882 = PCURVE('',#6557,#10883);
#10883 = DEFINITIONAL_REPRESENTATION('',(#10884),#10888);
#10884 = LINE('',#10885,#10886);
#10885 = CARTESIAN_POINT('',(0.8,0.));
#10886 = VECTOR('',#10887,1.);
#10887 = DIRECTION('',(0.,-1.));
#10888 = ( GEOMETRIC_REPRESENTATION_CONTEXT(2) 
PARAMETRIC_REPRESENTATION_CONTEXT() REPRESENTATION_CONTEXT('2D SPACE',''
  ) );
#10889 = PCURVE('',#6529,#10890);
#10890 = DEFINITIONAL_REPRESENTATION('',(#10891),#10895);
#10891 = LINE('',#10892,#10893);
#10892 = CARTESIAN_POINT('',(0.,0.));
#10893 = VECTOR('',#10894,1.);
#10894 = DIRECTION('',(0.,-1.));
#10895 = ( GEOMETRIC_REPRESENTATION_CONTEXT(2) 
PARAMETRIC_REPRESENTATION_CONTEXT() REPRESENTATION_CONTEXT('2D SPACE',''
  ) );
#10896 = ADVANCED_FACE('',(#10897),#6529,.F.);
#10897 = FACE_BOUND('',#10898,.F.);
#10898 = EDGE_LOOP('',(#10899,#10900,#10923,#10944));
#10899 = ORIENTED_EDGE('',*,*,#10876,.T.);
#10900 = ORIENTED_EDGE('',*,*,#10901,.T.);
#10901 = EDGE_CURVE('',#10854,#10902,#10904,.T.);
#10902 = VERTEX_POINT('',#10903);
#10903 = CARTESIAN_POINT('',(-4.794309601781,-2.334378911525,18.25));
#10904 = SURFACE_CURVE('',#10905,(#10909,#10916),.PCURVE_S1.);
#10905 = LINE('',#10906,#10907);
#10906 = CARTESIAN_POINT('',(-5.060605426344,-2.42090366995,18.25));
#10907 = VECTOR('',#10908,1.);
#10908 = DIRECTION('',(0.951056516295,0.309016994375,0.));
#10909 = PCURVE('',#6529,#10910);
#10910 = DEFINITIONAL_REPRESENTATION('',(#10911),#10915);
#10911 = LINE('',#10912,#10913);
#10912 = CARTESIAN_POINT('',(0.,-3.5));
#10913 = VECTOR('',#10914,1.);
#10914 = DIRECTION('',(1.,0.));
#10915 = ( GEOMETRIC_REPRESENTATION_CONTEXT(2) 
PARAMETRIC_REPRESENTATION_CONTEXT() REPRESENTATION_CONTEXT('2D SPACE',''
  ) );
#10916 = PCURVE('',#8162,#10917);
#10917 = DEFINITIONAL_REPRESENTATION('',(#10918),#10922);
#10918 = LINE('',#10919,#10920);
#10919 = CARTESIAN_POINT('',(-1.460605426344,-2.42090366995));
#10920 = VECTOR('',#10921,1.);
#10921 = DIRECTION('',(0.951056516295,0.309016994375));
#10922 = ( GEOMETRIC_REPRESENTATION_CONTEXT(2) 
PARAMETRIC_REPRESENTATION_CONTEXT() REPRESENTATION_CONTEXT('2D SPACE',''
  ) );
#10923 = ORIENTED_EDGE('',*,*,#10924,.F.);
#10924 = EDGE_CURVE('',#6486,#10902,#10925,.T.);
#10925 = SURFACE_CURVE('',#10926,(#10930,#10937),.PCURVE_S1.);
#10926 = LINE('',#10927,#10928);
#10927 = CARTESIAN_POINT('',(-4.794309601781,-2.334378911525,14.75));
#10928 = VECTOR('',#10929,1.);
#10929 = DIRECTION('',(0.,0.,1.));
#10930 = PCURVE('',#6529,#10931);
#10931 = DEFINITIONAL_REPRESENTATION('',(#10932),#10936);
#10932 = LINE('',#10933,#10934);
#10933 = CARTESIAN_POINT('',(0.28,0.));
#10934 = VECTOR('',#10935,1.);
#10935 = DIRECTION('',(0.,-1.));
#10936 = ( GEOMETRIC_REPRESENTATION_CONTEXT(2) 
PARAMETRIC_REPRESENTATION_CONTEXT() REPRESENTATION_CONTEXT('2D SPACE',''
  ) );
#10937 = PCURVE('',#6501,#10938);
#10938 = DEFINITIONAL_REPRESENTATION('',(#10939),#10943);
#10939 = LINE('',#10940,#10941);
#10940 = CARTESIAN_POINT('',(0.,0.));
#10941 = VECTOR('',#10942,1.);
#10942 = DIRECTION('',(0.,-1.));
#10943 = ( GEOMETRIC_REPRESENTATION_CONTEXT(2) 
PARAMETRIC_REPRESENTATION_CONTEXT() REPRESENTATION_CONTEXT('2D SPACE',''
  ) );
#10944 = ORIENTED_EDGE('',*,*,#6513,.F.);
#10945 = ADVANCED_FACE('',(#10946),#6501,.F.);
#10946 = FACE_BOUND('',#10947,.F.);
#10947 = EDGE_LOOP('',(#10948,#10949,#10950,#10973));
#10948 = ORIENTED_EDGE('',*,*,#6485,.F.);
#10949 = ORIENTED_EDGE('',*,*,#10924,.T.);
#10950 = ORIENTED_EDGE('',*,*,#10951,.T.);
#10951 = EDGE_CURVE('',#10902,#10952,#10954,.T.);
#10952 = VERTEX_POINT('',#10953);
#10953 = CARTESIAN_POINT('',(-4.903875588666,-1.997169477455,18.25));
#10954 = SURFACE_CURVE('',#10955,(#10959,#10966),.PCURVE_S1.);
#10955 = LINE('',#10956,#10957);
#10956 = CARTESIAN_POINT('',(-4.794309601781,-2.334378911525,18.25));
#10957 = VECTOR('',#10958,1.);
#10958 = DIRECTION('',(-0.309016994375,0.951056516295,0.));
#10959 = PCURVE('',#6501,#10960);
#10960 = DEFINITIONAL_REPRESENTATION('',(#10961),#10965);
#10961 = LINE('',#10962,#10963);
#10962 = CARTESIAN_POINT('',(0.,-3.5));
#10963 = VECTOR('',#10964,1.);
#10964 = DIRECTION('',(1.,0.));
#10965 = ( GEOMETRIC_REPRESENTATION_CONTEXT(2) 
PARAMETRIC_REPRESENTATION_CONTEXT() REPRESENTATION_CONTEXT('2D SPACE',''
  ) );
#10966 = PCURVE('',#8162,#10967);
#10967 = DEFINITIONAL_REPRESENTATION('',(#10968),#10972);
#10968 = LINE('',#10969,#10970);
#10969 = CARTESIAN_POINT('',(-1.194309601781,-2.334378911525));
#10970 = VECTOR('',#10971,1.);
#10971 = DIRECTION('',(-0.309016994375,0.951056516295));
#10972 = ( GEOMETRIC_REPRESENTATION_CONTEXT(2) 
PARAMETRIC_REPRESENTATION_CONTEXT() REPRESENTATION_CONTEXT('2D SPACE',''
  ) );
#10973 = ORIENTED_EDGE('',*,*,#10974,.T.);
#10974 = EDGE_CURVE('',#10952,#6457,#10975,.T.);
#10975 = SURFACE_CURVE('',#10976,(#10980,#10986),.PCURVE_S1.);
#10976 = LINE('',#10977,#10978);
#10977 = CARTESIAN_POINT('',(-4.903875588666,-1.997169477455,14.75));
#10978 = VECTOR('',#10979,1.);
#10979 = DIRECTION('',(-0.,-0.,-1.));
#10980 = PCURVE('',#6501,#10981);
#10981 = DEFINITIONAL_REPRESENTATION('',(#10982),#10985);
#10982 = B_SPLINE_CURVE_WITH_KNOTS('',1,(#10983,#10984),.UNSPECIFIED.,
  .F.,.F.,(2,2),(-3.5000006,5.999999999062E-07),
  .PIECEWISE_BEZIER_KNOTS.);
#10983 = CARTESIAN_POINT('',(0.354562981582,-3.5000006));
#10984 = CARTESIAN_POINT('',(0.354562981582,5.999999999062E-07));
#10985 = ( GEOMETRIC_REPRESENTATION_CONTEXT(2) 
PARAMETRIC_REPRESENTATION_CONTEXT() REPRESENTATION_CONTEXT('2D SPACE',''
  ) );
#10986 = PCURVE('',#6473,#10987);
#10987 = DEFINITIONAL_REPRESENTATION('',(#10988),#10991);
#10988 = B_SPLINE_CURVE_WITH_KNOTS('',1,(#10989,#10990),.UNSPECIFIED.,
  .F.,.F.,(2,2),(-3.5000006,5.999999999062E-07),
  .PIECEWISE_BEZIER_KNOTS.);
#10989 = CARTESIAN_POINT('',(-5.091710629751,-3.5000006));
#10990 = CARTESIAN_POINT('',(-5.091710629751,5.999999999062E-07));
#10991 = ( GEOMETRIC_REPRESENTATION_CONTEXT(2) 
PARAMETRIC_REPRESENTATION_CONTEXT() REPRESENTATION_CONTEXT('2D SPACE',''
  ) );
#10992 = ADVANCED_FACE('',(#10993),#6473,.T.);
#10993 = FACE_BOUND('',#10994,.F.);
#10994 = EDGE_LOOP('',(#10995,#10996,#10997,#11021));
#10995 = ORIENTED_EDGE('',*,*,#6456,.F.);
#10996 = ORIENTED_EDGE('',*,*,#10974,.F.);
#10997 = ORIENTED_EDGE('',*,*,#10998,.T.);
#10998 = EDGE_CURVE('',#10952,#10999,#11001,.T.);
#10999 = VERTEX_POINT('',#11000);
#11000 = CARTESIAN_POINT('',(-4.668623268162,-1.886468138353,18.25));
#11001 = SURFACE_CURVE('',#11002,(#11007,#11014),.PCURVE_S1.);
#11002 = CIRCLE('',#11003,2.15);
#11003 = AXIS2_PLACEMENT_3D('',#11004,#11005,#11006);
#11004 = CARTESIAN_POINT('',(-5.7,0.,18.25));
#11005 = DIRECTION('',(0.,0.,1.));
#11006 = DIRECTION('',(1.,0.,0.));
#11007 = PCURVE('',#6473,#11008);
#11008 = DEFINITIONAL_REPRESENTATION('',(#11009),#11013);
#11009 = LINE('',#11010,#11011);
#11010 = CARTESIAN_POINT('',(-0.,-3.5));
#11011 = VECTOR('',#11012,1.);
#11012 = DIRECTION('',(-1.,0.));
#11013 = ( GEOMETRIC_REPRESENTATION_CONTEXT(2) 
PARAMETRIC_REPRESENTATION_CONTEXT() REPRESENTATION_CONTEXT('2D SPACE',''
  ) );
#11014 = PCURVE('',#8162,#11015);
#11015 = DEFINITIONAL_REPRESENTATION('',(#11016),#11020);
#11016 = CIRCLE('',#11017,2.15);
#11017 = AXIS2_PLACEMENT_2D('',#11018,#11019);
#11018 = CARTESIAN_POINT('',(-2.1,0.));
#11019 = DIRECTION('',(1.,0.));
#11020 = ( GEOMETRIC_REPRESENTATION_CONTEXT(2) 
PARAMETRIC_REPRESENTATION_CONTEXT() REPRESENTATION_CONTEXT('2D SPACE',''
  ) );
#11021 = ORIENTED_EDGE('',*,*,#11022,.T.);
#11022 = EDGE_CURVE('',#10999,#6429,#11023,.T.);
#11023 = SURFACE_CURVE('',#11024,(#11028,#11034),.PCURVE_S1.);
#11024 = LINE('',#11025,#11026);
#11025 = CARTESIAN_POINT('',(-4.668623268162,-1.886468138353,14.75));
#11026 = VECTOR('',#11027,1.);
#11027 = DIRECTION('',(-0.,-0.,-1.));
#11028 = PCURVE('',#6473,#11029);
#11029 = DEFINITIONAL_REPRESENTATION('',(#11030),#11033);
#11030 = B_SPLINE_CURVE_WITH_KNOTS('',1,(#11031,#11032),.UNSPECIFIED.,
  .F.,.F.,(2,2),(-3.5000006,5.999999999062E-07),
  .PIECEWISE_BEZIER_KNOTS.);
#11031 = CARTESIAN_POINT('',(-5.212713274023,-3.5000006));
#11032 = CARTESIAN_POINT('',(-5.212713274023,5.999999999062E-07));
#11033 = ( GEOMETRIC_REPRESENTATION_CONTEXT(2) 
PARAMETRIC_REPRESENTATION_CONTEXT() REPRESENTATION_CONTEXT('2D SPACE',''
  ) );
#11034 = PCURVE('',#6444,#11035);
#11035 = DEFINITIONAL_REPRESENTATION('',(#11036),#11039);
#11036 = B_SPLINE_CURVE_WITH_KNOTS('',1,(#11037,#11038),.UNSPECIFIED.,
  .F.,.F.,(2,2),(-3.5000006,5.999999999062E-07),
  .PIECEWISE_BEZIER_KNOTS.);
#11037 = CARTESIAN_POINT('',(0.445437018418,-3.5000006));
#11038 = CARTESIAN_POINT('',(0.445437018418,5.999999999062E-07));
#11039 = ( GEOMETRIC_REPRESENTATION_CONTEXT(2) 
PARAMETRIC_REPRESENTATION_CONTEXT() REPRESENTATION_CONTEXT('2D SPACE',''
  ) );
#11040 = ADVANCED_FACE('',(#11041),#6444,.F.);
#11041 = FACE_BOUND('',#11042,.F.);
#11042 = EDGE_LOOP('',(#11043,#11044,#11045,#11068));
#11043 = ORIENTED_EDGE('',*,*,#6428,.F.);
#11044 = ORIENTED_EDGE('',*,*,#11022,.F.);
#11045 = ORIENTED_EDGE('',*,*,#11046,.T.);
#11046 = EDGE_CURVE('',#10999,#11047,#11049,.T.);
#11047 = VERTEX_POINT('',#11048);
#11048 = CARTESIAN_POINT('',(-4.478638922123,-2.185835565052,18.25));
#11049 = SURFACE_CURVE('',#11050,(#11054,#11061),.PCURVE_S1.);
#11050 = LINE('',#11051,#11052);
#11051 = CARTESIAN_POINT('',(-4.907300358106,-1.51037322465,18.25));
#11052 = VECTOR('',#11053,1.);
#11053 = DIRECTION('',(0.535826794979,-0.844327925502,0.));
#11054 = PCURVE('',#6444,#11055);
#11055 = DEFINITIONAL_REPRESENTATION('',(#11056),#11060);
#11056 = LINE('',#11057,#11058);
#11057 = CARTESIAN_POINT('',(0.,-3.5));
#11058 = VECTOR('',#11059,1.);
#11059 = DIRECTION('',(1.,0.));
#11060 = ( GEOMETRIC_REPRESENTATION_CONTEXT(2) 
PARAMETRIC_REPRESENTATION_CONTEXT() REPRESENTATION_CONTEXT('2D SPACE',''
  ) );
#11061 = PCURVE('',#8162,#11062);
#11062 = DEFINITIONAL_REPRESENTATION('',(#11063),#11067);
#11063 = LINE('',#11064,#11065);
#11064 = CARTESIAN_POINT('',(-1.307300358106,-1.51037322465));
#11065 = VECTOR('',#11066,1.);
#11066 = DIRECTION('',(0.535826794979,-0.844327925502));
#11067 = ( GEOMETRIC_REPRESENTATION_CONTEXT(2) 
PARAMETRIC_REPRESENTATION_CONTEXT() REPRESENTATION_CONTEXT('2D SPACE',''
  ) );
#11068 = ORIENTED_EDGE('',*,*,#11069,.F.);
#11069 = EDGE_CURVE('',#6401,#11047,#11070,.T.);
#11070 = SURFACE_CURVE('',#11071,(#11075,#11082),.PCURVE_S1.);
#11071 = LINE('',#11072,#11073);
#11072 = CARTESIAN_POINT('',(-4.478638922123,-2.185835565052,14.75));
#11073 = VECTOR('',#11074,1.);
#11074 = DIRECTION('',(0.,0.,1.));
#11075 = PCURVE('',#6444,#11076);
#11076 = DEFINITIONAL_REPRESENTATION('',(#11077),#11081);
#11077 = LINE('',#11078,#11079);
#11078 = CARTESIAN_POINT('',(0.8,0.));
#11079 = VECTOR('',#11080,1.);
#11080 = DIRECTION('',(0.,-1.));
#11081 = ( GEOMETRIC_REPRESENTATION_CONTEXT(2) 
PARAMETRIC_REPRESENTATION_CONTEXT() REPRESENTATION_CONTEXT('2D SPACE',''
  ) );
#11082 = PCURVE('',#6416,#11083);
#11083 = DEFINITIONAL_REPRESENTATION('',(#11084),#11088);
#11084 = LINE('',#11085,#11086);
#11085 = CARTESIAN_POINT('',(0.,0.));
#11086 = VECTOR('',#11087,1.);
#11087 = DIRECTION('',(0.,-1.));
#11088 = ( GEOMETRIC_REPRESENTATION_CONTEXT(2) 
PARAMETRIC_REPRESENTATION_CONTEXT() REPRESENTATION_CONTEXT('2D SPACE',''
  ) );
#11089 = ADVANCED_FACE('',(#11090),#6416,.F.);
#11090 = FACE_BOUND('',#11091,.F.);
#11091 = EDGE_LOOP('',(#11092,#11093,#11116,#11137));
#11092 = ORIENTED_EDGE('',*,*,#11069,.T.);
#11093 = ORIENTED_EDGE('',*,*,#11094,.T.);
#11094 = EDGE_CURVE('',#11047,#11095,#11097,.T.);
#11095 = VERTEX_POINT('',#11096);
#11096 = CARTESIAN_POINT('',(-4.242227102982,-2.035804062458,18.25));
#11097 = SURFACE_CURVE('',#11098,(#11102,#11109),.PCURVE_S1.);
#11098 = LINE('',#11099,#11100);
#11099 = CARTESIAN_POINT('',(-4.478638922123,-2.185835565052,18.25));
#11100 = VECTOR('',#11101,1.);
#11101 = DIRECTION('',(0.844327925502,0.535826794979,0.));
#11102 = PCURVE('',#6416,#11103);
#11103 = DEFINITIONAL_REPRESENTATION('',(#11104),#11108);
#11104 = LINE('',#11105,#11106);
#11105 = CARTESIAN_POINT('',(0.,-3.5));
#11106 = VECTOR('',#11107,1.);
#11107 = DIRECTION('',(1.,0.));
#11108 = ( GEOMETRIC_REPRESENTATION_CONTEXT(2) 
PARAMETRIC_REPRESENTATION_CONTEXT() REPRESENTATION_CONTEXT('2D SPACE',''
  ) );
#11109 = PCURVE('',#8162,#11110);
#11110 = DEFINITIONAL_REPRESENTATION('',(#11111),#11115);
#11111 = LINE('',#11112,#11113);
#11112 = CARTESIAN_POINT('',(-0.878638922123,-2.185835565052));
#11113 = VECTOR('',#11114,1.);
#11114 = DIRECTION('',(0.844327925502,0.535826794979));
#11115 = ( GEOMETRIC_REPRESENTATION_CONTEXT(2) 
PARAMETRIC_REPRESENTATION_CONTEXT() REPRESENTATION_CONTEXT('2D SPACE',''
  ) );
#11116 = ORIENTED_EDGE('',*,*,#11117,.F.);
#11117 = EDGE_CURVE('',#6373,#11095,#11118,.T.);
#11118 = SURFACE_CURVE('',#11119,(#11123,#11130),.PCURVE_S1.);
#11119 = LINE('',#11120,#11121);
#11120 = CARTESIAN_POINT('',(-4.242227102982,-2.035804062458,14.75));
#11121 = VECTOR('',#11122,1.);
#11122 = DIRECTION('',(0.,0.,1.));
#11123 = PCURVE('',#6416,#11124);
#11124 = DEFINITIONAL_REPRESENTATION('',(#11125),#11129);
#11125 = LINE('',#11126,#11127);
#11126 = CARTESIAN_POINT('',(0.28,0.));
#11127 = VECTOR('',#11128,1.);
#11128 = DIRECTION('',(0.,-1.));
#11129 = ( GEOMETRIC_REPRESENTATION_CONTEXT(2) 
PARAMETRIC_REPRESENTATION_CONTEXT() REPRESENTATION_CONTEXT('2D SPACE',''
  ) );
#11130 = PCURVE('',#6388,#11131);
#11131 = DEFINITIONAL_REPRESENTATION('',(#11132),#11136);
#11132 = LINE('',#11133,#11134);
#11133 = CARTESIAN_POINT('',(0.,0.));
#11134 = VECTOR('',#11135,1.);
#11135 = DIRECTION('',(0.,-1.));
#11136 = ( GEOMETRIC_REPRESENTATION_CONTEXT(2) 
PARAMETRIC_REPRESENTATION_CONTEXT() REPRESENTATION_CONTEXT('2D SPACE',''
  ) );
#11137 = ORIENTED_EDGE('',*,*,#6400,.F.);
#11138 = ADVANCED_FACE('',(#11139),#6388,.F.);
#11139 = FACE_BOUND('',#11140,.F.);
#11140 = EDGE_LOOP('',(#11141,#11142,#11143,#11166));
#11141 = ORIENTED_EDGE('',*,*,#6372,.F.);
#11142 = ORIENTED_EDGE('',*,*,#11117,.T.);
#11143 = ORIENTED_EDGE('',*,*,#11144,.T.);
#11144 = EDGE_CURVE('',#11095,#11145,#11147,.T.);
#11145 = VERTEX_POINT('',#11146);
#11146 = CARTESIAN_POINT('',(-4.432211449021,-1.736436635759,18.25));
#11147 = SURFACE_CURVE('',#11148,(#11152,#11159),.PCURVE_S1.);
#11148 = LINE('',#11149,#11150);
#11149 = CARTESIAN_POINT('',(-4.242227102982,-2.035804062458,18.25));
#11150 = VECTOR('',#11151,1.);
#11151 = DIRECTION('',(-0.535826794979,0.844327925502,0.));
#11152 = PCURVE('',#6388,#11153);
#11153 = DEFINITIONAL_REPRESENTATION('',(#11154),#11158);
#11154 = LINE('',#11155,#11156);
#11155 = CARTESIAN_POINT('',(0.,-3.5));
#11156 = VECTOR('',#11157,1.);
#11157 = DIRECTION('',(1.,0.));
#11158 = ( GEOMETRIC_REPRESENTATION_CONTEXT(2) 
PARAMETRIC_REPRESENTATION_CONTEXT() REPRESENTATION_CONTEXT('2D SPACE',''
  ) );
#11159 = PCURVE('',#8162,#11160);
#11160 = DEFINITIONAL_REPRESENTATION('',(#11161),#11165);
#11161 = LINE('',#11162,#11163);
#11162 = CARTESIAN_POINT('',(-0.642227102982,-2.035804062458));
#11163 = VECTOR('',#11164,1.);
#11164 = DIRECTION('',(-0.535826794979,0.844327925502));
#11165 = ( GEOMETRIC_REPRESENTATION_CONTEXT(2) 
PARAMETRIC_REPRESENTATION_CONTEXT() REPRESENTATION_CONTEXT('2D SPACE',''
  ) );
#11166 = ORIENTED_EDGE('',*,*,#11167,.T.);
#11167 = EDGE_CURVE('',#11145,#6344,#11168,.T.);
#11168 = SURFACE_CURVE('',#11169,(#11173,#11179),.PCURVE_S1.);
#11169 = LINE('',#11170,#11171);
#11170 = CARTESIAN_POINT('',(-4.432211449021,-1.736436635759,14.75));
#11171 = VECTOR('',#11172,1.);
#11172 = DIRECTION('',(-0.,-0.,-1.));
#11173 = PCURVE('',#6388,#11174);
#11174 = DEFINITIONAL_REPRESENTATION('',(#11175),#11178);
#11175 = B_SPLINE_CURVE_WITH_KNOTS('',1,(#11176,#11177),.UNSPECIFIED.,
  .F.,.F.,(2,2),(-3.5000006,5.999999999062E-07),
  .PIECEWISE_BEZIER_KNOTS.);
#11176 = CARTESIAN_POINT('',(0.354562981582,-3.5000006));
#11177 = CARTESIAN_POINT('',(0.354562981582,5.999999999062E-07));
#11178 = ( GEOMETRIC_REPRESENTATION_CONTEXT(2) 
PARAMETRIC_REPRESENTATION_CONTEXT() REPRESENTATION_CONTEXT('2D SPACE',''
  ) );
#11179 = PCURVE('',#6360,#11180);
#11180 = DEFINITIONAL_REPRESENTATION('',(#11181),#11184);
#11181 = B_SPLINE_CURVE_WITH_KNOTS('',1,(#11182,#11183),.UNSPECIFIED.,
  .F.,.F.,(2,2),(-3.5000006,5.999999999062E-07),
  .PIECEWISE_BEZIER_KNOTS.);
#11182 = CARTESIAN_POINT('',(-5.343038042038,-3.5000006));
#11183 = CARTESIAN_POINT('',(-5.343038042038,5.999999999062E-07));
#11184 = ( GEOMETRIC_REPRESENTATION_CONTEXT(2) 
PARAMETRIC_REPRESENTATION_CONTEXT() REPRESENTATION_CONTEXT('2D SPACE',''
  ) );
#11185 = ADVANCED_FACE('',(#11186),#6360,.T.);
#11186 = FACE_BOUND('',#11187,.F.);
#11187 = EDGE_LOOP('',(#11188,#11189,#11190,#11214));
#11188 = ORIENTED_EDGE('',*,*,#6343,.F.);
#11189 = ORIENTED_EDGE('',*,*,#11167,.F.);
#11190 = ORIENTED_EDGE('',*,*,#11191,.T.);
#11191 = EDGE_CURVE('',#11145,#11192,#11194,.T.);
#11192 = VERTEX_POINT('',#11193);
#11193 = CARTESIAN_POINT('',(-4.231880316295,-1.57070830975,18.25));
#11194 = SURFACE_CURVE('',#11195,(#11200,#11207),.PCURVE_S1.);
#11195 = CIRCLE('',#11196,2.15);
#11196 = AXIS2_PLACEMENT_3D('',#11197,#11198,#11199);
#11197 = CARTESIAN_POINT('',(-5.7,0.,18.25));
#11198 = DIRECTION('',(0.,0.,1.));
#11199 = DIRECTION('',(1.,0.,0.));
#11200 = PCURVE('',#6360,#11201);
#11201 = DEFINITIONAL_REPRESENTATION('',(#11202),#11206);
#11202 = LINE('',#11203,#11204);
#11203 = CARTESIAN_POINT('',(-0.,-3.5));
#11204 = VECTOR('',#11205,1.);
#11205 = DIRECTION('',(-1.,0.));
#11206 = ( GEOMETRIC_REPRESENTATION_CONTEXT(2) 
PARAMETRIC_REPRESENTATION_CONTEXT() REPRESENTATION_CONTEXT('2D SPACE',''
  ) );
#11207 = PCURVE('',#8162,#11208);
#11208 = DEFINITIONAL_REPRESENTATION('',(#11209),#11213);
#11209 = CIRCLE('',#11210,2.15);
#11210 = AXIS2_PLACEMENT_2D('',#11211,#11212);
#11211 = CARTESIAN_POINT('',(-2.1,0.));
#11212 = DIRECTION('',(1.,0.));
#11213 = ( GEOMETRIC_REPRESENTATION_CONTEXT(2) 
PARAMETRIC_REPRESENTATION_CONTEXT() REPRESENTATION_CONTEXT('2D SPACE',''
  ) );
#11214 = ORIENTED_EDGE('',*,*,#11215,.T.);
#11215 = EDGE_CURVE('',#11192,#6316,#11216,.T.);
#11216 = SURFACE_CURVE('',#11217,(#11221,#11227),.PCURVE_S1.);
#11217 = LINE('',#11218,#11219);
#11218 = CARTESIAN_POINT('',(-4.231880316294,-1.57070830975,14.75));
#11219 = VECTOR('',#11220,1.);
#11220 = DIRECTION('',(-0.,-0.,-1.));
#11221 = PCURVE('',#6360,#11222);
#11222 = DEFINITIONAL_REPRESENTATION('',(#11223),#11226);
#11223 = B_SPLINE_CURVE_WITH_KNOTS('',1,(#11224,#11225),.UNSPECIFIED.,
  .F.,.F.,(2,2),(-3.5000006,5.999999999062E-07),
  .PIECEWISE_BEZIER_KNOTS.);
#11224 = CARTESIAN_POINT('',(-5.464040686311,-3.5000006));
#11225 = CARTESIAN_POINT('',(-5.464040686311,5.999999999062E-07));
#11226 = ( GEOMETRIC_REPRESENTATION_CONTEXT(2) 
PARAMETRIC_REPRESENTATION_CONTEXT() REPRESENTATION_CONTEXT('2D SPACE',''
  ) );
#11227 = PCURVE('',#6331,#11228);
#11228 = DEFINITIONAL_REPRESENTATION('',(#11229),#11232);
#11229 = B_SPLINE_CURVE_WITH_KNOTS('',1,(#11230,#11231),.UNSPECIFIED.,
  .F.,.F.,(2,2),(-3.5000006,5.999999999062E-07),
  .PIECEWISE_BEZIER_KNOTS.);
#11230 = CARTESIAN_POINT('',(0.445437018418,-3.5000006));
#11231 = CARTESIAN_POINT('',(0.445437018418,5.999999999062E-07));
#11232 = ( GEOMETRIC_REPRESENTATION_CONTEXT(2) 
PARAMETRIC_REPRESENTATION_CONTEXT() REPRESENTATION_CONTEXT('2D SPACE',''
  ) );
#11233 = ADVANCED_FACE('',(#11234),#6331,.F.);
#11234 = FACE_BOUND('',#11235,.F.);
#11235 = EDGE_LOOP('',(#11236,#11237,#11238,#11261));
#11236 = ORIENTED_EDGE('',*,*,#6315,.F.);
#11237 = ORIENTED_EDGE('',*,*,#11215,.F.);
#11238 = ORIENTED_EDGE('',*,*,#11239,.T.);
#11239 = EDGE_CURVE('',#11192,#11240,#11242,.T.);
#11240 = VERTEX_POINT('',#11241);
#11241 = CARTESIAN_POINT('',(-3.973415026276,-1.813423372661,18.25));
#11242 = SURFACE_CURVE('',#11243,(#11247,#11254),.PCURVE_S1.);
#11243 = LINE('',#11244,#11245);
#11244 = CARTESIAN_POINT('',(-4.556589928214,-1.265785687918,18.25));
#11245 = VECTOR('',#11246,1.);
#11246 = DIRECTION('',(0.728968627421,-0.684547105929,0.));
#11247 = PCURVE('',#6331,#11248);
#11248 = DEFINITIONAL_REPRESENTATION('',(#11249),#11253);
#11249 = LINE('',#11250,#11251);
#11250 = CARTESIAN_POINT('',(0.,-3.5));
#11251 = VECTOR('',#11252,1.);
#11252 = DIRECTION('',(1.,0.));
#11253 = ( GEOMETRIC_REPRESENTATION_CONTEXT(2) 
PARAMETRIC_REPRESENTATION_CONTEXT() REPRESENTATION_CONTEXT('2D SPACE',''
  ) );
#11254 = PCURVE('',#8162,#11255);
#11255 = DEFINITIONAL_REPRESENTATION('',(#11256),#11260);
#11256 = LINE('',#11257,#11258);
#11257 = CARTESIAN_POINT('',(-0.956589928214,-1.265785687918));
#11258 = VECTOR('',#11259,1.);
#11259 = DIRECTION('',(0.728968627421,-0.684547105929));
#11260 = ( GEOMETRIC_REPRESENTATION_CONTEXT(2) 
PARAMETRIC_REPRESENTATION_CONTEXT() REPRESENTATION_CONTEXT('2D SPACE',''
  ) );
#11261 = ORIENTED_EDGE('',*,*,#11262,.F.);
#11262 = EDGE_CURVE('',#6288,#11240,#11263,.T.);
#11263 = SURFACE_CURVE('',#11264,(#11268,#11275),.PCURVE_S1.);
#11264 = LINE('',#11265,#11266);
#11265 = CARTESIAN_POINT('',(-3.973415026276,-1.813423372661,14.75));
#11266 = VECTOR('',#11267,1.);
#11267 = DIRECTION('',(0.,0.,1.));
#11268 = PCURVE('',#6331,#11269);
#11269 = DEFINITIONAL_REPRESENTATION('',(#11270),#11274);
#11270 = LINE('',#11271,#11272);
#11271 = CARTESIAN_POINT('',(0.8,0.));
#11272 = VECTOR('',#11273,1.);
#11273 = DIRECTION('',(0.,-1.));
#11274 = ( GEOMETRIC_REPRESENTATION_CONTEXT(2) 
PARAMETRIC_REPRESENTATION_CONTEXT() REPRESENTATION_CONTEXT('2D SPACE',''
  ) );
#11275 = PCURVE('',#6303,#11276);
#11276 = DEFINITIONAL_REPRESENTATION('',(#11277),#11281);
#11277 = LINE('',#11278,#11279);
#11278 = CARTESIAN_POINT('',(0.,0.));
#11279 = VECTOR('',#11280,1.);
#11280 = DIRECTION('',(0.,-1.));
#11281 = ( GEOMETRIC_REPRESENTATION_CONTEXT(2) 
PARAMETRIC_REPRESENTATION_CONTEXT() REPRESENTATION_CONTEXT('2D SPACE',''
  ) );
#11282 = ADVANCED_FACE('',(#11283),#6303,.F.);
#11283 = FACE_BOUND('',#11284,.F.);
#11284 = EDGE_LOOP('',(#11285,#11286,#11309,#11330));
#11285 = ORIENTED_EDGE('',*,*,#11262,.T.);
#11286 = ORIENTED_EDGE('',*,*,#11287,.T.);
#11287 = EDGE_CURVE('',#11240,#11288,#11290,.T.);
#11288 = VERTEX_POINT('',#11289);
#11289 = CARTESIAN_POINT('',(-3.781741836616,-1.609312156983,18.25));
#11290 = SURFACE_CURVE('',#11291,(#11295,#11302),.PCURVE_S1.);
#11291 = LINE('',#11292,#11293);
#11292 = CARTESIAN_POINT('',(-3.973415026276,-1.813423372661,18.25));
#11293 = VECTOR('',#11294,1.);
#11294 = DIRECTION('',(0.684547105929,0.728968627421,0.));
#11295 = PCURVE('',#6303,#11296);
#11296 = DEFINITIONAL_REPRESENTATION('',(#11297),#11301);
#11297 = LINE('',#11298,#11299);
#11298 = CARTESIAN_POINT('',(0.,-3.5));
#11299 = VECTOR('',#11300,1.);
#11300 = DIRECTION('',(1.,0.));
#11301 = ( GEOMETRIC_REPRESENTATION_CONTEXT(2) 
PARAMETRIC_REPRESENTATION_CONTEXT() REPRESENTATION_CONTEXT('2D SPACE',''
  ) );
#11302 = PCURVE('',#8162,#11303);
#11303 = DEFINITIONAL_REPRESENTATION('',(#11304),#11308);
#11304 = LINE('',#11305,#11306);
#11305 = CARTESIAN_POINT('',(-0.373415026276,-1.813423372661));
#11306 = VECTOR('',#11307,1.);
#11307 = DIRECTION('',(0.684547105929,0.728968627421));
#11308 = ( GEOMETRIC_REPRESENTATION_CONTEXT(2) 
PARAMETRIC_REPRESENTATION_CONTEXT() REPRESENTATION_CONTEXT('2D SPACE',''
  ) );
#11309 = ORIENTED_EDGE('',*,*,#11310,.F.);
#11310 = EDGE_CURVE('',#6260,#11288,#11311,.T.);
#11311 = SURFACE_CURVE('',#11312,(#11316,#11323),.PCURVE_S1.);
#11312 = LINE('',#11313,#11314);
#11313 = CARTESIAN_POINT('',(-3.781741836616,-1.609312156983,14.75));
#11314 = VECTOR('',#11315,1.);
#11315 = DIRECTION('',(0.,0.,1.));
#11316 = PCURVE('',#6303,#11317);
#11317 = DEFINITIONAL_REPRESENTATION('',(#11318),#11322);
#11318 = LINE('',#11319,#11320);
#11319 = CARTESIAN_POINT('',(0.28,0.));
#11320 = VECTOR('',#11321,1.);
#11321 = DIRECTION('',(0.,-1.));
#11322 = ( GEOMETRIC_REPRESENTATION_CONTEXT(2) 
PARAMETRIC_REPRESENTATION_CONTEXT() REPRESENTATION_CONTEXT('2D SPACE',''
  ) );
#11323 = PCURVE('',#6275,#11324);
#11324 = DEFINITIONAL_REPRESENTATION('',(#11325),#11329);
#11325 = LINE('',#11326,#11327);
#11326 = CARTESIAN_POINT('',(0.,0.));
#11327 = VECTOR('',#11328,1.);
#11328 = DIRECTION('',(0.,-1.));
#11329 = ( GEOMETRIC_REPRESENTATION_CONTEXT(2) 
PARAMETRIC_REPRESENTATION_CONTEXT() REPRESENTATION_CONTEXT('2D SPACE',''
  ) );
#11330 = ORIENTED_EDGE('',*,*,#6287,.F.);
#11331 = ADVANCED_FACE('',(#11332),#6275,.F.);
#11332 = FACE_BOUND('',#11333,.F.);
#11333 = EDGE_LOOP('',(#11334,#11335,#11336,#11359));
#11334 = ORIENTED_EDGE('',*,*,#6259,.F.);
#11335 = ORIENTED_EDGE('',*,*,#11310,.T.);
#11336 = ORIENTED_EDGE('',*,*,#11337,.T.);
#11337 = EDGE_CURVE('',#11288,#11338,#11340,.T.);
#11338 = VERTEX_POINT('',#11339);
#11339 = CARTESIAN_POINT('',(-4.040207126634,-1.366597094072,18.25));
#11340 = SURFACE_CURVE('',#11341,(#11345,#11352),.PCURVE_S1.);
#11341 = LINE('',#11342,#11343);
#11342 = CARTESIAN_POINT('',(-3.781741836616,-1.609312156983,18.25));
#11343 = VECTOR('',#11344,1.);
#11344 = DIRECTION('',(-0.728968627421,0.684547105929,0.));
#11345 = PCURVE('',#6275,#11346);
#11346 = DEFINITIONAL_REPRESENTATION('',(#11347),#11351);
#11347 = LINE('',#11348,#11349);
#11348 = CARTESIAN_POINT('',(0.,-3.5));
#11349 = VECTOR('',#11350,1.);
#11350 = DIRECTION('',(1.,0.));
#11351 = ( GEOMETRIC_REPRESENTATION_CONTEXT(2) 
PARAMETRIC_REPRESENTATION_CONTEXT() REPRESENTATION_CONTEXT('2D SPACE',''
  ) );
#11352 = PCURVE('',#8162,#11353);
#11353 = DEFINITIONAL_REPRESENTATION('',(#11354),#11358);
#11354 = LINE('',#11355,#11356);
#11355 = CARTESIAN_POINT('',(-0.181741836616,-1.609312156983));
#11356 = VECTOR('',#11357,1.);
#11357 = DIRECTION('',(-0.728968627421,0.684547105929));
#11358 = ( GEOMETRIC_REPRESENTATION_CONTEXT(2) 
PARAMETRIC_REPRESENTATION_CONTEXT() REPRESENTATION_CONTEXT('2D SPACE',''
  ) );
#11359 = ORIENTED_EDGE('',*,*,#11360,.T.);
#11360 = EDGE_CURVE('',#11338,#6231,#11361,.T.);
#11361 = SURFACE_CURVE('',#11362,(#11366,#11372),.PCURVE_S1.);
#11362 = LINE('',#11363,#11364);
#11363 = CARTESIAN_POINT('',(-4.040207126634,-1.366597094072,14.75));
#11364 = VECTOR('',#11365,1.);
#11365 = DIRECTION('',(-0.,-0.,-1.));
#11366 = PCURVE('',#6275,#11367);
#11367 = DEFINITIONAL_REPRESENTATION('',(#11368),#11371);
#11368 = B_SPLINE_CURVE_WITH_KNOTS('',1,(#11369,#11370),.UNSPECIFIED.,
  .F.,.F.,(2,2),(-3.5000006,5.999999999062E-07),
  .PIECEWISE_BEZIER_KNOTS.);
#11369 = CARTESIAN_POINT('',(0.354562981582,-3.5000006));
#11370 = CARTESIAN_POINT('',(0.354562981582,5.999999999062E-07));
#11371 = ( GEOMETRIC_REPRESENTATION_CONTEXT(2) 
PARAMETRIC_REPRESENTATION_CONTEXT() REPRESENTATION_CONTEXT('2D SPACE',''
  ) );
#11372 = PCURVE('',#6247,#11373);
#11373 = DEFINITIONAL_REPRESENTATION('',(#11374),#11377);
#11374 = B_SPLINE_CURVE_WITH_KNOTS('',1,(#11375,#11376),.UNSPECIFIED.,
  .F.,.F.,(2,2),(-3.5000006,5.999999999062E-07),
  .PIECEWISE_BEZIER_KNOTS.);
#11375 = CARTESIAN_POINT('',(-5.594365454326,-3.5000006));
#11376 = CARTESIAN_POINT('',(-5.594365454326,5.999999999062E-07));
#11377 = ( GEOMETRIC_REPRESENTATION_CONTEXT(2) 
PARAMETRIC_REPRESENTATION_CONTEXT() REPRESENTATION_CONTEXT('2D SPACE',''
  ) );
#11378 = ADVANCED_FACE('',(#11379),#6247,.T.);
#11379 = FACE_BOUND('',#11380,.F.);
#11380 = EDGE_LOOP('',(#11381,#11382,#11383,#11407));
#11381 = ORIENTED_EDGE('',*,*,#6230,.F.);
#11382 = ORIENTED_EDGE('',*,*,#11360,.F.);
#11383 = ORIENTED_EDGE('',*,*,#11384,.T.);
#11384 = EDGE_CURVE('',#11338,#11385,#11387,.T.);
#11385 = VERTEX_POINT('',#11386);
#11386 = CARTESIAN_POINT('',(-3.887384723521,-1.156255101383,18.25));
#11387 = SURFACE_CURVE('',#11388,(#11393,#11400),.PCURVE_S1.);
#11388 = CIRCLE('',#11389,2.15);
#11389 = AXIS2_PLACEMENT_3D('',#11390,#11391,#11392);
#11390 = CARTESIAN_POINT('',(-5.7,0.,18.25));
#11391 = DIRECTION('',(0.,0.,1.));
#11392 = DIRECTION('',(1.,0.,0.));
#11393 = PCURVE('',#6247,#11394);
#11394 = DEFINITIONAL_REPRESENTATION('',(#11395),#11399);
#11395 = LINE('',#11396,#11397);
#11396 = CARTESIAN_POINT('',(-0.,-3.5));
#11397 = VECTOR('',#11398,1.);
#11398 = DIRECTION('',(-1.,0.));
#11399 = ( GEOMETRIC_REPRESENTATION_CONTEXT(2) 
PARAMETRIC_REPRESENTATION_CONTEXT() REPRESENTATION_CONTEXT('2D SPACE',''
  ) );
#11400 = PCURVE('',#8162,#11401);
#11401 = DEFINITIONAL_REPRESENTATION('',(#11402),#11406);
#11402 = CIRCLE('',#11403,2.15);
#11403 = AXIS2_PLACEMENT_2D('',#11404,#11405);
#11404 = CARTESIAN_POINT('',(-2.1,0.));
#11405 = DIRECTION('',(1.,0.));
#11406 = ( GEOMETRIC_REPRESENTATION_CONTEXT(2) 
PARAMETRIC_REPRESENTATION_CONTEXT() REPRESENTATION_CONTEXT('2D SPACE',''
  ) );
#11407 = ORIENTED_EDGE('',*,*,#11408,.T.);
#11408 = EDGE_CURVE('',#11385,#6203,#11409,.T.);
#11409 = SURFACE_CURVE('',#11410,(#11414,#11420),.PCURVE_S1.);
#11410 = LINE('',#11411,#11412);
#11411 = CARTESIAN_POINT('',(-3.887384723521,-1.156255101383,14.75));
#11412 = VECTOR('',#11413,1.);
#11413 = DIRECTION('',(-0.,-0.,-1.));
#11414 = PCURVE('',#6247,#11415);
#11415 = DEFINITIONAL_REPRESENTATION('',(#11416),#11419);
#11416 = B_SPLINE_CURVE_WITH_KNOTS('',1,(#11417,#11418),.UNSPECIFIED.,
  .F.,.F.,(2,2),(-3.5000006,5.999999999062E-07),
  .PIECEWISE_BEZIER_KNOTS.);
#11417 = CARTESIAN_POINT('',(-5.715368098598,-3.5000006));
#11418 = CARTESIAN_POINT('',(-5.715368098598,5.999999999062E-07));
#11419 = ( GEOMETRIC_REPRESENTATION_CONTEXT(2) 
PARAMETRIC_REPRESENTATION_CONTEXT() REPRESENTATION_CONTEXT('2D SPACE',''
  ) );
#11420 = PCURVE('',#6218,#11421);
#11421 = DEFINITIONAL_REPRESENTATION('',(#11422),#11425);
#11422 = B_SPLINE_CURVE_WITH_KNOTS('',1,(#11423,#11424),.UNSPECIFIED.,
  .F.,.F.,(2,2),(-3.5000006,5.999999999062E-07),
  .PIECEWISE_BEZIER_KNOTS.);
#11423 = CARTESIAN_POINT('',(0.445437018418,-3.5000006));
#11424 = CARTESIAN_POINT('',(0.445437018418,5.999999999062E-07));
#11425 = ( GEOMETRIC_REPRESENTATION_CONTEXT(2) 
PARAMETRIC_REPRESENTATION_CONTEXT() REPRESENTATION_CONTEXT('2D SPACE',''
  ) );
#11426 = ADVANCED_FACE('',(#11427),#6218,.F.);
#11427 = FACE_BOUND('',#11428,.F.);
#11428 = EDGE_LOOP('',(#11429,#11430,#11431,#11454));
#11429 = ORIENTED_EDGE('',*,*,#6202,.F.);
#11430 = ORIENTED_EDGE('',*,*,#11408,.F.);
#11431 = ORIENTED_EDGE('',*,*,#11432,.T.);
#11432 = EDGE_CURVE('',#11385,#11433,#11435,.T.);
#11433 = VERTEX_POINT('',#11434);
#11434 = CARTESIAN_POINT('',(-3.576678814265,-1.32706712046,18.25));
#11435 = SURFACE_CURVE('',#11436,(#11440,#11447),.PCURVE_S1.);
#11436 = LINE('',#11437,#11438);
#11437 = CARTESIAN_POINT('',(-4.2777241583,-0.941664181179,18.25));
#11438 = VECTOR('',#11439,1.);
#11439 = DIRECTION('',(0.876306680044,-0.481753674102,0.));
#11440 = PCURVE('',#6218,#11441);
#11441 = DEFINITIONAL_REPRESENTATION('',(#11442),#11446);
#11442 = LINE('',#11443,#11444);
#11443 = CARTESIAN_POINT('',(0.,-3.5));
#11444 = VECTOR('',#11445,1.);
#11445 = DIRECTION('',(1.,0.));
#11446 = ( GEOMETRIC_REPRESENTATION_CONTEXT(2) 
PARAMETRIC_REPRESENTATION_CONTEXT() REPRESENTATION_CONTEXT('2D SPACE',''
  ) );
#11447 = PCURVE('',#8162,#11448);
#11448 = DEFINITIONAL_REPRESENTATION('',(#11449),#11453);
#11449 = LINE('',#11450,#11451);
#11450 = CARTESIAN_POINT('',(-0.6777241583,-0.941664181179));
#11451 = VECTOR('',#11452,1.);
#11452 = DIRECTION('',(0.876306680044,-0.481753674102));
#11453 = ( GEOMETRIC_REPRESENTATION_CONTEXT(2) 
PARAMETRIC_REPRESENTATION_CONTEXT() REPRESENTATION_CONTEXT('2D SPACE',''
  ) );
#11454 = ORIENTED_EDGE('',*,*,#11455,.F.);
#11455 = EDGE_CURVE('',#6175,#11433,#11456,.T.);
#11456 = SURFACE_CURVE('',#11457,(#11461,#11468),.PCURVE_S1.);
#11457 = LINE('',#11458,#11459);
#11458 = CARTESIAN_POINT('',(-3.576678814265,-1.32706712046,14.75));
#11459 = VECTOR('',#11460,1.);
#11460 = DIRECTION('',(0.,0.,1.));
#11461 = PCURVE('',#6218,#11462);
#11462 = DEFINITIONAL_REPRESENTATION('',(#11463),#11467);
#11463 = LINE('',#11464,#11465);
#11464 = CARTESIAN_POINT('',(0.8,0.));
#11465 = VECTOR('',#11466,1.);
#11466 = DIRECTION('',(0.,-1.));
#11467 = ( GEOMETRIC_REPRESENTATION_CONTEXT(2) 
PARAMETRIC_REPRESENTATION_CONTEXT() REPRESENTATION_CONTEXT('2D SPACE',''
  ) );
#11468 = PCURVE('',#6190,#11469);
#11469 = DEFINITIONAL_REPRESENTATION('',(#11470),#11474);
#11470 = LINE('',#11471,#11472);
#11471 = CARTESIAN_POINT('',(0.,0.));
#11472 = VECTOR('',#11473,1.);
#11473 = DIRECTION('',(0.,-1.));
#11474 = ( GEOMETRIC_REPRESENTATION_CONTEXT(2) 
PARAMETRIC_REPRESENTATION_CONTEXT() REPRESENTATION_CONTEXT('2D SPACE',''
  ) );
#11475 = ADVANCED_FACE('',(#11476),#6190,.F.);
#11476 = FACE_BOUND('',#11477,.F.);
#11477 = EDGE_LOOP('',(#11478,#11479,#11502,#11523));
#11478 = ORIENTED_EDGE('',*,*,#11455,.T.);
#11479 = ORIENTED_EDGE('',*,*,#11480,.T.);
#11480 = EDGE_CURVE('',#11433,#11481,#11483,.T.);
#11481 = VERTEX_POINT('',#11482);
#11482 = CARTESIAN_POINT('',(-3.441787785516,-1.081701250048,18.25));
#11483 = SURFACE_CURVE('',#11484,(#11488,#11495),.PCURVE_S1.);
#11484 = LINE('',#11485,#11486);
#11485 = CARTESIAN_POINT('',(-3.576678814265,-1.32706712046,18.25));
#11486 = VECTOR('',#11487,1.);
#11487 = DIRECTION('',(0.481753674102,0.876306680044,0.));
#11488 = PCURVE('',#6190,#11489);
#11489 = DEFINITIONAL_REPRESENTATION('',(#11490),#11494);
#11490 = LINE('',#11491,#11492);
#11491 = CARTESIAN_POINT('',(0.,-3.5));
#11492 = VECTOR('',#11493,1.);
#11493 = DIRECTION('',(1.,0.));
#11494 = ( GEOMETRIC_REPRESENTATION_CONTEXT(2) 
PARAMETRIC_REPRESENTATION_CONTEXT() REPRESENTATION_CONTEXT('2D SPACE',''
  ) );
#11495 = PCURVE('',#8162,#11496);
#11496 = DEFINITIONAL_REPRESENTATION('',(#11497),#11501);
#11497 = LINE('',#11498,#11499);
#11498 = CARTESIAN_POINT('',(2.332118573542E-02,-1.32706712046));
#11499 = VECTOR('',#11500,1.);
#11500 = DIRECTION('',(0.481753674102,0.876306680044));
#11501 = ( GEOMETRIC_REPRESENTATION_CONTEXT(2) 
PARAMETRIC_REPRESENTATION_CONTEXT() REPRESENTATION_CONTEXT('2D SPACE',''
  ) );
#11502 = ORIENTED_EDGE('',*,*,#11503,.F.);
#11503 = EDGE_CURVE('',#6147,#11481,#11504,.T.);
#11504 = SURFACE_CURVE('',#11505,(#11509,#11516),.PCURVE_S1.);
#11505 = LINE('',#11506,#11507);
#11506 = CARTESIAN_POINT('',(-3.441787785516,-1.081701250048,14.75));
#11507 = VECTOR('',#11508,1.);
#11508 = DIRECTION('',(0.,0.,1.));
#11509 = PCURVE('',#6190,#11510);
#11510 = DEFINITIONAL_REPRESENTATION('',(#11511),#11515);
#11511 = LINE('',#11512,#11513);
#11512 = CARTESIAN_POINT('',(0.28,0.));
#11513 = VECTOR('',#11514,1.);
#11514 = DIRECTION('',(0.,-1.));
#11515 = ( GEOMETRIC_REPRESENTATION_CONTEXT(2) 
PARAMETRIC_REPRESENTATION_CONTEXT() REPRESENTATION_CONTEXT('2D SPACE',''
  ) );
#11516 = PCURVE('',#6162,#11517);
#11517 = DEFINITIONAL_REPRESENTATION('',(#11518),#11522);
#11518 = LINE('',#11519,#11520);
#11519 = CARTESIAN_POINT('',(0.,0.));
#11520 = VECTOR('',#11521,1.);
#11521 = DIRECTION('',(0.,-1.));
#11522 = ( GEOMETRIC_REPRESENTATION_CONTEXT(2) 
PARAMETRIC_REPRESENTATION_CONTEXT() REPRESENTATION_CONTEXT('2D SPACE',''
  ) );
#11523 = ORIENTED_EDGE('',*,*,#6174,.F.);
#11524 = ADVANCED_FACE('',(#11525),#6162,.F.);
#11525 = FACE_BOUND('',#11526,.F.);
#11526 = EDGE_LOOP('',(#11527,#11528,#11529,#11552));
#11527 = ORIENTED_EDGE('',*,*,#6146,.F.);
#11528 = ORIENTED_EDGE('',*,*,#11503,.T.);
#11529 = ORIENTED_EDGE('',*,*,#11530,.T.);
#11530 = EDGE_CURVE('',#11481,#11531,#11533,.T.);
#11531 = VERTEX_POINT('',#11532);
#11532 = CARTESIAN_POINT('',(-3.752493694772,-0.910889230971,18.25));
#11533 = SURFACE_CURVE('',#11534,(#11538,#11545),.PCURVE_S1.);
#11534 = LINE('',#11535,#11536);
#11535 = CARTESIAN_POINT('',(-3.441787785516,-1.081701250048,18.25));
#11536 = VECTOR('',#11537,1.);
#11537 = DIRECTION('',(-0.876306680044,0.481753674102,0.));
#11538 = PCURVE('',#6162,#11539);
#11539 = DEFINITIONAL_REPRESENTATION('',(#11540),#11544);
#11540 = LINE('',#11541,#11542);
#11541 = CARTESIAN_POINT('',(0.,-3.5));
#11542 = VECTOR('',#11543,1.);
#11543 = DIRECTION('',(1.,0.));
#11544 = ( GEOMETRIC_REPRESENTATION_CONTEXT(2) 
PARAMETRIC_REPRESENTATION_CONTEXT() REPRESENTATION_CONTEXT('2D SPACE',''
  ) );
#11545 = PCURVE('',#8162,#11546);
#11546 = DEFINITIONAL_REPRESENTATION('',(#11547),#11551);
#11547 = LINE('',#11548,#11549);
#11548 = CARTESIAN_POINT('',(0.158212214484,-1.081701250048));
#11549 = VECTOR('',#11550,1.);
#11550 = DIRECTION('',(-0.876306680044,0.481753674102));
#11551 = ( GEOMETRIC_REPRESENTATION_CONTEXT(2) 
PARAMETRIC_REPRESENTATION_CONTEXT() REPRESENTATION_CONTEXT('2D SPACE',''
  ) );
#11552 = ORIENTED_EDGE('',*,*,#11553,.T.);
#11553 = EDGE_CURVE('',#11531,#6118,#11554,.T.);
#11554 = SURFACE_CURVE('',#11555,(#11559,#11565),.PCURVE_S1.);
#11555 = LINE('',#11556,#11557);
#11556 = CARTESIAN_POINT('',(-3.752493694772,-0.910889230971,14.75));
#11557 = VECTOR('',#11558,1.);
#11558 = DIRECTION('',(-0.,-0.,-1.));
#11559 = PCURVE('',#6162,#11560);
#11560 = DEFINITIONAL_REPRESENTATION('',(#11561),#11564);
#11561 = B_SPLINE_CURVE_WITH_KNOTS('',1,(#11562,#11563),.UNSPECIFIED.,
  .F.,.F.,(2,2),(-3.5000006,5.999999999062E-07),
  .PIECEWISE_BEZIER_KNOTS.);
#11562 = CARTESIAN_POINT('',(0.354562981582,-3.5000006));
#11563 = CARTESIAN_POINT('',(0.354562981582,5.999999999062E-07));
#11564 = ( GEOMETRIC_REPRESENTATION_CONTEXT(2) 
PARAMETRIC_REPRESENTATION_CONTEXT() REPRESENTATION_CONTEXT('2D SPACE',''
  ) );
#11565 = PCURVE('',#6134,#11566);
#11566 = DEFINITIONAL_REPRESENTATION('',(#11567),#11570);
#11567 = B_SPLINE_CURVE_WITH_KNOTS('',1,(#11568,#11569),.UNSPECIFIED.,
  .F.,.F.,(2,2),(-3.5000006,5.999999999062E-07),
  .PIECEWISE_BEZIER_KNOTS.);
#11568 = CARTESIAN_POINT('',(-5.845692866613,-3.5000006));
#11569 = CARTESIAN_POINT('',(-5.845692866613,5.999999999062E-07));
#11570 = ( GEOMETRIC_REPRESENTATION_CONTEXT(2) 
PARAMETRIC_REPRESENTATION_CONTEXT() REPRESENTATION_CONTEXT('2D SPACE',''
  ) );
#11571 = ADVANCED_FACE('',(#11572),#6134,.T.);
#11572 = FACE_BOUND('',#11573,.F.);
#11573 = EDGE_LOOP('',(#11574,#11575,#11576,#11600));
#11574 = ORIENTED_EDGE('',*,*,#6117,.F.);
#11575 = ORIENTED_EDGE('',*,*,#11553,.F.);
#11576 = ORIENTED_EDGE('',*,*,#11577,.T.);
#11577 = EDGE_CURVE('',#11531,#11578,#11580,.T.);
#11578 = VERTEX_POINT('',#11579);
#11579 = CARTESIAN_POINT('',(-3.656782414901,-0.669150132588,18.25));
#11580 = SURFACE_CURVE('',#11581,(#11586,#11593),.PCURVE_S1.);
#11581 = CIRCLE('',#11582,2.15);
#11582 = AXIS2_PLACEMENT_3D('',#11583,#11584,#11585);
#11583 = CARTESIAN_POINT('',(-5.7,0.,18.25));
#11584 = DIRECTION('',(0.,0.,1.));
#11585 = DIRECTION('',(1.,0.,0.));
#11586 = PCURVE('',#6134,#11587);
#11587 = DEFINITIONAL_REPRESENTATION('',(#11588),#11592);
#11588 = LINE('',#11589,#11590);
#11589 = CARTESIAN_POINT('',(-0.,-3.5));
#11590 = VECTOR('',#11591,1.);
#11591 = DIRECTION('',(-1.,0.));
#11592 = ( GEOMETRIC_REPRESENTATION_CONTEXT(2) 
PARAMETRIC_REPRESENTATION_CONTEXT() REPRESENTATION_CONTEXT('2D SPACE',''
  ) );
#11593 = PCURVE('',#8162,#11594);
#11594 = DEFINITIONAL_REPRESENTATION('',(#11595),#11599);
#11595 = CIRCLE('',#11596,2.15);
#11596 = AXIS2_PLACEMENT_2D('',#11597,#11598);
#11597 = CARTESIAN_POINT('',(-2.1,0.));
#11598 = DIRECTION('',(1.,0.));
#11599 = ( GEOMETRIC_REPRESENTATION_CONTEXT(2) 
PARAMETRIC_REPRESENTATION_CONTEXT() REPRESENTATION_CONTEXT('2D SPACE',''
  ) );
#11600 = ORIENTED_EDGE('',*,*,#11601,.T.);
#11601 = EDGE_CURVE('',#11578,#6090,#11602,.T.);
#11602 = SURFACE_CURVE('',#11603,(#11607,#11613),.PCURVE_S1.);
#11603 = LINE('',#11604,#11605);
#11604 = CARTESIAN_POINT('',(-3.656782414901,-0.669150132588,14.75));
#11605 = VECTOR('',#11606,1.);
#11606 = DIRECTION('',(-0.,-0.,-1.));
#11607 = PCURVE('',#6134,#11608);
#11608 = DEFINITIONAL_REPRESENTATION('',(#11609),#11612);
#11609 = B_SPLINE_CURVE_WITH_KNOTS('',1,(#11610,#11611),.UNSPECIFIED.,
  .F.,.F.,(2,2),(-3.5000006,5.999999999062E-07),
  .PIECEWISE_BEZIER_KNOTS.);
#11610 = CARTESIAN_POINT('',(-5.966695510885,-3.5000006));
#11611 = CARTESIAN_POINT('',(-5.966695510885,5.999999999062E-07));
#11612 = ( GEOMETRIC_REPRESENTATION_CONTEXT(2) 
PARAMETRIC_REPRESENTATION_CONTEXT() REPRESENTATION_CONTEXT('2D SPACE',''
  ) );
#11613 = PCURVE('',#6105,#11614);
#11614 = DEFINITIONAL_REPRESENTATION('',(#11615),#11618);
#11615 = B_SPLINE_CURVE_WITH_KNOTS('',1,(#11616,#11617),.UNSPECIFIED.,
  .F.,.F.,(2,2),(-3.5000006,5.999999999062E-07),
  .PIECEWISE_BEZIER_KNOTS.);
#11616 = CARTESIAN_POINT('',(0.445437018418,-3.5000006));
#11617 = CARTESIAN_POINT('',(0.445437018418,5.999999999062E-07));
#11618 = ( GEOMETRIC_REPRESENTATION_CONTEXT(2) 
PARAMETRIC_REPRESENTATION_CONTEXT() REPRESENTATION_CONTEXT('2D SPACE',''
  ) );
#11619 = ADVANCED_FACE('',(#11620),#6105,.F.);
#11620 = FACE_BOUND('',#11621,.F.);
#11621 = EDGE_LOOP('',(#11622,#11623,#11624,#11647));
#11622 = ORIENTED_EDGE('',*,*,#6089,.F.);
#11623 = ORIENTED_EDGE('',*,*,#11601,.F.);
#11624 = ORIENTED_EDGE('',*,*,#11625,.T.);
#11625 = EDGE_CURVE('',#11578,#11626,#11628,.T.);
#11626 = VERTEX_POINT('',#11627);
#11627 = CARTESIAN_POINT('',(-3.313358681382,-0.75732636047,18.25));
#11628 = SURFACE_CURVE('',#11629,(#11633,#11640),.PCURVE_S1.);
#11629 = LINE('',#11630,#11631);
#11630 = CARTESIAN_POINT('',(-4.088225210284,-0.558374450738,18.25));
#11631 = VECTOR('',#11632,1.);
#11632 = DIRECTION('',(0.968583161129,-0.248689887165,0.));
#11633 = PCURVE('',#6105,#11634);
#11634 = DEFINITIONAL_REPRESENTATION('',(#11635),#11639);
#11635 = LINE('',#11636,#11637);
#11636 = CARTESIAN_POINT('',(0.,-3.5));
#11637 = VECTOR('',#11638,1.);
#11638 = DIRECTION('',(1.,0.));
#11639 = ( GEOMETRIC_REPRESENTATION_CONTEXT(2) 
PARAMETRIC_REPRESENTATION_CONTEXT() REPRESENTATION_CONTEXT('2D SPACE',''
  ) );
#11640 = PCURVE('',#8162,#11641);
#11641 = DEFINITIONAL_REPRESENTATION('',(#11642),#11646);
#11642 = LINE('',#11643,#11644);
#11643 = CARTESIAN_POINT('',(-0.488225210284,-0.558374450738));
#11644 = VECTOR('',#11645,1.);
#11645 = DIRECTION('',(0.968583161129,-0.248689887165));
#11646 = ( GEOMETRIC_REPRESENTATION_CONTEXT(2) 
PARAMETRIC_REPRESENTATION_CONTEXT() REPRESENTATION_CONTEXT('2D SPACE',''
  ) );
#11647 = ORIENTED_EDGE('',*,*,#11648,.F.);
#11648 = EDGE_CURVE('',#6062,#11626,#11649,.T.);
#11649 = SURFACE_CURVE('',#11650,(#11654,#11661),.PCURVE_S1.);
#11650 = LINE('',#11651,#11652);
#11651 = CARTESIAN_POINT('',(-3.313358681382,-0.75732636047,14.75));
#11652 = VECTOR('',#11653,1.);
#11653 = DIRECTION('',(0.,0.,1.));
#11654 = PCURVE('',#6105,#11655);
#11655 = DEFINITIONAL_REPRESENTATION('',(#11656),#11660);
#11656 = LINE('',#11657,#11658);
#11657 = CARTESIAN_POINT('',(0.8,0.));
#11658 = VECTOR('',#11659,1.);
#11659 = DIRECTION('',(0.,-1.));
#11660 = ( GEOMETRIC_REPRESENTATION_CONTEXT(2) 
PARAMETRIC_REPRESENTATION_CONTEXT() REPRESENTATION_CONTEXT('2D SPACE',''
  ) );
#11661 = PCURVE('',#6077,#11662);
#11662 = DEFINITIONAL_REPRESENTATION('',(#11663),#11667);
#11663 = LINE('',#11664,#11665);
#11664 = CARTESIAN_POINT('',(0.,0.));
#11665 = VECTOR('',#11666,1.);
#11666 = DIRECTION('',(0.,-1.));
#11667 = ( GEOMETRIC_REPRESENTATION_CONTEXT(2) 
PARAMETRIC_REPRESENTATION_CONTEXT() REPRESENTATION_CONTEXT('2D SPACE',''
  ) );
#11668 = ADVANCED_FACE('',(#11669),#6077,.F.);
#11669 = FACE_BOUND('',#11670,.F.);
#11670 = EDGE_LOOP('',(#11671,#11672,#11695,#11716));
#11671 = ORIENTED_EDGE('',*,*,#11648,.T.);
#11672 = ORIENTED_EDGE('',*,*,#11673,.T.);
#11673 = EDGE_CURVE('',#11626,#11674,#11676,.T.);
#11674 = VERTEX_POINT('',#11675);
#11675 = CARTESIAN_POINT('',(-3.243725512975,-0.486123075354,18.25));
#11676 = SURFACE_CURVE('',#11677,(#11681,#11688),.PCURVE_S1.);
#11677 = LINE('',#11678,#11679);
#11678 = CARTESIAN_POINT('',(-3.313358681382,-0.75732636047,18.25));
#11679 = VECTOR('',#11680,1.);
#11680 = DIRECTION('',(0.248689887165,0.968583161129,0.));
#11681 = PCURVE('',#6077,#11682);
#11682 = DEFINITIONAL_REPRESENTATION('',(#11683),#11687);
#11683 = LINE('',#11684,#11685);
#11684 = CARTESIAN_POINT('',(0.,-3.5));
#11685 = VECTOR('',#11686,1.);
#11686 = DIRECTION('',(1.,0.));
#11687 = ( GEOMETRIC_REPRESENTATION_CONTEXT(2) 
PARAMETRIC_REPRESENTATION_CONTEXT() REPRESENTATION_CONTEXT('2D SPACE',''
  ) );
#11688 = PCURVE('',#8162,#11689);
#11689 = DEFINITIONAL_REPRESENTATION('',(#11690),#11694);
#11690 = LINE('',#11691,#11692);
#11691 = CARTESIAN_POINT('',(0.286641318618,-0.75732636047));
#11692 = VECTOR('',#11693,1.);
#11693 = DIRECTION('',(0.248689887165,0.968583161129));
#11694 = ( GEOMETRIC_REPRESENTATION_CONTEXT(2) 
PARAMETRIC_REPRESENTATION_CONTEXT() REPRESENTATION_CONTEXT('2D SPACE',''
  ) );
#11695 = ORIENTED_EDGE('',*,*,#11696,.F.);
#11696 = EDGE_CURVE('',#6034,#11674,#11697,.T.);
#11697 = SURFACE_CURVE('',#11698,(#11702,#11709),.PCURVE_S1.);
#11698 = LINE('',#11699,#11700);
#11699 = CARTESIAN_POINT('',(-3.243725512975,-0.486123075354,14.75));
#11700 = VECTOR('',#11701,1.);
#11701 = DIRECTION('',(0.,0.,1.));
#11702 = PCURVE('',#6077,#11703);
#11703 = DEFINITIONAL_REPRESENTATION('',(#11704),#11708);
#11704 = LINE('',#11705,#11706);
#11705 = CARTESIAN_POINT('',(0.28,0.));
#11706 = VECTOR('',#11707,1.);
#11707 = DIRECTION('',(0.,-1.));
#11708 = ( GEOMETRIC_REPRESENTATION_CONTEXT(2) 
PARAMETRIC_REPRESENTATION_CONTEXT() REPRESENTATION_CONTEXT('2D SPACE',''
  ) );
#11709 = PCURVE('',#6049,#11710);
#11710 = DEFINITIONAL_REPRESENTATION('',(#11711),#11715);
#11711 = LINE('',#11712,#11713);
#11712 = CARTESIAN_POINT('',(0.,0.));
#11713 = VECTOR('',#11714,1.);
#11714 = DIRECTION('',(0.,-1.));
#11715 = ( GEOMETRIC_REPRESENTATION_CONTEXT(2) 
PARAMETRIC_REPRESENTATION_CONTEXT() REPRESENTATION_CONTEXT('2D SPACE',''
  ) );
#11716 = ORIENTED_EDGE('',*,*,#6061,.F.);
#11717 = ADVANCED_FACE('',(#11718),#6049,.F.);
#11718 = FACE_BOUND('',#11719,.F.);
#11719 = EDGE_LOOP('',(#11720,#11721,#11722,#11745));
#11720 = ORIENTED_EDGE('',*,*,#6033,.F.);
#11721 = ORIENTED_EDGE('',*,*,#11696,.T.);
#11722 = ORIENTED_EDGE('',*,*,#11723,.T.);
#11723 = EDGE_CURVE('',#11674,#11724,#11726,.T.);
#11724 = VERTEX_POINT('',#11725);
#11725 = CARTESIAN_POINT('',(-3.587149246495,-0.397946847472,18.25));
#11726 = SURFACE_CURVE('',#11727,(#11731,#11738),.PCURVE_S1.);
#11727 = LINE('',#11728,#11729);
#11728 = CARTESIAN_POINT('',(-3.243725512975,-0.486123075354,18.25));
#11729 = VECTOR('',#11730,1.);
#11730 = DIRECTION('',(-0.968583161129,0.248689887165,0.));
#11731 = PCURVE('',#6049,#11732);
#11732 = DEFINITIONAL_REPRESENTATION('',(#11733),#11737);
#11733 = LINE('',#11734,#11735);
#11734 = CARTESIAN_POINT('',(0.,-3.5));
#11735 = VECTOR('',#11736,1.);
#11736 = DIRECTION('',(1.,0.));
#11737 = ( GEOMETRIC_REPRESENTATION_CONTEXT(2) 
PARAMETRIC_REPRESENTATION_CONTEXT() REPRESENTATION_CONTEXT('2D SPACE',''
  ) );
#11738 = PCURVE('',#8162,#11739);
#11739 = DEFINITIONAL_REPRESENTATION('',(#11740),#11744);
#11740 = LINE('',#11741,#11742);
#11741 = CARTESIAN_POINT('',(0.356274487025,-0.486123075354));
#11742 = VECTOR('',#11743,1.);
#11743 = DIRECTION('',(-0.968583161129,0.248689887165));
#11744 = ( GEOMETRIC_REPRESENTATION_CONTEXT(2) 
PARAMETRIC_REPRESENTATION_CONTEXT() REPRESENTATION_CONTEXT('2D SPACE',''
  ) );
#11745 = ORIENTED_EDGE('',*,*,#11746,.T.);
#11746 = EDGE_CURVE('',#11724,#6005,#11747,.T.);
#11747 = SURFACE_CURVE('',#11748,(#11752,#11758),.PCURVE_S1.);
#11748 = LINE('',#11749,#11750);
#11749 = CARTESIAN_POINT('',(-3.587149246495,-0.397946847472,14.75));
#11750 = VECTOR('',#11751,1.);
#11751 = DIRECTION('',(-0.,-0.,-1.));
#11752 = PCURVE('',#6049,#11753);
#11753 = DEFINITIONAL_REPRESENTATION('',(#11754),#11757);
#11754 = B_SPLINE_CURVE_WITH_KNOTS('',1,(#11755,#11756),.UNSPECIFIED.,
  .F.,.F.,(2,2),(-3.5000006,5.999999999062E-07),
  .PIECEWISE_BEZIER_KNOTS.);
#11755 = CARTESIAN_POINT('',(0.354562981582,-3.5000006));
#11756 = CARTESIAN_POINT('',(0.354562981582,5.999999999062E-07));
#11757 = ( GEOMETRIC_REPRESENTATION_CONTEXT(2) 
PARAMETRIC_REPRESENTATION_CONTEXT() REPRESENTATION_CONTEXT('2D SPACE',''
  ) );
#11758 = PCURVE('',#6021,#11759);
#11759 = DEFINITIONAL_REPRESENTATION('',(#11760),#11763);
#11760 = B_SPLINE_CURVE_WITH_KNOTS('',1,(#11761,#11762),.UNSPECIFIED.,
  .F.,.F.,(2,2),(-3.5000006,5.999999999062E-07),
  .PIECEWISE_BEZIER_KNOTS.);
#11761 = CARTESIAN_POINT('',(-6.0970202789,-3.5000006));
#11762 = CARTESIAN_POINT('',(-6.0970202789,5.999999999062E-07));
#11763 = ( GEOMETRIC_REPRESENTATION_CONTEXT(2) 
PARAMETRIC_REPRESENTATION_CONTEXT() REPRESENTATION_CONTEXT('2D SPACE',''
  ) );
#11764 = ADVANCED_FACE('',(#11765),#6021,.T.);
#11765 = FACE_BOUND('',#11766,.F.);
#11766 = EDGE_LOOP('',(#11767,#11768,#11769,#11793));
#11767 = ORIENTED_EDGE('',*,*,#6004,.F.);
#11768 = ORIENTED_EDGE('',*,*,#11746,.F.);
#11769 = ORIENTED_EDGE('',*,*,#11770,.T.);
#11770 = EDGE_CURVE('',#11724,#11771,#11773,.T.);
#11771 = VERTEX_POINT('',#11772);
#11772 = CARTESIAN_POINT('',(-3.554562981582,-0.14,18.25));
#11773 = SURFACE_CURVE('',#11774,(#11779,#11786),.PCURVE_S1.);
#11774 = CIRCLE('',#11775,2.15);
#11775 = AXIS2_PLACEMENT_3D('',#11776,#11777,#11778);
#11776 = CARTESIAN_POINT('',(-5.7,0.,18.25));
#11777 = DIRECTION('',(0.,0.,1.));
#11778 = DIRECTION('',(1.,0.,0.));
#11779 = PCURVE('',#6021,#11780);
#11780 = DEFINITIONAL_REPRESENTATION('',(#11781),#11785);
#11781 = LINE('',#11782,#11783);
#11782 = CARTESIAN_POINT('',(-0.,-3.5));
#11783 = VECTOR('',#11784,1.);
#11784 = DIRECTION('',(-1.,0.));
#11785 = ( GEOMETRIC_REPRESENTATION_CONTEXT(2) 
PARAMETRIC_REPRESENTATION_CONTEXT() REPRESENTATION_CONTEXT('2D SPACE',''
  ) );
#11786 = PCURVE('',#8162,#11787);
#11787 = DEFINITIONAL_REPRESENTATION('',(#11788),#11792);
#11788 = CIRCLE('',#11789,2.15);
#11789 = AXIS2_PLACEMENT_2D('',#11790,#11791);
#11790 = CARTESIAN_POINT('',(-2.1,0.));
#11791 = DIRECTION('',(1.,0.));
#11792 = ( GEOMETRIC_REPRESENTATION_CONTEXT(2) 
PARAMETRIC_REPRESENTATION_CONTEXT() REPRESENTATION_CONTEXT('2D SPACE',''
  ) );
#11793 = ORIENTED_EDGE('',*,*,#11794,.T.);
#11794 = EDGE_CURVE('',#11771,#5977,#11795,.T.);
#11795 = SURFACE_CURVE('',#11796,(#11800,#11806),.PCURVE_S1.);
#11796 = LINE('',#11797,#11798);
#11797 = CARTESIAN_POINT('',(-3.554562981582,-0.14,14.75));
#11798 = VECTOR('',#11799,1.);
#11799 = DIRECTION('',(-0.,-0.,-1.));
#11800 = PCURVE('',#6021,#11801);
#11801 = DEFINITIONAL_REPRESENTATION('',(#11802),#11805);
#11802 = B_SPLINE_CURVE_WITH_KNOTS('',1,(#11803,#11804),.UNSPECIFIED.,
  .F.,.F.,(2,2),(-3.5000006,5.999999999062E-07),
  .PIECEWISE_BEZIER_KNOTS.);
#11803 = CARTESIAN_POINT('',(-6.218022923172,-3.5000006));
#11804 = CARTESIAN_POINT('',(-6.218022923172,5.999999999062E-07));
#11805 = ( GEOMETRIC_REPRESENTATION_CONTEXT(2) 
PARAMETRIC_REPRESENTATION_CONTEXT() REPRESENTATION_CONTEXT('2D SPACE',''
  ) );
#11806 = PCURVE('',#5992,#11807);
#11807 = DEFINITIONAL_REPRESENTATION('',(#11808),#11811);
#11808 = B_SPLINE_CURVE_WITH_KNOTS('',1,(#11809,#11810),.UNSPECIFIED.,
  .F.,.F.,(2,2),(-3.5000006,5.999999999062E-07),
  .PIECEWISE_BEZIER_KNOTS.);
#11809 = CARTESIAN_POINT('',(0.445437018418,-3.5000006));
#11810 = CARTESIAN_POINT('',(0.445437018418,5.999999999062E-07));
#11811 = ( GEOMETRIC_REPRESENTATION_CONTEXT(2) 
PARAMETRIC_REPRESENTATION_CONTEXT() REPRESENTATION_CONTEXT('2D SPACE',''
  ) );
#11812 = ADVANCED_FACE('',(#11813),#5992,.F.);
#11813 = FACE_BOUND('',#11814,.F.);
#11814 = EDGE_LOOP('',(#11815,#11816,#11817,#11840));
#11815 = ORIENTED_EDGE('',*,*,#5976,.F.);
#11816 = ORIENTED_EDGE('',*,*,#11794,.F.);
#11817 = ORIENTED_EDGE('',*,*,#11818,.T.);
#11818 = EDGE_CURVE('',#11771,#11819,#11821,.T.);
#11819 = VERTEX_POINT('',#11820);
#11820 = CARTESIAN_POINT('',(-3.2,-0.14,18.25));
#11821 = SURFACE_CURVE('',#11822,(#11826,#11833),.PCURVE_S1.);
#11822 = LINE('',#11823,#11824);
#11823 = CARTESIAN_POINT('',(-4.,-0.14,18.25));
#11824 = VECTOR('',#11825,1.);
#11825 = DIRECTION('',(1.,0.,0.));
#11826 = PCURVE('',#5992,#11827);
#11827 = DEFINITIONAL_REPRESENTATION('',(#11828),#11832);
#11828 = LINE('',#11829,#11830);
#11829 = CARTESIAN_POINT('',(0.,-3.5));
#11830 = VECTOR('',#11831,1.);
#11831 = DIRECTION('',(1.,0.));
#11832 = ( GEOMETRIC_REPRESENTATION_CONTEXT(2) 
PARAMETRIC_REPRESENTATION_CONTEXT() REPRESENTATION_CONTEXT('2D SPACE',''
  ) );
#11833 = PCURVE('',#8162,#11834);
#11834 = DEFINITIONAL_REPRESENTATION('',(#11835),#11839);
#11835 = LINE('',#11836,#11837);
#11836 = CARTESIAN_POINT('',(-0.4,-0.14));
#11837 = VECTOR('',#11838,1.);
#11838 = DIRECTION('',(1.,0.));
#11839 = ( GEOMETRIC_REPRESENTATION_CONTEXT(2) 
PARAMETRIC_REPRESENTATION_CONTEXT() REPRESENTATION_CONTEXT('2D SPACE',''
  ) );
#11840 = ORIENTED_EDGE('',*,*,#11841,.F.);
#11841 = EDGE_CURVE('',#5949,#11819,#11842,.T.);
#11842 = SURFACE_CURVE('',#11843,(#11847,#11854),.PCURVE_S1.);
#11843 = LINE('',#11844,#11845);
#11844 = CARTESIAN_POINT('',(-3.2,-0.14,14.75));
#11845 = VECTOR('',#11846,1.);
#11846 = DIRECTION('',(0.,0.,1.));
#11847 = PCURVE('',#5992,#11848);
#11848 = DEFINITIONAL_REPRESENTATION('',(#11849),#11853);
#11849 = LINE('',#11850,#11851);
#11850 = CARTESIAN_POINT('',(0.8,0.));
#11851 = VECTOR('',#11852,1.);
#11852 = DIRECTION('',(0.,-1.));
#11853 = ( GEOMETRIC_REPRESENTATION_CONTEXT(2) 
PARAMETRIC_REPRESENTATION_CONTEXT() REPRESENTATION_CONTEXT('2D SPACE',''
  ) );
#11854 = PCURVE('',#5964,#11855);
#11855 = DEFINITIONAL_REPRESENTATION('',(#11856),#11860);
#11856 = LINE('',#11857,#11858);
#11857 = CARTESIAN_POINT('',(0.,0.));
#11858 = VECTOR('',#11859,1.);
#11859 = DIRECTION('',(0.,-1.));
#11860 = ( GEOMETRIC_REPRESENTATION_CONTEXT(2) 
PARAMETRIC_REPRESENTATION_CONTEXT() REPRESENTATION_CONTEXT('2D SPACE',''
  ) );
#11861 = ADVANCED_FACE('',(#11862),#5964,.F.);
#11862 = FACE_BOUND('',#11863,.F.);
#11863 = EDGE_LOOP('',(#11864,#11865,#11888,#11909));
#11864 = ORIENTED_EDGE('',*,*,#11841,.T.);
#11865 = ORIENTED_EDGE('',*,*,#11866,.T.);
#11866 = EDGE_CURVE('',#11819,#11867,#11869,.T.);
#11867 = VERTEX_POINT('',#11868);
#11868 = CARTESIAN_POINT('',(-3.2,0.14,18.25));
#11869 = SURFACE_CURVE('',#11870,(#11874,#11881),.PCURVE_S1.);
#11870 = LINE('',#11871,#11872);
#11871 = CARTESIAN_POINT('',(-3.2,-0.14,18.25));
#11872 = VECTOR('',#11873,1.);
#11873 = DIRECTION('',(0.,1.,0.));
#11874 = PCURVE('',#5964,#11875);
#11875 = DEFINITIONAL_REPRESENTATION('',(#11876),#11880);
#11876 = LINE('',#11877,#11878);
#11877 = CARTESIAN_POINT('',(0.,-3.5));
#11878 = VECTOR('',#11879,1.);
#11879 = DIRECTION('',(1.,0.));
#11880 = ( GEOMETRIC_REPRESENTATION_CONTEXT(2) 
PARAMETRIC_REPRESENTATION_CONTEXT() REPRESENTATION_CONTEXT('2D SPACE',''
  ) );
#11881 = PCURVE('',#8162,#11882);
#11882 = DEFINITIONAL_REPRESENTATION('',(#11883),#11887);
#11883 = LINE('',#11884,#11885);
#11884 = CARTESIAN_POINT('',(0.4,-0.14));
#11885 = VECTOR('',#11886,1.);
#11886 = DIRECTION('',(0.,1.));
#11887 = ( GEOMETRIC_REPRESENTATION_CONTEXT(2) 
PARAMETRIC_REPRESENTATION_CONTEXT() REPRESENTATION_CONTEXT('2D SPACE',''
  ) );
#11888 = ORIENTED_EDGE('',*,*,#11889,.F.);
#11889 = EDGE_CURVE('',#5921,#11867,#11890,.T.);
#11890 = SURFACE_CURVE('',#11891,(#11895,#11902),.PCURVE_S1.);
#11891 = LINE('',#11892,#11893);
#11892 = CARTESIAN_POINT('',(-3.2,0.14,14.75));
#11893 = VECTOR('',#11894,1.);
#11894 = DIRECTION('',(0.,0.,1.));
#11895 = PCURVE('',#5964,#11896);
#11896 = DEFINITIONAL_REPRESENTATION('',(#11897),#11901);
#11897 = LINE('',#11898,#11899);
#11898 = CARTESIAN_POINT('',(0.28,0.));
#11899 = VECTOR('',#11900,1.);
#11900 = DIRECTION('',(0.,-1.));
#11901 = ( GEOMETRIC_REPRESENTATION_CONTEXT(2) 
PARAMETRIC_REPRESENTATION_CONTEXT() REPRESENTATION_CONTEXT('2D SPACE',''
  ) );
#11902 = PCURVE('',#5936,#11903);
#11903 = DEFINITIONAL_REPRESENTATION('',(#11904),#11908);
#11904 = LINE('',#11905,#11906);
#11905 = CARTESIAN_POINT('',(0.,-0.));
#11906 = VECTOR('',#11907,1.);
#11907 = DIRECTION('',(0.,-1.));
#11908 = ( GEOMETRIC_REPRESENTATION_CONTEXT(2) 
PARAMETRIC_REPRESENTATION_CONTEXT() REPRESENTATION_CONTEXT('2D SPACE',''
  ) );
#11909 = ORIENTED_EDGE('',*,*,#5948,.F.);
#11910 = ADVANCED_FACE('',(#11911),#5936,.F.);
#11911 = FACE_BOUND('',#11912,.F.);
#11912 = EDGE_LOOP('',(#11913,#11914,#11915,#11938));
#11913 = ORIENTED_EDGE('',*,*,#5920,.F.);
#11914 = ORIENTED_EDGE('',*,*,#11889,.T.);
#11915 = ORIENTED_EDGE('',*,*,#11916,.T.);
#11916 = EDGE_CURVE('',#11867,#11917,#11919,.T.);
#11917 = VERTEX_POINT('',#11918);
#11918 = CARTESIAN_POINT('',(-3.554562981582,0.14,18.25));
#11919 = SURFACE_CURVE('',#11920,(#11924,#11931),.PCURVE_S1.);
#11920 = LINE('',#11921,#11922);
#11921 = CARTESIAN_POINT('',(-3.2,0.14,18.25));
#11922 = VECTOR('',#11923,1.);
#11923 = DIRECTION('',(-1.,0.,0.));
#11924 = PCURVE('',#5936,#11925);
#11925 = DEFINITIONAL_REPRESENTATION('',(#11926),#11930);
#11926 = LINE('',#11927,#11928);
#11927 = CARTESIAN_POINT('',(0.,-3.5));
#11928 = VECTOR('',#11929,1.);
#11929 = DIRECTION('',(1.,0.));
#11930 = ( GEOMETRIC_REPRESENTATION_CONTEXT(2) 
PARAMETRIC_REPRESENTATION_CONTEXT() REPRESENTATION_CONTEXT('2D SPACE',''
  ) );
#11931 = PCURVE('',#8162,#11932);
#11932 = DEFINITIONAL_REPRESENTATION('',(#11933),#11937);
#11933 = LINE('',#11934,#11935);
#11934 = CARTESIAN_POINT('',(0.4,0.14));
#11935 = VECTOR('',#11936,1.);
#11936 = DIRECTION('',(-1.,0.));
#11937 = ( GEOMETRIC_REPRESENTATION_CONTEXT(2) 
PARAMETRIC_REPRESENTATION_CONTEXT() REPRESENTATION_CONTEXT('2D SPACE',''
  ) );
#11938 = ORIENTED_EDGE('',*,*,#11939,.T.);
#11939 = EDGE_CURVE('',#11917,#5892,#11940,.T.);
#11940 = SURFACE_CURVE('',#11941,(#11945,#11951),.PCURVE_S1.);
#11941 = LINE('',#11942,#11943);
#11942 = CARTESIAN_POINT('',(-3.554562981582,0.14,14.75));
#11943 = VECTOR('',#11944,1.);
#11944 = DIRECTION('',(-0.,-0.,-1.));
#11945 = PCURVE('',#5936,#11946);
#11946 = DEFINITIONAL_REPRESENTATION('',(#11947),#11950);
#11947 = B_SPLINE_CURVE_WITH_KNOTS('',1,(#11948,#11949),.UNSPECIFIED.,
  .F.,.F.,(2,2),(-3.5000006,5.999999999062E-07),
  .PIECEWISE_BEZIER_KNOTS.);
#11948 = CARTESIAN_POINT('',(0.354562981582,-3.5000006));
#11949 = CARTESIAN_POINT('',(0.354562981582,5.999999999062E-07));
#11950 = ( GEOMETRIC_REPRESENTATION_CONTEXT(2) 
PARAMETRIC_REPRESENTATION_CONTEXT() REPRESENTATION_CONTEXT('2D SPACE',''
  ) );
#11951 = PCURVE('',#5908,#11952);
#11952 = DEFINITIONAL_REPRESENTATION('',(#11953),#11956);
#11953 = B_SPLINE_CURVE_WITH_KNOTS('',1,(#11954,#11955),.UNSPECIFIED.,
  .F.,.F.,(2,2),(-3.5000006,5.999999999062E-07),
  .PIECEWISE_BEZIER_KNOTS.);
#11954 = CARTESIAN_POINT('',(-6.516238400753E-02,-3.5000006));
#11955 = CARTESIAN_POINT('',(-6.516238400753E-02,5.999999999062E-07));
#11956 = ( GEOMETRIC_REPRESENTATION_CONTEXT(2) 
PARAMETRIC_REPRESENTATION_CONTEXT() REPRESENTATION_CONTEXT('2D SPACE',''
  ) );
#11957 = ADVANCED_FACE('',(#11958),#5908,.T.);
#11958 = FACE_BOUND('',#11959,.F.);
#11959 = EDGE_LOOP('',(#11960,#11961,#11962,#11986));
#11960 = ORIENTED_EDGE('',*,*,#5891,.F.);
#11961 = ORIENTED_EDGE('',*,*,#11939,.F.);
#11962 = ORIENTED_EDGE('',*,*,#11963,.T.);
#11963 = EDGE_CURVE('',#11917,#11964,#11966,.T.);
#11964 = VERTEX_POINT('',#11965);
#11965 = CARTESIAN_POINT('',(-3.587149246495,0.397946847472,18.25));
#11966 = SURFACE_CURVE('',#11967,(#11972,#11979),.PCURVE_S1.);
#11967 = CIRCLE('',#11968,2.15);
#11968 = AXIS2_PLACEMENT_3D('',#11969,#11970,#11971);
#11969 = CARTESIAN_POINT('',(-5.7,0.,18.25));
#11970 = DIRECTION('',(0.,0.,1.));
#11971 = DIRECTION('',(1.,0.,0.));
#11972 = PCURVE('',#5908,#11973);
#11973 = DEFINITIONAL_REPRESENTATION('',(#11974),#11978);
#11974 = LINE('',#11975,#11976);
#11975 = CARTESIAN_POINT('',(-0.,-3.5));
#11976 = VECTOR('',#11977,1.);
#11977 = DIRECTION('',(-1.,0.));
#11978 = ( GEOMETRIC_REPRESENTATION_CONTEXT(2) 
PARAMETRIC_REPRESENTATION_CONTEXT() REPRESENTATION_CONTEXT('2D SPACE',''
  ) );
#11979 = PCURVE('',#8162,#11980);
#11980 = DEFINITIONAL_REPRESENTATION('',(#11981),#11985);
#11981 = CIRCLE('',#11982,2.15);
#11982 = AXIS2_PLACEMENT_2D('',#11983,#11984);
#11983 = CARTESIAN_POINT('',(-2.1,0.));
#11984 = DIRECTION('',(1.,0.));
#11985 = ( GEOMETRIC_REPRESENTATION_CONTEXT(2) 
PARAMETRIC_REPRESENTATION_CONTEXT() REPRESENTATION_CONTEXT('2D SPACE',''
  ) );
#11986 = ORIENTED_EDGE('',*,*,#11987,.T.);
#11987 = EDGE_CURVE('',#11964,#5864,#11988,.T.);
#11988 = SURFACE_CURVE('',#11989,(#11993,#11999),.PCURVE_S1.);
#11989 = LINE('',#11990,#11991);
#11990 = CARTESIAN_POINT('',(-3.587149246495,0.397946847472,14.75));
#11991 = VECTOR('',#11992,1.);
#11992 = DIRECTION('',(-0.,-0.,-1.));
#11993 = PCURVE('',#5908,#11994);
#11994 = DEFINITIONAL_REPRESENTATION('',(#11995),#11998);
#11995 = B_SPLINE_CURVE_WITH_KNOTS('',1,(#11996,#11997),.UNSPECIFIED.,
  .F.,.F.,(2,2),(-3.5000006,5.999999999062E-07),
  .PIECEWISE_BEZIER_KNOTS.);
#11996 = CARTESIAN_POINT('',(-0.18616502828,-3.5000006));
#11997 = CARTESIAN_POINT('',(-0.18616502828,5.999999999062E-07));
#11998 = ( GEOMETRIC_REPRESENTATION_CONTEXT(2) 
PARAMETRIC_REPRESENTATION_CONTEXT() REPRESENTATION_CONTEXT('2D SPACE',''
  ) );
#11999 = PCURVE('',#5879,#12000);
#12000 = DEFINITIONAL_REPRESENTATION('',(#12001),#12004);
#12001 = B_SPLINE_CURVE_WITH_KNOTS('',1,(#12002,#12003),.UNSPECIFIED.,
  .F.,.F.,(2,2),(-3.5000006,5.999999999062E-07),
  .PIECEWISE_BEZIER_KNOTS.);
#12002 = CARTESIAN_POINT('',(0.445437018418,-3.5000006));
#12003 = CARTESIAN_POINT('',(0.445437018418,5.999999999062E-07));
#12004 = ( GEOMETRIC_REPRESENTATION_CONTEXT(2) 
PARAMETRIC_REPRESENTATION_CONTEXT() REPRESENTATION_CONTEXT('2D SPACE',''
  ) );
#12005 = ADVANCED_FACE('',(#12006),#5879,.F.);
#12006 = FACE_BOUND('',#12007,.F.);
#12007 = EDGE_LOOP('',(#12008,#12009,#12010,#12033));
#12008 = ORIENTED_EDGE('',*,*,#5863,.F.);
#12009 = ORIENTED_EDGE('',*,*,#11987,.F.);
#12010 = ORIENTED_EDGE('',*,*,#12011,.T.);
#12011 = EDGE_CURVE('',#11964,#12012,#12014,.T.);
#12012 = VERTEX_POINT('',#12013);
#12013 = CARTESIAN_POINT('',(-3.243725512975,0.486123075354,18.25));
#12014 = SURFACE_CURVE('',#12015,(#12019,#12026),.PCURVE_S1.);
#12015 = LINE('',#12016,#12017);
#12016 = CARTESIAN_POINT('',(-4.018592041878,0.287171165622,18.25));
#12017 = VECTOR('',#12018,1.);
#12018 = DIRECTION('',(0.968583161129,0.248689887165,0.));
#12019 = PCURVE('',#5879,#12020);
#12020 = DEFINITIONAL_REPRESENTATION('',(#12021),#12025);
#12021 = LINE('',#12022,#12023);
#12022 = CARTESIAN_POINT('',(0.,-3.5));
#12023 = VECTOR('',#12024,1.);
#12024 = DIRECTION('',(1.,0.));
#12025 = ( GEOMETRIC_REPRESENTATION_CONTEXT(2) 
PARAMETRIC_REPRESENTATION_CONTEXT() REPRESENTATION_CONTEXT('2D SPACE',''
  ) );
#12026 = PCURVE('',#8162,#12027);
#12027 = DEFINITIONAL_REPRESENTATION('',(#12028),#12032);
#12028 = LINE('',#12029,#12030);
#12029 = CARTESIAN_POINT('',(-0.418592041878,0.287171165622));
#12030 = VECTOR('',#12031,1.);
#12031 = DIRECTION('',(0.968583161129,0.248689887165));
#12032 = ( GEOMETRIC_REPRESENTATION_CONTEXT(2) 
PARAMETRIC_REPRESENTATION_CONTEXT() REPRESENTATION_CONTEXT('2D SPACE',''
  ) );
#12033 = ORIENTED_EDGE('',*,*,#12034,.F.);
#12034 = EDGE_CURVE('',#5836,#12012,#12035,.T.);
#12035 = SURFACE_CURVE('',#12036,(#12040,#12047),.PCURVE_S1.);
#12036 = LINE('',#12037,#12038);
#12037 = CARTESIAN_POINT('',(-3.243725512975,0.486123075354,14.75));
#12038 = VECTOR('',#12039,1.);
#12039 = DIRECTION('',(0.,0.,1.));
#12040 = PCURVE('',#5879,#12041);
#12041 = DEFINITIONAL_REPRESENTATION('',(#12042),#12046);
#12042 = LINE('',#12043,#12044);
#12043 = CARTESIAN_POINT('',(0.8,0.));
#12044 = VECTOR('',#12045,1.);
#12045 = DIRECTION('',(0.,-1.));
#12046 = ( GEOMETRIC_REPRESENTATION_CONTEXT(2) 
PARAMETRIC_REPRESENTATION_CONTEXT() REPRESENTATION_CONTEXT('2D SPACE',''
  ) );
#12047 = PCURVE('',#5851,#12048);
#12048 = DEFINITIONAL_REPRESENTATION('',(#12049),#12053);
#12049 = LINE('',#12050,#12051);
#12050 = CARTESIAN_POINT('',(0.,0.));
#12051 = VECTOR('',#12052,1.);
#12052 = DIRECTION('',(0.,-1.));
#12053 = ( GEOMETRIC_REPRESENTATION_CONTEXT(2) 
PARAMETRIC_REPRESENTATION_CONTEXT() REPRESENTATION_CONTEXT('2D SPACE',''
  ) );
#12054 = ADVANCED_FACE('',(#12055),#5851,.F.);
#12055 = FACE_BOUND('',#12056,.F.);
#12056 = EDGE_LOOP('',(#12057,#12058,#12081,#12102));
#12057 = ORIENTED_EDGE('',*,*,#12034,.T.);
#12058 = ORIENTED_EDGE('',*,*,#12059,.T.);
#12059 = EDGE_CURVE('',#12012,#12060,#12062,.T.);
#12060 = VERTEX_POINT('',#12061);
#12061 = CARTESIAN_POINT('',(-3.313358681382,0.75732636047,18.25));
#12062 = SURFACE_CURVE('',#12063,(#12067,#12074),.PCURVE_S1.);
#12063 = LINE('',#12064,#12065);
#12064 = CARTESIAN_POINT('',(-3.243725512975,0.486123075354,18.25));
#12065 = VECTOR('',#12066,1.);
#12066 = DIRECTION('',(-0.248689887165,0.968583161129,0.));
#12067 = PCURVE('',#5851,#12068);
#12068 = DEFINITIONAL_REPRESENTATION('',(#12069),#12073);
#12069 = LINE('',#12070,#12071);
#12070 = CARTESIAN_POINT('',(0.,-3.5));
#12071 = VECTOR('',#12072,1.);
#12072 = DIRECTION('',(1.,0.));
#12073 = ( GEOMETRIC_REPRESENTATION_CONTEXT(2) 
PARAMETRIC_REPRESENTATION_CONTEXT() REPRESENTATION_CONTEXT('2D SPACE',''
  ) );
#12074 = PCURVE('',#8162,#12075);
#12075 = DEFINITIONAL_REPRESENTATION('',(#12076),#12080);
#12076 = LINE('',#12077,#12078);
#12077 = CARTESIAN_POINT('',(0.356274487025,0.486123075354));
#12078 = VECTOR('',#12079,1.);
#12079 = DIRECTION('',(-0.248689887165,0.968583161129));
#12080 = ( GEOMETRIC_REPRESENTATION_CONTEXT(2) 
PARAMETRIC_REPRESENTATION_CONTEXT() REPRESENTATION_CONTEXT('2D SPACE',''
  ) );
#12081 = ORIENTED_EDGE('',*,*,#12082,.F.);
#12082 = EDGE_CURVE('',#5808,#12060,#12083,.T.);
#12083 = SURFACE_CURVE('',#12084,(#12088,#12095),.PCURVE_S1.);
#12084 = LINE('',#12085,#12086);
#12085 = CARTESIAN_POINT('',(-3.313358681382,0.75732636047,14.75));
#12086 = VECTOR('',#12087,1.);
#12087 = DIRECTION('',(0.,0.,1.));
#12088 = PCURVE('',#5851,#12089);
#12089 = DEFINITIONAL_REPRESENTATION('',(#12090),#12094);
#12090 = LINE('',#12091,#12092);
#12091 = CARTESIAN_POINT('',(0.28,0.));
#12092 = VECTOR('',#12093,1.);
#12093 = DIRECTION('',(0.,-1.));
#12094 = ( GEOMETRIC_REPRESENTATION_CONTEXT(2) 
PARAMETRIC_REPRESENTATION_CONTEXT() REPRESENTATION_CONTEXT('2D SPACE',''
  ) );
#12095 = PCURVE('',#5823,#12096);
#12096 = DEFINITIONAL_REPRESENTATION('',(#12097),#12101);
#12097 = LINE('',#12098,#12099);
#12098 = CARTESIAN_POINT('',(0.,0.));
#12099 = VECTOR('',#12100,1.);
#12100 = DIRECTION('',(0.,-1.));
#12101 = ( GEOMETRIC_REPRESENTATION_CONTEXT(2) 
PARAMETRIC_REPRESENTATION_CONTEXT() REPRESENTATION_CONTEXT('2D SPACE',''
  ) );
#12102 = ORIENTED_EDGE('',*,*,#5835,.F.);
#12103 = ADVANCED_FACE('',(#12104),#5823,.F.);
#12104 = FACE_BOUND('',#12105,.F.);
#12105 = EDGE_LOOP('',(#12106,#12107,#12108,#12131));
#12106 = ORIENTED_EDGE('',*,*,#5807,.F.);
#12107 = ORIENTED_EDGE('',*,*,#12082,.T.);
#12108 = ORIENTED_EDGE('',*,*,#12109,.T.);
#12109 = EDGE_CURVE('',#12060,#12110,#12112,.T.);
#12110 = VERTEX_POINT('',#12111);
#12111 = CARTESIAN_POINT('',(-3.656782414901,0.669150132588,18.25));
#12112 = SURFACE_CURVE('',#12113,(#12117,#12124),.PCURVE_S1.);
#12113 = LINE('',#12114,#12115);
#12114 = CARTESIAN_POINT('',(-3.313358681382,0.75732636047,18.25));
#12115 = VECTOR('',#12116,1.);
#12116 = DIRECTION('',(-0.968583161129,-0.248689887165,0.));
#12117 = PCURVE('',#5823,#12118);
#12118 = DEFINITIONAL_REPRESENTATION('',(#12119),#12123);
#12119 = LINE('',#12120,#12121);
#12120 = CARTESIAN_POINT('',(0.,-3.5));
#12121 = VECTOR('',#12122,1.);
#12122 = DIRECTION('',(1.,0.));
#12123 = ( GEOMETRIC_REPRESENTATION_CONTEXT(2) 
PARAMETRIC_REPRESENTATION_CONTEXT() REPRESENTATION_CONTEXT('2D SPACE',''
  ) );
#12124 = PCURVE('',#8162,#12125);
#12125 = DEFINITIONAL_REPRESENTATION('',(#12126),#12130);
#12126 = LINE('',#12127,#12128);
#12127 = CARTESIAN_POINT('',(0.286641318618,0.75732636047));
#12128 = VECTOR('',#12129,1.);
#12129 = DIRECTION('',(-0.968583161129,-0.248689887165));
#12130 = ( GEOMETRIC_REPRESENTATION_CONTEXT(2) 
PARAMETRIC_REPRESENTATION_CONTEXT() REPRESENTATION_CONTEXT('2D SPACE',''
  ) );
#12131 = ORIENTED_EDGE('',*,*,#12132,.T.);
#12132 = EDGE_CURVE('',#12110,#5779,#12133,.T.);
#12133 = SURFACE_CURVE('',#12134,(#12138,#12144),.PCURVE_S1.);
#12134 = LINE('',#12135,#12136);
#12135 = CARTESIAN_POINT('',(-3.656782414901,0.669150132588,14.75));
#12136 = VECTOR('',#12137,1.);
#12137 = DIRECTION('',(-0.,-0.,-1.));
#12138 = PCURVE('',#5823,#12139);
#12139 = DEFINITIONAL_REPRESENTATION('',(#12140),#12143);
#12140 = B_SPLINE_CURVE_WITH_KNOTS('',1,(#12141,#12142),.UNSPECIFIED.,
  .F.,.F.,(2,2),(-3.5000006,5.999999999062E-07),
  .PIECEWISE_BEZIER_KNOTS.);
#12141 = CARTESIAN_POINT('',(0.354562981582,-3.5000006));
#12142 = CARTESIAN_POINT('',(0.354562981582,5.999999999062E-07));
#12143 = ( GEOMETRIC_REPRESENTATION_CONTEXT(2) 
PARAMETRIC_REPRESENTATION_CONTEXT() REPRESENTATION_CONTEXT('2D SPACE',''
  ) );
#12144 = PCURVE('',#5795,#12145);
#12145 = DEFINITIONAL_REPRESENTATION('',(#12146),#12149);
#12146 = B_SPLINE_CURVE_WITH_KNOTS('',1,(#12147,#12148),.UNSPECIFIED.,
  .F.,.F.,(2,2),(-3.5000006,5.999999999062E-07),
  .PIECEWISE_BEZIER_KNOTS.);
#12147 = CARTESIAN_POINT('',(-0.316489796295,-3.5000006));
#12148 = CARTESIAN_POINT('',(-0.316489796295,5.999999999062E-07));
#12149 = ( GEOMETRIC_REPRESENTATION_CONTEXT(2) 
PARAMETRIC_REPRESENTATION_CONTEXT() REPRESENTATION_CONTEXT('2D SPACE',''
  ) );
#12150 = ADVANCED_FACE('',(#12151),#5795,.T.);
#12151 = FACE_BOUND('',#12152,.F.);
#12152 = EDGE_LOOP('',(#12153,#12154,#12155,#12179));
#12153 = ORIENTED_EDGE('',*,*,#5778,.F.);
#12154 = ORIENTED_EDGE('',*,*,#12132,.F.);
#12155 = ORIENTED_EDGE('',*,*,#12156,.T.);
#12156 = EDGE_CURVE('',#12110,#12157,#12159,.T.);
#12157 = VERTEX_POINT('',#12158);
#12158 = CARTESIAN_POINT('',(-3.752493694772,0.910889230971,18.25));
#12159 = SURFACE_CURVE('',#12160,(#12165,#12172),.PCURVE_S1.);
#12160 = CIRCLE('',#12161,2.15);
#12161 = AXIS2_PLACEMENT_3D('',#12162,#12163,#12164);
#12162 = CARTESIAN_POINT('',(-5.7,0.,18.25));
#12163 = DIRECTION('',(0.,0.,1.));
#12164 = DIRECTION('',(1.,0.,0.));
#12165 = PCURVE('',#5795,#12166);
#12166 = DEFINITIONAL_REPRESENTATION('',(#12167),#12171);
#12167 = LINE('',#12168,#12169);
#12168 = CARTESIAN_POINT('',(-0.,-3.5));
#12169 = VECTOR('',#12170,1.);
#12170 = DIRECTION('',(-1.,0.));
#12171 = ( GEOMETRIC_REPRESENTATION_CONTEXT(2) 
PARAMETRIC_REPRESENTATION_CONTEXT() REPRESENTATION_CONTEXT('2D SPACE',''
  ) );
#12172 = PCURVE('',#8162,#12173);
#12173 = DEFINITIONAL_REPRESENTATION('',(#12174),#12178);
#12174 = CIRCLE('',#12175,2.15);
#12175 = AXIS2_PLACEMENT_2D('',#12176,#12177);
#12176 = CARTESIAN_POINT('',(-2.1,0.));
#12177 = DIRECTION('',(1.,0.));
#12178 = ( GEOMETRIC_REPRESENTATION_CONTEXT(2) 
PARAMETRIC_REPRESENTATION_CONTEXT() REPRESENTATION_CONTEXT('2D SPACE',''
  ) );
#12179 = ORIENTED_EDGE('',*,*,#12180,.T.);
#12180 = EDGE_CURVE('',#12157,#5751,#12181,.T.);
#12181 = SURFACE_CURVE('',#12182,(#12186,#12192),.PCURVE_S1.);
#12182 = LINE('',#12183,#12184);
#12183 = CARTESIAN_POINT('',(-3.752493694772,0.910889230971,14.75));
#12184 = VECTOR('',#12185,1.);
#12185 = DIRECTION('',(-0.,-0.,-1.));
#12186 = PCURVE('',#5795,#12187);
#12187 = DEFINITIONAL_REPRESENTATION('',(#12188),#12191);
#12188 = B_SPLINE_CURVE_WITH_KNOTS('',1,(#12189,#12190),.UNSPECIFIED.,
  .F.,.F.,(2,2),(-3.5000006,5.999999999062E-07),
  .PIECEWISE_BEZIER_KNOTS.);
#12189 = CARTESIAN_POINT('',(-0.437492440567,-3.5000006));
#12190 = CARTESIAN_POINT('',(-0.437492440567,5.999999999062E-07));
#12191 = ( GEOMETRIC_REPRESENTATION_CONTEXT(2) 
PARAMETRIC_REPRESENTATION_CONTEXT() REPRESENTATION_CONTEXT('2D SPACE',''
  ) );
#12192 = PCURVE('',#5766,#12193);
#12193 = DEFINITIONAL_REPRESENTATION('',(#12194),#12197);
#12194 = B_SPLINE_CURVE_WITH_KNOTS('',1,(#12195,#12196),.UNSPECIFIED.,
  .F.,.F.,(2,2),(-3.5000006,5.999999999062E-07),
  .PIECEWISE_BEZIER_KNOTS.);
#12195 = CARTESIAN_POINT('',(0.445437018418,-3.5000006));
#12196 = CARTESIAN_POINT('',(0.445437018418,5.999999999062E-07));
#12197 = ( GEOMETRIC_REPRESENTATION_CONTEXT(2) 
PARAMETRIC_REPRESENTATION_CONTEXT() REPRESENTATION_CONTEXT('2D SPACE',''
  ) );
#12198 = ADVANCED_FACE('',(#12199),#5766,.F.);
#12199 = FACE_BOUND('',#12200,.F.);
#12200 = EDGE_LOOP('',(#12201,#12202,#12203,#12226));
#12201 = ORIENTED_EDGE('',*,*,#5750,.F.);
#12202 = ORIENTED_EDGE('',*,*,#12180,.F.);
#12203 = ORIENTED_EDGE('',*,*,#12204,.T.);
#12204 = EDGE_CURVE('',#12157,#12205,#12207,.T.);
#12205 = VERTEX_POINT('',#12206);
#12206 = CARTESIAN_POINT('',(-3.441787785516,1.081701250048,18.25));
#12207 = SURFACE_CURVE('',#12208,(#12212,#12219),.PCURVE_S1.);
#12208 = LINE('',#12209,#12210);
#12209 = CARTESIAN_POINT('',(-4.142833129551,0.696298310767,18.25));
#12210 = VECTOR('',#12211,1.);
#12211 = DIRECTION('',(0.876306680044,0.481753674102,0.));
#12212 = PCURVE('',#5766,#12213);
#12213 = DEFINITIONAL_REPRESENTATION('',(#12214),#12218);
#12214 = LINE('',#12215,#12216);
#12215 = CARTESIAN_POINT('',(0.,-3.5));
#12216 = VECTOR('',#12217,1.);
#12217 = DIRECTION('',(1.,0.));
#12218 = ( GEOMETRIC_REPRESENTATION_CONTEXT(2) 
PARAMETRIC_REPRESENTATION_CONTEXT() REPRESENTATION_CONTEXT('2D SPACE',''
  ) );
#12219 = PCURVE('',#8162,#12220);
#12220 = DEFINITIONAL_REPRESENTATION('',(#12221),#12225);
#12221 = LINE('',#12222,#12223);
#12222 = CARTESIAN_POINT('',(-0.542833129551,0.696298310767));
#12223 = VECTOR('',#12224,1.);
#12224 = DIRECTION('',(0.876306680044,0.481753674102));
#12225 = ( GEOMETRIC_REPRESENTATION_CONTEXT(2) 
PARAMETRIC_REPRESENTATION_CONTEXT() REPRESENTATION_CONTEXT('2D SPACE',''
  ) );
#12226 = ORIENTED_EDGE('',*,*,#12227,.F.);
#12227 = EDGE_CURVE('',#5723,#12205,#12228,.T.);
#12228 = SURFACE_CURVE('',#12229,(#12233,#12240),.PCURVE_S1.);
#12229 = LINE('',#12230,#12231);
#12230 = CARTESIAN_POINT('',(-3.441787785516,1.081701250048,14.75));
#12231 = VECTOR('',#12232,1.);
#12232 = DIRECTION('',(0.,0.,1.));
#12233 = PCURVE('',#5766,#12234);
#12234 = DEFINITIONAL_REPRESENTATION('',(#12235),#12239);
#12235 = LINE('',#12236,#12237);
#12236 = CARTESIAN_POINT('',(0.8,0.));
#12237 = VECTOR('',#12238,1.);
#12238 = DIRECTION('',(0.,-1.));
#12239 = ( GEOMETRIC_REPRESENTATION_CONTEXT(2) 
PARAMETRIC_REPRESENTATION_CONTEXT() REPRESENTATION_CONTEXT('2D SPACE',''
  ) );
#12240 = PCURVE('',#5738,#12241);
#12241 = DEFINITIONAL_REPRESENTATION('',(#12242),#12246);
#12242 = LINE('',#12243,#12244);
#12243 = CARTESIAN_POINT('',(0.,0.));
#12244 = VECTOR('',#12245,1.);
#12245 = DIRECTION('',(0.,-1.));
#12246 = ( GEOMETRIC_REPRESENTATION_CONTEXT(2) 
PARAMETRIC_REPRESENTATION_CONTEXT() REPRESENTATION_CONTEXT('2D SPACE',''
  ) );
#12247 = ADVANCED_FACE('',(#12248),#5738,.F.);
#12248 = FACE_BOUND('',#12249,.F.);
#12249 = EDGE_LOOP('',(#12250,#12251,#12274,#12295));
#12250 = ORIENTED_EDGE('',*,*,#12227,.T.);
#12251 = ORIENTED_EDGE('',*,*,#12252,.T.);
#12252 = EDGE_CURVE('',#12205,#12253,#12255,.T.);
#12253 = VERTEX_POINT('',#12254);
#12254 = CARTESIAN_POINT('',(-3.576678814265,1.32706712046,18.25));
#12255 = SURFACE_CURVE('',#12256,(#12260,#12267),.PCURVE_S1.);
#12256 = LINE('',#12257,#12258);
#12257 = CARTESIAN_POINT('',(-3.441787785516,1.081701250048,18.25));
#12258 = VECTOR('',#12259,1.);
#12259 = DIRECTION('',(-0.481753674102,0.876306680044,0.));
#12260 = PCURVE('',#5738,#12261);
#12261 = DEFINITIONAL_REPRESENTATION('',(#12262),#12266);
#12262 = LINE('',#12263,#12264);
#12263 = CARTESIAN_POINT('',(0.,-3.5));
#12264 = VECTOR('',#12265,1.);
#12265 = DIRECTION('',(1.,0.));
#12266 = ( GEOMETRIC_REPRESENTATION_CONTEXT(2) 
PARAMETRIC_REPRESENTATION_CONTEXT() REPRESENTATION_CONTEXT('2D SPACE',''
  ) );
#12267 = PCURVE('',#8162,#12268);
#12268 = DEFINITIONAL_REPRESENTATION('',(#12269),#12273);
#12269 = LINE('',#12270,#12271);
#12270 = CARTESIAN_POINT('',(0.158212214484,1.081701250048));
#12271 = VECTOR('',#12272,1.);
#12272 = DIRECTION('',(-0.481753674102,0.876306680044));
#12273 = ( GEOMETRIC_REPRESENTATION_CONTEXT(2) 
PARAMETRIC_REPRESENTATION_CONTEXT() REPRESENTATION_CONTEXT('2D SPACE',''
  ) );
#12274 = ORIENTED_EDGE('',*,*,#12275,.F.);
#12275 = EDGE_CURVE('',#5695,#12253,#12276,.T.);
#12276 = SURFACE_CURVE('',#12277,(#12281,#12288),.PCURVE_S1.);
#12277 = LINE('',#12278,#12279);
#12278 = CARTESIAN_POINT('',(-3.576678814265,1.32706712046,14.75));
#12279 = VECTOR('',#12280,1.);
#12280 = DIRECTION('',(0.,0.,1.));
#12281 = PCURVE('',#5738,#12282);
#12282 = DEFINITIONAL_REPRESENTATION('',(#12283),#12287);
#12283 = LINE('',#12284,#12285);
#12284 = CARTESIAN_POINT('',(0.28,0.));
#12285 = VECTOR('',#12286,1.);
#12286 = DIRECTION('',(0.,-1.));
#12287 = ( GEOMETRIC_REPRESENTATION_CONTEXT(2) 
PARAMETRIC_REPRESENTATION_CONTEXT() REPRESENTATION_CONTEXT('2D SPACE',''
  ) );
#12288 = PCURVE('',#5710,#12289);
#12289 = DEFINITIONAL_REPRESENTATION('',(#12290),#12294);
#12290 = LINE('',#12291,#12292);
#12291 = CARTESIAN_POINT('',(0.,0.));
#12292 = VECTOR('',#12293,1.);
#12293 = DIRECTION('',(0.,-1.));
#12294 = ( GEOMETRIC_REPRESENTATION_CONTEXT(2) 
PARAMETRIC_REPRESENTATION_CONTEXT() REPRESENTATION_CONTEXT('2D SPACE',''
  ) );
#12295 = ORIENTED_EDGE('',*,*,#5722,.F.);
#12296 = ADVANCED_FACE('',(#12297),#5710,.F.);
#12297 = FACE_BOUND('',#12298,.F.);
#12298 = EDGE_LOOP('',(#12299,#12300,#12301,#12324));
#12299 = ORIENTED_EDGE('',*,*,#5694,.F.);
#12300 = ORIENTED_EDGE('',*,*,#12275,.T.);
#12301 = ORIENTED_EDGE('',*,*,#12302,.T.);
#12302 = EDGE_CURVE('',#12253,#12303,#12305,.T.);
#12303 = VERTEX_POINT('',#12304);
#12304 = CARTESIAN_POINT('',(-3.887384723521,1.156255101383,18.25));
#12305 = SURFACE_CURVE('',#12306,(#12310,#12317),.PCURVE_S1.);
#12306 = LINE('',#12307,#12308);
#12307 = CARTESIAN_POINT('',(-3.576678814265,1.32706712046,18.25));
#12308 = VECTOR('',#12309,1.);
#12309 = DIRECTION('',(-0.876306680044,-0.481753674102,0.));
#12310 = PCURVE('',#5710,#12311);
#12311 = DEFINITIONAL_REPRESENTATION('',(#12312),#12316);
#12312 = LINE('',#12313,#12314);
#12313 = CARTESIAN_POINT('',(0.,-3.5));
#12314 = VECTOR('',#12315,1.);
#12315 = DIRECTION('',(1.,0.));
#12316 = ( GEOMETRIC_REPRESENTATION_CONTEXT(2) 
PARAMETRIC_REPRESENTATION_CONTEXT() REPRESENTATION_CONTEXT('2D SPACE',''
  ) );
#12317 = PCURVE('',#8162,#12318);
#12318 = DEFINITIONAL_REPRESENTATION('',(#12319),#12323);
#12319 = LINE('',#12320,#12321);
#12320 = CARTESIAN_POINT('',(2.332118573542E-02,1.32706712046));
#12321 = VECTOR('',#12322,1.);
#12322 = DIRECTION('',(-0.876306680044,-0.481753674102));
#12323 = ( GEOMETRIC_REPRESENTATION_CONTEXT(2) 
PARAMETRIC_REPRESENTATION_CONTEXT() REPRESENTATION_CONTEXT('2D SPACE',''
  ) );
#12324 = ORIENTED_EDGE('',*,*,#12325,.T.);
#12325 = EDGE_CURVE('',#12303,#5666,#12326,.T.);
#12326 = SURFACE_CURVE('',#12327,(#12331,#12337),.PCURVE_S1.);
#12327 = LINE('',#12328,#12329);
#12328 = CARTESIAN_POINT('',(-3.887384723521,1.156255101383,14.75));
#12329 = VECTOR('',#12330,1.);
#12330 = DIRECTION('',(-0.,-0.,-1.));
#12331 = PCURVE('',#5710,#12332);
#12332 = DEFINITIONAL_REPRESENTATION('',(#12333),#12336);
#12333 = B_SPLINE_CURVE_WITH_KNOTS('',1,(#12334,#12335),.UNSPECIFIED.,
  .F.,.F.,(2,2),(-3.5000006,5.999999999062E-07),
  .PIECEWISE_BEZIER_KNOTS.);
#12334 = CARTESIAN_POINT('',(0.354562981582,-3.5000006));
#12335 = CARTESIAN_POINT('',(0.354562981582,5.999999999062E-07));
#12336 = ( GEOMETRIC_REPRESENTATION_CONTEXT(2) 
PARAMETRIC_REPRESENTATION_CONTEXT() REPRESENTATION_CONTEXT('2D SPACE',''
  ) );
#12337 = PCURVE('',#5682,#12338);
#12338 = DEFINITIONAL_REPRESENTATION('',(#12339),#12342);
#12339 = B_SPLINE_CURVE_WITH_KNOTS('',1,(#12340,#12341),.UNSPECIFIED.,
  .F.,.F.,(2,2),(-3.5000006,5.999999999062E-07),
  .PIECEWISE_BEZIER_KNOTS.);
#12340 = CARTESIAN_POINT('',(-0.567817208582,-3.5000006));
#12341 = CARTESIAN_POINT('',(-0.567817208582,5.999999999062E-07));
#12342 = ( GEOMETRIC_REPRESENTATION_CONTEXT(2) 
PARAMETRIC_REPRESENTATION_CONTEXT() REPRESENTATION_CONTEXT('2D SPACE',''
  ) );
#12343 = ADVANCED_FACE('',(#12344),#5682,.T.);
#12344 = FACE_BOUND('',#12345,.F.);
#12345 = EDGE_LOOP('',(#12346,#12347,#12348,#12372));
#12346 = ORIENTED_EDGE('',*,*,#5665,.F.);
#12347 = ORIENTED_EDGE('',*,*,#12325,.F.);
#12348 = ORIENTED_EDGE('',*,*,#12349,.T.);
#12349 = EDGE_CURVE('',#12303,#12350,#12352,.T.);
#12350 = VERTEX_POINT('',#12351);
#12351 = CARTESIAN_POINT('',(-4.040207126634,1.366597094072,18.25));
#12352 = SURFACE_CURVE('',#12353,(#12358,#12365),.PCURVE_S1.);
#12353 = CIRCLE('',#12354,2.15);
#12354 = AXIS2_PLACEMENT_3D('',#12355,#12356,#12357);
#12355 = CARTESIAN_POINT('',(-5.7,0.,18.25));
#12356 = DIRECTION('',(0.,0.,1.));
#12357 = DIRECTION('',(1.,0.,0.));
#12358 = PCURVE('',#5682,#12359);
#12359 = DEFINITIONAL_REPRESENTATION('',(#12360),#12364);
#12360 = LINE('',#12361,#12362);
#12361 = CARTESIAN_POINT('',(-0.,-3.5));
#12362 = VECTOR('',#12363,1.);
#12363 = DIRECTION('',(-1.,0.));
#12364 = ( GEOMETRIC_REPRESENTATION_CONTEXT(2) 
PARAMETRIC_REPRESENTATION_CONTEXT() REPRESENTATION_CONTEXT('2D SPACE',''
  ) );
#12365 = PCURVE('',#8162,#12366);
#12366 = DEFINITIONAL_REPRESENTATION('',(#12367),#12371);
#12367 = CIRCLE('',#12368,2.15);
#12368 = AXIS2_PLACEMENT_2D('',#12369,#12370);
#12369 = CARTESIAN_POINT('',(-2.1,0.));
#12370 = DIRECTION('',(1.,0.));
#12371 = ( GEOMETRIC_REPRESENTATION_CONTEXT(2) 
PARAMETRIC_REPRESENTATION_CONTEXT() REPRESENTATION_CONTEXT('2D SPACE',''
  ) );
#12372 = ORIENTED_EDGE('',*,*,#12373,.T.);
#12373 = EDGE_CURVE('',#12350,#5638,#12374,.T.);
#12374 = SURFACE_CURVE('',#12375,(#12379,#12385),.PCURVE_S1.);
#12375 = LINE('',#12376,#12377);
#12376 = CARTESIAN_POINT('',(-4.040207126634,1.366597094072,14.75));
#12377 = VECTOR('',#12378,1.);
#12378 = DIRECTION('',(-0.,-0.,-1.));
#12379 = PCURVE('',#5682,#12380);
#12380 = DEFINITIONAL_REPRESENTATION('',(#12381),#12384);
#12381 = B_SPLINE_CURVE_WITH_KNOTS('',1,(#12382,#12383),.UNSPECIFIED.,
  .F.,.F.,(2,2),(-3.5000006,5.999999999062E-07),
  .PIECEWISE_BEZIER_KNOTS.);
#12382 = CARTESIAN_POINT('',(-0.688819852854,-3.5000006));
#12383 = CARTESIAN_POINT('',(-0.688819852854,5.999999999062E-07));
#12384 = ( GEOMETRIC_REPRESENTATION_CONTEXT(2) 
PARAMETRIC_REPRESENTATION_CONTEXT() REPRESENTATION_CONTEXT('2D SPACE',''
  ) );
#12385 = PCURVE('',#5653,#12386);
#12386 = DEFINITIONAL_REPRESENTATION('',(#12387),#12390);
#12387 = B_SPLINE_CURVE_WITH_KNOTS('',1,(#12388,#12389),.UNSPECIFIED.,
  .F.,.F.,(2,2),(-3.5000006,5.999999999062E-07),
  .PIECEWISE_BEZIER_KNOTS.);
#12388 = CARTESIAN_POINT('',(0.445437018418,-3.5000006));
#12389 = CARTESIAN_POINT('',(0.445437018418,5.999999999062E-07));
#12390 = ( GEOMETRIC_REPRESENTATION_CONTEXT(2) 
PARAMETRIC_REPRESENTATION_CONTEXT() REPRESENTATION_CONTEXT('2D SPACE',''
  ) );
#12391 = ADVANCED_FACE('',(#12392),#5653,.F.);
#12392 = FACE_BOUND('',#12393,.F.);
#12393 = EDGE_LOOP('',(#12394,#12395,#12396,#12419));
#12394 = ORIENTED_EDGE('',*,*,#5637,.F.);
#12395 = ORIENTED_EDGE('',*,*,#12373,.F.);
#12396 = ORIENTED_EDGE('',*,*,#12397,.T.);
#12397 = EDGE_CURVE('',#12350,#12398,#12400,.T.);
#12398 = VERTEX_POINT('',#12399);
#12399 = CARTESIAN_POINT('',(-3.781741836616,1.609312156983,18.25));
#12400 = SURFACE_CURVE('',#12401,(#12405,#12412),.PCURVE_S1.);
#12401 = LINE('',#12402,#12403);
#12402 = CARTESIAN_POINT('',(-4.364916738554,1.06167447224,18.25));
#12403 = VECTOR('',#12404,1.);
#12404 = DIRECTION('',(0.728968627421,0.684547105929,0.));
#12405 = PCURVE('',#5653,#12406);
#12406 = DEFINITIONAL_REPRESENTATION('',(#12407),#12411);
#12407 = LINE('',#12408,#12409);
#12408 = CARTESIAN_POINT('',(0.,-3.5));
#12409 = VECTOR('',#12410,1.);
#12410 = DIRECTION('',(1.,0.));
#12411 = ( GEOMETRIC_REPRESENTATION_CONTEXT(2) 
PARAMETRIC_REPRESENTATION_CONTEXT() REPRESENTATION_CONTEXT('2D SPACE',''
  ) );
#12412 = PCURVE('',#8162,#12413);
#12413 = DEFINITIONAL_REPRESENTATION('',(#12414),#12418);
#12414 = LINE('',#12415,#12416);
#12415 = CARTESIAN_POINT('',(-0.764916738554,1.06167447224));
#12416 = VECTOR('',#12417,1.);
#12417 = DIRECTION('',(0.728968627421,0.684547105929));
#12418 = ( GEOMETRIC_REPRESENTATION_CONTEXT(2) 
PARAMETRIC_REPRESENTATION_CONTEXT() REPRESENTATION_CONTEXT('2D SPACE',''
  ) );
#12419 = ORIENTED_EDGE('',*,*,#12420,.F.);
#12420 = EDGE_CURVE('',#5610,#12398,#12421,.T.);
#12421 = SURFACE_CURVE('',#12422,(#12426,#12433),.PCURVE_S1.);
#12422 = LINE('',#12423,#12424);
#12423 = CARTESIAN_POINT('',(-3.781741836616,1.609312156983,14.75));
#12424 = VECTOR('',#12425,1.);
#12425 = DIRECTION('',(0.,0.,1.));
#12426 = PCURVE('',#5653,#12427);
#12427 = DEFINITIONAL_REPRESENTATION('',(#12428),#12432);
#12428 = LINE('',#12429,#12430);
#12429 = CARTESIAN_POINT('',(0.8,0.));
#12430 = VECTOR('',#12431,1.);
#12431 = DIRECTION('',(0.,-1.));
#12432 = ( GEOMETRIC_REPRESENTATION_CONTEXT(2) 
PARAMETRIC_REPRESENTATION_CONTEXT() REPRESENTATION_CONTEXT('2D SPACE',''
  ) );
#12433 = PCURVE('',#5625,#12434);
#12434 = DEFINITIONAL_REPRESENTATION('',(#12435),#12439);
#12435 = LINE('',#12436,#12437);
#12436 = CARTESIAN_POINT('',(0.,0.));
#12437 = VECTOR('',#12438,1.);
#12438 = DIRECTION('',(0.,-1.));
#12439 = ( GEOMETRIC_REPRESENTATION_CONTEXT(2) 
PARAMETRIC_REPRESENTATION_CONTEXT() REPRESENTATION_CONTEXT('2D SPACE',''
  ) );
#12440 = ADVANCED_FACE('',(#12441),#5625,.F.);
#12441 = FACE_BOUND('',#12442,.F.);
#12442 = EDGE_LOOP('',(#12443,#12444,#12467,#12488));
#12443 = ORIENTED_EDGE('',*,*,#12420,.T.);
#12444 = ORIENTED_EDGE('',*,*,#12445,.T.);
#12445 = EDGE_CURVE('',#12398,#12446,#12448,.T.);
#12446 = VERTEX_POINT('',#12447);
#12447 = CARTESIAN_POINT('',(-3.973415026276,1.813423372661,18.25));
#12448 = SURFACE_CURVE('',#12449,(#12453,#12460),.PCURVE_S1.);
#12449 = LINE('',#12450,#12451);
#12450 = CARTESIAN_POINT('',(-3.781741836616,1.609312156983,18.25));
#12451 = VECTOR('',#12452,1.);
#12452 = DIRECTION('',(-0.684547105929,0.728968627421,0.));
#12453 = PCURVE('',#5625,#12454);
#12454 = DEFINITIONAL_REPRESENTATION('',(#12455),#12459);
#12455 = LINE('',#12456,#12457);
#12456 = CARTESIAN_POINT('',(0.,-3.5));
#12457 = VECTOR('',#12458,1.);
#12458 = DIRECTION('',(1.,0.));
#12459 = ( GEOMETRIC_REPRESENTATION_CONTEXT(2) 
PARAMETRIC_REPRESENTATION_CONTEXT() REPRESENTATION_CONTEXT('2D SPACE',''
  ) );
#12460 = PCURVE('',#8162,#12461);
#12461 = DEFINITIONAL_REPRESENTATION('',(#12462),#12466);
#12462 = LINE('',#12463,#12464);
#12463 = CARTESIAN_POINT('',(-0.181741836616,1.609312156983));
#12464 = VECTOR('',#12465,1.);
#12465 = DIRECTION('',(-0.684547105929,0.728968627421));
#12466 = ( GEOMETRIC_REPRESENTATION_CONTEXT(2) 
PARAMETRIC_REPRESENTATION_CONTEXT() REPRESENTATION_CONTEXT('2D SPACE',''
  ) );
#12467 = ORIENTED_EDGE('',*,*,#12468,.F.);
#12468 = EDGE_CURVE('',#5582,#12446,#12469,.T.);
#12469 = SURFACE_CURVE('',#12470,(#12474,#12481),.PCURVE_S1.);
#12470 = LINE('',#12471,#12472);
#12471 = CARTESIAN_POINT('',(-3.973415026276,1.813423372661,14.75));
#12472 = VECTOR('',#12473,1.);
#12473 = DIRECTION('',(0.,0.,1.));
#12474 = PCURVE('',#5625,#12475);
#12475 = DEFINITIONAL_REPRESENTATION('',(#12476),#12480);
#12476 = LINE('',#12477,#12478);
#12477 = CARTESIAN_POINT('',(0.28,0.));
#12478 = VECTOR('',#12479,1.);
#12479 = DIRECTION('',(0.,-1.));
#12480 = ( GEOMETRIC_REPRESENTATION_CONTEXT(2) 
PARAMETRIC_REPRESENTATION_CONTEXT() REPRESENTATION_CONTEXT('2D SPACE',''
  ) );
#12481 = PCURVE('',#5597,#12482);
#12482 = DEFINITIONAL_REPRESENTATION('',(#12483),#12487);
#12483 = LINE('',#12484,#12485);
#12484 = CARTESIAN_POINT('',(0.,0.));
#12485 = VECTOR('',#12486,1.);
#12486 = DIRECTION('',(0.,-1.));
#12487 = ( GEOMETRIC_REPRESENTATION_CONTEXT(2) 
PARAMETRIC_REPRESENTATION_CONTEXT() REPRESENTATION_CONTEXT('2D SPACE',''
  ) );
#12488 = ORIENTED_EDGE('',*,*,#5609,.F.);
#12489 = ADVANCED_FACE('',(#12490),#5597,.F.);
#12490 = FACE_BOUND('',#12491,.F.);
#12491 = EDGE_LOOP('',(#12492,#12493,#12494,#12517));
#12492 = ORIENTED_EDGE('',*,*,#5581,.F.);
#12493 = ORIENTED_EDGE('',*,*,#12468,.T.);
#12494 = ORIENTED_EDGE('',*,*,#12495,.T.);
#12495 = EDGE_CURVE('',#12446,#12496,#12498,.T.);
#12496 = VERTEX_POINT('',#12497);
#12497 = CARTESIAN_POINT('',(-4.231880316294,1.57070830975,18.25));
#12498 = SURFACE_CURVE('',#12499,(#12503,#12510),.PCURVE_S1.);
#12499 = LINE('',#12500,#12501);
#12500 = CARTESIAN_POINT('',(-3.973415026276,1.813423372661,18.25));
#12501 = VECTOR('',#12502,1.);
#12502 = DIRECTION('',(-0.728968627421,-0.684547105929,0.));
#12503 = PCURVE('',#5597,#12504);
#12504 = DEFINITIONAL_REPRESENTATION('',(#12505),#12509);
#12505 = LINE('',#12506,#12507);
#12506 = CARTESIAN_POINT('',(0.,-3.5));
#12507 = VECTOR('',#12508,1.);
#12508 = DIRECTION('',(1.,0.));
#12509 = ( GEOMETRIC_REPRESENTATION_CONTEXT(2) 
PARAMETRIC_REPRESENTATION_CONTEXT() REPRESENTATION_CONTEXT('2D SPACE',''
  ) );
#12510 = PCURVE('',#8162,#12511);
#12511 = DEFINITIONAL_REPRESENTATION('',(#12512),#12516);
#12512 = LINE('',#12513,#12514);
#12513 = CARTESIAN_POINT('',(-0.373415026276,1.813423372661));
#12514 = VECTOR('',#12515,1.);
#12515 = DIRECTION('',(-0.728968627421,-0.684547105929));
#12516 = ( GEOMETRIC_REPRESENTATION_CONTEXT(2) 
PARAMETRIC_REPRESENTATION_CONTEXT() REPRESENTATION_CONTEXT('2D SPACE',''
  ) );
#12517 = ORIENTED_EDGE('',*,*,#12518,.T.);
#12518 = EDGE_CURVE('',#12496,#5553,#12519,.T.);
#12519 = SURFACE_CURVE('',#12520,(#12524,#12530),.PCURVE_S1.);
#12520 = LINE('',#12521,#12522);
#12521 = CARTESIAN_POINT('',(-4.231880316294,1.57070830975,14.75));
#12522 = VECTOR('',#12523,1.);
#12523 = DIRECTION('',(-0.,-0.,-1.));
#12524 = PCURVE('',#5597,#12525);
#12525 = DEFINITIONAL_REPRESENTATION('',(#12526),#12529);
#12526 = B_SPLINE_CURVE_WITH_KNOTS('',1,(#12527,#12528),.UNSPECIFIED.,
  .F.,.F.,(2,2),(-3.5000006,5.999999999062E-07),
  .PIECEWISE_BEZIER_KNOTS.);
#12527 = CARTESIAN_POINT('',(0.354562981582,-3.5000006));
#12528 = CARTESIAN_POINT('',(0.354562981582,5.999999999062E-07));
#12529 = ( GEOMETRIC_REPRESENTATION_CONTEXT(2) 
PARAMETRIC_REPRESENTATION_CONTEXT() REPRESENTATION_CONTEXT('2D SPACE',''
  ) );
#12530 = PCURVE('',#5569,#12531);
#12531 = DEFINITIONAL_REPRESENTATION('',(#12532),#12535);
#12532 = B_SPLINE_CURVE_WITH_KNOTS('',1,(#12533,#12534),.UNSPECIFIED.,
  .F.,.F.,(2,2),(-3.5000006,5.999999999062E-07),
  .PIECEWISE_BEZIER_KNOTS.);
#12533 = CARTESIAN_POINT('',(-0.819144620869,-3.5000006));
#12534 = CARTESIAN_POINT('',(-0.819144620869,5.999999999062E-07));
#12535 = ( GEOMETRIC_REPRESENTATION_CONTEXT(2) 
PARAMETRIC_REPRESENTATION_CONTEXT() REPRESENTATION_CONTEXT('2D SPACE',''
  ) );
#12536 = ADVANCED_FACE('',(#12537),#5569,.T.);
#12537 = FACE_BOUND('',#12538,.F.);
#12538 = EDGE_LOOP('',(#12539,#12540,#12541,#12565));
#12539 = ORIENTED_EDGE('',*,*,#5552,.F.);
#12540 = ORIENTED_EDGE('',*,*,#12518,.F.);
#12541 = ORIENTED_EDGE('',*,*,#12542,.T.);
#12542 = EDGE_CURVE('',#12496,#12543,#12545,.T.);
#12543 = VERTEX_POINT('',#12544);
#12544 = CARTESIAN_POINT('',(-4.432211449021,1.736436635759,18.25));
#12545 = SURFACE_CURVE('',#12546,(#12551,#12558),.PCURVE_S1.);
#12546 = CIRCLE('',#12547,2.15);
#12547 = AXIS2_PLACEMENT_3D('',#12548,#12549,#12550);
#12548 = CARTESIAN_POINT('',(-5.7,0.,18.25));
#12549 = DIRECTION('',(0.,0.,1.));
#12550 = DIRECTION('',(1.,0.,0.));
#12551 = PCURVE('',#5569,#12552);
#12552 = DEFINITIONAL_REPRESENTATION('',(#12553),#12557);
#12553 = LINE('',#12554,#12555);
#12554 = CARTESIAN_POINT('',(-0.,-3.5));
#12555 = VECTOR('',#12556,1.);
#12556 = DIRECTION('',(-1.,0.));
#12557 = ( GEOMETRIC_REPRESENTATION_CONTEXT(2) 
PARAMETRIC_REPRESENTATION_CONTEXT() REPRESENTATION_CONTEXT('2D SPACE',''
  ) );
#12558 = PCURVE('',#8162,#12559);
#12559 = DEFINITIONAL_REPRESENTATION('',(#12560),#12564);
#12560 = CIRCLE('',#12561,2.15);
#12561 = AXIS2_PLACEMENT_2D('',#12562,#12563);
#12562 = CARTESIAN_POINT('',(-2.1,0.));
#12563 = DIRECTION('',(1.,0.));
#12564 = ( GEOMETRIC_REPRESENTATION_CONTEXT(2) 
PARAMETRIC_REPRESENTATION_CONTEXT() REPRESENTATION_CONTEXT('2D SPACE',''
  ) );
#12565 = ORIENTED_EDGE('',*,*,#12566,.T.);
#12566 = EDGE_CURVE('',#12543,#5525,#12567,.T.);
#12567 = SURFACE_CURVE('',#12568,(#12572,#12578),.PCURVE_S1.);
#12568 = LINE('',#12569,#12570);
#12569 = CARTESIAN_POINT('',(-4.432211449021,1.736436635759,14.75));
#12570 = VECTOR('',#12571,1.);
#12571 = DIRECTION('',(-0.,-0.,-1.));
#12572 = PCURVE('',#5569,#12573);
#12573 = DEFINITIONAL_REPRESENTATION('',(#12574),#12577);
#12574 = B_SPLINE_CURVE_WITH_KNOTS('',1,(#12575,#12576),.UNSPECIFIED.,
  .F.,.F.,(2,2),(-3.5000006,5.999999999062E-07),
  .PIECEWISE_BEZIER_KNOTS.);
#12575 = CARTESIAN_POINT('',(-0.940147265141,-3.5000006));
#12576 = CARTESIAN_POINT('',(-0.940147265141,5.999999999062E-07));
#12577 = ( GEOMETRIC_REPRESENTATION_CONTEXT(2) 
PARAMETRIC_REPRESENTATION_CONTEXT() REPRESENTATION_CONTEXT('2D SPACE',''
  ) );
#12578 = PCURVE('',#5540,#12579);
#12579 = DEFINITIONAL_REPRESENTATION('',(#12580),#12583);
#12580 = B_SPLINE_CURVE_WITH_KNOTS('',1,(#12581,#12582),.UNSPECIFIED.,
  .F.,.F.,(2,2),(-3.5000006,5.999999999062E-07),
  .PIECEWISE_BEZIER_KNOTS.);
#12581 = CARTESIAN_POINT('',(0.445437018418,-3.5000006));
#12582 = CARTESIAN_POINT('',(0.445437018418,5.999999999062E-07));
#12583 = ( GEOMETRIC_REPRESENTATION_CONTEXT(2) 
PARAMETRIC_REPRESENTATION_CONTEXT() REPRESENTATION_CONTEXT('2D SPACE',''
  ) );
#12584 = ADVANCED_FACE('',(#12585),#5540,.F.);
#12585 = FACE_BOUND('',#12586,.F.);
#12586 = EDGE_LOOP('',(#12587,#12588,#12589,#12612));
#12587 = ORIENTED_EDGE('',*,*,#5524,.F.);
#12588 = ORIENTED_EDGE('',*,*,#12566,.F.);
#12589 = ORIENTED_EDGE('',*,*,#12590,.T.);
#12590 = EDGE_CURVE('',#12543,#12591,#12593,.T.);
#12591 = VERTEX_POINT('',#12592);
#12592 = CARTESIAN_POINT('',(-4.242227102982,2.035804062458,18.25));
#12593 = SURFACE_CURVE('',#12594,(#12598,#12605),.PCURVE_S1.);
#12594 = LINE('',#12595,#12596);
#12595 = CARTESIAN_POINT('',(-4.670888538965,1.360341722056,18.25));
#12596 = VECTOR('',#12597,1.);
#12597 = DIRECTION('',(0.535826794979,0.844327925502,0.));
#12598 = PCURVE('',#5540,#12599);
#12599 = DEFINITIONAL_REPRESENTATION('',(#12600),#12604);
#12600 = LINE('',#12601,#12602);
#12601 = CARTESIAN_POINT('',(0.,-3.5));
#12602 = VECTOR('',#12603,1.);
#12603 = DIRECTION('',(1.,0.));
#12604 = ( GEOMETRIC_REPRESENTATION_CONTEXT(2) 
PARAMETRIC_REPRESENTATION_CONTEXT() REPRESENTATION_CONTEXT('2D SPACE',''
  ) );
#12605 = PCURVE('',#8162,#12606);
#12606 = DEFINITIONAL_REPRESENTATION('',(#12607),#12611);
#12607 = LINE('',#12608,#12609);
#12608 = CARTESIAN_POINT('',(-1.070888538965,1.360341722056));
#12609 = VECTOR('',#12610,1.);
#12610 = DIRECTION('',(0.535826794979,0.844327925502));
#12611 = ( GEOMETRIC_REPRESENTATION_CONTEXT(2) 
PARAMETRIC_REPRESENTATION_CONTEXT() REPRESENTATION_CONTEXT('2D SPACE',''
  ) );
#12612 = ORIENTED_EDGE('',*,*,#12613,.F.);
#12613 = EDGE_CURVE('',#5497,#12591,#12614,.T.);
#12614 = SURFACE_CURVE('',#12615,(#12619,#12626),.PCURVE_S1.);
#12615 = LINE('',#12616,#12617);
#12616 = CARTESIAN_POINT('',(-4.242227102982,2.035804062458,14.75));
#12617 = VECTOR('',#12618,1.);
#12618 = DIRECTION('',(0.,0.,1.));
#12619 = PCURVE('',#5540,#12620);
#12620 = DEFINITIONAL_REPRESENTATION('',(#12621),#12625);
#12621 = LINE('',#12622,#12623);
#12622 = CARTESIAN_POINT('',(0.8,0.));
#12623 = VECTOR('',#12624,1.);
#12624 = DIRECTION('',(0.,-1.));
#12625 = ( GEOMETRIC_REPRESENTATION_CONTEXT(2) 
PARAMETRIC_REPRESENTATION_CONTEXT() REPRESENTATION_CONTEXT('2D SPACE',''
  ) );
#12626 = PCURVE('',#5512,#12627);
#12627 = DEFINITIONAL_REPRESENTATION('',(#12628),#12632);
#12628 = LINE('',#12629,#12630);
#12629 = CARTESIAN_POINT('',(0.,0.));
#12630 = VECTOR('',#12631,1.);
#12631 = DIRECTION('',(0.,-1.));
#12632 = ( GEOMETRIC_REPRESENTATION_CONTEXT(2) 
PARAMETRIC_REPRESENTATION_CONTEXT() REPRESENTATION_CONTEXT('2D SPACE',''
  ) );
#12633 = ADVANCED_FACE('',(#12634),#5512,.F.);
#12634 = FACE_BOUND('',#12635,.F.);
#12635 = EDGE_LOOP('',(#12636,#12637,#12660,#12681));
#12636 = ORIENTED_EDGE('',*,*,#12613,.T.);
#12637 = ORIENTED_EDGE('',*,*,#12638,.T.);
#12638 = EDGE_CURVE('',#12591,#12639,#12641,.T.);
#12639 = VERTEX_POINT('',#12640);
#12640 = CARTESIAN_POINT('',(-4.478638922123,2.185835565052,18.25));
#12641 = SURFACE_CURVE('',#12642,(#12646,#12653),.PCURVE_S1.);
#12642 = LINE('',#12643,#12644);
#12643 = CARTESIAN_POINT('',(-4.242227102982,2.035804062458,18.25));
#12644 = VECTOR('',#12645,1.);
#12645 = DIRECTION('',(-0.844327925502,0.535826794979,0.));
#12646 = PCURVE('',#5512,#12647);
#12647 = DEFINITIONAL_REPRESENTATION('',(#12648),#12652);
#12648 = LINE('',#12649,#12650);
#12649 = CARTESIAN_POINT('',(0.,-3.5));
#12650 = VECTOR('',#12651,1.);
#12651 = DIRECTION('',(1.,0.));
#12652 = ( GEOMETRIC_REPRESENTATION_CONTEXT(2) 
PARAMETRIC_REPRESENTATION_CONTEXT() REPRESENTATION_CONTEXT('2D SPACE',''
  ) );
#12653 = PCURVE('',#8162,#12654);
#12654 = DEFINITIONAL_REPRESENTATION('',(#12655),#12659);
#12655 = LINE('',#12656,#12657);
#12656 = CARTESIAN_POINT('',(-0.642227102982,2.035804062458));
#12657 = VECTOR('',#12658,1.);
#12658 = DIRECTION('',(-0.844327925502,0.535826794979));
#12659 = ( GEOMETRIC_REPRESENTATION_CONTEXT(2) 
PARAMETRIC_REPRESENTATION_CONTEXT() REPRESENTATION_CONTEXT('2D SPACE',''
  ) );
#12660 = ORIENTED_EDGE('',*,*,#12661,.F.);
#12661 = EDGE_CURVE('',#5469,#12639,#12662,.T.);
#12662 = SURFACE_CURVE('',#12663,(#12667,#12674),.PCURVE_S1.);
#12663 = LINE('',#12664,#12665);
#12664 = CARTESIAN_POINT('',(-4.478638922123,2.185835565052,14.75));
#12665 = VECTOR('',#12666,1.);
#12666 = DIRECTION('',(0.,0.,1.));
#12667 = PCURVE('',#5512,#12668);
#12668 = DEFINITIONAL_REPRESENTATION('',(#12669),#12673);
#12669 = LINE('',#12670,#12671);
#12670 = CARTESIAN_POINT('',(0.28,0.));
#12671 = VECTOR('',#12672,1.);
#12672 = DIRECTION('',(0.,-1.));
#12673 = ( GEOMETRIC_REPRESENTATION_CONTEXT(2) 
PARAMETRIC_REPRESENTATION_CONTEXT() REPRESENTATION_CONTEXT('2D SPACE',''
  ) );
#12674 = PCURVE('',#5484,#12675);
#12675 = DEFINITIONAL_REPRESENTATION('',(#12676),#12680);
#12676 = LINE('',#12677,#12678);
#12677 = CARTESIAN_POINT('',(0.,0.));
#12678 = VECTOR('',#12679,1.);
#12679 = DIRECTION('',(0.,-1.));
#12680 = ( GEOMETRIC_REPRESENTATION_CONTEXT(2) 
PARAMETRIC_REPRESENTATION_CONTEXT() REPRESENTATION_CONTEXT('2D SPACE',''
  ) );
#12681 = ORIENTED_EDGE('',*,*,#5496,.F.);
#12682 = ADVANCED_FACE('',(#12683),#5484,.F.);
#12683 = FACE_BOUND('',#12684,.F.);
#12684 = EDGE_LOOP('',(#12685,#12686,#12687,#12710));
#12685 = ORIENTED_EDGE('',*,*,#5468,.F.);
#12686 = ORIENTED_EDGE('',*,*,#12661,.T.);
#12687 = ORIENTED_EDGE('',*,*,#12688,.T.);
#12688 = EDGE_CURVE('',#12639,#12689,#12691,.T.);
#12689 = VERTEX_POINT('',#12690);
#12690 = CARTESIAN_POINT('',(-4.668623268162,1.886468138353,18.25));
#12691 = SURFACE_CURVE('',#12692,(#12696,#12703),.PCURVE_S1.);
#12692 = LINE('',#12693,#12694);
#12693 = CARTESIAN_POINT('',(-4.478638922123,2.185835565052,18.25));
#12694 = VECTOR('',#12695,1.);
#12695 = DIRECTION('',(-0.535826794979,-0.844327925502,0.));
#12696 = PCURVE('',#5484,#12697);
#12697 = DEFINITIONAL_REPRESENTATION('',(#12698),#12702);
#12698 = LINE('',#12699,#12700);
#12699 = CARTESIAN_POINT('',(0.,-3.5));
#12700 = VECTOR('',#12701,1.);
#12701 = DIRECTION('',(1.,0.));
#12702 = ( GEOMETRIC_REPRESENTATION_CONTEXT(2) 
PARAMETRIC_REPRESENTATION_CONTEXT() REPRESENTATION_CONTEXT('2D SPACE',''
  ) );
#12703 = PCURVE('',#8162,#12704);
#12704 = DEFINITIONAL_REPRESENTATION('',(#12705),#12709);
#12705 = LINE('',#12706,#12707);
#12706 = CARTESIAN_POINT('',(-0.878638922123,2.185835565052));
#12707 = VECTOR('',#12708,1.);
#12708 = DIRECTION('',(-0.535826794979,-0.844327925502));
#12709 = ( GEOMETRIC_REPRESENTATION_CONTEXT(2) 
PARAMETRIC_REPRESENTATION_CONTEXT() REPRESENTATION_CONTEXT('2D SPACE',''
  ) );
#12710 = ORIENTED_EDGE('',*,*,#12711,.T.);
#12711 = EDGE_CURVE('',#12689,#5440,#12712,.T.);
#12712 = SURFACE_CURVE('',#12713,(#12717,#12723),.PCURVE_S1.);
#12713 = LINE('',#12714,#12715);
#12714 = CARTESIAN_POINT('',(-4.668623268162,1.886468138353,14.75));
#12715 = VECTOR('',#12716,1.);
#12716 = DIRECTION('',(-0.,-0.,-1.));
#12717 = PCURVE('',#5484,#12718);
#12718 = DEFINITIONAL_REPRESENTATION('',(#12719),#12722);
#12719 = B_SPLINE_CURVE_WITH_KNOTS('',1,(#12720,#12721),.UNSPECIFIED.,
  .F.,.F.,(2,2),(-3.5000006,5.999999999062E-07),
  .PIECEWISE_BEZIER_KNOTS.);
#12720 = CARTESIAN_POINT('',(0.354562981582,-3.5000006));
#12721 = CARTESIAN_POINT('',(0.354562981582,5.999999999062E-07));
#12722 = ( GEOMETRIC_REPRESENTATION_CONTEXT(2) 
PARAMETRIC_REPRESENTATION_CONTEXT() REPRESENTATION_CONTEXT('2D SPACE',''
  ) );
#12723 = PCURVE('',#5456,#12724);
#12724 = DEFINITIONAL_REPRESENTATION('',(#12725),#12728);
#12725 = B_SPLINE_CURVE_WITH_KNOTS('',1,(#12726,#12727),.UNSPECIFIED.,
  .F.,.F.,(2,2),(-3.5000006,5.999999999062E-07),
  .PIECEWISE_BEZIER_KNOTS.);
#12726 = CARTESIAN_POINT('',(-1.070472033156,-3.5000006));
#12727 = CARTESIAN_POINT('',(-1.070472033156,5.999999999062E-07));
#12728 = ( GEOMETRIC_REPRESENTATION_CONTEXT(2) 
PARAMETRIC_REPRESENTATION_CONTEXT() REPRESENTATION_CONTEXT('2D SPACE',''
  ) );
#12729 = ADVANCED_FACE('',(#12730),#5456,.T.);
#12730 = FACE_BOUND('',#12731,.F.);
#12731 = EDGE_LOOP('',(#12732,#12733,#12734,#12758));
#12732 = ORIENTED_EDGE('',*,*,#5439,.F.);
#12733 = ORIENTED_EDGE('',*,*,#12711,.F.);
#12734 = ORIENTED_EDGE('',*,*,#12735,.T.);
#12735 = EDGE_CURVE('',#12689,#12736,#12738,.T.);
#12736 = VERTEX_POINT('',#12737);
#12737 = CARTESIAN_POINT('',(-4.903875588666,1.997169477455,18.25));
#12738 = SURFACE_CURVE('',#12739,(#12744,#12751),.PCURVE_S1.);
#12739 = CIRCLE('',#12740,2.15);
#12740 = AXIS2_PLACEMENT_3D('',#12741,#12742,#12743);
#12741 = CARTESIAN_POINT('',(-5.7,0.,18.25));
#12742 = DIRECTION('',(0.,0.,1.));
#12743 = DIRECTION('',(1.,0.,0.));
#12744 = PCURVE('',#5456,#12745);
#12745 = DEFINITIONAL_REPRESENTATION('',(#12746),#12750);
#12746 = LINE('',#12747,#12748);
#12747 = CARTESIAN_POINT('',(-0.,-3.5));
#12748 = VECTOR('',#12749,1.);
#12749 = DIRECTION('',(-1.,0.));
#12750 = ( GEOMETRIC_REPRESENTATION_CONTEXT(2) 
PARAMETRIC_REPRESENTATION_CONTEXT() REPRESENTATION_CONTEXT('2D SPACE',''
  ) );
#12751 = PCURVE('',#8162,#12752);
#12752 = DEFINITIONAL_REPRESENTATION('',(#12753),#12757);
#12753 = CIRCLE('',#12754,2.15);
#12754 = AXIS2_PLACEMENT_2D('',#12755,#12756);
#12755 = CARTESIAN_POINT('',(-2.1,0.));
#12756 = DIRECTION('',(1.,0.));
#12757 = ( GEOMETRIC_REPRESENTATION_CONTEXT(2) 
PARAMETRIC_REPRESENTATION_CONTEXT() REPRESENTATION_CONTEXT('2D SPACE',''
  ) );
#12758 = ORIENTED_EDGE('',*,*,#12759,.T.);
#12759 = EDGE_CURVE('',#12736,#5412,#12760,.T.);
#12760 = SURFACE_CURVE('',#12761,(#12765,#12771),.PCURVE_S1.);
#12761 = LINE('',#12762,#12763);
#12762 = CARTESIAN_POINT('',(-4.903875588666,1.997169477455,14.75));
#12763 = VECTOR('',#12764,1.);
#12764 = DIRECTION('',(-0.,-0.,-1.));
#12765 = PCURVE('',#5456,#12766);
#12766 = DEFINITIONAL_REPRESENTATION('',(#12767),#12770);
#12767 = B_SPLINE_CURVE_WITH_KNOTS('',1,(#12768,#12769),.UNSPECIFIED.,
  .F.,.F.,(2,2),(-3.5000006,5.999999999062E-07),
  .PIECEWISE_BEZIER_KNOTS.);
#12768 = CARTESIAN_POINT('',(-1.191474677428,-3.5000006));
#12769 = CARTESIAN_POINT('',(-1.191474677428,5.999999999062E-07));
#12770 = ( GEOMETRIC_REPRESENTATION_CONTEXT(2) 
PARAMETRIC_REPRESENTATION_CONTEXT() REPRESENTATION_CONTEXT('2D SPACE',''
  ) );
#12771 = PCURVE('',#5427,#12772);
#12772 = DEFINITIONAL_REPRESENTATION('',(#12773),#12776);
#12773 = B_SPLINE_CURVE_WITH_KNOTS('',1,(#12774,#12775),.UNSPECIFIED.,
  .F.,.F.,(2,2),(-3.5000006,5.999999999062E-07),
  .PIECEWISE_BEZIER_KNOTS.);
#12774 = CARTESIAN_POINT('',(0.445437018418,-3.5000006));
#12775 = CARTESIAN_POINT('',(0.445437018418,5.999999999062E-07));
#12776 = ( GEOMETRIC_REPRESENTATION_CONTEXT(2) 
PARAMETRIC_REPRESENTATION_CONTEXT() REPRESENTATION_CONTEXT('2D SPACE',''
  ) );
#12777 = ADVANCED_FACE('',(#12778),#5427,.F.);
#12778 = FACE_BOUND('',#12779,.F.);
#12779 = EDGE_LOOP('',(#12780,#12781,#12782,#12805));
#12780 = ORIENTED_EDGE('',*,*,#5411,.F.);
#12781 = ORIENTED_EDGE('',*,*,#12759,.F.);
#12782 = ORIENTED_EDGE('',*,*,#12783,.T.);
#12783 = EDGE_CURVE('',#12736,#12784,#12786,.T.);
#12784 = VERTEX_POINT('',#12785);
#12785 = CARTESIAN_POINT('',(-4.794309601781,2.334378911525,18.25));
#12786 = SURFACE_CURVE('',#12787,(#12791,#12798),.PCURVE_S1.);
#12787 = LINE('',#12788,#12789);
#12788 = CARTESIAN_POINT('',(-5.041523197281,1.573533698489,18.25));
#12789 = VECTOR('',#12790,1.);
#12790 = DIRECTION('',(0.309016994375,0.951056516295,0.));
#12791 = PCURVE('',#5427,#12792);
#12792 = DEFINITIONAL_REPRESENTATION('',(#12793),#12797);
#12793 = LINE('',#12794,#12795);
#12794 = CARTESIAN_POINT('',(0.,-3.5));
#12795 = VECTOR('',#12796,1.);
#12796 = DIRECTION('',(1.,0.));
#12797 = ( GEOMETRIC_REPRESENTATION_CONTEXT(2) 
PARAMETRIC_REPRESENTATION_CONTEXT() REPRESENTATION_CONTEXT('2D SPACE',''
  ) );
#12798 = PCURVE('',#8162,#12799);
#12799 = DEFINITIONAL_REPRESENTATION('',(#12800),#12804);
#12800 = LINE('',#12801,#12802);
#12801 = CARTESIAN_POINT('',(-1.441523197281,1.573533698489));
#12802 = VECTOR('',#12803,1.);
#12803 = DIRECTION('',(0.309016994375,0.951056516295));
#12804 = ( GEOMETRIC_REPRESENTATION_CONTEXT(2) 
PARAMETRIC_REPRESENTATION_CONTEXT() REPRESENTATION_CONTEXT('2D SPACE',''
  ) );
#12805 = ORIENTED_EDGE('',*,*,#12806,.F.);
#12806 = EDGE_CURVE('',#5384,#12784,#12807,.T.);
#12807 = SURFACE_CURVE('',#12808,(#12812,#12819),.PCURVE_S1.);
#12808 = LINE('',#12809,#12810);
#12809 = CARTESIAN_POINT('',(-4.794309601781,2.334378911525,14.75));
#12810 = VECTOR('',#12811,1.);
#12811 = DIRECTION('',(0.,0.,1.));
#12812 = PCURVE('',#5427,#12813);
#12813 = DEFINITIONAL_REPRESENTATION('',(#12814),#12818);
#12814 = LINE('',#12815,#12816);
#12815 = CARTESIAN_POINT('',(0.8,0.));
#12816 = VECTOR('',#12817,1.);
#12817 = DIRECTION('',(0.,-1.));
#12818 = ( GEOMETRIC_REPRESENTATION_CONTEXT(2) 
PARAMETRIC_REPRESENTATION_CONTEXT() REPRESENTATION_CONTEXT('2D SPACE',''
  ) );
#12819 = PCURVE('',#5399,#12820);
#12820 = DEFINITIONAL_REPRESENTATION('',(#12821),#12825);
#12821 = LINE('',#12822,#12823);
#12822 = CARTESIAN_POINT('',(0.,0.));
#12823 = VECTOR('',#12824,1.);
#12824 = DIRECTION('',(0.,-1.));
#12825 = ( GEOMETRIC_REPRESENTATION_CONTEXT(2) 
PARAMETRIC_REPRESENTATION_CONTEXT() REPRESENTATION_CONTEXT('2D SPACE',''
  ) );
#12826 = ADVANCED_FACE('',(#12827),#5399,.F.);
#12827 = FACE_BOUND('',#12828,.F.);
#12828 = EDGE_LOOP('',(#12829,#12830,#12853,#12874));
#12829 = ORIENTED_EDGE('',*,*,#12806,.T.);
#12830 = ORIENTED_EDGE('',*,*,#12831,.T.);
#12831 = EDGE_CURVE('',#12784,#12832,#12834,.T.);
#12832 = VERTEX_POINT('',#12833);
#12833 = CARTESIAN_POINT('',(-5.060605426344,2.42090366995,18.25));
#12834 = SURFACE_CURVE('',#12835,(#12839,#12846),.PCURVE_S1.);
#12835 = LINE('',#12836,#12837);
#12836 = CARTESIAN_POINT('',(-4.794309601781,2.334378911525,18.25));
#12837 = VECTOR('',#12838,1.);
#12838 = DIRECTION('',(-0.951056516295,0.309016994375,0.));
#12839 = PCURVE('',#5399,#12840);
#12840 = DEFINITIONAL_REPRESENTATION('',(#12841),#12845);
#12841 = LINE('',#12842,#12843);
#12842 = CARTESIAN_POINT('',(0.,-3.5));
#12843 = VECTOR('',#12844,1.);
#12844 = DIRECTION('',(1.,0.));
#12845 = ( GEOMETRIC_REPRESENTATION_CONTEXT(2) 
PARAMETRIC_REPRESENTATION_CONTEXT() REPRESENTATION_CONTEXT('2D SPACE',''
  ) );
#12846 = PCURVE('',#8162,#12847);
#12847 = DEFINITIONAL_REPRESENTATION('',(#12848),#12852);
#12848 = LINE('',#12849,#12850);
#12849 = CARTESIAN_POINT('',(-1.194309601781,2.334378911525));
#12850 = VECTOR('',#12851,1.);
#12851 = DIRECTION('',(-0.951056516295,0.309016994375));
#12852 = ( GEOMETRIC_REPRESENTATION_CONTEXT(2) 
PARAMETRIC_REPRESENTATION_CONTEXT() REPRESENTATION_CONTEXT('2D SPACE',''
  ) );
#12853 = ORIENTED_EDGE('',*,*,#12854,.F.);
#12854 = EDGE_CURVE('',#5356,#12832,#12855,.T.);
#12855 = SURFACE_CURVE('',#12856,(#12860,#12867),.PCURVE_S1.);
#12856 = LINE('',#12857,#12858);
#12857 = CARTESIAN_POINT('',(-5.060605426344,2.42090366995,14.75));
#12858 = VECTOR('',#12859,1.);
#12859 = DIRECTION('',(0.,0.,1.));
#12860 = PCURVE('',#5399,#12861);
#12861 = DEFINITIONAL_REPRESENTATION('',(#12862),#12866);
#12862 = LINE('',#12863,#12864);
#12863 = CARTESIAN_POINT('',(0.28,0.));
#12864 = VECTOR('',#12865,1.);
#12865 = DIRECTION('',(0.,-1.));
#12866 = ( GEOMETRIC_REPRESENTATION_CONTEXT(2) 
PARAMETRIC_REPRESENTATION_CONTEXT() REPRESENTATION_CONTEXT('2D SPACE',''
  ) );
#12867 = PCURVE('',#5371,#12868);
#12868 = DEFINITIONAL_REPRESENTATION('',(#12869),#12873);
#12869 = LINE('',#12870,#12871);
#12870 = CARTESIAN_POINT('',(0.,0.));
#12871 = VECTOR('',#12872,1.);
#12872 = DIRECTION('',(0.,-1.));
#12873 = ( GEOMETRIC_REPRESENTATION_CONTEXT(2) 
PARAMETRIC_REPRESENTATION_CONTEXT() REPRESENTATION_CONTEXT('2D SPACE',''
  ) );
#12874 = ORIENTED_EDGE('',*,*,#5383,.F.);
#12875 = ADVANCED_FACE('',(#12876),#5371,.F.);
#12876 = FACE_BOUND('',#12877,.F.);
#12877 = EDGE_LOOP('',(#12878,#12879,#12880,#12903));
#12878 = ORIENTED_EDGE('',*,*,#5355,.F.);
#12879 = ORIENTED_EDGE('',*,*,#12854,.T.);
#12880 = ORIENTED_EDGE('',*,*,#12881,.T.);
#12881 = EDGE_CURVE('',#12832,#12882,#12884,.T.);
#12882 = VERTEX_POINT('',#12883);
#12883 = CARTESIAN_POINT('',(-5.170171413229,2.08369423588,18.25));
#12884 = SURFACE_CURVE('',#12885,(#12889,#12896),.PCURVE_S1.);
#12885 = LINE('',#12886,#12887);
#12886 = CARTESIAN_POINT('',(-5.060605426344,2.42090366995,18.25));
#12887 = VECTOR('',#12888,1.);
#12888 = DIRECTION('',(-0.309016994375,-0.951056516295,0.));
#12889 = PCURVE('',#5371,#12890);
#12890 = DEFINITIONAL_REPRESENTATION('',(#12891),#12895);
#12891 = LINE('',#12892,#12893);
#12892 = CARTESIAN_POINT('',(0.,-3.5));
#12893 = VECTOR('',#12894,1.);
#12894 = DIRECTION('',(1.,0.));
#12895 = ( GEOMETRIC_REPRESENTATION_CONTEXT(2) 
PARAMETRIC_REPRESENTATION_CONTEXT() REPRESENTATION_CONTEXT('2D SPACE',''
  ) );
#12896 = PCURVE('',#8162,#12897);
#12897 = DEFINITIONAL_REPRESENTATION('',(#12898),#12902);
#12898 = LINE('',#12899,#12900);
#12899 = CARTESIAN_POINT('',(-1.460605426344,2.42090366995));
#12900 = VECTOR('',#12901,1.);
#12901 = DIRECTION('',(-0.309016994375,-0.951056516295));
#12902 = ( GEOMETRIC_REPRESENTATION_CONTEXT(2) 
PARAMETRIC_REPRESENTATION_CONTEXT() REPRESENTATION_CONTEXT('2D SPACE',''
  ) );
#12903 = ORIENTED_EDGE('',*,*,#12904,.T.);
#12904 = EDGE_CURVE('',#12882,#5327,#12905,.T.);
#12905 = SURFACE_CURVE('',#12906,(#12910,#12916),.PCURVE_S1.);
#12906 = LINE('',#12907,#12908);
#12907 = CARTESIAN_POINT('',(-5.170171413229,2.08369423588,14.75));
#12908 = VECTOR('',#12909,1.);
#12909 = DIRECTION('',(-0.,-0.,-1.));
#12910 = PCURVE('',#5371,#12911);
#12911 = DEFINITIONAL_REPRESENTATION('',(#12912),#12915);
#12912 = B_SPLINE_CURVE_WITH_KNOTS('',1,(#12913,#12914),.UNSPECIFIED.,
  .F.,.F.,(2,2),(-3.5000006,5.999999999062E-07),
  .PIECEWISE_BEZIER_KNOTS.);
#12913 = CARTESIAN_POINT('',(0.354562981582,-3.5000006));
#12914 = CARTESIAN_POINT('',(0.354562981582,5.999999999062E-07));
#12915 = ( GEOMETRIC_REPRESENTATION_CONTEXT(2) 
PARAMETRIC_REPRESENTATION_CONTEXT() REPRESENTATION_CONTEXT('2D SPACE',''
  ) );
#12916 = PCURVE('',#5343,#12917);
#12917 = DEFINITIONAL_REPRESENTATION('',(#12918),#12921);
#12918 = B_SPLINE_CURVE_WITH_KNOTS('',1,(#12919,#12920),.UNSPECIFIED.,
  .F.,.F.,(2,2),(-3.5000006,5.999999999062E-07),
  .PIECEWISE_BEZIER_KNOTS.);
#12919 = CARTESIAN_POINT('',(-1.321799445443,-3.5000006));
#12920 = CARTESIAN_POINT('',(-1.321799445443,5.999999999062E-07));
#12921 = ( GEOMETRIC_REPRESENTATION_CONTEXT(2) 
PARAMETRIC_REPRESENTATION_CONTEXT() REPRESENTATION_CONTEXT('2D SPACE',''
  ) );
#12922 = ADVANCED_FACE('',(#12923),#5343,.T.);
#12923 = FACE_BOUND('',#12924,.F.);
#12924 = EDGE_LOOP('',(#12925,#12926,#12927,#12949));
#12925 = ORIENTED_EDGE('',*,*,#5326,.F.);
#12926 = ORIENTED_EDGE('',*,*,#12904,.F.);
#12927 = ORIENTED_EDGE('',*,*,#12928,.T.);
#12928 = EDGE_CURVE('',#12882,#8126,#12929,.T.);
#12929 = SURFACE_CURVE('',#12930,(#12935,#12942),.PCURVE_S1.);
#12930 = CIRCLE('',#12931,2.15);
#12931 = AXIS2_PLACEMENT_3D('',#12932,#12933,#12934);
#12932 = CARTESIAN_POINT('',(-5.7,0.,18.25));
#12933 = DIRECTION('',(0.,0.,1.));
#12934 = DIRECTION('',(1.,0.,0.));
#12935 = PCURVE('',#5343,#12936);
#12936 = DEFINITIONAL_REPRESENTATION('',(#12937),#12941);
#12937 = LINE('',#12938,#12939);
#12938 = CARTESIAN_POINT('',(-0.,-3.5));
#12939 = VECTOR('',#12940,1.);
#12940 = DIRECTION('',(-1.,0.));
#12941 = ( GEOMETRIC_REPRESENTATION_CONTEXT(2) 
PARAMETRIC_REPRESENTATION_CONTEXT() REPRESENTATION_CONTEXT('2D SPACE',''
  ) );
#12942 = PCURVE('',#8162,#12943);
#12943 = DEFINITIONAL_REPRESENTATION('',(#12944),#12948);
#12944 = CIRCLE('',#12945,2.15);
#12945 = AXIS2_PLACEMENT_2D('',#12946,#12947);
#12946 = CARTESIAN_POINT('',(-2.1,0.));
#12947 = DIRECTION('',(1.,0.));
#12948 = ( GEOMETRIC_REPRESENTATION_CONTEXT(2) 
PARAMETRIC_REPRESENTATION_CONTEXT() REPRESENTATION_CONTEXT('2D SPACE',''
  ) );
#12949 = ORIENTED_EDGE('',*,*,#8125,.T.);
#12950 = ADVANCED_FACE('',(#12951,#13053),#8162,.T.);
#12951 = FACE_BOUND('',#12952,.T.);
#12952 = EDGE_LOOP('',(#12953,#12954,#12955,#12956,#12957,#12958,#12959,
    #12960,#12961,#12962,#12963,#12964,#12965,#12966,#12967,#12968,
    #12969,#12970,#12971,#12972,#12973,#12974,#12975,#12976,#12977,
    #12978,#12979,#12980,#12981,#12982,#12983,#12984,#12985,#12986,
    #12987,#12988,#12989,#12990,#12991,#12992,#12993,#12994,#12995,
    #12996,#12997,#12998,#12999,#13000,#13001,#13002,#13003,#13004,
    #13005,#13006,#13007,#13008,#13009,#13010,#13011,#13012,#13013,
    #13014,#13015,#13016,#13017,#13018,#13019,#13020,#13021,#13022,
    #13023,#13024,#13025,#13026,#13027,#13028,#13029,#13030,#13031,
    #13032,#13033,#13034,#13035,#13036,#13037,#13038,#13039,#13040,
    #13041,#13042,#13043,#13044,#13045,#13046,#13047,#13048,#13049,
    #13050,#13051,#13052));
#12953 = ORIENTED_EDGE('',*,*,#10565,.T.);
#12954 = ORIENTED_EDGE('',*,*,#10612,.T.);
#12955 = ORIENTED_EDGE('',*,*,#10660,.T.);
#12956 = ORIENTED_EDGE('',*,*,#10708,.T.);
#12957 = ORIENTED_EDGE('',*,*,#10758,.T.);
#12958 = ORIENTED_EDGE('',*,*,#10805,.T.);
#12959 = ORIENTED_EDGE('',*,*,#10853,.T.);
#12960 = ORIENTED_EDGE('',*,*,#10901,.T.);
#12961 = ORIENTED_EDGE('',*,*,#10951,.T.);
#12962 = ORIENTED_EDGE('',*,*,#10998,.T.);
#12963 = ORIENTED_EDGE('',*,*,#11046,.T.);
#12964 = ORIENTED_EDGE('',*,*,#11094,.T.);
#12965 = ORIENTED_EDGE('',*,*,#11144,.T.);
#12966 = ORIENTED_EDGE('',*,*,#11191,.T.);
#12967 = ORIENTED_EDGE('',*,*,#11239,.T.);
#12968 = ORIENTED_EDGE('',*,*,#11287,.T.);
#12969 = ORIENTED_EDGE('',*,*,#11337,.T.);
#12970 = ORIENTED_EDGE('',*,*,#11384,.T.);
#12971 = ORIENTED_EDGE('',*,*,#11432,.T.);
#12972 = ORIENTED_EDGE('',*,*,#11480,.T.);
#12973 = ORIENTED_EDGE('',*,*,#11530,.T.);
#12974 = ORIENTED_EDGE('',*,*,#11577,.T.);
#12975 = ORIENTED_EDGE('',*,*,#11625,.T.);
#12976 = ORIENTED_EDGE('',*,*,#11673,.T.);
#12977 = ORIENTED_EDGE('',*,*,#11723,.T.);
#12978 = ORIENTED_EDGE('',*,*,#11770,.T.);
#12979 = ORIENTED_EDGE('',*,*,#11818,.T.);
#12980 = ORIENTED_EDGE('',*,*,#11866,.T.);
#12981 = ORIENTED_EDGE('',*,*,#11916,.T.);
#12982 = ORIENTED_EDGE('',*,*,#11963,.T.);
#12983 = ORIENTED_EDGE('',*,*,#12011,.T.);
#12984 = ORIENTED_EDGE('',*,*,#12059,.T.);
#12985 = ORIENTED_EDGE('',*,*,#12109,.T.);
#12986 = ORIENTED_EDGE('',*,*,#12156,.T.);
#12987 = ORIENTED_EDGE('',*,*,#12204,.T.);
#12988 = ORIENTED_EDGE('',*,*,#12252,.T.);
#12989 = ORIENTED_EDGE('',*,*,#12302,.T.);
#12990 = ORIENTED_EDGE('',*,*,#12349,.T.);
#12991 = ORIENTED_EDGE('',*,*,#12397,.T.);
#12992 = ORIENTED_EDGE('',*,*,#12445,.T.);
#12993 = ORIENTED_EDGE('',*,*,#12495,.T.);
#12994 = ORIENTED_EDGE('',*,*,#12542,.T.);
#12995 = ORIENTED_EDGE('',*,*,#12590,.T.);
#12996 = ORIENTED_EDGE('',*,*,#12638,.T.);
#12997 = ORIENTED_EDGE('',*,*,#12688,.T.);
#12998 = ORIENTED_EDGE('',*,*,#12735,.T.);
#12999 = ORIENTED_EDGE('',*,*,#12783,.T.);
#13000 = ORIENTED_EDGE('',*,*,#12831,.T.);
#13001 = ORIENTED_EDGE('',*,*,#12881,.T.);
#13002 = ORIENTED_EDGE('',*,*,#12928,.T.);
#13003 = ORIENTED_EDGE('',*,*,#8146,.T.);
#13004 = ORIENTED_EDGE('',*,*,#8199,.T.);
#13005 = ORIENTED_EDGE('',*,*,#8249,.T.);
#13006 = ORIENTED_EDGE('',*,*,#8296,.T.);
#13007 = ORIENTED_EDGE('',*,*,#8344,.T.);
#13008 = ORIENTED_EDGE('',*,*,#8392,.T.);
#13009 = ORIENTED_EDGE('',*,*,#8442,.T.);
#13010 = ORIENTED_EDGE('',*,*,#8489,.T.);
#13011 = ORIENTED_EDGE('',*,*,#8537,.T.);
#13012 = ORIENTED_EDGE('',*,*,#8585,.T.);
#13013 = ORIENTED_EDGE('',*,*,#8635,.T.);
#13014 = ORIENTED_EDGE('',*,*,#8682,.T.);
#13015 = ORIENTED_EDGE('',*,*,#8730,.T.);
#13016 = ORIENTED_EDGE('',*,*,#8778,.T.);
#13017 = ORIENTED_EDGE('',*,*,#8828,.T.);
#13018 = ORIENTED_EDGE('',*,*,#8875,.T.);
#13019 = ORIENTED_EDGE('',*,*,#8923,.T.);
#13020 = ORIENTED_EDGE('',*,*,#8971,.T.);
#13021 = ORIENTED_EDGE('',*,*,#9021,.T.);
#13022 = ORIENTED_EDGE('',*,*,#9068,.T.);
#13023 = ORIENTED_EDGE('',*,*,#9116,.T.);
#13024 = ORIENTED_EDGE('',*,*,#9164,.T.);
#13025 = ORIENTED_EDGE('',*,*,#9214,.T.);
#13026 = ORIENTED_EDGE('',*,*,#9261,.T.);
#13027 = ORIENTED_EDGE('',*,*,#9309,.T.);
#13028 = ORIENTED_EDGE('',*,*,#9357,.T.);
#13029 = ORIENTED_EDGE('',*,*,#9407,.T.);
#13030 = ORIENTED_EDGE('',*,*,#9454,.T.);
#13031 = ORIENTED_EDGE('',*,*,#9502,.T.);
#13032 = ORIENTED_EDGE('',*,*,#9550,.T.);
#13033 = ORIENTED_EDGE('',*,*,#9600,.T.);
#13034 = ORIENTED_EDGE('',*,*,#9647,.T.);
#13035 = ORIENTED_EDGE('',*,*,#9695,.T.);
#13036 = ORIENTED_EDGE('',*,*,#9743,.T.);
#13037 = ORIENTED_EDGE('',*,*,#9793,.T.);
#13038 = ORIENTED_EDGE('',*,*,#9840,.T.);
#13039 = ORIENTED_EDGE('',*,*,#9888,.T.);
#13040 = ORIENTED_EDGE('',*,*,#9936,.T.);
#13041 = ORIENTED_EDGE('',*,*,#9986,.T.);
#13042 = ORIENTED_EDGE('',*,*,#10033,.T.);
#13043 = ORIENTED_EDGE('',*,*,#10081,.T.);
#13044 = ORIENTED_EDGE('',*,*,#10129,.T.);
#13045 = ORIENTED_EDGE('',*,*,#10179,.T.);
#13046 = ORIENTED_EDGE('',*,*,#10226,.T.);
#13047 = ORIENTED_EDGE('',*,*,#10274,.T.);
#13048 = ORIENTED_EDGE('',*,*,#10322,.T.);
#13049 = ORIENTED_EDGE('',*,*,#10372,.T.);
#13050 = ORIENTED_EDGE('',*,*,#10419,.T.);
#13051 = ORIENTED_EDGE('',*,*,#10467,.T.);
#13052 = ORIENTED_EDGE('',*,*,#10515,.T.);
#13053 = FACE_BOUND('',#13054,.T.);
#13054 = EDGE_LOOP('',(#13055));
#13055 = ORIENTED_EDGE('',*,*,#13056,.T.);
#13056 = EDGE_CURVE('',#13057,#13057,#13059,.T.);
#13057 = VERTEX_POINT('',#13058);
#13058 = CARTESIAN_POINT('',(-4.85,0.,18.25));
#13059 = SURFACE_CURVE('',#13060,(#13065,#13076),.PCURVE_S1.);
#13060 = CIRCLE('',#13061,0.85);
#13061 = AXIS2_PLACEMENT_3D('',#13062,#13063,#13064);
#13062 = CARTESIAN_POINT('',(-5.7,0.,18.25));
#13063 = DIRECTION('',(0.,0.,-1.));
#13064 = DIRECTION('',(1.,0.,0.));
#13065 = PCURVE('',#8162,#13066);
#13066 = DEFINITIONAL_REPRESENTATION('',(#13067),#13075);
#13067 = ( BOUNDED_CURVE() B_SPLINE_CURVE(2,(#13068,#13069,#13070,#13071
    ,#13072,#13073,#13074),.UNSPECIFIED.,.T.,.F.) 
B_SPLINE_CURVE_WITH_KNOTS((1,2,2,2,2,1),(-2.094395102393,0.,
    2.094395102393,4.188790204786,6.28318530718,8.377580409573),
.UNSPECIFIED.) CURVE() GEOMETRIC_REPRESENTATION_ITEM() 
RATIONAL_B_SPLINE_CURVE((1.,0.5,1.,0.5,1.,0.5,1.)) REPRESENTATION_ITEM(
  '') );
#13068 = CARTESIAN_POINT('',(-1.25,0.));
#13069 = CARTESIAN_POINT('',(-1.25,-1.472243186434));
#13070 = CARTESIAN_POINT('',(-2.525,-0.736121593217));
#13071 = CARTESIAN_POINT('',(-3.8,-2.081899558551E-16));
#13072 = CARTESIAN_POINT('',(-2.525,0.736121593217));
#13073 = CARTESIAN_POINT('',(-1.25,1.472243186434));
#13074 = CARTESIAN_POINT('',(-1.25,0.));
#13075 = ( GEOMETRIC_REPRESENTATION_CONTEXT(2) 
PARAMETRIC_REPRESENTATION_CONTEXT() REPRESENTATION_CONTEXT('2D SPACE',''
  ) );
#13076 = PCURVE('',#13077,#13082);
#13077 = CYLINDRICAL_SURFACE('',#13078,0.85);
#13078 = AXIS2_PLACEMENT_3D('',#13079,#13080,#13081);
#13079 = CARTESIAN_POINT('',(-5.7,0.,14.55));
#13080 = DIRECTION('',(-0.,-0.,-1.));
#13081 = DIRECTION('',(1.,0.,0.));
#13082 = DEFINITIONAL_REPRESENTATION('',(#13083),#13087);
#13083 = LINE('',#13084,#13085);
#13084 = CARTESIAN_POINT('',(-6.28318530718,-3.7));
#13085 = VECTOR('',#13086,1.);
#13086 = DIRECTION('',(1.,-0.));
#13087 = ( GEOMETRIC_REPRESENTATION_CONTEXT(2) 
PARAMETRIC_REPRESENTATION_CONTEXT() REPRESENTATION_CONTEXT('2D SPACE',''
  ) );
#13088 = ADVANCED_FACE('',(#13089),#13077,.F.);
#13089 = FACE_BOUND('',#13090,.T.);
#13090 = EDGE_LOOP('',(#13091,#13124,#13145,#13146));
#13091 = ORIENTED_EDGE('',*,*,#13092,.T.);
#13092 = EDGE_CURVE('',#13093,#13093,#13095,.T.);
#13093 = VERTEX_POINT('',#13094);
#13094 = CARTESIAN_POINT('',(-4.85,0.,14.75));
#13095 = SURFACE_CURVE('',#13096,(#13101,#13108),.PCURVE_S1.);
#13096 = CIRCLE('',#13097,0.85);
#13097 = AXIS2_PLACEMENT_3D('',#13098,#13099,#13100);
#13098 = CARTESIAN_POINT('',(-5.7,0.,14.75));
#13099 = DIRECTION('',(0.,0.,-1.));
#13100 = DIRECTION('',(1.,0.,0.));
#13101 = PCURVE('',#13077,#13102);
#13102 = DEFINITIONAL_REPRESENTATION('',(#13103),#13107);
#13103 = LINE('',#13104,#13105);
#13104 = CARTESIAN_POINT('',(-6.28318530718,-0.2));
#13105 = VECTOR('',#13106,1.);
#13106 = DIRECTION('',(1.,-0.));
#13107 = ( GEOMETRIC_REPRESENTATION_CONTEXT(2) 
PARAMETRIC_REPRESENTATION_CONTEXT() REPRESENTATION_CONTEXT('2D SPACE',''
  ) );
#13108 = PCURVE('',#13109,#13114);
#13109 = PLANE('',#13110);
#13110 = AXIS2_PLACEMENT_3D('',#13111,#13112,#13113);
#13111 = CARTESIAN_POINT('',(-5.7,7.643776681114E-18,14.75));
#13112 = DIRECTION('',(0.,0.,1.));
#13113 = DIRECTION('',(1.,0.,-0.));
#13114 = DEFINITIONAL_REPRESENTATION('',(#13115),#13123);
#13115 = ( BOUNDED_CURVE() B_SPLINE_CURVE(2,(#13116,#13117,#13118,#13119
    ,#13120,#13121,#13122),.UNSPECIFIED.,.T.,.F.) 
B_SPLINE_CURVE_WITH_KNOTS((1,2,2,2,2,1),(-2.094395102393,0.,
    2.094395102393,4.188790204786,6.28318530718,8.377580409573),
.UNSPECIFIED.) CURVE() GEOMETRIC_REPRESENTATION_ITEM() 
RATIONAL_B_SPLINE_CURVE((1.,0.5,1.,0.5,1.,0.5,1.)) REPRESENTATION_ITEM(
  '') );
#13116 = CARTESIAN_POINT('',(0.85,-7.643776681114E-18));
#13117 = CARTESIAN_POINT('',(0.85,-1.472243186434));
#13118 = CARTESIAN_POINT('',(-0.425,-0.736121593217));
#13119 = CARTESIAN_POINT('',(-1.7,-2.158337325362E-16));
#13120 = CARTESIAN_POINT('',(-0.425,0.736121593217));
#13121 = CARTESIAN_POINT('',(0.85,1.472243186434));
#13122 = CARTESIAN_POINT('',(0.85,-7.643776681114E-18));
#13123 = ( GEOMETRIC_REPRESENTATION_CONTEXT(2) 
PARAMETRIC_REPRESENTATION_CONTEXT() REPRESENTATION_CONTEXT('2D SPACE',''
  ) );
#13124 = ORIENTED_EDGE('',*,*,#13125,.T.);
#13125 = EDGE_CURVE('',#13093,#13057,#13126,.T.);
#13126 = SEAM_CURVE('',#13127,(#13131,#13138),.PCURVE_S1.);
#13127 = LINE('',#13128,#13129);
#13128 = CARTESIAN_POINT('',(-4.85,0.,14.55));
#13129 = VECTOR('',#13130,1.);
#13130 = DIRECTION('',(0.,0.,1.));
#13131 = PCURVE('',#13077,#13132);
#13132 = DEFINITIONAL_REPRESENTATION('',(#13133),#13137);
#13133 = LINE('',#13134,#13135);
#13134 = CARTESIAN_POINT('',(-6.28318530718,0.));
#13135 = VECTOR('',#13136,1.);
#13136 = DIRECTION('',(-0.,-1.));
#13137 = ( GEOMETRIC_REPRESENTATION_CONTEXT(2) 
PARAMETRIC_REPRESENTATION_CONTEXT() REPRESENTATION_CONTEXT('2D SPACE',''
  ) );
#13138 = PCURVE('',#13077,#13139);
#13139 = DEFINITIONAL_REPRESENTATION('',(#13140),#13144);
#13140 = LINE('',#13141,#13142);
#13141 = CARTESIAN_POINT('',(-0.,0.));
#13142 = VECTOR('',#13143,1.);
#13143 = DIRECTION('',(-0.,-1.));
#13144 = ( GEOMETRIC_REPRESENTATION_CONTEXT(2) 
PARAMETRIC_REPRESENTATION_CONTEXT() REPRESENTATION_CONTEXT('2D SPACE',''
  ) );
#13145 = ORIENTED_EDGE('',*,*,#13056,.F.);
#13146 = ORIENTED_EDGE('',*,*,#13125,.F.);
#13147 = ADVANCED_FACE('',(#13148),#13109,.T.);
#13148 = FACE_BOUND('',#13149,.T.);
#13149 = EDGE_LOOP('',(#13150));
#13150 = ORIENTED_EDGE('',*,*,#13092,.F.);
#13151 = ( GEOMETRIC_REPRESENTATION_CONTEXT(3) 
GLOBAL_UNCERTAINTY_ASSIGNED_CONTEXT((#13155)) 
GLOBAL_UNIT_ASSIGNED_CONTEXT((#13152,#13153,#13154)) 
REPRESENTATION_CONTEXT('Context #1',
  '3D Context with UNIT and UNCERTAINTY') );
#13152 = ( LENGTH_UNIT() NAMED_UNIT(*) SI_UNIT(.MILLI.,.METRE.) );
#13153 = ( NAMED_UNIT(*) PLANE_ANGLE_UNIT() SI_UNIT($,.RADIAN.) );
#13154 = ( NAMED_UNIT(*) SI_UNIT($,.STERADIAN.) SOLID_ANGLE_UNIT() );
#13155 = UNCERTAINTY_MEASURE_WITH_UNIT(LENGTH_MEASURE(1.E-07),#13152,
  'distance_accuracy_value','confusion accuracy');
#13156 = PRODUCT_RELATED_PRODUCT_CATEGORY('part',$,(#7));
ENDSEC;
END-ISO-10303-21;
