ISO-10303-21;
HEADER;
FILE_DESCRIPTION(('Open CASCADE Model'),'2;1');
FILE_NAME('Open CASCADE Shape Model','2026-08-28T20:09:50',('Author'),(
    'Open CASCADE'),'Open CASCADE STEP processor 7.9','Open CASCADE 7.9'
  ,'Unknown');
FILE_SCHEMA(('AUTOMOTIVE_DESIGN { 1 0 10303 214 1 1 1 1 }'));
ENDSEC;
DATA;
#1 = APPLICATION_PROTOCOL_DEFINITION('international standard',
  'automotive_design',2000,#2);
#2 = APPLICATION_CONTEXT(
  'core data for automotive mechanical design processes');
#3 = SHAPE_DEFINITION_REPRESENTATION(#4,#10);
#4 = PRODUCT_DEFINITION_SHAPE('','',#5);
#5 = PRODUCT_DEFINITION('design','',#6,#9);
#6 = PRODUCT_DEFINITION_FORMATION('','',#7);
#7 = PRODUCT('Open CASCADE STEP translator 7.9 8',
  'Open CASCADE STEP translator 7.9 8','',(#8));
#8 = PRODUCT_CONTEXT('',#2,'mechanical');
#9 = PRODUCT_DEFINITION_CONTEXT('part definition',#2,'design');
#10 = ADVANCED_BREP_SHAPE_REPRESENTATION('',(#11,#15),#10905);
#11 = AXIS2_PLACEMENT_3D('',#12,#13,#14);
#12 = CARTESIAN_POINT('',(0.,0.,0.));
#13 = DIRECTION('',(0.,0.,1.));
#14 = DIRECTION('',(1.,0.,-0.));
#15 = MANIFOLD_SOLID_BREP('',#16);
#16 = CLOSED_SHELL('',(#17,#193,#281,#402,#518,#601,#722,#838,#870,#902,
    #1034,#1061,#4170,#4197,#4229,#4356,#4409,#4881,#4907,#4973,#4980,
    #5035,#5118,#5247,#5253,#5361,#5437,#5502,#5530,#5599,#5644,#5689,
    #5741,#5793,#5840,#5887,#5934,#5981,#6026,#6071,#6123,#6175,#6222,
    #6269,#6316,#6363,#6408,#6453,#6505,#6557,#6604,#6651,#6698,#6745,
    #6790,#6835,#6887,#6939,#6986,#7033,#7080,#7127,#7172,#7217,#7269,
    #7321,#7368,#7415,#7462,#7509,#7554,#7599,#7651,#7703,#7750,#7797,
    #7844,#7891,#7936,#7981,#8033,#8085,#8132,#8179,#8226,#8273,#8318,
    #8363,#8415,#8467,#8514,#8561,#8608,#8655,#8700,#8745,#8797,#8849,
    #8896,#8943,#8990,#9037,#9082,#9127,#9179,#9231,#9278,#9325,#9372,
    #9419,#9464,#9509,#9561,#9613,#9660,#9707,#9754,#9801,#9846,#9891,
    #9943,#9995,#10042,#10089,#10136,#10183,#10228,#10273,#10305,#10359,
    #10413,#10467,#10521,#10528,#10583,#10654,#10699,#10805,#10832,
    #10859,#10865,#10871,#10898));
#17 = ADVANCED_FACE('',(#18),#32,.F.);
#18 = FACE_BOUND('',#19,.F.);
#19 = EDGE_LOOP('',(#20,#55,#83,#111,#139,#167));
#20 = ORIENTED_EDGE('',*,*,#21,.F.);
#21 = EDGE_CURVE('',#22,#24,#26,.T.);
#22 = VERTEX_POINT('',#23);
#23 = CARTESIAN_POINT('',(-9.45,-2.95,19.05));
#24 = VERTEX_POINT('',#25);
#25 = CARTESIAN_POINT('',(-9.45,-2.95,19.25));
#26 = SURFACE_CURVE('',#27,(#31,#43),.PCURVE_S1.);
#27 = LINE('',#28,#29);
#28 = CARTESIAN_POINT('',(-9.45,-2.95,18.25));
#29 = VECTOR('',#30,1.);
#30 = DIRECTION('',(0.,0.,1.));
#31 = PCURVE('',#32,#37);
#32 = PLANE('',#33);
#33 = AXIS2_PLACEMENT_3D('',#34,#35,#36);
#34 = CARTESIAN_POINT('',(-9.45,-3.75,18.25));
#35 = DIRECTION('',(1.,0.,0.));
#36 = DIRECTION('',(0.,0.,1.));
#37 = DEFINITIONAL_REPRESENTATION('',(#38),#42);
#38 = LINE('',#39,#40);
#39 = CARTESIAN_POINT('',(0.,-0.8));
#40 = VECTOR('',#41,1.);
#41 = DIRECTION('',(1.,0.));
#42 = ( GEOMETRIC_REPRESENTATION_CONTEXT(2) 
PARAMETRIC_REPRESENTATION_CONTEXT() REPRESENTATION_CONTEXT('2D SPACE',''
  ) );
#43 = PCURVE('',#44,#49);
#44 = CYLINDRICAL_SURFACE('',#45,0.8);
#45 = AXIS2_PLACEMENT_3D('',#46,#47,#48);
#46 = CARTESIAN_POINT('',(-8.65,-2.95,18.25));
#47 = DIRECTION('',(0.,0.,1.));
#48 = DIRECTION('',(-1.,-0.,0.));
#49 = DEFINITIONAL_REPRESENTATION('',(#50),#54);
#50 = LINE('',#51,#52);
#51 = CARTESIAN_POINT('',(0.,0.));
#52 = VECTOR('',#53,1.);
#53 = DIRECTION('',(0.,1.));
#54 = ( GEOMETRIC_REPRESENTATION_CONTEXT(2) 
PARAMETRIC_REPRESENTATION_CONTEXT() REPRESENTATION_CONTEXT('2D SPACE',''
  ) );
#55 = ORIENTED_EDGE('',*,*,#56,.T.);
#56 = EDGE_CURVE('',#22,#57,#59,.T.);
#57 = VERTEX_POINT('',#58);
#58 = CARTESIAN_POINT('',(-9.45,0.,19.05));
#59 = SURFACE_CURVE('',#60,(#64,#71),.PCURVE_S1.);
#60 = LINE('',#61,#62);
#61 = CARTESIAN_POINT('',(-9.45,-3.75,19.05));
#62 = VECTOR('',#63,1.);
#63 = DIRECTION('',(0.,1.,0.));
#64 = PCURVE('',#32,#65);
#65 = DEFINITIONAL_REPRESENTATION('',(#66),#70);
#66 = LINE('',#67,#68);
#67 = CARTESIAN_POINT('',(0.8,0.));
#68 = VECTOR('',#69,1.);
#69 = DIRECTION('',(0.,-1.));
#70 = ( GEOMETRIC_REPRESENTATION_CONTEXT(2) 
PARAMETRIC_REPRESENTATION_CONTEXT() REPRESENTATION_CONTEXT('2D SPACE',''
  ) );
#71 = PCURVE('',#72,#77);
#72 = CYLINDRICAL_SURFACE('',#73,0.8);
#73 = AXIS2_PLACEMENT_3D('',#74,#75,#76);
#74 = CARTESIAN_POINT('',(-8.65,-3.75,19.05));
#75 = DIRECTION('',(0.,1.,0.));
#76 = DIRECTION('',(-1.,0.,0.));
#77 = DEFINITIONAL_REPRESENTATION('',(#78),#82);
#78 = LINE('',#79,#80);
#79 = CARTESIAN_POINT('',(-0.,0.));
#80 = VECTOR('',#81,1.);
#81 = DIRECTION('',(-0.,1.));
#82 = ( GEOMETRIC_REPRESENTATION_CONTEXT(2) 
PARAMETRIC_REPRESENTATION_CONTEXT() REPRESENTATION_CONTEXT('2D SPACE',''
  ) );
#83 = ORIENTED_EDGE('',*,*,#84,.T.);
#84 = EDGE_CURVE('',#57,#85,#87,.T.);
#85 = VERTEX_POINT('',#86);
#86 = CARTESIAN_POINT('',(-9.45,2.95,19.05));
#87 = SURFACE_CURVE('',#88,(#92,#99),.PCURVE_S1.);
#88 = LINE('',#89,#90);
#89 = CARTESIAN_POINT('',(-9.45,-3.75,19.05));
#90 = VECTOR('',#91,1.);
#91 = DIRECTION('',(0.,1.,0.));
#92 = PCURVE('',#32,#93);
#93 = DEFINITIONAL_REPRESENTATION('',(#94),#98);
#94 = LINE('',#95,#96);
#95 = CARTESIAN_POINT('',(0.8,0.));
#96 = VECTOR('',#97,1.);
#97 = DIRECTION('',(0.,-1.));
#98 = ( GEOMETRIC_REPRESENTATION_CONTEXT(2) 
PARAMETRIC_REPRESENTATION_CONTEXT() REPRESENTATION_CONTEXT('2D SPACE',''
  ) );
#99 = PCURVE('',#100,#105);
#100 = CYLINDRICAL_SURFACE('',#101,0.8);
#101 = AXIS2_PLACEMENT_3D('',#102,#103,#104);
#102 = CARTESIAN_POINT('',(-8.65,-3.75,19.05));
#103 = DIRECTION('',(0.,1.,0.));
#104 = DIRECTION('',(-1.,0.,0.));
#105 = DEFINITIONAL_REPRESENTATION('',(#106),#110);
#106 = LINE('',#107,#108);
#107 = CARTESIAN_POINT('',(-0.,0.));
#108 = VECTOR('',#109,1.);
#109 = DIRECTION('',(-0.,1.));
#110 = ( GEOMETRIC_REPRESENTATION_CONTEXT(2) 
PARAMETRIC_REPRESENTATION_CONTEXT() REPRESENTATION_CONTEXT('2D SPACE',''
  ) );
#111 = ORIENTED_EDGE('',*,*,#112,.T.);
#112 = EDGE_CURVE('',#85,#113,#115,.T.);
#113 = VERTEX_POINT('',#114);
#114 = CARTESIAN_POINT('',(-9.45,2.95,19.25));
#115 = SURFACE_CURVE('',#116,(#120,#127),.PCURVE_S1.);
#116 = LINE('',#117,#118);
#117 = CARTESIAN_POINT('',(-9.45,2.95,18.25));
#118 = VECTOR('',#119,1.);
#119 = DIRECTION('',(0.,0.,1.));
#120 = PCURVE('',#32,#121);
#121 = DEFINITIONAL_REPRESENTATION('',(#122),#126);
#122 = LINE('',#123,#124);
#123 = CARTESIAN_POINT('',(0.,-6.7));
#124 = VECTOR('',#125,1.);
#125 = DIRECTION('',(1.,0.));
#126 = ( GEOMETRIC_REPRESENTATION_CONTEXT(2) 
PARAMETRIC_REPRESENTATION_CONTEXT() REPRESENTATION_CONTEXT('2D SPACE',''
  ) );
#127 = PCURVE('',#128,#133);
#128 = CYLINDRICAL_SURFACE('',#129,0.8);
#129 = AXIS2_PLACEMENT_3D('',#130,#131,#132);
#130 = CARTESIAN_POINT('',(-8.65,2.95,18.25));
#131 = DIRECTION('',(0.,0.,1.));
#132 = DIRECTION('',(-1.,-0.,0.));
#133 = DEFINITIONAL_REPRESENTATION('',(#134),#138);
#134 = LINE('',#135,#136);
#135 = CARTESIAN_POINT('',(-0.,0.));
#136 = VECTOR('',#137,1.);
#137 = DIRECTION('',(-0.,1.));
#138 = ( GEOMETRIC_REPRESENTATION_CONTEXT(2) 
PARAMETRIC_REPRESENTATION_CONTEXT() REPRESENTATION_CONTEXT('2D SPACE',''
  ) );
#139 = ORIENTED_EDGE('',*,*,#140,.F.);
#140 = EDGE_CURVE('',#141,#113,#143,.T.);
#141 = VERTEX_POINT('',#142);
#142 = CARTESIAN_POINT('',(-9.45,0.,19.25));
#143 = SURFACE_CURVE('',#144,(#148,#155),.PCURVE_S1.);
#144 = LINE('',#145,#146);
#145 = CARTESIAN_POINT('',(-9.45,-3.75,19.25));
#146 = VECTOR('',#147,1.);
#147 = DIRECTION('',(0.,1.,0.));
#148 = PCURVE('',#32,#149);
#149 = DEFINITIONAL_REPRESENTATION('',(#150),#154);
#150 = LINE('',#151,#152);
#151 = CARTESIAN_POINT('',(1.,0.));
#152 = VECTOR('',#153,1.);
#153 = DIRECTION('',(0.,-1.));
#154 = ( GEOMETRIC_REPRESENTATION_CONTEXT(2) 
PARAMETRIC_REPRESENTATION_CONTEXT() REPRESENTATION_CONTEXT('2D SPACE',''
  ) );
#155 = PCURVE('',#156,#161);
#156 = CYLINDRICAL_SURFACE('',#157,0.8);
#157 = AXIS2_PLACEMENT_3D('',#158,#159,#160);
#158 = CARTESIAN_POINT('',(-8.65,-3.75,19.25));
#159 = DIRECTION('',(0.,1.,0.));
#160 = DIRECTION('',(-1.,0.,0.));
#161 = DEFINITIONAL_REPRESENTATION('',(#162),#166);
#162 = LINE('',#163,#164);
#163 = CARTESIAN_POINT('',(0.,0.));
#164 = VECTOR('',#165,1.);
#165 = DIRECTION('',(0.,1.));
#166 = ( GEOMETRIC_REPRESENTATION_CONTEXT(2) 
PARAMETRIC_REPRESENTATION_CONTEXT() REPRESENTATION_CONTEXT('2D SPACE',''
  ) );
#167 = ORIENTED_EDGE('',*,*,#168,.F.);
#168 = EDGE_CURVE('',#24,#141,#169,.T.);
#169 = SURFACE_CURVE('',#170,(#174,#181),.PCURVE_S1.);
#170 = LINE('',#171,#172);
#171 = CARTESIAN_POINT('',(-9.45,-3.75,19.25));
#172 = VECTOR('',#173,1.);
#173 = DIRECTION('',(0.,1.,0.));
#174 = PCURVE('',#32,#175);
#175 = DEFINITIONAL_REPRESENTATION('',(#176),#180);
#176 = LINE('',#177,#178);
#177 = CARTESIAN_POINT('',(1.,0.));
#178 = VECTOR('',#179,1.);
#179 = DIRECTION('',(0.,-1.));
#180 = ( GEOMETRIC_REPRESENTATION_CONTEXT(2) 
PARAMETRIC_REPRESENTATION_CONTEXT() REPRESENTATION_CONTEXT('2D SPACE',''
  ) );
#181 = PCURVE('',#182,#187);
#182 = CYLINDRICAL_SURFACE('',#183,0.8);
#183 = AXIS2_PLACEMENT_3D('',#184,#185,#186);
#184 = CARTESIAN_POINT('',(-8.65,-3.75,19.25));
#185 = DIRECTION('',(0.,1.,0.));
#186 = DIRECTION('',(-1.,0.,0.));
#187 = DEFINITIONAL_REPRESENTATION('',(#188),#192);
#188 = LINE('',#189,#190);
#189 = CARTESIAN_POINT('',(0.,0.));
#190 = VECTOR('',#191,1.);
#191 = DIRECTION('',(0.,1.));
#192 = ( GEOMETRIC_REPRESENTATION_CONTEXT(2) 
PARAMETRIC_REPRESENTATION_CONTEXT() REPRESENTATION_CONTEXT('2D SPACE',''
  ) );
#193 = ADVANCED_FACE('',(#194),#44,.T.);
#194 = FACE_BOUND('',#195,.T.);
#195 = EDGE_LOOP('',(#196,#197,#226,#254));
#196 = ORIENTED_EDGE('',*,*,#21,.F.);
#197 = ORIENTED_EDGE('',*,*,#198,.T.);
#198 = EDGE_CURVE('',#22,#199,#201,.T.);
#199 = VERTEX_POINT('',#200);
#200 = CARTESIAN_POINT('',(-8.65,-3.75,19.05));
#201 = SURFACE_CURVE('',#202,(#207,#214),.PCURVE_S1.);
#202 = CIRCLE('',#203,0.8);
#203 = AXIS2_PLACEMENT_3D('',#204,#205,#206);
#204 = CARTESIAN_POINT('',(-8.65,-2.95,19.05));
#205 = DIRECTION('',(0.,0.,1.));
#206 = DIRECTION('',(-1.,0.,0.));
#207 = PCURVE('',#44,#208);
#208 = DEFINITIONAL_REPRESENTATION('',(#209),#213);
#209 = LINE('',#210,#211);
#210 = CARTESIAN_POINT('',(0.,0.8));
#211 = VECTOR('',#212,1.);
#212 = DIRECTION('',(1.,0.));
#213 = ( GEOMETRIC_REPRESENTATION_CONTEXT(2) 
PARAMETRIC_REPRESENTATION_CONTEXT() REPRESENTATION_CONTEXT('2D SPACE',''
  ) );
#214 = PCURVE('',#215,#220);
#215 = SPHERICAL_SURFACE('',#216,0.8);
#216 = AXIS2_PLACEMENT_3D('',#217,#218,#219);
#217 = CARTESIAN_POINT('',(-8.65,-2.95,19.05));
#218 = DIRECTION('',(0.,0.,1.));
#219 = DIRECTION('',(-1.,0.,0.));
#220 = DEFINITIONAL_REPRESENTATION('',(#221),#225);
#221 = LINE('',#222,#223);
#222 = CARTESIAN_POINT('',(0.,0.));
#223 = VECTOR('',#224,1.);
#224 = DIRECTION('',(1.,0.));
#225 = ( GEOMETRIC_REPRESENTATION_CONTEXT(2) 
PARAMETRIC_REPRESENTATION_CONTEXT() REPRESENTATION_CONTEXT('2D SPACE',''
  ) );
#226 = ORIENTED_EDGE('',*,*,#227,.T.);
#227 = EDGE_CURVE('',#199,#228,#230,.T.);
#228 = VERTEX_POINT('',#229);
#229 = CARTESIAN_POINT('',(-8.65,-3.75,19.25));
#230 = SURFACE_CURVE('',#231,(#235,#242),.PCURVE_S1.);
#231 = LINE('',#232,#233);
#232 = CARTESIAN_POINT('',(-8.65,-3.75,18.25));
#233 = VECTOR('',#234,1.);
#234 = DIRECTION('',(0.,0.,1.));
#235 = PCURVE('',#44,#236);
#236 = DEFINITIONAL_REPRESENTATION('',(#237),#241);
#237 = LINE('',#238,#239);
#238 = CARTESIAN_POINT('',(1.570796326795,0.));
#239 = VECTOR('',#240,1.);
#240 = DIRECTION('',(0.,1.));
#241 = ( GEOMETRIC_REPRESENTATION_CONTEXT(2) 
PARAMETRIC_REPRESENTATION_CONTEXT() REPRESENTATION_CONTEXT('2D SPACE',''
  ) );
#242 = PCURVE('',#243,#248);
#243 = PLANE('',#244);
#244 = AXIS2_PLACEMENT_3D('',#245,#246,#247);
#245 = CARTESIAN_POINT('',(-9.45,-3.75,18.25));
#246 = DIRECTION('',(0.,1.,0.));
#247 = DIRECTION('',(0.,0.,1.));
#248 = DEFINITIONAL_REPRESENTATION('',(#249),#253);
#249 = LINE('',#250,#251);
#250 = CARTESIAN_POINT('',(0.,0.8));
#251 = VECTOR('',#252,1.);
#252 = DIRECTION('',(1.,0.));
#253 = ( GEOMETRIC_REPRESENTATION_CONTEXT(2) 
PARAMETRIC_REPRESENTATION_CONTEXT() REPRESENTATION_CONTEXT('2D SPACE',''
  ) );
#254 = ORIENTED_EDGE('',*,*,#255,.F.);
#255 = EDGE_CURVE('',#24,#228,#256,.T.);
#256 = SURFACE_CURVE('',#257,(#262,#269),.PCURVE_S1.);
#257 = CIRCLE('',#258,0.8);
#258 = AXIS2_PLACEMENT_3D('',#259,#260,#261);
#259 = CARTESIAN_POINT('',(-8.65,-2.95,19.25));
#260 = DIRECTION('',(0.,0.,1.));
#261 = DIRECTION('',(-1.,0.,0.));
#262 = PCURVE('',#44,#263);
#263 = DEFINITIONAL_REPRESENTATION('',(#264),#268);
#264 = LINE('',#265,#266);
#265 = CARTESIAN_POINT('',(0.,1.));
#266 = VECTOR('',#267,1.);
#267 = DIRECTION('',(1.,0.));
#268 = ( GEOMETRIC_REPRESENTATION_CONTEXT(2) 
PARAMETRIC_REPRESENTATION_CONTEXT() REPRESENTATION_CONTEXT('2D SPACE',''
  ) );
#269 = PCURVE('',#270,#275);
#270 = SPHERICAL_SURFACE('',#271,0.8);
#271 = AXIS2_PLACEMENT_3D('',#272,#273,#274);
#272 = CARTESIAN_POINT('',(-8.65,-2.95,19.25));
#273 = DIRECTION('',(-0.,-0.,-1.));
#274 = DIRECTION('',(-1.,0.,0.));
#275 = DEFINITIONAL_REPRESENTATION('',(#276),#280);
#276 = LINE('',#277,#278);
#277 = CARTESIAN_POINT('',(-0.,0.));
#278 = VECTOR('',#279,1.);
#279 = DIRECTION('',(-1.,0.));
#280 = ( GEOMETRIC_REPRESENTATION_CONTEXT(2) 
PARAMETRIC_REPRESENTATION_CONTEXT() REPRESENTATION_CONTEXT('2D SPACE',''
  ) );
#281 = ADVANCED_FACE('',(#282),#72,.T.);
#282 = FACE_BOUND('',#283,.F.);
#283 = EDGE_LOOP('',(#284,#308,#336,#401));
#284 = ORIENTED_EDGE('',*,*,#285,.F.);
#285 = EDGE_CURVE('',#286,#22,#288,.T.);
#286 = VERTEX_POINT('',#287);
#287 = CARTESIAN_POINT('',(-8.65,-2.95,18.25));
#288 = SURFACE_CURVE('',#289,(#294,#301),.PCURVE_S1.);
#289 = CIRCLE('',#290,0.8);
#290 = AXIS2_PLACEMENT_3D('',#291,#292,#293);
#291 = CARTESIAN_POINT('',(-8.65,-2.95,19.05));
#292 = DIRECTION('',(0.,1.,-0.));
#293 = DIRECTION('',(-1.,0.,0.));
#294 = PCURVE('',#72,#295);
#295 = DEFINITIONAL_REPRESENTATION('',(#296),#300);
#296 = LINE('',#297,#298);
#297 = CARTESIAN_POINT('',(-6.28318530718,0.8));
#298 = VECTOR('',#299,1.);
#299 = DIRECTION('',(1.,-0.));
#300 = ( GEOMETRIC_REPRESENTATION_CONTEXT(2) 
PARAMETRIC_REPRESENTATION_CONTEXT() REPRESENTATION_CONTEXT('2D SPACE',''
  ) );
#301 = PCURVE('',#215,#302);
#302 = DEFINITIONAL_REPRESENTATION('',(#303),#307);
#303 = LINE('',#304,#305);
#304 = CARTESIAN_POINT('',(0.,-6.28318530718));
#305 = VECTOR('',#306,1.);
#306 = DIRECTION('',(0.,1.));
#307 = ( GEOMETRIC_REPRESENTATION_CONTEXT(2) 
PARAMETRIC_REPRESENTATION_CONTEXT() REPRESENTATION_CONTEXT('2D SPACE',''
  ) );
#308 = ORIENTED_EDGE('',*,*,#309,.T.);
#309 = EDGE_CURVE('',#286,#310,#312,.T.);
#310 = VERTEX_POINT('',#311);
#311 = CARTESIAN_POINT('',(-8.65,-2.315167380558,18.25));
#312 = SURFACE_CURVE('',#313,(#317,#324),.PCURVE_S1.);
#313 = LINE('',#314,#315);
#314 = CARTESIAN_POINT('',(-8.65,-3.75,18.25));
#315 = VECTOR('',#316,1.);
#316 = DIRECTION('',(0.,1.,0.));
#317 = PCURVE('',#72,#318);
#318 = DEFINITIONAL_REPRESENTATION('',(#319),#323);
#319 = LINE('',#320,#321);
#320 = CARTESIAN_POINT('',(-1.570796326795,0.));
#321 = VECTOR('',#322,1.);
#322 = DIRECTION('',(-0.,1.));
#323 = ( GEOMETRIC_REPRESENTATION_CONTEXT(2) 
PARAMETRIC_REPRESENTATION_CONTEXT() REPRESENTATION_CONTEXT('2D SPACE',''
  ) );
#324 = PCURVE('',#325,#330);
#325 = PLANE('',#326);
#326 = AXIS2_PLACEMENT_3D('',#327,#328,#329);
#327 = CARTESIAN_POINT('',(-9.45,-3.75,18.25));
#328 = DIRECTION('',(0.,0.,1.));
#329 = DIRECTION('',(1.,0.,0.));
#330 = DEFINITIONAL_REPRESENTATION('',(#331),#335);
#331 = LINE('',#332,#333);
#332 = CARTESIAN_POINT('',(0.8,0.));
#333 = VECTOR('',#334,1.);
#334 = DIRECTION('',(0.,1.));
#335 = ( GEOMETRIC_REPRESENTATION_CONTEXT(2) 
PARAMETRIC_REPRESENTATION_CONTEXT() REPRESENTATION_CONTEXT('2D SPACE',''
  ) );
#336 = ORIENTED_EDGE('',*,*,#337,.F.);
#337 = EDGE_CURVE('',#57,#310,#338,.T.);
#338 = SURFACE_CURVE('',#339,(#356,#376),.PCURVE_S1.);
#339 = B_SPLINE_CURVE_WITH_KNOTS('',8,(#340,#341,#342,#343,#344,#345,
    #346,#347,#348,#349,#350,#351,#352,#353,#354,#355),.UNSPECIFIED.,.F.
  ,.F.,(9,7,9),(0.,0.784433761981,1.),.UNSPECIFIED.);
#340 = CARTESIAN_POINT('',(-9.45,-9.678588064332E-08,19.05));
#341 = CARTESIAN_POINT('',(-9.449999837085,-0.234692347692,
    18.941599933003));
#342 = CARTESIAN_POINT('',(-9.433214518003,-0.467104950142,
    18.834254725709));
#343 = CARTESIAN_POINT('',(-9.400208303398,-0.699186748144,
    18.728845353682));
#344 = CARTESIAN_POINT('',(-9.350362177054,-0.931704275415,
    18.626682989899));
#345 = CARTESIAN_POINT('',(-9.282626392088,-1.164410130678,
    18.529974755628));
#346 = CARTESIAN_POINT('',(-9.195928335087,-1.396021042087,
    18.442098658849));
#347 = CARTESIAN_POINT('',(-9.089560871697,-1.624167240496,
    18.367890716366));
#348 = CARTESIAN_POINT('',(-8.930190251077,-1.906107294169,
    18.299740373599));
#349 = CARTESIAN_POINT('',(-8.894349923515,-1.966492867767,
    18.286583392785));
#350 = CARTESIAN_POINT('',(-8.857038050232,-2.026404789281,
    18.275121116289));
#351 = CARTESIAN_POINT('',(-8.818280835354,-2.085748645984,
    18.265529973394));
#352 = CARTESIAN_POINT('',(-8.778121208965,-2.144418621424,
    18.258002884037));
#353 = CARTESIAN_POINT('',(-8.73662320563,-2.202298035461,18.25275009232
    ));
#354 = CARTESIAN_POINT('',(-8.693876342933,-2.259259884306,18.25));
#355 = CARTESIAN_POINT('',(-8.65,-2.315167380558,18.25));
#356 = PCURVE('',#72,#357);
#357 = DEFINITIONAL_REPRESENTATION('',(#358),#375);
#358 = B_SPLINE_CURVE_WITH_KNOTS('',8,(#359,#360,#361,#362,#363,#364,
    #365,#366,#367,#368,#369,#370,#371,#372,#373,#374),.UNSPECIFIED.,.F.
  ,.F.,(9,7,9),(0.,0.784433761981,1.),.UNSPECIFIED.);
#359 = CARTESIAN_POINT('',(0.,3.749999903214));
#360 = CARTESIAN_POINT('',(-0.135499689233,3.515307652308));
#361 = CARTESIAN_POINT('',(-0.269683987371,3.282895049858));
#362 = CARTESIAN_POINT('',(-0.405226501672,3.050813251856));
#363 = CARTESIAN_POINT('',(-0.544018588482,2.818295724585));
#364 = CARTESIAN_POINT('',(-0.687720319673,2.585589869322));
#365 = CARTESIAN_POINT('',(-0.838025437368,2.353978957913));
#366 = CARTESIAN_POINT('',(-0.996749260797,2.125832759504));
#367 = CARTESIAN_POINT('',(-1.213412391947,1.843892705831));
#368 = CARTESIAN_POINT('',(-1.261070459539,1.783507132233));
#369 = CARTESIAN_POINT('',(-1.309743210713,1.723595210719));
#370 = CARTESIAN_POINT('',(-1.359494638858,1.664251354016));
#371 = CARTESIAN_POINT('',(-1.410393628165,1.605581378576));
#372 = CARTESIAN_POINT('',(-1.462516723144,1.547701964539));
#373 = CARTESIAN_POINT('',(-1.515950898129,1.490740115694));
#374 = CARTESIAN_POINT('',(-1.570796326795,1.434832619442));
#375 = ( GEOMETRIC_REPRESENTATION_CONTEXT(2) 
PARAMETRIC_REPRESENTATION_CONTEXT() REPRESENTATION_CONTEXT('2D SPACE',''
  ) );
#376 = PCURVE('',#377,#382);
#377 = CYLINDRICAL_SURFACE('',#378,3.75);
#378 = AXIS2_PLACEMENT_3D('',#379,#380,#381);
#379 = CARTESIAN_POINT('',(-5.7,0.,18.25));
#380 = DIRECTION('',(-0.,-0.,-1.));
#381 = DIRECTION('',(1.,0.,0.));
#382 = DEFINITIONAL_REPRESENTATION('',(#383),#400);
#383 = B_SPLINE_CURVE_WITH_KNOTS('',8,(#384,#385,#386,#387,#388,#389,
    #390,#391,#392,#393,#394,#395,#396,#397,#398,#399),.UNSPECIFIED.,.F.
  ,.F.,(9,7,9),(0.,0.784433761981,1.),.UNSPECIFIED.);
#384 = CARTESIAN_POINT('',(-3.141592679399,-0.8));
#385 = CARTESIAN_POINT('',(-3.204177292899,-0.691599933003));
#386 = CARTESIAN_POINT('',(-3.266153901599,-0.584254725709));
#387 = CARTESIAN_POINT('',(-3.328416175922,-0.478845353682));
#388 = CARTESIAN_POINT('',(-3.391510569117,-0.376682989899));
#389 = CARTESIAN_POINT('',(-3.455793292907,-0.279974755628));
#390 = CARTESIAN_POINT('',(-3.521411394076,-0.192098658849));
#391 = CARTESIAN_POINT('',(-3.588332398501,-0.117890716366));
#392 = CARTESIAN_POINT('',(-3.674696666249,-4.974037359895E-02));
#393 = CARTESIAN_POINT('',(-3.693418033669,-3.658339278476E-02));
#394 = CARTESIAN_POINT('',(-3.712232295857,-2.512111628942E-02));
#395 = CARTESIAN_POINT('',(-3.731124479303,-1.55299733938E-02));
#396 = CARTESIAN_POINT('',(-3.750075088866,-8.002884037451E-03));
#397 = CARTESIAN_POINT('',(-3.769059307301,-2.750092319585E-03));
#398 = CARTESIAN_POINT('',(-3.788046194781,2.886579864025E-15));
#399 = CARTESIAN_POINT('',(-3.806997888426,2.886579864025E-15));
#400 = ( GEOMETRIC_REPRESENTATION_CONTEXT(2) 
PARAMETRIC_REPRESENTATION_CONTEXT() REPRESENTATION_CONTEXT('2D SPACE',''
  ) );
#401 = ORIENTED_EDGE('',*,*,#56,.F.);
#402 = ADVANCED_FACE('',(#403),#100,.T.);
#403 = FACE_BOUND('',#404,.F.);
#404 = EDGE_LOOP('',(#405,#406,#468,#491));
#405 = ORIENTED_EDGE('',*,*,#84,.F.);
#406 = ORIENTED_EDGE('',*,*,#407,.F.);
#407 = EDGE_CURVE('',#408,#57,#410,.T.);
#408 = VERTEX_POINT('',#409);
#409 = CARTESIAN_POINT('',(-8.65,2.315167380558,18.25));
#410 = SURFACE_CURVE('',#411,(#428,#448),.PCURVE_S1.);
#411 = B_SPLINE_CURVE_WITH_KNOTS('',8,(#412,#413,#414,#415,#416,#417,
    #418,#419,#420,#421,#422,#423,#424,#425,#426,#427),.UNSPECIFIED.,.F.
  ,.F.,(9,7,9),(0.,0.217190308151,1.),.UNSPECIFIED.);
#412 = CARTESIAN_POINT('',(-8.65,2.315167380558,18.25));
#413 = CARTESIAN_POINT('',(-8.694208743983,2.258836336918,18.25));
#414 = CARTESIAN_POINT('',(-8.737270138749,2.201435773467,
    18.252791916973));
#415 = CARTESIAN_POINT('',(-8.779062322374,2.143105455225,
    18.258122545248));
#416 = CARTESIAN_POINT('',(-8.81949422208,2.083974959235,18.265758342865
    ));
#417 = CARTESIAN_POINT('',(-8.858500999096,2.024163119386,
    18.275484563708));
#418 = CARTESIAN_POINT('',(-8.896039493511,1.963777471223,
    18.287104389648));
#419 = CARTESIAN_POINT('',(-8.932083669136,1.902913696761,
    18.300438062676));
#420 = CARTESIAN_POINT('',(-9.091098081523,1.620863231542,
    18.368967613987));
#421 = CARTESIAN_POINT('',(-9.196996859857,1.393158336316,
    18.443186290811));
#422 = CARTESIAN_POINT('',(-9.283320216268,1.162020984807,
    18.530968073054));
#423 = CARTESIAN_POINT('',(-9.350771395797,0.929795628185,
    18.627521357655));
#424 = CARTESIAN_POINT('',(-9.400413629632,0.697752237191,
    18.729496617001));
#425 = CARTESIAN_POINT('',(-9.433285734998,0.466136944557,
    18.834701805034));
#426 = CARTESIAN_POINT('',(-9.449999841355,0.234193795625,
    18.941830208688));
#427 = CARTESIAN_POINT('',(-9.45,9.678588642406E-08,19.05));
#428 = PCURVE('',#100,#429);
#429 = DEFINITIONAL_REPRESENTATION('',(#430),#447);
#430 = B_SPLINE_CURVE_WITH_KNOTS('',8,(#431,#432,#433,#434,#435,#436,
    #437,#438,#439,#440,#441,#442,#443,#444,#445,#446),.UNSPECIFIED.,.F.
  ,.F.,(9,7,9),(0.,0.217190308151,1.),.UNSPECIFIED.);
#431 = CARTESIAN_POINT('',(-1.570796326795,6.065167380558));
#432 = CARTESIAN_POINT('',(-1.515535396817,6.008836336918));
#433 = CARTESIAN_POINT('',(-1.461708027499,5.951435773467));
#434 = CARTESIAN_POINT('',(-1.409211485576,5.893105455225));
#435 = CARTESIAN_POINT('',(-1.357956600766,5.833974959235));
#436 = CARTESIAN_POINT('',(-1.307864903472,5.774163119386));
#437 = CARTESIAN_POINT('',(-1.25886576247,5.713777471223));
#438 = CARTESIAN_POINT('',(-1.210893522605,5.652913696761));
#439 = CARTESIAN_POINT('',(-0.994452556528,5.370863231542));
#440 = CARTESIAN_POINT('',(-0.836168926041,5.143158336316));
#441 = CARTESIAN_POINT('',(-0.686245390764,4.912020984807));
#442 = CARTESIAN_POINT('',(-0.54287903162,4.679795628185));
#443 = CARTESIAN_POINT('',(-0.40438849742,4.447752237191));
#444 = CARTESIAN_POINT('',(-0.269125079905,4.216136944557));
#445 = CARTESIAN_POINT('',(-0.135211854467,3.984193795625));
#446 = CARTESIAN_POINT('',(0.,3.750000096786));
#447 = ( GEOMETRIC_REPRESENTATION_CONTEXT(2) 
PARAMETRIC_REPRESENTATION_CONTEXT() REPRESENTATION_CONTEXT('2D SPACE',''
  ) );
#448 = PCURVE('',#377,#449);
#449 = DEFINITIONAL_REPRESENTATION('',(#450),#467);
#450 = B_SPLINE_CURVE_WITH_KNOTS('',8,(#451,#452,#453,#454,#455,#456,
    #457,#458,#459,#460,#461,#462,#463,#464,#465,#466),.UNSPECIFIED.,.F.
  ,.F.,(9,7,9),(0.,0.217190308151,1.),.UNSPECIFIED.);
#451 = CARTESIAN_POINT('',(-2.476187418753,2.886579864025E-15));
#452 = CARTESIAN_POINT('',(-2.495282687784,2.886579864025E-15));
#453 = CARTESIAN_POINT('',(-2.514413388725,-2.791916972944E-03));
#454 = CARTESIAN_POINT('',(-2.533540868559,-8.122545248259E-03));
#455 = CARTESIAN_POINT('',(-2.552633628201,-1.575834286474E-02));
#456 = CARTESIAN_POINT('',(-2.571666492273,-2.548456370801E-02));
#457 = CARTESIAN_POINT('',(-2.590619778864,-3.71043896479E-02));
#458 = CARTESIAN_POINT('',(-2.609478469303,-5.043806267592E-02));
#459 = CARTESIAN_POINT('',(-2.695821680383,-0.118967613987));
#460 = CARTESIAN_POINT('',(-2.762584654705,-0.193186290811));
#461 = CARTESIAN_POINT('',(-2.828051910933,-0.280968073054));
#462 = CARTESIAN_POINT('',(-2.892192689318,-0.377521357655));
#463 = CARTESIAN_POINT('',(-2.955154048261,-0.479496617001));
#464 = CARTESIAN_POINT('',(-3.017289538298,-0.584701805034));
#465 = CARTESIAN_POINT('',(-3.079140961892,-0.691830208688));
#466 = CARTESIAN_POINT('',(-3.14159262778,-0.8));
#467 = ( GEOMETRIC_REPRESENTATION_CONTEXT(2) 
PARAMETRIC_REPRESENTATION_CONTEXT() REPRESENTATION_CONTEXT('2D SPACE',''
  ) );
#468 = ORIENTED_EDGE('',*,*,#469,.T.);
#469 = EDGE_CURVE('',#408,#470,#472,.T.);
#470 = VERTEX_POINT('',#471);
#471 = CARTESIAN_POINT('',(-8.65,2.95,18.25));
#472 = SURFACE_CURVE('',#473,(#477,#484),.PCURVE_S1.);
#473 = LINE('',#474,#475);
#474 = CARTESIAN_POINT('',(-8.65,-3.75,18.25));
#475 = VECTOR('',#476,1.);
#476 = DIRECTION('',(0.,1.,0.));
#477 = PCURVE('',#100,#478);
#478 = DEFINITIONAL_REPRESENTATION('',(#479),#483);
#479 = LINE('',#480,#481);
#480 = CARTESIAN_POINT('',(-1.570796326795,0.));
#481 = VECTOR('',#482,1.);
#482 = DIRECTION('',(-0.,1.));
#483 = ( GEOMETRIC_REPRESENTATION_CONTEXT(2) 
PARAMETRIC_REPRESENTATION_CONTEXT() REPRESENTATION_CONTEXT('2D SPACE',''
  ) );
#484 = PCURVE('',#325,#485);
#485 = DEFINITIONAL_REPRESENTATION('',(#486),#490);
#486 = LINE('',#487,#488);
#487 = CARTESIAN_POINT('',(0.8,0.));
#488 = VECTOR('',#489,1.);
#489 = DIRECTION('',(0.,1.));
#490 = ( GEOMETRIC_REPRESENTATION_CONTEXT(2) 
PARAMETRIC_REPRESENTATION_CONTEXT() REPRESENTATION_CONTEXT('2D SPACE',''
  ) );
#491 = ORIENTED_EDGE('',*,*,#492,.T.);
#492 = EDGE_CURVE('',#470,#85,#493,.T.);
#493 = SURFACE_CURVE('',#494,(#499,#506),.PCURVE_S1.);
#494 = CIRCLE('',#495,0.8);
#495 = AXIS2_PLACEMENT_3D('',#496,#497,#498);
#496 = CARTESIAN_POINT('',(-8.65,2.95,19.05));
#497 = DIRECTION('',(0.,1.,-0.));
#498 = DIRECTION('',(-1.,0.,0.));
#499 = PCURVE('',#100,#500);
#500 = DEFINITIONAL_REPRESENTATION('',(#501),#505);
#501 = LINE('',#502,#503);
#502 = CARTESIAN_POINT('',(-6.28318530718,6.7));
#503 = VECTOR('',#504,1.);
#504 = DIRECTION('',(1.,-0.));
#505 = ( GEOMETRIC_REPRESENTATION_CONTEXT(2) 
PARAMETRIC_REPRESENTATION_CONTEXT() REPRESENTATION_CONTEXT('2D SPACE',''
  ) );
#506 = PCURVE('',#507,#512);
#507 = SPHERICAL_SURFACE('',#508,0.8);
#508 = AXIS2_PLACEMENT_3D('',#509,#510,#511);
#509 = CARTESIAN_POINT('',(-8.65,2.95,19.05));
#510 = DIRECTION('',(0.,0.,1.));
#511 = DIRECTION('',(-1.,0.,0.));
#512 = DEFINITIONAL_REPRESENTATION('',(#513),#517);
#513 = LINE('',#514,#515);
#514 = CARTESIAN_POINT('',(-0.,-6.28318530718));
#515 = VECTOR('',#516,1.);
#516 = DIRECTION('',(-0.,1.));
#517 = ( GEOMETRIC_REPRESENTATION_CONTEXT(2) 
PARAMETRIC_REPRESENTATION_CONTEXT() REPRESENTATION_CONTEXT('2D SPACE',''
  ) );
#518 = ADVANCED_FACE('',(#519),#128,.T.);
#519 = FACE_BOUND('',#520,.F.);
#520 = EDGE_LOOP('',(#521,#522,#546,#574));
#521 = ORIENTED_EDGE('',*,*,#112,.F.);
#522 = ORIENTED_EDGE('',*,*,#523,.T.);
#523 = EDGE_CURVE('',#85,#524,#526,.T.);
#524 = VERTEX_POINT('',#525);
#525 = CARTESIAN_POINT('',(-8.65,3.75,19.05));
#526 = SURFACE_CURVE('',#527,(#532,#539),.PCURVE_S1.);
#527 = CIRCLE('',#528,0.8);
#528 = AXIS2_PLACEMENT_3D('',#529,#530,#531);
#529 = CARTESIAN_POINT('',(-8.65,2.95,19.05));
#530 = DIRECTION('',(-0.,0.,-1.));
#531 = DIRECTION('',(-1.,0.,0.));
#532 = PCURVE('',#128,#533);
#533 = DEFINITIONAL_REPRESENTATION('',(#534),#538);
#534 = LINE('',#535,#536);
#535 = CARTESIAN_POINT('',(-0.,0.8));
#536 = VECTOR('',#537,1.);
#537 = DIRECTION('',(-1.,0.));
#538 = ( GEOMETRIC_REPRESENTATION_CONTEXT(2) 
PARAMETRIC_REPRESENTATION_CONTEXT() REPRESENTATION_CONTEXT('2D SPACE',''
  ) );
#539 = PCURVE('',#507,#540);
#540 = DEFINITIONAL_REPRESENTATION('',(#541),#545);
#541 = LINE('',#542,#543);
#542 = CARTESIAN_POINT('',(-0.,0.));
#543 = VECTOR('',#544,1.);
#544 = DIRECTION('',(-1.,0.));
#545 = ( GEOMETRIC_REPRESENTATION_CONTEXT(2) 
PARAMETRIC_REPRESENTATION_CONTEXT() REPRESENTATION_CONTEXT('2D SPACE',''
  ) );
#546 = ORIENTED_EDGE('',*,*,#547,.T.);
#547 = EDGE_CURVE('',#524,#548,#550,.T.);
#548 = VERTEX_POINT('',#549);
#549 = CARTESIAN_POINT('',(-8.65,3.75,19.25));
#550 = SURFACE_CURVE('',#551,(#555,#562),.PCURVE_S1.);
#551 = LINE('',#552,#553);
#552 = CARTESIAN_POINT('',(-8.65,3.75,18.25));
#553 = VECTOR('',#554,1.);
#554 = DIRECTION('',(0.,0.,1.));
#555 = PCURVE('',#128,#556);
#556 = DEFINITIONAL_REPRESENTATION('',(#557),#561);
#557 = LINE('',#558,#559);
#558 = CARTESIAN_POINT('',(-1.570796326795,0.));
#559 = VECTOR('',#560,1.);
#560 = DIRECTION('',(-0.,1.));
#561 = ( GEOMETRIC_REPRESENTATION_CONTEXT(2) 
PARAMETRIC_REPRESENTATION_CONTEXT() REPRESENTATION_CONTEXT('2D SPACE',''
  ) );
#562 = PCURVE('',#563,#568);
#563 = PLANE('',#564);
#564 = AXIS2_PLACEMENT_3D('',#565,#566,#567);
#565 = CARTESIAN_POINT('',(-9.45,3.75,18.25));
#566 = DIRECTION('',(0.,1.,0.));
#567 = DIRECTION('',(0.,0.,1.));
#568 = DEFINITIONAL_REPRESENTATION('',(#569),#573);
#569 = LINE('',#570,#571);
#570 = CARTESIAN_POINT('',(0.,0.8));
#571 = VECTOR('',#572,1.);
#572 = DIRECTION('',(1.,0.));
#573 = ( GEOMETRIC_REPRESENTATION_CONTEXT(2) 
PARAMETRIC_REPRESENTATION_CONTEXT() REPRESENTATION_CONTEXT('2D SPACE',''
  ) );
#574 = ORIENTED_EDGE('',*,*,#575,.T.);
#575 = EDGE_CURVE('',#548,#113,#576,.T.);
#576 = SURFACE_CURVE('',#577,(#582,#589),.PCURVE_S1.);
#577 = CIRCLE('',#578,0.8);
#578 = AXIS2_PLACEMENT_3D('',#579,#580,#581);
#579 = CARTESIAN_POINT('',(-8.65,2.95,19.25));
#580 = DIRECTION('',(1.387778780781E-16,0.,1.));
#581 = DIRECTION('',(-1.,0.,1.387778780781E-16));
#582 = PCURVE('',#128,#583);
#583 = DEFINITIONAL_REPRESENTATION('',(#584),#588);
#584 = LINE('',#585,#586);
#585 = CARTESIAN_POINT('',(-6.28318530718,1.));
#586 = VECTOR('',#587,1.);
#587 = DIRECTION('',(1.,-0.));
#588 = ( GEOMETRIC_REPRESENTATION_CONTEXT(2) 
PARAMETRIC_REPRESENTATION_CONTEXT() REPRESENTATION_CONTEXT('2D SPACE',''
  ) );
#589 = PCURVE('',#590,#595);
#590 = SPHERICAL_SURFACE('',#591,0.8);
#591 = AXIS2_PLACEMENT_3D('',#592,#593,#594);
#592 = CARTESIAN_POINT('',(-8.65,2.95,19.25));
#593 = DIRECTION('',(-0.,-1.,-0.));
#594 = DIRECTION('',(-1.,0.,1.387778780781E-16));
#595 = DEFINITIONAL_REPRESENTATION('',(#596),#600);
#596 = LINE('',#597,#598);
#597 = CARTESIAN_POINT('',(-0.,-6.28318530718));
#598 = VECTOR('',#599,1.);
#599 = DIRECTION('',(-0.,1.));
#600 = ( GEOMETRIC_REPRESENTATION_CONTEXT(2) 
PARAMETRIC_REPRESENTATION_CONTEXT() REPRESENTATION_CONTEXT('2D SPACE',''
  ) );
#601 = ADVANCED_FACE('',(#602),#156,.T.);
#602 = FACE_BOUND('',#603,.T.);
#603 = EDGE_LOOP('',(#604,#605,#672,#700));
#604 = ORIENTED_EDGE('',*,*,#140,.F.);
#605 = ORIENTED_EDGE('',*,*,#606,.F.);
#606 = EDGE_CURVE('',#607,#141,#609,.T.);
#607 = VERTEX_POINT('',#608);
#608 = CARTESIAN_POINT('',(-8.65,2.315167380558,20.05));
#609 = SURFACE_CURVE('',#610,(#627,#647),.PCURVE_S1.);
#610 = B_SPLINE_CURVE_WITH_KNOTS('',8,(#611,#612,#613,#614,#615,#616,
    #617,#618,#619,#620,#621,#622,#623,#624,#625,#626),.UNSPECIFIED.,.F.
  ,.F.,(9,7,9),(0.,0.217190308145,1.),.UNSPECIFIED.);
#611 = CARTESIAN_POINT('',(-8.65,2.315167380558,20.05));
#612 = CARTESIAN_POINT('',(-8.694208743983,2.258836336918,20.05));
#613 = CARTESIAN_POINT('',(-8.737270138749,2.201435773467,
    20.047208083027));
#614 = CARTESIAN_POINT('',(-8.779062322374,2.143105455225,
    20.041877454752));
#615 = CARTESIAN_POINT('',(-8.81949422208,2.083974959235,20.034241657135
    ));
#616 = CARTESIAN_POINT('',(-8.858500999096,2.024163119386,
    20.024515436292));
#617 = CARTESIAN_POINT('',(-8.896039493511,1.963777471223,
    20.012895610352));
#618 = CARTESIAN_POINT('',(-8.932083669136,1.902913696761,
    19.999561937324));
#619 = CARTESIAN_POINT('',(-9.091098081527,1.620863231534,
    19.931032386011));
#620 = CARTESIAN_POINT('',(-9.196996859846,1.393158336334,
    19.856813709192));
#621 = CARTESIAN_POINT('',(-9.283320216279,1.162020984793,
    19.769031926945));
#622 = CARTESIAN_POINT('',(-9.350771395791,0.929795628191,
    19.672478642343));
#623 = CARTESIAN_POINT('',(-9.400413629634,0.697752237185,
    19.570503382999));
#624 = CARTESIAN_POINT('',(-9.433285734997,0.466136944564,
    19.465298194968));
#625 = CARTESIAN_POINT('',(-9.449999841355,0.234193795622,19.35816979131
    ));
#626 = CARTESIAN_POINT('',(-9.45,9.678588642406E-08,19.25));
#627 = PCURVE('',#156,#628);
#628 = DEFINITIONAL_REPRESENTATION('',(#629),#646);
#629 = B_SPLINE_CURVE_WITH_KNOTS('',8,(#630,#631,#632,#633,#634,#635,
    #636,#637,#638,#639,#640,#641,#642,#643,#644,#645),.UNSPECIFIED.,.F.
  ,.F.,(9,7,9),(0.,0.217190308145,1.),.UNSPECIFIED.);
#630 = CARTESIAN_POINT('',(1.570796326795,6.065167380558));
#631 = CARTESIAN_POINT('',(1.515535396817,6.008836336918));
#632 = CARTESIAN_POINT('',(1.461708027499,5.951435773467));
#633 = CARTESIAN_POINT('',(1.409211485576,5.893105455225));
#634 = CARTESIAN_POINT('',(1.357956600766,5.833974959235));
#635 = CARTESIAN_POINT('',(1.307864903472,5.774163119386));
#636 = CARTESIAN_POINT('',(1.25886576247,5.713777471223));
#637 = CARTESIAN_POINT('',(1.210893522605,5.652913696761));
#638 = CARTESIAN_POINT('',(0.994452556522,5.370863231534));
#639 = CARTESIAN_POINT('',(0.836168926055,5.143158336334));
#640 = CARTESIAN_POINT('',(0.686245390752,4.912020984792));
#641 = CARTESIAN_POINT('',(0.542879031625,4.679795628192));
#642 = CARTESIAN_POINT('',(0.404388497417,4.447752237184));
#643 = CARTESIAN_POINT('',(0.269125079909,4.216136944565));
#644 = CARTESIAN_POINT('',(0.135211854465,3.984193795622));
#645 = CARTESIAN_POINT('',(0.,3.750000096786));
#646 = ( GEOMETRIC_REPRESENTATION_CONTEXT(2) 
PARAMETRIC_REPRESENTATION_CONTEXT() REPRESENTATION_CONTEXT('2D SPACE',''
  ) );
#647 = PCURVE('',#648,#653);
#648 = CYLINDRICAL_SURFACE('',#649,3.75);
#649 = AXIS2_PLACEMENT_3D('',#650,#651,#652);
#650 = CARTESIAN_POINT('',(-5.7,0.,18.25));
#651 = DIRECTION('',(-0.,-0.,-1.));
#652 = DIRECTION('',(1.,0.,0.));
#653 = DEFINITIONAL_REPRESENTATION('',(#654),#671);
#654 = B_SPLINE_CURVE_WITH_KNOTS('',8,(#655,#656,#657,#658,#659,#660,
    #661,#662,#663,#664,#665,#666,#667,#668,#669,#670),.UNSPECIFIED.,.F.
  ,.F.,(9,7,9),(0.,0.217190308145,1.),.UNSPECIFIED.);
#655 = CARTESIAN_POINT('',(-2.476187418753,-1.8));
#656 = CARTESIAN_POINT('',(-2.495282687784,-1.8));
#657 = CARTESIAN_POINT('',(-2.514413388725,-1.797208083027));
#658 = CARTESIAN_POINT('',(-2.533540868559,-1.791877454752));
#659 = CARTESIAN_POINT('',(-2.552633628201,-1.784241657135));
#660 = CARTESIAN_POINT('',(-2.571666492273,-1.774515436292));
#661 = CARTESIAN_POINT('',(-2.590619778864,-1.762895610352));
#662 = CARTESIAN_POINT('',(-2.609478469303,-1.749561937324));
#663 = CARTESIAN_POINT('',(-2.695821680386,-1.681032386011));
#664 = CARTESIAN_POINT('',(-2.7625846547,-1.606813709192));
#665 = CARTESIAN_POINT('',(-2.828051910938,-1.519031926945));
#666 = CARTESIAN_POINT('',(-2.892192689316,-1.422478642343));
#667 = CARTESIAN_POINT('',(-2.955154048264,-1.320503382999));
#668 = CARTESIAN_POINT('',(-3.017289538296,-1.215298194968));
#669 = CARTESIAN_POINT('',(-3.079140961892,-1.10816979131));
#670 = CARTESIAN_POINT('',(-3.14159262778,-1.));
#671 = ( GEOMETRIC_REPRESENTATION_CONTEXT(2) 
PARAMETRIC_REPRESENTATION_CONTEXT() REPRESENTATION_CONTEXT('2D SPACE',''
  ) );
#672 = ORIENTED_EDGE('',*,*,#673,.T.);
#673 = EDGE_CURVE('',#607,#674,#676,.T.);
#674 = VERTEX_POINT('',#675);
#675 = CARTESIAN_POINT('',(-8.65,2.95,20.05));
#676 = SURFACE_CURVE('',#677,(#681,#688),.PCURVE_S1.);
#677 = LINE('',#678,#679);
#678 = CARTESIAN_POINT('',(-8.65,-3.75,20.05));
#679 = VECTOR('',#680,1.);
#680 = DIRECTION('',(0.,1.,0.));
#681 = PCURVE('',#156,#682);
#682 = DEFINITIONAL_REPRESENTATION('',(#683),#687);
#683 = LINE('',#684,#685);
#684 = CARTESIAN_POINT('',(1.570796326795,0.));
#685 = VECTOR('',#686,1.);
#686 = DIRECTION('',(0.,1.));
#687 = ( GEOMETRIC_REPRESENTATION_CONTEXT(2) 
PARAMETRIC_REPRESENTATION_CONTEXT() REPRESENTATION_CONTEXT('2D SPACE',''
  ) );
#688 = PCURVE('',#689,#694);
#689 = PLANE('',#690);
#690 = AXIS2_PLACEMENT_3D('',#691,#692,#693);
#691 = CARTESIAN_POINT('',(-9.45,-3.75,20.05));
#692 = DIRECTION('',(0.,0.,1.));
#693 = DIRECTION('',(1.,0.,0.));
#694 = DEFINITIONAL_REPRESENTATION('',(#695),#699);
#695 = LINE('',#696,#697);
#696 = CARTESIAN_POINT('',(0.8,0.));
#697 = VECTOR('',#698,1.);
#698 = DIRECTION('',(0.,1.));
#699 = ( GEOMETRIC_REPRESENTATION_CONTEXT(2) 
PARAMETRIC_REPRESENTATION_CONTEXT() REPRESENTATION_CONTEXT('2D SPACE',''
  ) );
#700 = ORIENTED_EDGE('',*,*,#701,.F.);
#701 = EDGE_CURVE('',#113,#674,#702,.T.);
#702 = SURFACE_CURVE('',#703,(#708,#715),.PCURVE_S1.);
#703 = CIRCLE('',#704,0.8);
#704 = AXIS2_PLACEMENT_3D('',#705,#706,#707);
#705 = CARTESIAN_POINT('',(-8.65,2.95,19.25));
#706 = DIRECTION('',(0.,1.,0.));
#707 = DIRECTION('',(-1.,0.,1.387778780781E-16));
#708 = PCURVE('',#156,#709);
#709 = DEFINITIONAL_REPRESENTATION('',(#710),#714);
#710 = LINE('',#711,#712);
#711 = CARTESIAN_POINT('',(0.,6.7));
#712 = VECTOR('',#713,1.);
#713 = DIRECTION('',(1.,0.));
#714 = ( GEOMETRIC_REPRESENTATION_CONTEXT(2) 
PARAMETRIC_REPRESENTATION_CONTEXT() REPRESENTATION_CONTEXT('2D SPACE',''
  ) );
#715 = PCURVE('',#590,#716);
#716 = DEFINITIONAL_REPRESENTATION('',(#717),#721);
#717 = LINE('',#718,#719);
#718 = CARTESIAN_POINT('',(-0.,0.));
#719 = VECTOR('',#720,1.);
#720 = DIRECTION('',(-1.,0.));
#721 = ( GEOMETRIC_REPRESENTATION_CONTEXT(2) 
PARAMETRIC_REPRESENTATION_CONTEXT() REPRESENTATION_CONTEXT('2D SPACE',''
  ) );
#722 = ADVANCED_FACE('',(#723),#182,.T.);
#723 = FACE_BOUND('',#724,.T.);
#724 = EDGE_LOOP('',(#725,#749,#777,#837));
#725 = ORIENTED_EDGE('',*,*,#726,.F.);
#726 = EDGE_CURVE('',#727,#24,#729,.T.);
#727 = VERTEX_POINT('',#728);
#728 = CARTESIAN_POINT('',(-8.65,-2.95,20.05));
#729 = SURFACE_CURVE('',#730,(#735,#742),.PCURVE_S1.);
#730 = CIRCLE('',#731,0.8);
#731 = AXIS2_PLACEMENT_3D('',#732,#733,#734);
#732 = CARTESIAN_POINT('',(-8.65,-2.95,19.25));
#733 = DIRECTION('',(0.,-1.,0.));
#734 = DIRECTION('',(-1.,0.,0.));
#735 = PCURVE('',#182,#736);
#736 = DEFINITIONAL_REPRESENTATION('',(#737),#741);
#737 = LINE('',#738,#739);
#738 = CARTESIAN_POINT('',(6.28318530718,0.8));
#739 = VECTOR('',#740,1.);
#740 = DIRECTION('',(-1.,-0.));
#741 = ( GEOMETRIC_REPRESENTATION_CONTEXT(2) 
PARAMETRIC_REPRESENTATION_CONTEXT() REPRESENTATION_CONTEXT('2D SPACE',''
  ) );
#742 = PCURVE('',#270,#743);
#743 = DEFINITIONAL_REPRESENTATION('',(#744),#748);
#744 = LINE('',#745,#746);
#745 = CARTESIAN_POINT('',(-0.,-6.28318530718));
#746 = VECTOR('',#747,1.);
#747 = DIRECTION('',(-0.,1.));
#748 = ( GEOMETRIC_REPRESENTATION_CONTEXT(2) 
PARAMETRIC_REPRESENTATION_CONTEXT() REPRESENTATION_CONTEXT('2D SPACE',''
  ) );
#749 = ORIENTED_EDGE('',*,*,#750,.T.);
#750 = EDGE_CURVE('',#727,#751,#753,.T.);
#751 = VERTEX_POINT('',#752);
#752 = CARTESIAN_POINT('',(-8.65,-2.315167380558,20.05));
#753 = SURFACE_CURVE('',#754,(#758,#765),.PCURVE_S1.);
#754 = LINE('',#755,#756);
#755 = CARTESIAN_POINT('',(-8.65,-3.75,20.05));
#756 = VECTOR('',#757,1.);
#757 = DIRECTION('',(0.,1.,0.));
#758 = PCURVE('',#182,#759);
#759 = DEFINITIONAL_REPRESENTATION('',(#760),#764);
#760 = LINE('',#761,#762);
#761 = CARTESIAN_POINT('',(1.570796326795,0.));
#762 = VECTOR('',#763,1.);
#763 = DIRECTION('',(0.,1.));
#764 = ( GEOMETRIC_REPRESENTATION_CONTEXT(2) 
PARAMETRIC_REPRESENTATION_CONTEXT() REPRESENTATION_CONTEXT('2D SPACE',''
  ) );
#765 = PCURVE('',#766,#771);
#766 = PLANE('',#767);
#767 = AXIS2_PLACEMENT_3D('',#768,#769,#770);
#768 = CARTESIAN_POINT('',(-9.45,-3.75,20.05));
#769 = DIRECTION('',(0.,0.,1.));
#770 = DIRECTION('',(1.,0.,0.));
#771 = DEFINITIONAL_REPRESENTATION('',(#772),#776);
#772 = LINE('',#773,#774);
#773 = CARTESIAN_POINT('',(0.8,0.));
#774 = VECTOR('',#775,1.);
#775 = DIRECTION('',(0.,1.));
#776 = ( GEOMETRIC_REPRESENTATION_CONTEXT(2) 
PARAMETRIC_REPRESENTATION_CONTEXT() REPRESENTATION_CONTEXT('2D SPACE',''
  ) );
#777 = ORIENTED_EDGE('',*,*,#778,.F.);
#778 = EDGE_CURVE('',#141,#751,#779,.T.);
#779 = SURFACE_CURVE('',#780,(#797,#817),.PCURVE_S1.);
#780 = B_SPLINE_CURVE_WITH_KNOTS('',8,(#781,#782,#783,#784,#785,#786,
    #787,#788,#789,#790,#791,#792,#793,#794,#795,#796),.UNSPECIFIED.,.F.
  ,.F.,(9,7,9),(0.,0.78443376199,1.),.UNSPECIFIED.);
#781 = CARTESIAN_POINT('',(-9.45,-9.678588064332E-08,19.25));
#782 = CARTESIAN_POINT('',(-9.449999837086,-0.234692347694,
    19.358400066998));
#783 = CARTESIAN_POINT('',(-9.433214518002,-0.467104950143,
    19.465745274292));
#784 = CARTESIAN_POINT('',(-9.400208303399,-0.699186748137,
    19.571154646314));
#785 = CARTESIAN_POINT('',(-9.350362177053,-0.931704275413,
    19.673317010101));
#786 = CARTESIAN_POINT('',(-9.28262639209,-1.164410130683,
    19.770025244375));
#787 = CARTESIAN_POINT('',(-9.195928335079,-1.396021042097,
    19.857901341153));
#788 = CARTESIAN_POINT('',(-9.089560871703,-1.624167240484,
    19.932109283631));
#789 = CARTESIAN_POINT('',(-8.930190251077,-1.906107294169,
    20.000259626401));
#790 = CARTESIAN_POINT('',(-8.894349923515,-1.966492867767,
    20.013416607215));
#791 = CARTESIAN_POINT('',(-8.857038050232,-2.026404789281,
    20.024878883711));
#792 = CARTESIAN_POINT('',(-8.818280835354,-2.085748645984,
    20.034470026606));
#793 = CARTESIAN_POINT('',(-8.778121208965,-2.144418621424,
    20.041997115963));
#794 = CARTESIAN_POINT('',(-8.73662320563,-2.202298035461,20.04724990768
    ));
#795 = CARTESIAN_POINT('',(-8.693876342933,-2.259259884306,20.05));
#796 = CARTESIAN_POINT('',(-8.65,-2.315167380558,20.05));
#797 = PCURVE('',#182,#798);
#798 = DEFINITIONAL_REPRESENTATION('',(#799),#816);
#799 = B_SPLINE_CURVE_WITH_KNOTS('',8,(#800,#801,#802,#803,#804,#805,
    #806,#807,#808,#809,#810,#811,#812,#813,#814,#815),.UNSPECIFIED.,.F.
  ,.F.,(9,7,9),(0.,0.78443376199,1.),.UNSPECIFIED.);
#800 = CARTESIAN_POINT('',(0.,3.749999903214));
#801 = CARTESIAN_POINT('',(0.135499689234,3.515307652306));
#802 = CARTESIAN_POINT('',(0.269683987373,3.282895049857));
#803 = CARTESIAN_POINT('',(0.405226501664,3.050813251863));
#804 = CARTESIAN_POINT('',(0.544018588487,2.818295724587));
#805 = CARTESIAN_POINT('',(0.68772031967,2.585589869317));
#806 = CARTESIAN_POINT('',(0.838025437379,2.353978957903));
#807 = CARTESIAN_POINT('',(0.996749260788,2.125832759516));
#808 = CARTESIAN_POINT('',(1.213412391947,1.843892705831));
#809 = CARTESIAN_POINT('',(1.261070459539,1.783507132233));
#810 = CARTESIAN_POINT('',(1.309743210713,1.723595210719));
#811 = CARTESIAN_POINT('',(1.359494638858,1.664251354016));
#812 = CARTESIAN_POINT('',(1.410393628165,1.605581378576));
#813 = CARTESIAN_POINT('',(1.462516723144,1.547701964539));
#814 = CARTESIAN_POINT('',(1.515950898129,1.490740115694));
#815 = CARTESIAN_POINT('',(1.570796326795,1.434832619442));
#816 = ( GEOMETRIC_REPRESENTATION_CONTEXT(2) 
PARAMETRIC_REPRESENTATION_CONTEXT() REPRESENTATION_CONTEXT('2D SPACE',''
  ) );
#817 = PCURVE('',#648,#818);
#818 = DEFINITIONAL_REPRESENTATION('',(#819),#836);
#819 = B_SPLINE_CURVE_WITH_KNOTS('',8,(#820,#821,#822,#823,#824,#825,
    #826,#827,#828,#829,#830,#831,#832,#833,#834,#835),.UNSPECIFIED.,.F.
  ,.F.,(9,7,9),(0.,0.78443376199,1.),.UNSPECIFIED.);
#820 = CARTESIAN_POINT('',(-3.141592679399,-1.));
#821 = CARTESIAN_POINT('',(-3.2041772929,-1.108400066998));
#822 = CARTESIAN_POINT('',(-3.2661539016,-1.215745274292));
#823 = CARTESIAN_POINT('',(-3.32841617592,-1.321154646314));
#824 = CARTESIAN_POINT('',(-3.391510569118,-1.423317010101));
#825 = CARTESIAN_POINT('',(-3.455793292907,-1.520025244375));
#826 = CARTESIAN_POINT('',(-3.52141139408,-1.607901341153));
#827 = CARTESIAN_POINT('',(-3.588332398498,-1.682109283631));
#828 = CARTESIAN_POINT('',(-3.674696666249,-1.750259626401));
#829 = CARTESIAN_POINT('',(-3.693418033669,-1.763416607215));
#830 = CARTESIAN_POINT('',(-3.712232295857,-1.774878883711));
#831 = CARTESIAN_POINT('',(-3.731124479303,-1.784470026606));
#832 = CARTESIAN_POINT('',(-3.750075088866,-1.791997115963));
#833 = CARTESIAN_POINT('',(-3.769059307301,-1.79724990768));
#834 = CARTESIAN_POINT('',(-3.788046194781,-1.8));
#835 = CARTESIAN_POINT('',(-3.806997888426,-1.8));
#836 = ( GEOMETRIC_REPRESENTATION_CONTEXT(2) 
PARAMETRIC_REPRESENTATION_CONTEXT() REPRESENTATION_CONTEXT('2D SPACE',''
  ) );
#837 = ORIENTED_EDGE('',*,*,#168,.F.);
#838 = ADVANCED_FACE('',(#839),#215,.T.);
#839 = FACE_BOUND('',#840,.T.);
#840 = EDGE_LOOP('',(#841,#842,#869));
#841 = ORIENTED_EDGE('',*,*,#285,.F.);
#842 = ORIENTED_EDGE('',*,*,#843,.T.);
#843 = EDGE_CURVE('',#286,#199,#844,.T.);
#844 = SURFACE_CURVE('',#845,(#850,#857),.PCURVE_S1.);
#845 = CIRCLE('',#846,0.8);
#846 = AXIS2_PLACEMENT_3D('',#847,#848,#849);
#847 = CARTESIAN_POINT('',(-8.65,-2.95,19.05));
#848 = DIRECTION('',(-1.,6.123233995737E-17,0.));
#849 = DIRECTION('',(-6.123233995737E-17,-1.,0.));
#850 = PCURVE('',#215,#851);
#851 = DEFINITIONAL_REPRESENTATION('',(#852),#856);
#852 = LINE('',#853,#854);
#853 = CARTESIAN_POINT('',(1.570796326795,-6.28318530718));
#854 = VECTOR('',#855,1.);
#855 = DIRECTION('',(0.,1.));
#856 = ( GEOMETRIC_REPRESENTATION_CONTEXT(2) 
PARAMETRIC_REPRESENTATION_CONTEXT() REPRESENTATION_CONTEXT('2D SPACE',''
  ) );
#857 = PCURVE('',#858,#863);
#858 = CYLINDRICAL_SURFACE('',#859,0.8);
#859 = AXIS2_PLACEMENT_3D('',#860,#861,#862);
#860 = CARTESIAN_POINT('',(-9.45,-2.95,19.05));
#861 = DIRECTION('',(1.,0.,0.));
#862 = DIRECTION('',(0.,-1.,0.));
#863 = DEFINITIONAL_REPRESENTATION('',(#864),#868);
#864 = LINE('',#865,#866);
#865 = CARTESIAN_POINT('',(6.28318530718,0.8));
#866 = VECTOR('',#867,1.);
#867 = DIRECTION('',(-1.,-0.));
#868 = ( GEOMETRIC_REPRESENTATION_CONTEXT(2) 
PARAMETRIC_REPRESENTATION_CONTEXT() REPRESENTATION_CONTEXT('2D SPACE',''
  ) );
#869 = ORIENTED_EDGE('',*,*,#198,.F.);
#870 = ADVANCED_FACE('',(#871),#270,.T.);
#871 = FACE_BOUND('',#872,.F.);
#872 = EDGE_LOOP('',(#873,#874,#901));
#873 = ORIENTED_EDGE('',*,*,#726,.F.);
#874 = ORIENTED_EDGE('',*,*,#875,.T.);
#875 = EDGE_CURVE('',#727,#228,#876,.T.);
#876 = SURFACE_CURVE('',#877,(#882,#889),.PCURVE_S1.);
#877 = CIRCLE('',#878,0.8);
#878 = AXIS2_PLACEMENT_3D('',#879,#880,#881);
#879 = CARTESIAN_POINT('',(-8.65,-2.95,19.25));
#880 = DIRECTION('',(1.,-6.123233995737E-17,0.));
#881 = DIRECTION('',(-6.123233995737E-17,-1.,0.));
#882 = PCURVE('',#270,#883);
#883 = DEFINITIONAL_REPRESENTATION('',(#884),#888);
#884 = LINE('',#885,#886);
#885 = CARTESIAN_POINT('',(-1.570796326795,-6.28318530718));
#886 = VECTOR('',#887,1.);
#887 = DIRECTION('',(-0.,1.));
#888 = ( GEOMETRIC_REPRESENTATION_CONTEXT(2) 
PARAMETRIC_REPRESENTATION_CONTEXT() REPRESENTATION_CONTEXT('2D SPACE',''
  ) );
#889 = PCURVE('',#890,#895);
#890 = CYLINDRICAL_SURFACE('',#891,0.8);
#891 = AXIS2_PLACEMENT_3D('',#892,#893,#894);
#892 = CARTESIAN_POINT('',(-9.45,-2.95,19.25));
#893 = DIRECTION('',(1.,0.,0.));
#894 = DIRECTION('',(0.,-1.,0.));
#895 = DEFINITIONAL_REPRESENTATION('',(#896),#900);
#896 = LINE('',#897,#898);
#897 = CARTESIAN_POINT('',(-6.28318530718,0.8));
#898 = VECTOR('',#899,1.);
#899 = DIRECTION('',(1.,-0.));
#900 = ( GEOMETRIC_REPRESENTATION_CONTEXT(2) 
PARAMETRIC_REPRESENTATION_CONTEXT() REPRESENTATION_CONTEXT('2D SPACE',''
  ) );
#901 = ORIENTED_EDGE('',*,*,#255,.F.);
#902 = ADVANCED_FACE('',(#903),#243,.F.);
#903 = FACE_BOUND('',#904,.F.);
#904 = EDGE_LOOP('',(#905,#928,#929,#952,#980,#1008));
#905 = ORIENTED_EDGE('',*,*,#906,.F.);
#906 = EDGE_CURVE('',#199,#907,#909,.T.);
#907 = VERTEX_POINT('',#908);
#908 = CARTESIAN_POINT('',(-5.7,-3.75,19.05));
#909 = SURFACE_CURVE('',#910,(#914,#921),.PCURVE_S1.);
#910 = LINE('',#911,#912);
#911 = CARTESIAN_POINT('',(-9.45,-3.75,19.05));
#912 = VECTOR('',#913,1.);
#913 = DIRECTION('',(1.,0.,0.));
#914 = PCURVE('',#243,#915);
#915 = DEFINITIONAL_REPRESENTATION('',(#916),#920);
#916 = LINE('',#917,#918);
#917 = CARTESIAN_POINT('',(0.8,0.));
#918 = VECTOR('',#919,1.);
#919 = DIRECTION('',(0.,1.));
#920 = ( GEOMETRIC_REPRESENTATION_CONTEXT(2) 
PARAMETRIC_REPRESENTATION_CONTEXT() REPRESENTATION_CONTEXT('2D SPACE',''
  ) );
#921 = PCURVE('',#858,#922);
#922 = DEFINITIONAL_REPRESENTATION('',(#923),#927);
#923 = LINE('',#924,#925);
#924 = CARTESIAN_POINT('',(0.,0.));
#925 = VECTOR('',#926,1.);
#926 = DIRECTION('',(0.,1.));
#927 = ( GEOMETRIC_REPRESENTATION_CONTEXT(2) 
PARAMETRIC_REPRESENTATION_CONTEXT() REPRESENTATION_CONTEXT('2D SPACE',''
  ) );
#928 = ORIENTED_EDGE('',*,*,#227,.T.);
#929 = ORIENTED_EDGE('',*,*,#930,.T.);
#930 = EDGE_CURVE('',#228,#931,#933,.T.);
#931 = VERTEX_POINT('',#932);
#932 = CARTESIAN_POINT('',(-5.7,-3.75,19.25));
#933 = SURFACE_CURVE('',#934,(#938,#945),.PCURVE_S1.);
#934 = LINE('',#935,#936);
#935 = CARTESIAN_POINT('',(-9.45,-3.75,19.25));
#936 = VECTOR('',#937,1.);
#937 = DIRECTION('',(1.,0.,0.));
#938 = PCURVE('',#243,#939);
#939 = DEFINITIONAL_REPRESENTATION('',(#940),#944);
#940 = LINE('',#941,#942);
#941 = CARTESIAN_POINT('',(1.,0.));
#942 = VECTOR('',#943,1.);
#943 = DIRECTION('',(0.,1.));
#944 = ( GEOMETRIC_REPRESENTATION_CONTEXT(2) 
PARAMETRIC_REPRESENTATION_CONTEXT() REPRESENTATION_CONTEXT('2D SPACE',''
  ) );
#945 = PCURVE('',#890,#946);
#946 = DEFINITIONAL_REPRESENTATION('',(#947),#951);
#947 = LINE('',#948,#949);
#948 = CARTESIAN_POINT('',(-0.,0.));
#949 = VECTOR('',#950,1.);
#950 = DIRECTION('',(-0.,1.));
#951 = ( GEOMETRIC_REPRESENTATION_CONTEXT(2) 
PARAMETRIC_REPRESENTATION_CONTEXT() REPRESENTATION_CONTEXT('2D SPACE',''
  ) );
#952 = ORIENTED_EDGE('',*,*,#953,.T.);
#953 = EDGE_CURVE('',#931,#954,#956,.T.);
#954 = VERTEX_POINT('',#955);
#955 = CARTESIAN_POINT('',(18.15,-3.75,19.25));
#956 = SURFACE_CURVE('',#957,(#961,#968),.PCURVE_S1.);
#957 = LINE('',#958,#959);
#958 = CARTESIAN_POINT('',(-9.45,-3.75,19.25));
#959 = VECTOR('',#960,1.);
#960 = DIRECTION('',(1.,0.,0.));
#961 = PCURVE('',#243,#962);
#962 = DEFINITIONAL_REPRESENTATION('',(#963),#967);
#963 = LINE('',#964,#965);
#964 = CARTESIAN_POINT('',(1.,0.));
#965 = VECTOR('',#966,1.);
#966 = DIRECTION('',(0.,1.));
#967 = ( GEOMETRIC_REPRESENTATION_CONTEXT(2) 
PARAMETRIC_REPRESENTATION_CONTEXT() REPRESENTATION_CONTEXT('2D SPACE',''
  ) );
#968 = PCURVE('',#969,#974);
#969 = CYLINDRICAL_SURFACE('',#970,0.8);
#970 = AXIS2_PLACEMENT_3D('',#971,#972,#973);
#971 = CARTESIAN_POINT('',(-9.45,-2.95,19.25));
#972 = DIRECTION('',(1.,0.,0.));
#973 = DIRECTION('',(0.,-1.,0.));
#974 = DEFINITIONAL_REPRESENTATION('',(#975),#979);
#975 = LINE('',#976,#977);
#976 = CARTESIAN_POINT('',(-0.,0.));
#977 = VECTOR('',#978,1.);
#978 = DIRECTION('',(-0.,1.));
#979 = ( GEOMETRIC_REPRESENTATION_CONTEXT(2) 
PARAMETRIC_REPRESENTATION_CONTEXT() REPRESENTATION_CONTEXT('2D SPACE',''
  ) );
#980 = ORIENTED_EDGE('',*,*,#981,.F.);
#981 = EDGE_CURVE('',#982,#954,#984,.T.);
#982 = VERTEX_POINT('',#983);
#983 = CARTESIAN_POINT('',(18.15,-3.75,19.05));
#984 = SURFACE_CURVE('',#985,(#989,#996),.PCURVE_S1.);
#985 = LINE('',#986,#987);
#986 = CARTESIAN_POINT('',(18.15,-3.75,18.25));
#987 = VECTOR('',#988,1.);
#988 = DIRECTION('',(0.,0.,1.));
#989 = PCURVE('',#243,#990);
#990 = DEFINITIONAL_REPRESENTATION('',(#991),#995);
#991 = LINE('',#992,#993);
#992 = CARTESIAN_POINT('',(0.,27.6));
#993 = VECTOR('',#994,1.);
#994 = DIRECTION('',(1.,0.));
#995 = ( GEOMETRIC_REPRESENTATION_CONTEXT(2) 
PARAMETRIC_REPRESENTATION_CONTEXT() REPRESENTATION_CONTEXT('2D SPACE',''
  ) );
#996 = PCURVE('',#997,#1002);
#997 = CYLINDRICAL_SURFACE('',#998,0.8);
#998 = AXIS2_PLACEMENT_3D('',#999,#1000,#1001);
#999 = CARTESIAN_POINT('',(18.15,-2.95,18.25));
#1000 = DIRECTION('',(0.,0.,1.));
#1001 = DIRECTION('',(1.,0.,-0.));
#1002 = DEFINITIONAL_REPRESENTATION('',(#1003),#1007);
#1003 = LINE('',#1004,#1005);
#1004 = CARTESIAN_POINT('',(-1.570796326795,0.));
#1005 = VECTOR('',#1006,1.);
#1006 = DIRECTION('',(-0.,1.));
#1007 = ( GEOMETRIC_REPRESENTATION_CONTEXT(2) 
PARAMETRIC_REPRESENTATION_CONTEXT() REPRESENTATION_CONTEXT('2D SPACE',''
  ) );
#1008 = ORIENTED_EDGE('',*,*,#1009,.F.);
#1009 = EDGE_CURVE('',#907,#982,#1010,.T.);
#1010 = SURFACE_CURVE('',#1011,(#1015,#1022),.PCURVE_S1.);
#1011 = LINE('',#1012,#1013);
#1012 = CARTESIAN_POINT('',(-9.45,-3.75,19.05));
#1013 = VECTOR('',#1014,1.);
#1014 = DIRECTION('',(1.,0.,0.));
#1015 = PCURVE('',#243,#1016);
#1016 = DEFINITIONAL_REPRESENTATION('',(#1017),#1021);
#1017 = LINE('',#1018,#1019);
#1018 = CARTESIAN_POINT('',(0.8,0.));
#1019 = VECTOR('',#1020,1.);
#1020 = DIRECTION('',(0.,1.));
#1021 = ( GEOMETRIC_REPRESENTATION_CONTEXT(2) 
PARAMETRIC_REPRESENTATION_CONTEXT() REPRESENTATION_CONTEXT('2D SPACE',''
  ) );
#1022 = PCURVE('',#1023,#1028);
#1023 = CYLINDRICAL_SURFACE('',#1024,0.8);
#1024 = AXIS2_PLACEMENT_3D('',#1025,#1026,#1027);
#1025 = CARTESIAN_POINT('',(-9.45,-2.95,19.05));
#1026 = DIRECTION('',(1.,0.,0.));
#1027 = DIRECTION('',(0.,-1.,0.));
#1028 = DEFINITIONAL_REPRESENTATION('',(#1029),#1033);
#1029 = LINE('',#1030,#1031);
#1030 = CARTESIAN_POINT('',(0.,0.));
#1031 = VECTOR('',#1032,1.);
#1032 = DIRECTION('',(0.,1.));
#1033 = ( GEOMETRIC_REPRESENTATION_CONTEXT(2) 
PARAMETRIC_REPRESENTATION_CONTEXT() REPRESENTATION_CONTEXT('2D SPACE',''
  ) );
#1034 = ADVANCED_FACE('',(#1035),#377,.T.);
#1035 = FACE_BOUND('',#1036,.F.);
#1036 = EDGE_LOOP('',(#1037,#1059,#1060));
#1037 = ORIENTED_EDGE('',*,*,#1038,.F.);
#1038 = EDGE_CURVE('',#408,#310,#1039,.T.);
#1039 = SURFACE_CURVE('',#1040,(#1045,#1052),.PCURVE_S1.);
#1040 = CIRCLE('',#1041,3.75);
#1041 = AXIS2_PLACEMENT_3D('',#1042,#1043,#1044);
#1042 = CARTESIAN_POINT('',(-5.7,0.,18.25));
#1043 = DIRECTION('',(0.,0.,1.));
#1044 = DIRECTION('',(1.,0.,0.));
#1045 = PCURVE('',#377,#1046);
#1046 = DEFINITIONAL_REPRESENTATION('',(#1047),#1051);
#1047 = LINE('',#1048,#1049);
#1048 = CARTESIAN_POINT('',(-0.,0.));
#1049 = VECTOR('',#1050,1.);
#1050 = DIRECTION('',(-1.,0.));
#1051 = ( GEOMETRIC_REPRESENTATION_CONTEXT(2) 
PARAMETRIC_REPRESENTATION_CONTEXT() REPRESENTATION_CONTEXT('2D SPACE',''
  ) );
#1052 = PCURVE('',#325,#1053);
#1053 = DEFINITIONAL_REPRESENTATION('',(#1054),#1058);
#1054 = CIRCLE('',#1055,3.75);
#1055 = AXIS2_PLACEMENT_2D('',#1056,#1057);
#1056 = CARTESIAN_POINT('',(3.75,3.75));
#1057 = DIRECTION('',(1.,0.));
#1058 = ( GEOMETRIC_REPRESENTATION_CONTEXT(2) 
PARAMETRIC_REPRESENTATION_CONTEXT() REPRESENTATION_CONTEXT('2D SPACE',''
  ) );
#1059 = ORIENTED_EDGE('',*,*,#407,.T.);
#1060 = ORIENTED_EDGE('',*,*,#337,.T.);
#1061 = ADVANCED_FACE('',(#1062,#1253,#4030,#4065,#4100,#4135),#325,.F.
  );
#1062 = FACE_BOUND('',#1063,.F.);
#1063 = EDGE_LOOP('',(#1064,#1065,#1088,#1117,#1140,#1168,#1196,#1225,
    #1251,#1252));
#1064 = ORIENTED_EDGE('',*,*,#309,.F.);
#1065 = ORIENTED_EDGE('',*,*,#1066,.T.);
#1066 = EDGE_CURVE('',#286,#1067,#1069,.T.);
#1067 = VERTEX_POINT('',#1068);
#1068 = CARTESIAN_POINT('',(-8.015167380558,-2.95,18.25));
#1069 = SURFACE_CURVE('',#1070,(#1074,#1081),.PCURVE_S1.);
#1070 = LINE('',#1071,#1072);
#1071 = CARTESIAN_POINT('',(-9.45,-2.95,18.25));
#1072 = VECTOR('',#1073,1.);
#1073 = DIRECTION('',(1.,0.,0.));
#1074 = PCURVE('',#325,#1075);
#1075 = DEFINITIONAL_REPRESENTATION('',(#1076),#1080);
#1076 = LINE('',#1077,#1078);
#1077 = CARTESIAN_POINT('',(0.,0.8));
#1078 = VECTOR('',#1079,1.);
#1079 = DIRECTION('',(1.,0.));
#1080 = ( GEOMETRIC_REPRESENTATION_CONTEXT(2) 
PARAMETRIC_REPRESENTATION_CONTEXT() REPRESENTATION_CONTEXT('2D SPACE',''
  ) );
#1081 = PCURVE('',#858,#1082);
#1082 = DEFINITIONAL_REPRESENTATION('',(#1083),#1087);
#1083 = LINE('',#1084,#1085);
#1084 = CARTESIAN_POINT('',(1.570796326795,0.));
#1085 = VECTOR('',#1086,1.);
#1086 = DIRECTION('',(0.,1.));
#1087 = ( GEOMETRIC_REPRESENTATION_CONTEXT(2) 
PARAMETRIC_REPRESENTATION_CONTEXT() REPRESENTATION_CONTEXT('2D SPACE',''
  ) );
#1088 = ORIENTED_EDGE('',*,*,#1089,.T.);
#1089 = EDGE_CURVE('',#1067,#1090,#1092,.T.);
#1090 = VERTEX_POINT('',#1091);
#1091 = CARTESIAN_POINT('',(-3.384832619442,-2.95,18.25));
#1092 = SURFACE_CURVE('',#1093,(#1098,#1105),.PCURVE_S1.);
#1093 = CIRCLE('',#1094,3.75);
#1094 = AXIS2_PLACEMENT_3D('',#1095,#1096,#1097);
#1095 = CARTESIAN_POINT('',(-5.7,0.,18.25));
#1096 = DIRECTION('',(0.,0.,1.));
#1097 = DIRECTION('',(1.,0.,0.));
#1098 = PCURVE('',#325,#1099);
#1099 = DEFINITIONAL_REPRESENTATION('',(#1100),#1104);
#1100 = CIRCLE('',#1101,3.75);
#1101 = AXIS2_PLACEMENT_2D('',#1102,#1103);
#1102 = CARTESIAN_POINT('',(3.75,3.75));
#1103 = DIRECTION('',(1.,0.));
#1104 = ( GEOMETRIC_REPRESENTATION_CONTEXT(2) 
PARAMETRIC_REPRESENTATION_CONTEXT() REPRESENTATION_CONTEXT('2D SPACE',''
  ) );
#1105 = PCURVE('',#1106,#1111);
#1106 = CYLINDRICAL_SURFACE('',#1107,3.75);
#1107 = AXIS2_PLACEMENT_3D('',#1108,#1109,#1110);
#1108 = CARTESIAN_POINT('',(-5.7,0.,18.25));
#1109 = DIRECTION('',(-0.,-0.,-1.));
#1110 = DIRECTION('',(1.,0.,0.));
#1111 = DEFINITIONAL_REPRESENTATION('',(#1112),#1116);
#1112 = LINE('',#1113,#1114);
#1113 = CARTESIAN_POINT('',(-0.,0.));
#1114 = VECTOR('',#1115,1.);
#1115 = DIRECTION('',(-1.,0.));
#1116 = ( GEOMETRIC_REPRESENTATION_CONTEXT(2) 
PARAMETRIC_REPRESENTATION_CONTEXT() REPRESENTATION_CONTEXT('2D SPACE',''
  ) );
#1117 = ORIENTED_EDGE('',*,*,#1118,.T.);
#1118 = EDGE_CURVE('',#1090,#1119,#1121,.T.);
#1119 = VERTEX_POINT('',#1120);
#1120 = CARTESIAN_POINT('',(18.15,-2.95,18.25));
#1121 = SURFACE_CURVE('',#1122,(#1126,#1133),.PCURVE_S1.);
#1122 = LINE('',#1123,#1124);
#1123 = CARTESIAN_POINT('',(-9.45,-2.95,18.25));
#1124 = VECTOR('',#1125,1.);
#1125 = DIRECTION('',(1.,0.,0.));
#1126 = PCURVE('',#325,#1127);
#1127 = DEFINITIONAL_REPRESENTATION('',(#1128),#1132);
#1128 = LINE('',#1129,#1130);
#1129 = CARTESIAN_POINT('',(0.,0.8));
#1130 = VECTOR('',#1131,1.);
#1131 = DIRECTION('',(1.,0.));
#1132 = ( GEOMETRIC_REPRESENTATION_CONTEXT(2) 
PARAMETRIC_REPRESENTATION_CONTEXT() REPRESENTATION_CONTEXT('2D SPACE',''
  ) );
#1133 = PCURVE('',#1023,#1134);
#1134 = DEFINITIONAL_REPRESENTATION('',(#1135),#1139);
#1135 = LINE('',#1136,#1137);
#1136 = CARTESIAN_POINT('',(1.570796326795,0.));
#1137 = VECTOR('',#1138,1.);
#1138 = DIRECTION('',(0.,1.));
#1139 = ( GEOMETRIC_REPRESENTATION_CONTEXT(2) 
PARAMETRIC_REPRESENTATION_CONTEXT() REPRESENTATION_CONTEXT('2D SPACE',''
  ) );
#1140 = ORIENTED_EDGE('',*,*,#1141,.T.);
#1141 = EDGE_CURVE('',#1119,#1142,#1144,.T.);
#1142 = VERTEX_POINT('',#1143);
#1143 = CARTESIAN_POINT('',(18.15,2.95,18.25));
#1144 = SURFACE_CURVE('',#1145,(#1149,#1156),.PCURVE_S1.);
#1145 = LINE('',#1146,#1147);
#1146 = CARTESIAN_POINT('',(18.15,-3.75,18.25));
#1147 = VECTOR('',#1148,1.);
#1148 = DIRECTION('',(0.,1.,0.));
#1149 = PCURVE('',#325,#1150);
#1150 = DEFINITIONAL_REPRESENTATION('',(#1151),#1155);
#1151 = LINE('',#1152,#1153);
#1152 = CARTESIAN_POINT('',(27.6,0.));
#1153 = VECTOR('',#1154,1.);
#1154 = DIRECTION('',(0.,1.));
#1155 = ( GEOMETRIC_REPRESENTATION_CONTEXT(2) 
PARAMETRIC_REPRESENTATION_CONTEXT() REPRESENTATION_CONTEXT('2D SPACE',''
  ) );
#1156 = PCURVE('',#1157,#1162);
#1157 = CYLINDRICAL_SURFACE('',#1158,0.8);
#1158 = AXIS2_PLACEMENT_3D('',#1159,#1160,#1161);
#1159 = CARTESIAN_POINT('',(18.15,-3.75,19.05));
#1160 = DIRECTION('',(0.,1.,0.));
#1161 = DIRECTION('',(1.,0.,-0.));
#1162 = DEFINITIONAL_REPRESENTATION('',(#1163),#1167);
#1163 = LINE('',#1164,#1165);
#1164 = CARTESIAN_POINT('',(1.570796326795,0.));
#1165 = VECTOR('',#1166,1.);
#1166 = DIRECTION('',(0.,1.));
#1167 = ( GEOMETRIC_REPRESENTATION_CONTEXT(2) 
PARAMETRIC_REPRESENTATION_CONTEXT() REPRESENTATION_CONTEXT('2D SPACE',''
  ) );
#1168 = ORIENTED_EDGE('',*,*,#1169,.F.);
#1169 = EDGE_CURVE('',#1170,#1142,#1172,.T.);
#1170 = VERTEX_POINT('',#1171);
#1171 = CARTESIAN_POINT('',(-3.384832619442,2.95,18.25));
#1172 = SURFACE_CURVE('',#1173,(#1177,#1184),.PCURVE_S1.);
#1173 = LINE('',#1174,#1175);
#1174 = CARTESIAN_POINT('',(-9.45,2.95,18.25));
#1175 = VECTOR('',#1176,1.);
#1176 = DIRECTION('',(1.,0.,0.));
#1177 = PCURVE('',#325,#1178);
#1178 = DEFINITIONAL_REPRESENTATION('',(#1179),#1183);
#1179 = LINE('',#1180,#1181);
#1180 = CARTESIAN_POINT('',(0.,6.7));
#1181 = VECTOR('',#1182,1.);
#1182 = DIRECTION('',(1.,0.));
#1183 = ( GEOMETRIC_REPRESENTATION_CONTEXT(2) 
PARAMETRIC_REPRESENTATION_CONTEXT() REPRESENTATION_CONTEXT('2D SPACE',''
  ) );
#1184 = PCURVE('',#1185,#1190);
#1185 = CYLINDRICAL_SURFACE('',#1186,0.8);
#1186 = AXIS2_PLACEMENT_3D('',#1187,#1188,#1189);
#1187 = CARTESIAN_POINT('',(-9.45,2.95,19.05));
#1188 = DIRECTION('',(1.,0.,0.));
#1189 = DIRECTION('',(-0.,1.,0.));
#1190 = DEFINITIONAL_REPRESENTATION('',(#1191),#1195);
#1191 = LINE('',#1192,#1193);
#1192 = CARTESIAN_POINT('',(-1.570796326795,0.));
#1193 = VECTOR('',#1194,1.);
#1194 = DIRECTION('',(-0.,1.));
#1195 = ( GEOMETRIC_REPRESENTATION_CONTEXT(2) 
PARAMETRIC_REPRESENTATION_CONTEXT() REPRESENTATION_CONTEXT('2D SPACE',''
  ) );
#1196 = ORIENTED_EDGE('',*,*,#1197,.T.);
#1197 = EDGE_CURVE('',#1170,#1198,#1200,.T.);
#1198 = VERTEX_POINT('',#1199);
#1199 = CARTESIAN_POINT('',(-8.015167380558,2.95,18.25));
#1200 = SURFACE_CURVE('',#1201,(#1206,#1213),.PCURVE_S1.);
#1201 = CIRCLE('',#1202,3.75);
#1202 = AXIS2_PLACEMENT_3D('',#1203,#1204,#1205);
#1203 = CARTESIAN_POINT('',(-5.7,0.,18.25));
#1204 = DIRECTION('',(0.,0.,1.));
#1205 = DIRECTION('',(1.,0.,0.));
#1206 = PCURVE('',#325,#1207);
#1207 = DEFINITIONAL_REPRESENTATION('',(#1208),#1212);
#1208 = CIRCLE('',#1209,3.75);
#1209 = AXIS2_PLACEMENT_2D('',#1210,#1211);
#1210 = CARTESIAN_POINT('',(3.75,3.75));
#1211 = DIRECTION('',(1.,0.));
#1212 = ( GEOMETRIC_REPRESENTATION_CONTEXT(2) 
PARAMETRIC_REPRESENTATION_CONTEXT() REPRESENTATION_CONTEXT('2D SPACE',''
  ) );
#1213 = PCURVE('',#1214,#1219);
#1214 = CYLINDRICAL_SURFACE('',#1215,3.75);
#1215 = AXIS2_PLACEMENT_3D('',#1216,#1217,#1218);
#1216 = CARTESIAN_POINT('',(-5.7,0.,18.25));
#1217 = DIRECTION('',(-0.,-0.,-1.));
#1218 = DIRECTION('',(1.,0.,0.));
#1219 = DEFINITIONAL_REPRESENTATION('',(#1220),#1224);
#1220 = LINE('',#1221,#1222);
#1221 = CARTESIAN_POINT('',(-0.,0.));
#1222 = VECTOR('',#1223,1.);
#1223 = DIRECTION('',(-1.,0.));
#1224 = ( GEOMETRIC_REPRESENTATION_CONTEXT(2) 
PARAMETRIC_REPRESENTATION_CONTEXT() REPRESENTATION_CONTEXT('2D SPACE',''
  ) );
#1225 = ORIENTED_EDGE('',*,*,#1226,.F.);
#1226 = EDGE_CURVE('',#470,#1198,#1227,.T.);
#1227 = SURFACE_CURVE('',#1228,(#1232,#1239),.PCURVE_S1.);
#1228 = LINE('',#1229,#1230);
#1229 = CARTESIAN_POINT('',(-9.45,2.95,18.25));
#1230 = VECTOR('',#1231,1.);
#1231 = DIRECTION('',(1.,0.,0.));
#1232 = PCURVE('',#325,#1233);
#1233 = DEFINITIONAL_REPRESENTATION('',(#1234),#1238);
#1234 = LINE('',#1235,#1236);
#1235 = CARTESIAN_POINT('',(0.,6.7));
#1236 = VECTOR('',#1237,1.);
#1237 = DIRECTION('',(1.,0.));
#1238 = ( GEOMETRIC_REPRESENTATION_CONTEXT(2) 
PARAMETRIC_REPRESENTATION_CONTEXT() REPRESENTATION_CONTEXT('2D SPACE',''
  ) );
#1239 = PCURVE('',#1240,#1245);
#1240 = CYLINDRICAL_SURFACE('',#1241,0.8);
#1241 = AXIS2_PLACEMENT_3D('',#1242,#1243,#1244);
#1242 = CARTESIAN_POINT('',(-9.45,2.95,19.05));
#1243 = DIRECTION('',(1.,0.,0.));
#1244 = DIRECTION('',(-0.,1.,0.));
#1245 = DEFINITIONAL_REPRESENTATION('',(#1246),#1250);
#1246 = LINE('',#1247,#1248);
#1247 = CARTESIAN_POINT('',(-1.570796326795,0.));
#1248 = VECTOR('',#1249,1.);
#1249 = DIRECTION('',(-0.,1.));
#1250 = ( GEOMETRIC_REPRESENTATION_CONTEXT(2) 
PARAMETRIC_REPRESENTATION_CONTEXT() REPRESENTATION_CONTEXT('2D SPACE',''
  ) );
#1251 = ORIENTED_EDGE('',*,*,#469,.F.);
#1252 = ORIENTED_EDGE('',*,*,#1038,.T.);
#1253 = FACE_BOUND('',#1254,.F.);
#1254 = EDGE_LOOP('',(#1255,#1283,#1309,#1342,#1368,#1394,#1420,#1453,
    #1479,#1505,#1531,#1564,#1590,#1616,#1642,#1675,#1701,#1727,#1753,
    #1786,#1812,#1838,#1864,#1897,#1923,#1949,#1975,#2008,#2034,#2060,
    #2086,#2119,#2145,#2171,#2197,#2230,#2256,#2282,#2308,#2341,#2367,
    #2393,#2419,#2452,#2478,#2504,#2530,#2563,#2589,#2615,#2641,#2674,
    #2700,#2726,#2752,#2785,#2811,#2837,#2863,#2896,#2922,#2948,#2974,
    #3007,#3033,#3059,#3085,#3118,#3144,#3170,#3196,#3229,#3255,#3281,
    #3307,#3340,#3366,#3392,#3418,#3451,#3477,#3503,#3529,#3562,#3588,
    #3614,#3640,#3673,#3699,#3725,#3751,#3784,#3810,#3836,#3862,#3895,
    #3921,#3947,#3973,#4006));
#1255 = ORIENTED_EDGE('',*,*,#1256,.T.);
#1256 = EDGE_CURVE('',#1257,#1259,#1261,.T.);
#1257 = VERTEX_POINT('',#1258);
#1258 = CARTESIAN_POINT('',(-5.738861615691,2.567506528682,18.25));
#1259 = VERTEX_POINT('',#1260);
#1260 = CARTESIAN_POINT('',(-5.339650924319,2.542390320871,18.25));
#1261 = SURFACE_CURVE('',#1262,(#1266,#1272),.PCURVE_S1.);
#1262 = LINE('',#1263,#1264);
#1263 = CARTESIAN_POINT('',(-7.189561223178,2.658776811772,18.25));
#1264 = VECTOR('',#1265,1.);
#1265 = DIRECTION('',(0.998026728428,-6.279051952931E-02,0.));
#1266 = PCURVE('',#325,#1267);
#1267 = DEFINITIONAL_REPRESENTATION('',(#1268),#1271);
#1268 = B_SPLINE_CURVE_WITH_KNOTS('',1,(#1269,#1270),.UNSPECIFIED.,.F.,
  .F.,(2,2),(1.453567891686,1.853567891686),.PIECEWISE_BEZIER_KNOTS.);
#1269 = CARTESIAN_POINT('',(3.711138384309,6.317506528682));
#1270 = CARTESIAN_POINT('',(4.110349075681,6.292390320871));
#1271 = ( GEOMETRIC_REPRESENTATION_CONTEXT(2) 
PARAMETRIC_REPRESENTATION_CONTEXT() REPRESENTATION_CONTEXT('2D SPACE',''
  ) );
#1272 = PCURVE('',#1273,#1278);
#1273 = PLANE('',#1274);
#1274 = AXIS2_PLACEMENT_3D('',#1275,#1276,#1277);
#1275 = CARTESIAN_POINT('',(-5.339650924319,2.542390320871,17.75));
#1276 = DIRECTION('',(-6.279051952931E-02,-0.998026728428,0.));
#1277 = DIRECTION('',(-0.998026728428,6.279051952931E-02,0.));
#1278 = DEFINITIONAL_REPRESENTATION('',(#1279),#1282);
#1279 = B_SPLINE_CURVE_WITH_KNOTS('',1,(#1280,#1281),.UNSPECIFIED.,.F.,
  .F.,(2,2),(1.453567891686,1.853567891686),.PIECEWISE_BEZIER_KNOTS.);
#1280 = CARTESIAN_POINT('',(0.4,-0.5));
#1281 = CARTESIAN_POINT('',(0.,-0.5));
#1282 = ( GEOMETRIC_REPRESENTATION_CONTEXT(2) 
PARAMETRIC_REPRESENTATION_CONTEXT() REPRESENTATION_CONTEXT('2D SPACE',''
  ) );
#1283 = ORIENTED_EDGE('',*,*,#1284,.T.);
#1284 = EDGE_CURVE('',#1259,#1285,#1287,.T.);
#1285 = VERTEX_POINT('',#1286);
#1286 = CARTESIAN_POINT('',(-5.362197014388,2.184030481223,18.25));
#1287 = SURFACE_CURVE('',#1288,(#1292,#1298),.PCURVE_S1.);
#1288 = LINE('',#1289,#1290);
#1289 = CARTESIAN_POINT('',(-5.573798802285,-1.179283625544,18.25));
#1290 = VECTOR('',#1291,1.);
#1291 = DIRECTION('',(-6.279051952931E-02,-0.998026728428,0.));
#1292 = PCURVE('',#325,#1293);
#1293 = DEFINITIONAL_REPRESENTATION('',(#1294),#1297);
#1294 = B_SPLINE_CURVE_WITH_KNOTS('',1,(#1295,#1296),.UNSPECIFIED.,.F.,
  .F.,(2,2),(-3.72903233992,-3.369963960848),.PIECEWISE_BEZIER_KNOTS.);
#1295 = CARTESIAN_POINT('',(4.110349075681,6.292390320871));
#1296 = CARTESIAN_POINT('',(4.087802985612,5.934030481223));
#1297 = ( GEOMETRIC_REPRESENTATION_CONTEXT(2) 
PARAMETRIC_REPRESENTATION_CONTEXT() REPRESENTATION_CONTEXT('2D SPACE',''
  ) );
#1298 = PCURVE('',#1299,#1304);
#1299 = PLANE('',#1300);
#1300 = AXIS2_PLACEMENT_3D('',#1301,#1302,#1303);
#1301 = CARTESIAN_POINT('',(-5.397418202286,1.624205730717,17.75));
#1302 = DIRECTION('',(-0.998026728428,6.279051952931E-02,0.));
#1303 = DIRECTION('',(6.279051952931E-02,0.998026728428,0.));
#1304 = DEFINITIONAL_REPRESENTATION('',(#1305),#1308);
#1305 = B_SPLINE_CURVE_WITH_KNOTS('',1,(#1306,#1307),.UNSPECIFIED.,.F.,
  .F.,(2,2),(-3.72903233992,-3.369963960848),.PIECEWISE_BEZIER_KNOTS.);
#1306 = CARTESIAN_POINT('',(0.92,-0.5));
#1307 = CARTESIAN_POINT('',(0.560931620928,-0.5));
#1308 = ( GEOMETRIC_REPRESENTATION_CONTEXT(2) 
PARAMETRIC_REPRESENTATION_CONTEXT() REPRESENTATION_CONTEXT('2D SPACE',''
  ) );
#1309 = ORIENTED_EDGE('',*,*,#1310,.T.);
#1310 = EDGE_CURVE('',#1285,#1311,#1313,.T.);
#1311 = VERTEX_POINT('',#1312);
#1312 = CARTESIAN_POINT('',(-5.210086028935,2.155013758878,18.25));
#1313 = SURFACE_CURVE('',#1314,(#1319,#1330),.PCURVE_S1.);
#1314 = CIRCLE('',#1315,2.21);
#1315 = AXIS2_PLACEMENT_3D('',#1316,#1317,#1318);
#1316 = CARTESIAN_POINT('',(-5.7,0.,18.25));
#1317 = DIRECTION('',(0.,0.,-1.));
#1318 = DIRECTION('',(1.,0.,0.));
#1319 = PCURVE('',#325,#1320);
#1320 = DEFINITIONAL_REPRESENTATION('',(#1321),#1329);
#1321 = ( BOUNDED_CURVE() B_SPLINE_CURVE(2,(#1322,#1323,#1324,#1325,
#1326,#1327,#1328),.UNSPECIFIED.,.T.,.F.) B_SPLINE_CURVE_WITH_KNOTS((1,2
    ,2,2,2,1),(-2.094395102393,0.,2.094395102393,4.188790204786,
6.28318530718,8.377580409573),.UNSPECIFIED.) CURVE() 
GEOMETRIC_REPRESENTATION_ITEM() RATIONAL_B_SPLINE_CURVE((1.,0.5,1.,0.5,
1.,0.5,1.)) REPRESENTATION_ITEM('') );
#1322 = CARTESIAN_POINT('',(5.96,3.75));
#1323 = CARTESIAN_POINT('',(5.96,-7.783228472722E-02));
#1324 = CARTESIAN_POINT('',(2.645,1.836083857636));
#1325 = CARTESIAN_POINT('',(-0.67,3.75));
#1326 = CARTESIAN_POINT('',(2.645,5.663916142364));
#1327 = CARTESIAN_POINT('',(5.96,7.577832284727));
#1328 = CARTESIAN_POINT('',(5.96,3.75));
#1329 = ( GEOMETRIC_REPRESENTATION_CONTEXT(2) 
PARAMETRIC_REPRESENTATION_CONTEXT() REPRESENTATION_CONTEXT('2D SPACE',''
  ) );
#1330 = PCURVE('',#1331,#1336);
#1331 = CYLINDRICAL_SURFACE('',#1332,2.21);
#1332 = AXIS2_PLACEMENT_3D('',#1333,#1334,#1335);
#1333 = CARTESIAN_POINT('',(-5.7,0.,17.75));
#1334 = DIRECTION('',(-0.,-0.,-1.));
#1335 = DIRECTION('',(1.,0.,0.));
#1336 = DEFINITIONAL_REPRESENTATION('',(#1337),#1341);
#1337 = LINE('',#1338,#1339);
#1338 = CARTESIAN_POINT('',(-6.28318530718,-0.5));
#1339 = VECTOR('',#1340,1.);
#1340 = DIRECTION('',(1.,-0.));
#1341 = ( GEOMETRIC_REPRESENTATION_CONTEXT(2) 
PARAMETRIC_REPRESENTATION_CONTEXT() REPRESENTATION_CONTEXT('2D SPACE',''
  ) );
#1342 = ORIENTED_EDGE('',*,*,#1343,.T.);
#1343 = EDGE_CURVE('',#1311,#1344,#1346,.T.);
#1344 = VERTEX_POINT('',#1345);
#1345 = CARTESIAN_POINT('',(-5.099127797659,2.496508080591,18.25));
#1346 = SURFACE_CURVE('',#1347,(#1351,#1357),.PCURVE_S1.);
#1347 = LINE('',#1348,#1349);
#1348 = CARTESIAN_POINT('',(-6.224764792257,-0.967846366518,18.25));
#1349 = VECTOR('',#1350,1.);
#1350 = DIRECTION('',(0.309016994375,0.951056516295,-0.));
#1351 = PCURVE('',#325,#1352);
#1352 = DEFINITIONAL_REPRESENTATION('',(#1353),#1356);
#1353 = B_SPLINE_CURVE_WITH_KNOTS('',1,(#1354,#1355),.UNSPECIFIED.,.F.,
  .F.,(2,2),(3.283569453434,3.642637832506),.PIECEWISE_BEZIER_KNOTS.);
#1354 = CARTESIAN_POINT('',(4.239913971065,5.905013758878));
#1355 = CARTESIAN_POINT('',(4.350872202341,6.246508080591));
#1356 = ( GEOMETRIC_REPRESENTATION_CONTEXT(2) 
PARAMETRIC_REPRESENTATION_CONTEXT() REPRESENTATION_CONTEXT('2D SPACE',''
  ) );
#1357 = PCURVE('',#1358,#1363);
#1358 = PLANE('',#1359);
#1359 = AXIS2_PLACEMENT_3D('',#1360,#1361,#1362);
#1360 = CARTESIAN_POINT('',(-5.099127797659,2.496508080591,17.75));
#1361 = DIRECTION('',(0.951056516295,-0.309016994375,0.));
#1362 = DIRECTION('',(-0.309016994375,-0.951056516295,0.));
#1363 = DEFINITIONAL_REPRESENTATION('',(#1364),#1367);
#1364 = B_SPLINE_CURVE_WITH_KNOTS('',1,(#1365,#1366),.UNSPECIFIED.,.F.,
  .F.,(2,2),(3.283569453434,3.642637832506),.PIECEWISE_BEZIER_KNOTS.);
#1365 = CARTESIAN_POINT('',(0.359068379072,-0.5));
#1366 = CARTESIAN_POINT('',(0.,-0.5));
#1367 = ( GEOMETRIC_REPRESENTATION_CONTEXT(2) 
PARAMETRIC_REPRESENTATION_CONTEXT() REPRESENTATION_CONTEXT('2D SPACE',''
  ) );
#1368 = ORIENTED_EDGE('',*,*,#1369,.T.);
#1369 = EDGE_CURVE('',#1344,#1370,#1372,.T.);
#1370 = VERTEX_POINT('',#1371);
#1371 = CARTESIAN_POINT('',(-4.718705191141,2.372901282841,18.25));
#1372 = SURFACE_CURVE('',#1373,(#1377,#1383),.PCURVE_S1.);
#1373 = LINE('',#1374,#1375);
#1374 = CARTESIAN_POINT('',(-5.958715600973,2.775805088529,18.25));
#1375 = VECTOR('',#1376,1.);
#1376 = DIRECTION('',(0.951056516295,-0.309016994375,0.));
#1377 = PCURVE('',#325,#1378);
#1378 = DEFINITIONAL_REPRESENTATION('',(#1379),#1382);
#1379 = B_SPLINE_CURVE_WITH_KNOTS('',1,(#1380,#1381),.UNSPECIFIED.,.F.,
  .F.,(2,2),(0.9038241036,1.3038241036),.PIECEWISE_BEZIER_KNOTS.);
#1380 = CARTESIAN_POINT('',(4.350872202341,6.246508080591));
#1381 = CARTESIAN_POINT('',(4.731294808859,6.122901282841));
#1382 = ( GEOMETRIC_REPRESENTATION_CONTEXT(2) 
PARAMETRIC_REPRESENTATION_CONTEXT() REPRESENTATION_CONTEXT('2D SPACE',''
  ) );
#1383 = PCURVE('',#1384,#1389);
#1384 = PLANE('',#1385);
#1385 = AXIS2_PLACEMENT_3D('',#1386,#1387,#1388);
#1386 = CARTESIAN_POINT('',(-4.718705191141,2.372901282841,17.75));
#1387 = DIRECTION('',(-0.309016994375,-0.951056516295,0.));
#1388 = DIRECTION('',(-0.951056516295,0.309016994375,0.));
#1389 = DEFINITIONAL_REPRESENTATION('',(#1390),#1393);
#1390 = B_SPLINE_CURVE_WITH_KNOTS('',1,(#1391,#1392),.UNSPECIFIED.,.F.,
  .F.,(2,2),(0.9038241036,1.3038241036),.PIECEWISE_BEZIER_KNOTS.);
#1391 = CARTESIAN_POINT('',(0.4,-0.5));
#1392 = CARTESIAN_POINT('',(0.,-0.5));
#1393 = ( GEOMETRIC_REPRESENTATION_CONTEXT(2) 
PARAMETRIC_REPRESENTATION_CONTEXT() REPRESENTATION_CONTEXT('2D SPACE',''
  ) );
#1394 = ORIENTED_EDGE('',*,*,#1395,.T.);
#1395 = EDGE_CURVE('',#1370,#1396,#1398,.T.);
#1396 = VERTEX_POINT('',#1397);
#1397 = CARTESIAN_POINT('',(-4.829663422417,2.031406961128,18.25));
#1398 = SURFACE_CURVE('',#1399,(#1403,#1409),.PCURVE_S1.);
#1399 = LINE('',#1400,#1401);
#1400 = CARTESIAN_POINT('',(-5.986490003151,-1.528939161764,18.25));
#1401 = VECTOR('',#1402,1.);
#1402 = DIRECTION('',(-0.309016994375,-0.951056516295,0.));
#1403 = PCURVE('',#325,#1404);
#1404 = DEFINITIONAL_REPRESENTATION('',(#1405),#1408);
#1405 = B_SPLINE_CURVE_WITH_KNOTS('',1,(#1406,#1407),.UNSPECIFIED.,.F.,
  .F.,(2,2),(-4.102637832506,-3.743569453434),.PIECEWISE_BEZIER_KNOTS.);
#1406 = CARTESIAN_POINT('',(4.731294808859,6.122901282841));
#1407 = CARTESIAN_POINT('',(4.620336577583,5.781406961128));
#1408 = ( GEOMETRIC_REPRESENTATION_CONTEXT(2) 
PARAMETRIC_REPRESENTATION_CONTEXT() REPRESENTATION_CONTEXT('2D SPACE',''
  ) );
#1409 = PCURVE('',#1410,#1415);
#1410 = PLANE('',#1411);
#1411 = AXIS2_PLACEMENT_3D('',#1412,#1413,#1414);
#1412 = CARTESIAN_POINT('',(-5.003000825966,1.497929287849,17.75));
#1413 = DIRECTION('',(-0.951056516295,0.309016994375,0.));
#1414 = DIRECTION('',(0.309016994375,0.951056516295,0.));
#1415 = DEFINITIONAL_REPRESENTATION('',(#1416),#1419);
#1416 = B_SPLINE_CURVE_WITH_KNOTS('',1,(#1417,#1418),.UNSPECIFIED.,.F.,
  .F.,(2,2),(-4.102637832506,-3.743569453434),.PIECEWISE_BEZIER_KNOTS.);
#1417 = CARTESIAN_POINT('',(0.92,-0.5));
#1418 = CARTESIAN_POINT('',(0.560931620928,-0.5));
#1419 = ( GEOMETRIC_REPRESENTATION_CONTEXT(2) 
PARAMETRIC_REPRESENTATION_CONTEXT() REPRESENTATION_CONTEXT('2D SPACE',''
  ) );
#1420 = ORIENTED_EDGE('',*,*,#1421,.T.);
#1421 = EDGE_CURVE('',#1396,#1422,#1424,.T.);
#1422 = VERTEX_POINT('',#1423);
#1423 = CARTESIAN_POINT('',(-4.689547448691,1.965473388666,18.25));
#1424 = SURFACE_CURVE('',#1425,(#1430,#1441),.PCURVE_S1.);
#1425 = CIRCLE('',#1426,2.21);
#1426 = AXIS2_PLACEMENT_3D('',#1427,#1428,#1429);
#1427 = CARTESIAN_POINT('',(-5.7,0.,18.25));
#1428 = DIRECTION('',(0.,0.,-1.));
#1429 = DIRECTION('',(1.,0.,0.));
#1430 = PCURVE('',#325,#1431);
#1431 = DEFINITIONAL_REPRESENTATION('',(#1432),#1440);
#1432 = ( BOUNDED_CURVE() B_SPLINE_CURVE(2,(#1433,#1434,#1435,#1436,
#1437,#1438,#1439),.UNSPECIFIED.,.T.,.F.) B_SPLINE_CURVE_WITH_KNOTS((1,2
    ,2,2,2,1),(-2.094395102393,0.,2.094395102393,4.188790204786,
6.28318530718,8.377580409573),.UNSPECIFIED.) CURVE() 
GEOMETRIC_REPRESENTATION_ITEM() RATIONAL_B_SPLINE_CURVE((1.,0.5,1.,0.5,
1.,0.5,1.)) REPRESENTATION_ITEM('') );
#1433 = CARTESIAN_POINT('',(5.96,3.75));
#1434 = CARTESIAN_POINT('',(5.96,-7.783228472722E-02));
#1435 = CARTESIAN_POINT('',(2.645,1.836083857636));
#1436 = CARTESIAN_POINT('',(-0.67,3.75));
#1437 = CARTESIAN_POINT('',(2.645,5.663916142364));
#1438 = CARTESIAN_POINT('',(5.96,7.577832284727));
#1439 = CARTESIAN_POINT('',(5.96,3.75));
#1440 = ( GEOMETRIC_REPRESENTATION_CONTEXT(2) 
PARAMETRIC_REPRESENTATION_CONTEXT() REPRESENTATION_CONTEXT('2D SPACE',''
  ) );
#1441 = PCURVE('',#1442,#1447);
#1442 = CYLINDRICAL_SURFACE('',#1443,2.21);
#1443 = AXIS2_PLACEMENT_3D('',#1444,#1445,#1446);
#1444 = CARTESIAN_POINT('',(-5.7,0.,17.75));
#1445 = DIRECTION('',(-0.,-0.,-1.));
#1446 = DIRECTION('',(1.,0.,0.));
#1447 = DEFINITIONAL_REPRESENTATION('',(#1448),#1452);
#1448 = LINE('',#1449,#1450);
#1449 = CARTESIAN_POINT('',(-6.28318530718,-0.5));
#1450 = VECTOR('',#1451,1.);
#1451 = DIRECTION('',(1.,-0.));
#1452 = ( GEOMETRIC_REPRESENTATION_CONTEXT(2) 
PARAMETRIC_REPRESENTATION_CONTEXT() REPRESENTATION_CONTEXT('2D SPACE',''
  ) );
#1453 = ORIENTED_EDGE('',*,*,#1454,.T.);
#1454 = EDGE_CURVE('',#1422,#1455,#1457,.T.);
#1455 = VERTEX_POINT('',#1456);
#1456 = CARTESIAN_POINT('',(-4.497148989954,2.268644848281,18.25));
#1457 = SURFACE_CURVE('',#1458,(#1462,#1468),.PCURVE_S1.);
#1458 = LINE('',#1459,#1460);
#1459 = CARTESIAN_POINT('',(-6.569614563372,-0.997038343891,18.25));
#1460 = VECTOR('',#1461,1.);
#1461 = DIRECTION('',(0.535826794979,0.844327925502,-0.));
#1462 = PCURVE('',#325,#1463);
#1463 = DEFINITIONAL_REPRESENTATION('',(#1464),#1467);
#1464 = B_SPLINE_CURVE_WITH_KNOTS('',1,(#1465,#1466),.UNSPECIFIED.,.F.,
  .F.,(2,2),(3.50872172183,3.867790100902),.PIECEWISE_BEZIER_KNOTS.);
#1465 = CARTESIAN_POINT('',(4.760452551309,5.715473388666));
#1466 = CARTESIAN_POINT('',(4.952851010046,6.018644848281));
#1467 = ( GEOMETRIC_REPRESENTATION_CONTEXT(2) 
PARAMETRIC_REPRESENTATION_CONTEXT() REPRESENTATION_CONTEXT('2D SPACE',''
  ) );
#1468 = PCURVE('',#1469,#1474);
#1469 = PLANE('',#1470);
#1470 = AXIS2_PLACEMENT_3D('',#1471,#1472,#1473);
#1471 = CARTESIAN_POINT('',(-4.497148989954,2.268644848281,17.75));
#1472 = DIRECTION('',(0.844327925502,-0.535826794979,0.));
#1473 = DIRECTION('',(-0.535826794979,-0.844327925502,0.));
#1474 = DEFINITIONAL_REPRESENTATION('',(#1475),#1478);
#1475 = B_SPLINE_CURVE_WITH_KNOTS('',1,(#1476,#1477),.UNSPECIFIED.,.F.,
  .F.,(2,2),(3.50872172183,3.867790100902),.PIECEWISE_BEZIER_KNOTS.);
#1476 = CARTESIAN_POINT('',(0.359068379072,-0.5));
#1477 = CARTESIAN_POINT('',(0.,-0.5));
#1478 = ( GEOMETRIC_REPRESENTATION_CONTEXT(2) 
PARAMETRIC_REPRESENTATION_CONTEXT() REPRESENTATION_CONTEXT('2D SPACE',''
  ) );
#1479 = ORIENTED_EDGE('',*,*,#1480,.T.);
#1480 = EDGE_CURVE('',#1455,#1481,#1483,.T.);
#1481 = VERTEX_POINT('',#1482);
#1482 = CARTESIAN_POINT('',(-4.159417819753,2.054314130289,18.25));
#1483 = SURFACE_CURVE('',#1484,(#1488,#1494),.PCURVE_S1.);
#1484 = LINE('',#1485,#1486);
#1485 = CARTESIAN_POINT('',(-4.732243336459,2.417840257316,18.25));
#1486 = VECTOR('',#1487,1.);
#1487 = DIRECTION('',(0.844327925502,-0.535826794979,0.));
#1488 = PCURVE('',#325,#1489);
#1489 = DEFINITIONAL_REPRESENTATION('',(#1490),#1493);
#1490 = B_SPLINE_CURVE_WITH_KNOTS('',1,(#1491,#1492),.UNSPECIFIED.,.F.,
  .F.,(2,2),(0.278439619731,0.678439619731),.PIECEWISE_BEZIER_KNOTS.);
#1491 = CARTESIAN_POINT('',(4.952851010046,6.018644848281));
#1492 = CARTESIAN_POINT('',(5.290582180247,5.804314130289));
#1493 = ( GEOMETRIC_REPRESENTATION_CONTEXT(2) 
PARAMETRIC_REPRESENTATION_CONTEXT() REPRESENTATION_CONTEXT('2D SPACE',''
  ) );
#1494 = PCURVE('',#1495,#1500);
#1495 = PLANE('',#1496);
#1496 = AXIS2_PLACEMENT_3D('',#1497,#1498,#1499);
#1497 = CARTESIAN_POINT('',(-4.159417819753,2.054314130289,17.75));
#1498 = DIRECTION('',(-0.535826794979,-0.844327925502,0.));
#1499 = DIRECTION('',(-0.844327925502,0.535826794979,0.));
#1500 = DEFINITIONAL_REPRESENTATION('',(#1501),#1504);
#1501 = B_SPLINE_CURVE_WITH_KNOTS('',1,(#1502,#1503),.UNSPECIFIED.,.F.,
  .F.,(2,2),(0.278439619731,0.678439619731),.PIECEWISE_BEZIER_KNOTS.);
#1502 = CARTESIAN_POINT('',(0.4,-0.5));
#1503 = CARTESIAN_POINT('',(0.,-0.5));
#1504 = ( GEOMETRIC_REPRESENTATION_CONTEXT(2) 
PARAMETRIC_REPRESENTATION_CONTEXT() REPRESENTATION_CONTEXT('2D SPACE',''
  ) );
#1505 = ORIENTED_EDGE('',*,*,#1506,.T.);
#1506 = EDGE_CURVE('',#1481,#1507,#1509,.T.);
#1507 = VERTEX_POINT('',#1508);
#1508 = CARTESIAN_POINT('',(-4.35181627849,1.751142670674,18.25));
#1509 = SURFACE_CURVE('',#1510,(#1514,#1520),.PCURVE_S1.);
#1510 = LINE('',#1511,#1512);
#1511 = CARTESIAN_POINT('',(-6.478363718861,-1.599759907613,18.25));
#1512 = VECTOR('',#1513,1.);
#1513 = DIRECTION('',(-0.535826794979,-0.844327925502,0.));
#1514 = PCURVE('',#325,#1515);
#1515 = DEFINITIONAL_REPRESENTATION('',(#1516),#1519);
#1516 = B_SPLINE_CURVE_WITH_KNOTS('',1,(#1517,#1518),.UNSPECIFIED.,.F.,
  .F.,(2,2),(-4.327790100902,-3.96872172183),.PIECEWISE_BEZIER_KNOTS.);
#1517 = CARTESIAN_POINT('',(5.290582180247,5.804314130289));
#1518 = CARTESIAN_POINT('',(5.09818372151,5.501142670674));
#1519 = ( GEOMETRIC_REPRESENTATION_CONTEXT(2) 
PARAMETRIC_REPRESENTATION_CONTEXT() REPRESENTATION_CONTEXT('2D SPACE',''
  ) );
#1520 = PCURVE('',#1521,#1526);
#1521 = PLANE('',#1522);
#1522 = AXIS2_PLACEMENT_3D('',#1523,#1524,#1525);
#1523 = CARTESIAN_POINT('',(-4.652378471134,1.277532438828,17.75));
#1524 = DIRECTION('',(-0.844327925502,0.535826794979,0.));
#1525 = DIRECTION('',(0.535826794979,0.844327925502,0.));
#1526 = DEFINITIONAL_REPRESENTATION('',(#1527),#1530);
#1527 = B_SPLINE_CURVE_WITH_KNOTS('',1,(#1528,#1529),.UNSPECIFIED.,.F.,
  .F.,(2,2),(-4.327790100902,-3.96872172183),.PIECEWISE_BEZIER_KNOTS.);
#1528 = CARTESIAN_POINT('',(0.92,-0.5));
#1529 = CARTESIAN_POINT('',(0.560931620928,-0.5));
#1530 = ( GEOMETRIC_REPRESENTATION_CONTEXT(2) 
PARAMETRIC_REPRESENTATION_CONTEXT() REPRESENTATION_CONTEXT('2D SPACE',''
  ) );
#1531 = ORIENTED_EDGE('',*,*,#1532,.T.);
#1532 = EDGE_CURVE('',#1507,#1533,#1535,.T.);
#1533 = VERTEX_POINT('',#1534);
#1534 = CARTESIAN_POINT('',(-4.23249931843,1.652435096937,18.25));
#1535 = SURFACE_CURVE('',#1536,(#1541,#1552),.PCURVE_S1.);
#1536 = CIRCLE('',#1537,2.21);
#1537 = AXIS2_PLACEMENT_3D('',#1538,#1539,#1540);
#1538 = CARTESIAN_POINT('',(-5.7,0.,18.25));
#1539 = DIRECTION('',(0.,0.,-1.));
#1540 = DIRECTION('',(1.,0.,0.));
#1541 = PCURVE('',#325,#1542);
#1542 = DEFINITIONAL_REPRESENTATION('',(#1543),#1551);
#1543 = ( BOUNDED_CURVE() B_SPLINE_CURVE(2,(#1544,#1545,#1546,#1547,
#1548,#1549,#1550),.UNSPECIFIED.,.T.,.F.) B_SPLINE_CURVE_WITH_KNOTS((1,2
    ,2,2,2,1),(-2.094395102393,0.,2.094395102393,4.188790204786,
6.28318530718,8.377580409573),.UNSPECIFIED.) CURVE() 
GEOMETRIC_REPRESENTATION_ITEM() RATIONAL_B_SPLINE_CURVE((1.,0.5,1.,0.5,
1.,0.5,1.)) REPRESENTATION_ITEM('') );
#1544 = CARTESIAN_POINT('',(5.96,3.75));
#1545 = CARTESIAN_POINT('',(5.96,-7.783228472722E-02));
#1546 = CARTESIAN_POINT('',(2.645,1.836083857636));
#1547 = CARTESIAN_POINT('',(-0.67,3.75));
#1548 = CARTESIAN_POINT('',(2.645,5.663916142364));
#1549 = CARTESIAN_POINT('',(5.96,7.577832284727));
#1550 = CARTESIAN_POINT('',(5.96,3.75));
#1551 = ( GEOMETRIC_REPRESENTATION_CONTEXT(2) 
PARAMETRIC_REPRESENTATION_CONTEXT() REPRESENTATION_CONTEXT('2D SPACE',''
  ) );
#1552 = PCURVE('',#1553,#1558);
#1553 = CYLINDRICAL_SURFACE('',#1554,2.21);
#1554 = AXIS2_PLACEMENT_3D('',#1555,#1556,#1557);
#1555 = CARTESIAN_POINT('',(-5.7,0.,17.75));
#1556 = DIRECTION('',(-0.,-0.,-1.));
#1557 = DIRECTION('',(1.,0.,0.));
#1558 = DEFINITIONAL_REPRESENTATION('',(#1559),#1563);
#1559 = LINE('',#1560,#1561);
#1560 = CARTESIAN_POINT('',(-6.28318530718,-0.5));
#1561 = VECTOR('',#1562,1.);
#1562 = DIRECTION('',(1.,-0.));
#1563 = ( GEOMETRIC_REPRESENTATION_CONTEXT(2) 
PARAMETRIC_REPRESENTATION_CONTEXT() REPRESENTATION_CONTEXT('2D SPACE',''
  ) );
#1564 = ORIENTED_EDGE('',*,*,#1565,.T.);
#1565 = EDGE_CURVE('',#1533,#1566,#1568,.T.);
#1566 = VERTEX_POINT('',#1567);
#1567 = CARTESIAN_POINT('',(-3.970749734987,1.898234316662,18.25));
#1568 = SURFACE_CURVE('',#1569,(#1573,#1579),.PCURVE_S1.);
#1569 = LINE('',#1570,#1571);
#1570 = CARTESIAN_POINT('',(-6.835845748047,-0.79226992477,18.25));
#1571 = VECTOR('',#1572,1.);
#1572 = DIRECTION('',(0.728968627421,0.684547105929,-0.));
#1573 = PCURVE('',#325,#1574);
#1574 = DEFINITIONAL_REPRESENTATION('',(#1575),#1578);
#1575 = B_SPLINE_CURVE_WITH_KNOTS('',1,(#1576,#1577),.UNSPECIFIED.,.F.,
  .F.,(2,2),(3.571273620959,3.930342000031),.PIECEWISE_BEZIER_KNOTS.);
#1576 = CARTESIAN_POINT('',(5.21750068157,5.402435096937));
#1577 = CARTESIAN_POINT('',(5.479250265013,5.648234316662));
#1578 = ( GEOMETRIC_REPRESENTATION_CONTEXT(2) 
PARAMETRIC_REPRESENTATION_CONTEXT() REPRESENTATION_CONTEXT('2D SPACE',''
  ) );
#1579 = PCURVE('',#1580,#1585);
#1580 = PLANE('',#1581);
#1581 = AXIS2_PLACEMENT_3D('',#1582,#1583,#1584);
#1582 = CARTESIAN_POINT('',(-3.970749734987,1.898234316662,17.75));
#1583 = DIRECTION('',(0.684547105929,-0.728968627421,0.));
#1584 = DIRECTION('',(-0.728968627421,-0.684547105929,0.));
#1585 = DEFINITIONAL_REPRESENTATION('',(#1586),#1589);
#1586 = B_SPLINE_CURVE_WITH_KNOTS('',1,(#1587,#1588),.UNSPECIFIED.,.F.,
  .F.,(2,2),(3.571273620959,3.930342000031),.PIECEWISE_BEZIER_KNOTS.);
#1587 = CARTESIAN_POINT('',(0.359068379072,-0.5));
#1588 = CARTESIAN_POINT('',(0.,-0.5));
#1589 = ( GEOMETRIC_REPRESENTATION_CONTEXT(2) 
PARAMETRIC_REPRESENTATION_CONTEXT() REPRESENTATION_CONTEXT('2D SPACE',''
  ) );
#1590 = ORIENTED_EDGE('',*,*,#1591,.T.);
#1591 = EDGE_CURVE('',#1566,#1592,#1594,.T.);
#1592 = VERTEX_POINT('',#1593);
#1593 = CARTESIAN_POINT('',(-3.696930892615,1.606646865693,18.25));
#1594 = SURFACE_CURVE('',#1595,(#1599,#1605),.PCURVE_S1.);
#1595 = LINE('',#1596,#1597);
#1596 = CARTESIAN_POINT('',(-3.708369433248,1.618827674278,18.25));
#1597 = VECTOR('',#1598,1.);
#1598 = DIRECTION('',(0.684547105929,-0.728968627421,0.));
#1599 = PCURVE('',#325,#1600);
#1600 = DEFINITIONAL_REPRESENTATION('',(#1601),#1604);
#1601 = B_SPLINE_CURVE_WITH_KNOTS('',1,(#1602,#1603),.UNSPECIFIED.,.F.,
  .F.,(2,2),(-0.383290352799,1.670964720114E-02),
  .PIECEWISE_BEZIER_KNOTS.);
#1602 = CARTESIAN_POINT('',(5.479250265013,5.648234316662));
#1603 = CARTESIAN_POINT('',(5.753069107385,5.356646865693));
#1604 = ( GEOMETRIC_REPRESENTATION_CONTEXT(2) 
PARAMETRIC_REPRESENTATION_CONTEXT() REPRESENTATION_CONTEXT('2D SPACE',''
  ) );
#1605 = PCURVE('',#1606,#1611);
#1606 = PLANE('',#1607);
#1607 = AXIS2_PLACEMENT_3D('',#1608,#1609,#1610);
#1608 = CARTESIAN_POINT('',(-3.696930892615,1.606646865693,17.75));
#1609 = DIRECTION('',(-0.728968627421,-0.684547105929,0.));
#1610 = DIRECTION('',(-0.684547105929,0.728968627421,0.));
#1611 = DEFINITIONAL_REPRESENTATION('',(#1612),#1615);
#1612 = B_SPLINE_CURVE_WITH_KNOTS('',1,(#1613,#1614),.UNSPECIFIED.,.F.,
  .F.,(2,2),(-0.383290352799,1.670964720114E-02),
  .PIECEWISE_BEZIER_KNOTS.);
#1613 = CARTESIAN_POINT('',(0.4,-0.5));
#1614 = CARTESIAN_POINT('',(0.,-0.5));
#1615 = ( GEOMETRIC_REPRESENTATION_CONTEXT(2) 
PARAMETRIC_REPRESENTATION_CONTEXT() REPRESENTATION_CONTEXT('2D SPACE',''
  ) );
#1616 = ORIENTED_EDGE('',*,*,#1617,.T.);
#1617 = EDGE_CURVE('',#1592,#1618,#1620,.T.);
#1618 = VERTEX_POINT('',#1619);
#1619 = CARTESIAN_POINT('',(-3.958680476058,1.360847645969,18.25));
#1620 = SURFACE_CURVE('',#1621,(#1625,#1631),.PCURVE_S1.);
#1621 = LINE('',#1622,#1623);
#1622 = CARTESIAN_POINT('',(-6.897352474289,-1.398749044466,18.25));
#1623 = VECTOR('',#1624,1.);
#1624 = DIRECTION('',(-0.728968627421,-0.684547105929,0.));
#1625 = PCURVE('',#325,#1626);
#1626 = DEFINITIONAL_REPRESENTATION('',(#1627),#1630);
#1627 = B_SPLINE_CURVE_WITH_KNOTS('',1,(#1628,#1629),.UNSPECIFIED.,.F.,
  .F.,(2,2),(-4.390342000031,-4.031273620959),.PIECEWISE_BEZIER_KNOTS.);
#1628 = CARTESIAN_POINT('',(5.753069107385,5.356646865693));
#1629 = CARTESIAN_POINT('',(5.491319523942,5.110847645969));
#1630 = ( GEOMETRIC_REPRESENTATION_CONTEXT(2) 
PARAMETRIC_REPRESENTATION_CONTEXT() REPRESENTATION_CONTEXT('2D SPACE',''
  ) );
#1631 = PCURVE('',#1632,#1637);
#1632 = PLANE('',#1633);
#1633 = AXIS2_PLACEMENT_3D('',#1634,#1635,#1636);
#1634 = CARTESIAN_POINT('',(-4.367582029843,0.976863528239,17.75));
#1635 = DIRECTION('',(-0.684547105929,0.728968627421,0.));
#1636 = DIRECTION('',(0.728968627421,0.684547105929,0.));
#1637 = DEFINITIONAL_REPRESENTATION('',(#1638),#1641);
#1638 = B_SPLINE_CURVE_WITH_KNOTS('',1,(#1639,#1640),.UNSPECIFIED.,.F.,
  .F.,(2,2),(-4.390342000031,-4.031273620959),.PIECEWISE_BEZIER_KNOTS.);
#1639 = CARTESIAN_POINT('',(0.92,-0.5));
#1640 = CARTESIAN_POINT('',(0.560931620928,-0.5));
#1641 = ( GEOMETRIC_REPRESENTATION_CONTEXT(2) 
PARAMETRIC_REPRESENTATION_CONTEXT() REPRESENTATION_CONTEXT('2D SPACE',''
  ) );
#1642 = ORIENTED_EDGE('',*,*,#1643,.T.);
#1643 = EDGE_CURVE('',#1618,#1644,#1646,.T.);
#1644 = VERTEX_POINT('',#1645);
#1645 = CARTESIAN_POINT('',(-3.867659653082,1.235568230837,18.25));
#1646 = SURFACE_CURVE('',#1647,(#1652,#1663),.PCURVE_S1.);
#1647 = CIRCLE('',#1648,2.21);
#1648 = AXIS2_PLACEMENT_3D('',#1649,#1650,#1651);
#1649 = CARTESIAN_POINT('',(-5.7,0.,18.25));
#1650 = DIRECTION('',(0.,0.,-1.));
#1651 = DIRECTION('',(1.,0.,0.));
#1652 = PCURVE('',#325,#1653);
#1653 = DEFINITIONAL_REPRESENTATION('',(#1654),#1662);
#1654 = ( BOUNDED_CURVE() B_SPLINE_CURVE(2,(#1655,#1656,#1657,#1658,
#1659,#1660,#1661),.UNSPECIFIED.,.T.,.F.) B_SPLINE_CURVE_WITH_KNOTS((1,2
    ,2,2,2,1),(-2.094395102393,0.,2.094395102393,4.188790204786,
6.28318530718,8.377580409573),.UNSPECIFIED.) CURVE() 
GEOMETRIC_REPRESENTATION_ITEM() RATIONAL_B_SPLINE_CURVE((1.,0.5,1.,0.5,
1.,0.5,1.)) REPRESENTATION_ITEM('') );
#1655 = CARTESIAN_POINT('',(5.96,3.75));
#1656 = CARTESIAN_POINT('',(5.96,-7.783228472722E-02));
#1657 = CARTESIAN_POINT('',(2.645,1.836083857636));
#1658 = CARTESIAN_POINT('',(-0.67,3.75));
#1659 = CARTESIAN_POINT('',(2.645,5.663916142364));
#1660 = CARTESIAN_POINT('',(5.96,7.577832284727));
#1661 = CARTESIAN_POINT('',(5.96,3.75));
#1662 = ( GEOMETRIC_REPRESENTATION_CONTEXT(2) 
PARAMETRIC_REPRESENTATION_CONTEXT() REPRESENTATION_CONTEXT('2D SPACE',''
  ) );
#1663 = PCURVE('',#1664,#1669);
#1664 = CYLINDRICAL_SURFACE('',#1665,2.21);
#1665 = AXIS2_PLACEMENT_3D('',#1666,#1667,#1668);
#1666 = CARTESIAN_POINT('',(-5.7,0.,17.75));
#1667 = DIRECTION('',(-0.,-0.,-1.));
#1668 = DIRECTION('',(1.,0.,0.));
#1669 = DEFINITIONAL_REPRESENTATION('',(#1670),#1674);
#1670 = LINE('',#1671,#1672);
#1671 = CARTESIAN_POINT('',(-6.28318530718,-0.5));
#1672 = VECTOR('',#1673,1.);
#1673 = DIRECTION('',(1.,-0.));
#1674 = ( GEOMETRIC_REPRESENTATION_CONTEXT(2) 
PARAMETRIC_REPRESENTATION_CONTEXT() REPRESENTATION_CONTEXT('2D SPACE',''
  ) );
#1675 = ORIENTED_EDGE('',*,*,#1676,.T.);
#1676 = EDGE_CURVE('',#1644,#1677,#1679,.T.);
#1677 = VERTEX_POINT('',#1678);
#1678 = CARTESIAN_POINT('',(-3.553005633908,1.408550741709,18.25));
#1679 = SURFACE_CURVE('',#1680,(#1684,#1690),.PCURVE_S1.);
#1680 = LINE('',#1681,#1682);
#1681 = CARTESIAN_POINT('',(-6.906073234815,-0.434813771006,18.25));
#1682 = VECTOR('',#1683,1.);
#1683 = DIRECTION('',(0.876306680044,0.481753674102,-0.));
#1684 = PCURVE('',#325,#1685);
#1685 = DEFINITIONAL_REPRESENTATION('',(#1686),#1689);
#1686 = B_SPLINE_CURVE_WITH_KNOTS('',1,(#1687,#1688),.UNSPECIFIED.,.F.,
  .F.,(2,2),(3.467294784951,3.826363164023),.PIECEWISE_BEZIER_KNOTS.);
#1687 = CARTESIAN_POINT('',(5.582340346918,4.985568230837));
#1688 = CARTESIAN_POINT('',(5.896994366092,5.158550741709));
#1689 = ( GEOMETRIC_REPRESENTATION_CONTEXT(2) 
PARAMETRIC_REPRESENTATION_CONTEXT() REPRESENTATION_CONTEXT('2D SPACE',''
  ) );
#1690 = PCURVE('',#1691,#1696);
#1691 = PLANE('',#1692);
#1692 = AXIS2_PLACEMENT_3D('',#1693,#1694,#1695);
#1693 = CARTESIAN_POINT('',(-3.553005633908,1.408550741709,17.75));
#1694 = DIRECTION('',(0.481753674102,-0.876306680044,0.));
#1695 = DIRECTION('',(-0.876306680044,-0.481753674102,0.));
#1696 = DEFINITIONAL_REPRESENTATION('',(#1697),#1700);
#1697 = B_SPLINE_CURVE_WITH_KNOTS('',1,(#1698,#1699),.UNSPECIFIED.,.F.,
  .F.,(2,2),(3.467294784951,3.826363164023),.PIECEWISE_BEZIER_KNOTS.);
#1698 = CARTESIAN_POINT('',(0.359068379072,-0.5));
#1699 = CARTESIAN_POINT('',(0.,-0.5));
#1700 = ( GEOMETRIC_REPRESENTATION_CONTEXT(2) 
PARAMETRIC_REPRESENTATION_CONTEXT() REPRESENTATION_CONTEXT('2D SPACE',''
  ) );
#1701 = ORIENTED_EDGE('',*,*,#1702,.T.);
#1702 = EDGE_CURVE('',#1677,#1703,#1705,.T.);
#1703 = VERTEX_POINT('',#1704);
#1704 = CARTESIAN_POINT('',(-3.360304164267,1.058028069692,18.25));
#1705 = SURFACE_CURVE('',#1706,(#1710,#1716),.PCURVE_S1.);
#1706 = LINE('',#1707,#1708);
#1707 = CARTESIAN_POINT('',(-3.052084481227,0.497378547561,18.25));
#1708 = VECTOR('',#1709,1.);
#1709 = DIRECTION('',(0.481753674102,-0.876306680044,0.));
#1710 = PCURVE('',#325,#1711);
#1711 = DEFINITIONAL_REPRESENTATION('',(#1712),#1715);
#1712 = B_SPLINE_CURVE_WITH_KNOTS('',1,(#1713,#1714),.UNSPECIFIED.,.F.,
  .F.,(2,2),(-1.039786886142,-0.639786886142),.PIECEWISE_BEZIER_KNOTS.);
#1713 = CARTESIAN_POINT('',(5.896994366092,5.158550741709));
#1714 = CARTESIAN_POINT('',(6.089695835733,4.808028069692));
#1715 = ( GEOMETRIC_REPRESENTATION_CONTEXT(2) 
PARAMETRIC_REPRESENTATION_CONTEXT() REPRESENTATION_CONTEXT('2D SPACE',''
  ) );
#1716 = PCURVE('',#1717,#1722);
#1717 = PLANE('',#1718);
#1718 = AXIS2_PLACEMENT_3D('',#1719,#1720,#1721);
#1719 = CARTESIAN_POINT('',(-3.360304164267,1.058028069692,17.75));
#1720 = DIRECTION('',(-0.876306680044,-0.481753674102,0.));
#1721 = DIRECTION('',(-0.481753674102,0.876306680044,0.));
#1722 = DEFINITIONAL_REPRESENTATION('',(#1723),#1726);
#1723 = B_SPLINE_CURVE_WITH_KNOTS('',1,(#1724,#1725),.UNSPECIFIED.,.F.,
  .F.,(2,2),(-1.039786886142,-0.639786886142),.PIECEWISE_BEZIER_KNOTS.);
#1724 = CARTESIAN_POINT('',(0.4,-0.5));
#1725 = CARTESIAN_POINT('',(0.,-0.5));
#1726 = ( GEOMETRIC_REPRESENTATION_CONTEXT(2) 
PARAMETRIC_REPRESENTATION_CONTEXT() REPRESENTATION_CONTEXT('2D SPACE',''
  ) );
#1727 = ORIENTED_EDGE('',*,*,#1728,.T.);
#1728 = EDGE_CURVE('',#1703,#1729,#1731,.T.);
#1729 = VERTEX_POINT('',#1730);
#1730 = CARTESIAN_POINT('',(-3.674958183441,0.88504555882,18.25));
#1731 = SURFACE_CURVE('',#1732,(#1736,#1742),.PCURVE_S1.);
#1732 = LINE('',#1733,#1734);
#1733 = CARTESIAN_POINT('',(-7.116472837995,-1.006943133111,18.25));
#1734 = VECTOR('',#1735,1.);
#1735 = DIRECTION('',(-0.876306680044,-0.481753674102,0.));
#1736 = PCURVE('',#325,#1737);
#1737 = DEFINITIONAL_REPRESENTATION('',(#1738),#1741);
#1738 = B_SPLINE_CURVE_WITH_KNOTS('',1,(#1739,#1740),.UNSPECIFIED.,.F.,
  .F.,(2,2),(-4.286363164023,-3.927294784951),.PIECEWISE_BEZIER_KNOTS.);
#1739 = CARTESIAN_POINT('',(6.089695835733,4.808028069692));
#1740 = CARTESIAN_POINT('',(5.775041816559,4.63504555882));
#1741 = ( GEOMETRIC_REPRESENTATION_CONTEXT(2) 
PARAMETRIC_REPRESENTATION_CONTEXT() REPRESENTATION_CONTEXT('2D SPACE',''
  ) );
#1742 = PCURVE('',#1743,#1748);
#1743 = PLANE('',#1744);
#1744 = AXIS2_PLACEMENT_3D('',#1745,#1746,#1747);
#1745 = CARTESIAN_POINT('',(-4.166506309908,0.614814689518,17.75));
#1746 = DIRECTION('',(-0.481753674102,0.876306680044,0.));
#1747 = DIRECTION('',(0.876306680044,0.481753674102,0.));
#1748 = DEFINITIONAL_REPRESENTATION('',(#1749),#1752);
#1749 = B_SPLINE_CURVE_WITH_KNOTS('',1,(#1750,#1751),.UNSPECIFIED.,.F.,
  .F.,(2,2),(-4.286363164023,-3.927294784951),.PIECEWISE_BEZIER_KNOTS.);
#1750 = CARTESIAN_POINT('',(0.92,-0.5));
#1751 = CARTESIAN_POINT('',(0.560931620928,-0.5));
#1752 = ( GEOMETRIC_REPRESENTATION_CONTEXT(2) 
PARAMETRIC_REPRESENTATION_CONTEXT() REPRESENTATION_CONTEXT('2D SPACE',''
  ) );
#1753 = ORIENTED_EDGE('',*,*,#1754,.T.);
#1754 = EDGE_CURVE('',#1729,#1755,#1757,.T.);
#1755 = VERTEX_POINT('',#1756);
#1756 = CARTESIAN_POINT('',(-3.617952670607,0.741066068692,18.25));
#1757 = SURFACE_CURVE('',#1758,(#1763,#1774),.PCURVE_S1.);
#1758 = CIRCLE('',#1759,2.21);
#1759 = AXIS2_PLACEMENT_3D('',#1760,#1761,#1762);
#1760 = CARTESIAN_POINT('',(-5.7,0.,18.25));
#1761 = DIRECTION('',(0.,0.,-1.));
#1762 = DIRECTION('',(1.,0.,0.));
#1763 = PCURVE('',#325,#1764);
#1764 = DEFINITIONAL_REPRESENTATION('',(#1765),#1773);
#1765 = ( BOUNDED_CURVE() B_SPLINE_CURVE(2,(#1766,#1767,#1768,#1769,
#1770,#1771,#1772),.UNSPECIFIED.,.T.,.F.) B_SPLINE_CURVE_WITH_KNOTS((1,2
    ,2,2,2,1),(-2.094395102393,0.,2.094395102393,4.188790204786,
6.28318530718,8.377580409573),.UNSPECIFIED.) CURVE() 
GEOMETRIC_REPRESENTATION_ITEM() RATIONAL_B_SPLINE_CURVE((1.,0.5,1.,0.5,
1.,0.5,1.)) REPRESENTATION_ITEM('') );
#1766 = CARTESIAN_POINT('',(5.96,3.75));
#1767 = CARTESIAN_POINT('',(5.96,-7.783228472722E-02));
#1768 = CARTESIAN_POINT('',(2.645,1.836083857636));
#1769 = CARTESIAN_POINT('',(-0.67,3.75));
#1770 = CARTESIAN_POINT('',(2.645,5.663916142364));
#1771 = CARTESIAN_POINT('',(5.96,7.577832284727));
#1772 = CARTESIAN_POINT('',(5.96,3.75));
#1773 = ( GEOMETRIC_REPRESENTATION_CONTEXT(2) 
PARAMETRIC_REPRESENTATION_CONTEXT() REPRESENTATION_CONTEXT('2D SPACE',''
  ) );
#1774 = PCURVE('',#1775,#1780);
#1775 = CYLINDRICAL_SURFACE('',#1776,2.21);
#1776 = AXIS2_PLACEMENT_3D('',#1777,#1778,#1779);
#1777 = CARTESIAN_POINT('',(-5.7,0.,17.75));
#1778 = DIRECTION('',(-0.,-0.,-1.));
#1779 = DIRECTION('',(1.,0.,0.));
#1780 = DEFINITIONAL_REPRESENTATION('',(#1781),#1785);
#1781 = LINE('',#1782,#1783);
#1782 = CARTESIAN_POINT('',(-6.28318530718,-0.5));
#1783 = VECTOR('',#1784,1.);
#1784 = DIRECTION('',(1.,-0.));
#1785 = ( GEOMETRIC_REPRESENTATION_CONTEXT(2) 
PARAMETRIC_REPRESENTATION_CONTEXT() REPRESENTATION_CONTEXT('2D SPACE',''
  ) );
#1786 = ORIENTED_EDGE('',*,*,#1787,.T.);
#1787 = EDGE_CURVE('',#1755,#1788,#1790,.T.);
#1788 = VERTEX_POINT('',#1789);
#1789 = CARTESIAN_POINT('',(-3.270165084944,0.830362743368,18.25));
#1790 = SURFACE_CURVE('',#1791,(#1795,#1801),.PCURVE_S1.);
#1791 = LINE('',#1792,#1793);
#1792 = CARTESIAN_POINT('',(-6.7206331132,-5.55668691325E-02,18.25));
#1793 = VECTOR('',#1794,1.);
#1794 = DIRECTION('',(0.968583161129,0.248689887165,-0.));
#1795 = PCURVE('',#325,#1796);
#1796 = DEFINITIONAL_REPRESENTATION('',(#1797),#1800);
#1797 = B_SPLINE_CURVE_WITH_KNOTS('',1,(#1798,#1799),.UNSPECIFIED.,.F.,
  .F.,(2,2),(3.203318586478,3.56238696555),.PIECEWISE_BEZIER_KNOTS.);
#1798 = CARTESIAN_POINT('',(5.832047329393,4.491066068692));
#1799 = CARTESIAN_POINT('',(6.179834915056,4.580362743368));
#1800 = ( GEOMETRIC_REPRESENTATION_CONTEXT(2) 
PARAMETRIC_REPRESENTATION_CONTEXT() REPRESENTATION_CONTEXT('2D SPACE',''
  ) );
#1801 = PCURVE('',#1802,#1807);
#1802 = PLANE('',#1803);
#1803 = AXIS2_PLACEMENT_3D('',#1804,#1805,#1806);
#1804 = CARTESIAN_POINT('',(-3.270165084944,0.830362743368,17.75));
#1805 = DIRECTION('',(0.248689887165,-0.968583161129,0.));
#1806 = DIRECTION('',(-0.968583161129,-0.248689887165,0.));
#1807 = DEFINITIONAL_REPRESENTATION('',(#1808),#1811);
#1808 = B_SPLINE_CURVE_WITH_KNOTS('',1,(#1809,#1810),.UNSPECIFIED.,.F.,
  .F.,(2,2),(3.203318586478,3.56238696555),.PIECEWISE_BEZIER_KNOTS.);
#1809 = CARTESIAN_POINT('',(0.359068379072,-0.5));
#1810 = CARTESIAN_POINT('',(0.,-0.5));
#1811 = ( GEOMETRIC_REPRESENTATION_CONTEXT(2) 
PARAMETRIC_REPRESENTATION_CONTEXT() REPRESENTATION_CONTEXT('2D SPACE',''
  ) );
#1812 = ORIENTED_EDGE('',*,*,#1813,.T.);
#1813 = EDGE_CURVE('',#1788,#1814,#1816,.T.);
#1814 = VERTEX_POINT('',#1815);
#1815 = CARTESIAN_POINT('',(-3.170689130078,0.442929478916,18.25));
#1816 = SURFACE_CURVE('',#1817,(#1821,#1827),.PCURVE_S1.);
#1817 = LINE('',#1818,#1819);
#1818 = CARTESIAN_POINT('',(-2.859876536783,-0.767605648042,18.25));
#1819 = VECTOR('',#1820,1.);
#1820 = DIRECTION('',(0.248689887165,-0.968583161129,0.));
#1821 = PCURVE('',#325,#1822);
#1822 = DEFINITIONAL_REPRESENTATION('',(#1823),#1826);
#1823 = B_SPLINE_CURVE_WITH_KNOTS('',1,(#1824,#1825),.UNSPECIFIED.,.F.,
  .F.,(2,2),(-1.649799888682,-1.249799888682),.PIECEWISE_BEZIER_KNOTS.);
#1824 = CARTESIAN_POINT('',(6.179834915056,4.580362743368));
#1825 = CARTESIAN_POINT('',(6.279310869922,4.192929478916));
#1826 = ( GEOMETRIC_REPRESENTATION_CONTEXT(2) 
PARAMETRIC_REPRESENTATION_CONTEXT() REPRESENTATION_CONTEXT('2D SPACE',''
  ) );
#1827 = PCURVE('',#1828,#1833);
#1828 = PLANE('',#1829);
#1829 = AXIS2_PLACEMENT_3D('',#1830,#1831,#1832);
#1830 = CARTESIAN_POINT('',(-3.170689130078,0.442929478916,17.75));
#1831 = DIRECTION('',(-0.968583161129,-0.248689887165,0.));
#1832 = DIRECTION('',(-0.248689887165,0.968583161129,0.));
#1833 = DEFINITIONAL_REPRESENTATION('',(#1834),#1837);
#1834 = B_SPLINE_CURVE_WITH_KNOTS('',1,(#1835,#1836),.UNSPECIFIED.,.F.,
  .F.,(2,2),(-1.649799888682,-1.249799888682),.PIECEWISE_BEZIER_KNOTS.);
#1835 = CARTESIAN_POINT('',(0.4,-0.5));
#1836 = CARTESIAN_POINT('',(0.,-0.5));
#1837 = ( GEOMETRIC_REPRESENTATION_CONTEXT(2) 
PARAMETRIC_REPRESENTATION_CONTEXT() REPRESENTATION_CONTEXT('2D SPACE',''
  ) );
#1838 = ORIENTED_EDGE('',*,*,#1839,.T.);
#1839 = EDGE_CURVE('',#1814,#1840,#1842,.T.);
#1840 = VERTEX_POINT('',#1841);
#1841 = CARTESIAN_POINT('',(-3.518476715741,0.35363280424,18.25));
#1842 = SURFACE_CURVE('',#1843,(#1847,#1853),.PCURVE_S1.);
#1843 = LINE('',#1844,#1845);
#1844 = CARTESIAN_POINT('',(-7.066705412453,-0.55739748168,18.25));
#1845 = VECTOR('',#1846,1.);
#1846 = DIRECTION('',(-0.968583161129,-0.248689887165,0.));
#1847 = PCURVE('',#325,#1848);
#1848 = DEFINITIONAL_REPRESENTATION('',(#1849),#1852);
#1849 = B_SPLINE_CURVE_WITH_KNOTS('',1,(#1850,#1851),.UNSPECIFIED.,.F.,
  .F.,(2,2),(-4.02238696555,-3.663318586478),.PIECEWISE_BEZIER_KNOTS.);
#1850 = CARTESIAN_POINT('',(6.279310869922,4.192929478916));
#1851 = CARTESIAN_POINT('',(5.931523284259,4.10363280424));
#1852 = ( GEOMETRIC_REPRESENTATION_CONTEXT(2) 
PARAMETRIC_REPRESENTATION_CONTEXT() REPRESENTATION_CONTEXT('2D SPACE',''
  ) );
#1853 = PCURVE('',#1854,#1859);
#1854 = PLANE('',#1855);
#1855 = AXIS2_PLACEMENT_3D('',#1856,#1857,#1858);
#1856 = CARTESIAN_POINT('',(-4.061785638316,0.214134782725,17.75));
#1857 = DIRECTION('',(-0.248689887165,0.968583161129,0.));
#1858 = DIRECTION('',(0.968583161129,0.248689887165,0.));
#1859 = DEFINITIONAL_REPRESENTATION('',(#1860),#1863);
#1860 = B_SPLINE_CURVE_WITH_KNOTS('',1,(#1861,#1862),.UNSPECIFIED.,.F.,
  .F.,(2,2),(-4.02238696555,-3.663318586478),.PIECEWISE_BEZIER_KNOTS.);
#1861 = CARTESIAN_POINT('',(0.92,-0.5));
#1862 = CARTESIAN_POINT('',(0.560931620928,-0.5));
#1863 = ( GEOMETRIC_REPRESENTATION_CONTEXT(2) 
PARAMETRIC_REPRESENTATION_CONTEXT() REPRESENTATION_CONTEXT('2D SPACE',''
  ) );
#1864 = ORIENTED_EDGE('',*,*,#1865,.T.);
#1865 = EDGE_CURVE('',#1840,#1866,#1868,.T.);
#1866 = VERTEX_POINT('',#1867);
#1867 = CARTESIAN_POINT('',(-3.499068379072,0.2,18.25));
#1868 = SURFACE_CURVE('',#1869,(#1874,#1885),.PCURVE_S1.);
#1869 = CIRCLE('',#1870,2.21);
#1870 = AXIS2_PLACEMENT_3D('',#1871,#1872,#1873);
#1871 = CARTESIAN_POINT('',(-5.7,0.,18.25));
#1872 = DIRECTION('',(0.,0.,-1.));
#1873 = DIRECTION('',(1.,0.,0.));
#1874 = PCURVE('',#325,#1875);
#1875 = DEFINITIONAL_REPRESENTATION('',(#1876),#1884);
#1876 = ( BOUNDED_CURVE() B_SPLINE_CURVE(2,(#1877,#1878,#1879,#1880,
#1881,#1882,#1883),.UNSPECIFIED.,.T.,.F.) B_SPLINE_CURVE_WITH_KNOTS((1,2
    ,2,2,2,1),(-2.094395102393,0.,2.094395102393,4.188790204786,
6.28318530718,8.377580409573),.UNSPECIFIED.) CURVE() 
GEOMETRIC_REPRESENTATION_ITEM() RATIONAL_B_SPLINE_CURVE((1.,0.5,1.,0.5,
1.,0.5,1.)) REPRESENTATION_ITEM('') );
#1877 = CARTESIAN_POINT('',(5.96,3.75));
#1878 = CARTESIAN_POINT('',(5.96,-7.783228472722E-02));
#1879 = CARTESIAN_POINT('',(2.645,1.836083857636));
#1880 = CARTESIAN_POINT('',(-0.67,3.75));
#1881 = CARTESIAN_POINT('',(2.645,5.663916142364));
#1882 = CARTESIAN_POINT('',(5.96,7.577832284727));
#1883 = CARTESIAN_POINT('',(5.96,3.75));
#1884 = ( GEOMETRIC_REPRESENTATION_CONTEXT(2) 
PARAMETRIC_REPRESENTATION_CONTEXT() REPRESENTATION_CONTEXT('2D SPACE',''
  ) );
#1885 = PCURVE('',#1886,#1891);
#1886 = CYLINDRICAL_SURFACE('',#1887,2.21);
#1887 = AXIS2_PLACEMENT_3D('',#1888,#1889,#1890);
#1888 = CARTESIAN_POINT('',(-5.7,0.,17.75));
#1889 = DIRECTION('',(-0.,-0.,-1.));
#1890 = DIRECTION('',(1.,0.,0.));
#1891 = DEFINITIONAL_REPRESENTATION('',(#1892),#1896);
#1892 = LINE('',#1893,#1894);
#1893 = CARTESIAN_POINT('',(-6.28318530718,-0.5));
#1894 = VECTOR('',#1895,1.);
#1895 = DIRECTION('',(1.,-0.));
#1896 = ( GEOMETRIC_REPRESENTATION_CONTEXT(2) 
PARAMETRIC_REPRESENTATION_CONTEXT() REPRESENTATION_CONTEXT('2D SPACE',''
  ) );
#1897 = ORIENTED_EDGE('',*,*,#1898,.T.);
#1898 = EDGE_CURVE('',#1866,#1899,#1901,.T.);
#1899 = VERTEX_POINT('',#1900);
#1900 = CARTESIAN_POINT('',(-3.14,0.2,18.25));
#1901 = SURFACE_CURVE('',#1902,(#1906,#1912),.PCURVE_S1.);
#1902 = LINE('',#1903,#1904);
#1903 = CARTESIAN_POINT('',(-6.295,0.2,18.25));
#1904 = VECTOR('',#1905,1.);
#1905 = DIRECTION('',(1.,0.,-0.));
#1906 = PCURVE('',#325,#1907);
#1907 = DEFINITIONAL_REPRESENTATION('',(#1908),#1911);
#1908 = B_SPLINE_CURVE_WITH_KNOTS('',1,(#1909,#1910),.UNSPECIFIED.,.F.,
  .F.,(2,2),(2.795931620928,3.155),.PIECEWISE_BEZIER_KNOTS.);
#1909 = CARTESIAN_POINT('',(5.950931620928,3.95));
#1910 = CARTESIAN_POINT('',(6.31,3.95));
#1911 = ( GEOMETRIC_REPRESENTATION_CONTEXT(2) 
PARAMETRIC_REPRESENTATION_CONTEXT() REPRESENTATION_CONTEXT('2D SPACE',''
  ) );
#1912 = PCURVE('',#1913,#1918);
#1913 = PLANE('',#1914);
#1914 = AXIS2_PLACEMENT_3D('',#1915,#1916,#1917);
#1915 = CARTESIAN_POINT('',(-3.14,0.2,17.75));
#1916 = DIRECTION('',(0.,-1.,0.));
#1917 = DIRECTION('',(-1.,0.,0.));
#1918 = DEFINITIONAL_REPRESENTATION('',(#1919),#1922);
#1919 = B_SPLINE_CURVE_WITH_KNOTS('',1,(#1920,#1921),.UNSPECIFIED.,.F.,
  .F.,(2,2),(2.795931620928,3.155),.PIECEWISE_BEZIER_KNOTS.);
#1920 = CARTESIAN_POINT('',(0.359068379072,-0.5));
#1921 = CARTESIAN_POINT('',(0.,-0.5));
#1922 = ( GEOMETRIC_REPRESENTATION_CONTEXT(2) 
PARAMETRIC_REPRESENTATION_CONTEXT() REPRESENTATION_CONTEXT('2D SPACE',''
  ) );
#1923 = ORIENTED_EDGE('',*,*,#1924,.T.);
#1924 = EDGE_CURVE('',#1899,#1925,#1927,.T.);
#1925 = VERTEX_POINT('',#1926);
#1926 = CARTESIAN_POINT('',(-3.14,-0.2,18.25));
#1927 = SURFACE_CURVE('',#1928,(#1932,#1938),.PCURVE_S1.);
#1928 = LINE('',#1929,#1930);
#1929 = CARTESIAN_POINT('',(-3.14,-1.975,18.25));
#1930 = VECTOR('',#1931,1.);
#1931 = DIRECTION('',(0.,-1.,0.));
#1932 = PCURVE('',#325,#1933);
#1933 = DEFINITIONAL_REPRESENTATION('',(#1934),#1937);
#1934 = B_SPLINE_CURVE_WITH_KNOTS('',1,(#1935,#1936),.UNSPECIFIED.,.F.,
  .F.,(2,2),(-2.175,-1.775),.PIECEWISE_BEZIER_KNOTS.);
#1935 = CARTESIAN_POINT('',(6.31,3.95));
#1936 = CARTESIAN_POINT('',(6.31,3.55));
#1937 = ( GEOMETRIC_REPRESENTATION_CONTEXT(2) 
PARAMETRIC_REPRESENTATION_CONTEXT() REPRESENTATION_CONTEXT('2D SPACE',''
  ) );
#1938 = PCURVE('',#1939,#1944);
#1939 = PLANE('',#1940);
#1940 = AXIS2_PLACEMENT_3D('',#1941,#1942,#1943);
#1941 = CARTESIAN_POINT('',(-3.14,-0.2,17.75));
#1942 = DIRECTION('',(-1.,0.,0.));
#1943 = DIRECTION('',(0.,1.,0.));
#1944 = DEFINITIONAL_REPRESENTATION('',(#1945),#1948);
#1945 = B_SPLINE_CURVE_WITH_KNOTS('',1,(#1946,#1947),.UNSPECIFIED.,.F.,
  .F.,(2,2),(-2.175,-1.775),.PIECEWISE_BEZIER_KNOTS.);
#1946 = CARTESIAN_POINT('',(0.4,-0.5));
#1947 = CARTESIAN_POINT('',(0.,-0.5));
#1948 = ( GEOMETRIC_REPRESENTATION_CONTEXT(2) 
PARAMETRIC_REPRESENTATION_CONTEXT() REPRESENTATION_CONTEXT('2D SPACE',''
  ) );
#1949 = ORIENTED_EDGE('',*,*,#1950,.T.);
#1950 = EDGE_CURVE('',#1925,#1951,#1953,.T.);
#1951 = VERTEX_POINT('',#1952);
#1952 = CARTESIAN_POINT('',(-3.499068379072,-0.2,18.25));
#1953 = SURFACE_CURVE('',#1954,(#1958,#1964),.PCURVE_S1.);
#1954 = LINE('',#1955,#1956);
#1955 = CARTESIAN_POINT('',(-6.755,-0.2,18.25));
#1956 = VECTOR('',#1957,1.);
#1957 = DIRECTION('',(-1.,0.,0.));
#1958 = PCURVE('',#325,#1959);
#1959 = DEFINITIONAL_REPRESENTATION('',(#1960),#1963);
#1960 = B_SPLINE_CURVE_WITH_KNOTS('',1,(#1961,#1962),.UNSPECIFIED.,.F.,
  .F.,(2,2),(-3.615,-3.255931620928),.PIECEWISE_BEZIER_KNOTS.);
#1961 = CARTESIAN_POINT('',(6.31,3.55));
#1962 = CARTESIAN_POINT('',(5.950931620928,3.55));
#1963 = ( GEOMETRIC_REPRESENTATION_CONTEXT(2) 
PARAMETRIC_REPRESENTATION_CONTEXT() REPRESENTATION_CONTEXT('2D SPACE',''
  ) );
#1964 = PCURVE('',#1965,#1970);
#1965 = PLANE('',#1966);
#1966 = AXIS2_PLACEMENT_3D('',#1967,#1968,#1969);
#1967 = CARTESIAN_POINT('',(-4.06,-0.2,17.75));
#1968 = DIRECTION('',(0.,1.,0.));
#1969 = DIRECTION('',(1.,0.,0.));
#1970 = DEFINITIONAL_REPRESENTATION('',(#1971),#1974);
#1971 = B_SPLINE_CURVE_WITH_KNOTS('',1,(#1972,#1973),.UNSPECIFIED.,.F.,
  .F.,(2,2),(-3.615,-3.255931620928),.PIECEWISE_BEZIER_KNOTS.);
#1972 = CARTESIAN_POINT('',(0.92,-0.5));
#1973 = CARTESIAN_POINT('',(0.560931620928,-0.5));
#1974 = ( GEOMETRIC_REPRESENTATION_CONTEXT(2) 
PARAMETRIC_REPRESENTATION_CONTEXT() REPRESENTATION_CONTEXT('2D SPACE',''
  ) );
#1975 = ORIENTED_EDGE('',*,*,#1976,.T.);
#1976 = EDGE_CURVE('',#1951,#1977,#1979,.T.);
#1977 = VERTEX_POINT('',#1978);
#1978 = CARTESIAN_POINT('',(-3.518476715741,-0.35363280424,18.25));
#1979 = SURFACE_CURVE('',#1980,(#1985,#1996),.PCURVE_S1.);
#1980 = CIRCLE('',#1981,2.21);
#1981 = AXIS2_PLACEMENT_3D('',#1982,#1983,#1984);
#1982 = CARTESIAN_POINT('',(-5.7,0.,18.25));
#1983 = DIRECTION('',(0.,0.,-1.));
#1984 = DIRECTION('',(1.,0.,0.));
#1985 = PCURVE('',#325,#1986);
#1986 = DEFINITIONAL_REPRESENTATION('',(#1987),#1995);
#1987 = ( BOUNDED_CURVE() B_SPLINE_CURVE(2,(#1988,#1989,#1990,#1991,
#1992,#1993,#1994),.UNSPECIFIED.,.T.,.F.) B_SPLINE_CURVE_WITH_KNOTS((1,2
    ,2,2,2,1),(-2.094395102393,0.,2.094395102393,4.188790204786,
6.28318530718,8.377580409573),.UNSPECIFIED.) CURVE() 
GEOMETRIC_REPRESENTATION_ITEM() RATIONAL_B_SPLINE_CURVE((1.,0.5,1.,0.5,
1.,0.5,1.)) REPRESENTATION_ITEM('') );
#1988 = CARTESIAN_POINT('',(5.96,3.75));
#1989 = CARTESIAN_POINT('',(5.96,-7.783228472722E-02));
#1990 = CARTESIAN_POINT('',(2.645,1.836083857636));
#1991 = CARTESIAN_POINT('',(-0.67,3.75));
#1992 = CARTESIAN_POINT('',(2.645,5.663916142364));
#1993 = CARTESIAN_POINT('',(5.96,7.577832284727));
#1994 = CARTESIAN_POINT('',(5.96,3.75));
#1995 = ( GEOMETRIC_REPRESENTATION_CONTEXT(2) 
PARAMETRIC_REPRESENTATION_CONTEXT() REPRESENTATION_CONTEXT('2D SPACE',''
  ) );
#1996 = PCURVE('',#1997,#2002);
#1997 = CYLINDRICAL_SURFACE('',#1998,2.21);
#1998 = AXIS2_PLACEMENT_3D('',#1999,#2000,#2001);
#1999 = CARTESIAN_POINT('',(-5.7,0.,17.75));
#2000 = DIRECTION('',(-0.,-0.,-1.));
#2001 = DIRECTION('',(1.,0.,0.));
#2002 = DEFINITIONAL_REPRESENTATION('',(#2003),#2007);
#2003 = LINE('',#2004,#2005);
#2004 = CARTESIAN_POINT('',(-6.28318530718,-0.5));
#2005 = VECTOR('',#2006,1.);
#2006 = DIRECTION('',(1.,-0.));
#2007 = ( GEOMETRIC_REPRESENTATION_CONTEXT(2) 
PARAMETRIC_REPRESENTATION_CONTEXT() REPRESENTATION_CONTEXT('2D SPACE',''
  ) );
#2008 = ORIENTED_EDGE('',*,*,#2009,.T.);
#2009 = EDGE_CURVE('',#1977,#2010,#2012,.T.);
#2010 = VERTEX_POINT('',#2011);
#2011 = CARTESIAN_POINT('',(-3.170689130078,-0.442929478916,18.25));
#2012 = SURFACE_CURVE('',#2013,(#2017,#2023),.PCURVE_S1.);
#2013 = LINE('',#2014,#2015);
#2014 = CARTESIAN_POINT('',(-5.717869019393,0.211075158666,18.25));
#2015 = VECTOR('',#2016,1.);
#2016 = DIRECTION('',(0.968583161129,-0.248689887165,0.));
#2017 = PCURVE('',#325,#2018);
#2018 = DEFINITIONAL_REPRESENTATION('',(#2019),#2022);
#2019 = B_SPLINE_CURVE_WITH_KNOTS('',1,(#2020,#2021),.UNSPECIFIED.,.F.,
  .F.,(2,2),(2.27073150961,2.629799888682),.PIECEWISE_BEZIER_KNOTS.);
#2020 = CARTESIAN_POINT('',(5.931523284259,3.39636719576));
#2021 = CARTESIAN_POINT('',(6.279310869922,3.307070521084));
#2022 = ( GEOMETRIC_REPRESENTATION_CONTEXT(2) 
PARAMETRIC_REPRESENTATION_CONTEXT() REPRESENTATION_CONTEXT('2D SPACE',''
  ) );
#2023 = PCURVE('',#2024,#2029);
#2024 = PLANE('',#2025);
#2025 = AXIS2_PLACEMENT_3D('',#2026,#2027,#2028);
#2026 = CARTESIAN_POINT('',(-3.170689130078,-0.442929478916,17.75));
#2027 = DIRECTION('',(-0.248689887165,-0.968583161129,0.));
#2028 = DIRECTION('',(-0.968583161129,0.248689887165,0.));
#2029 = DEFINITIONAL_REPRESENTATION('',(#2030),#2033);
#2030 = B_SPLINE_CURVE_WITH_KNOTS('',1,(#2031,#2032),.UNSPECIFIED.,.F.,
  .F.,(2,2),(2.27073150961,2.629799888682),.PIECEWISE_BEZIER_KNOTS.);
#2031 = CARTESIAN_POINT('',(0.359068379072,-0.5));
#2032 = CARTESIAN_POINT('',(0.,-0.5));
#2033 = ( GEOMETRIC_REPRESENTATION_CONTEXT(2) 
PARAMETRIC_REPRESENTATION_CONTEXT() REPRESENTATION_CONTEXT('2D SPACE',''
  ) );
#2034 = ORIENTED_EDGE('',*,*,#2035,.T.);
#2035 = EDGE_CURVE('',#2010,#2036,#2038,.T.);
#2036 = VERTEX_POINT('',#2037);
#2037 = CARTESIAN_POINT('',(-3.270165084944,-0.830362743368,18.25));
#2038 = SURFACE_CURVE('',#2039,(#2043,#2049),.PCURVE_S1.);
#2039 = LINE('',#2040,#2041);
#2040 = CARTESIAN_POINT('',(-3.812902653156,-2.944186009266,18.25));
#2041 = VECTOR('',#2042,1.);
#2042 = DIRECTION('',(-0.248689887165,-0.968583161129,0.));
#2043 = PCURVE('',#325,#2044);
#2044 = DEFINITIONAL_REPRESENTATION('',(#2045),#2048);
#2045 = B_SPLINE_CURVE_WITH_KNOTS('',1,(#2046,#2047),.UNSPECIFIED.,.F.,
  .F.,(2,2),(-2.58238696555,-2.18238696555),.PIECEWISE_BEZIER_KNOTS.);
#2046 = CARTESIAN_POINT('',(6.279310869922,3.307070521084));
#2047 = CARTESIAN_POINT('',(6.179834915056,2.919637256632));
#2048 = ( GEOMETRIC_REPRESENTATION_CONTEXT(2) 
PARAMETRIC_REPRESENTATION_CONTEXT() REPRESENTATION_CONTEXT('2D SPACE',''
  ) );
#2049 = PCURVE('',#2050,#2055);
#2050 = PLANE('',#2051);
#2051 = AXIS2_PLACEMENT_3D('',#2052,#2053,#2054);
#2052 = CARTESIAN_POINT('',(-3.270165084944,-0.830362743368,17.75));
#2053 = DIRECTION('',(-0.968583161129,0.248689887165,0.));
#2054 = DIRECTION('',(0.248689887165,0.968583161129,0.));
#2055 = DEFINITIONAL_REPRESENTATION('',(#2056),#2059);
#2056 = B_SPLINE_CURVE_WITH_KNOTS('',1,(#2057,#2058),.UNSPECIFIED.,.F.,
  .F.,(2,2),(-2.58238696555,-2.18238696555),.PIECEWISE_BEZIER_KNOTS.);
#2057 = CARTESIAN_POINT('',(0.4,-0.5));
#2058 = CARTESIAN_POINT('',(0.,-0.5));
#2059 = ( GEOMETRIC_REPRESENTATION_CONTEXT(2) 
PARAMETRIC_REPRESENTATION_CONTEXT() REPRESENTATION_CONTEXT('2D SPACE',''
  ) );
#2060 = ORIENTED_EDGE('',*,*,#2061,.T.);
#2061 = EDGE_CURVE('',#2036,#2062,#2064,.T.);
#2062 = VERTEX_POINT('',#2063);
#2063 = CARTESIAN_POINT('',(-3.617952670607,-0.741066068692,18.25));
#2064 = SURFACE_CURVE('',#2065,(#2069,#2075),.PCURVE_S1.);
#2065 = LINE('',#2066,#2067);
#2066 = CARTESIAN_POINT('',(-6.262893228378,-6.196075768943E-02,18.25));
#2067 = VECTOR('',#2068,1.);
#2068 = DIRECTION('',(-0.968583161129,0.248689887165,0.));
#2069 = PCURVE('',#325,#2070);
#2070 = DEFINITIONAL_REPRESENTATION('',(#2071),#2074);
#2071 = B_SPLINE_CURVE_WITH_KNOTS('',1,(#2072,#2073),.UNSPECIFIED.,.F.,
  .F.,(2,2),(-3.089799888682,-2.73073150961),.PIECEWISE_BEZIER_KNOTS.);
#2072 = CARTESIAN_POINT('',(6.179834915056,2.919637256632));
#2073 = CARTESIAN_POINT('',(5.832047329393,3.008933931308));
#2074 = ( GEOMETRIC_REPRESENTATION_CONTEXT(2) 
PARAMETRIC_REPRESENTATION_CONTEXT() REPRESENTATION_CONTEXT('2D SPACE',''
  ) );
#2075 = PCURVE('',#2076,#2081);
#2076 = PLANE('',#2077);
#2077 = AXIS2_PLACEMENT_3D('',#2078,#2079,#2080);
#2078 = CARTESIAN_POINT('',(-4.161261593182,-0.601568047176,17.75));
#2079 = DIRECTION('',(0.248689887165,0.968583161129,0.));
#2080 = DIRECTION('',(0.968583161129,-0.248689887165,0.));
#2081 = DEFINITIONAL_REPRESENTATION('',(#2082),#2085);
#2082 = B_SPLINE_CURVE_WITH_KNOTS('',1,(#2083,#2084),.UNSPECIFIED.,.F.,
  .F.,(2,2),(-3.089799888682,-2.73073150961),.PIECEWISE_BEZIER_KNOTS.);
#2083 = CARTESIAN_POINT('',(0.92,-0.5));
#2084 = CARTESIAN_POINT('',(0.560931620928,-0.5));
#2085 = ( GEOMETRIC_REPRESENTATION_CONTEXT(2) 
PARAMETRIC_REPRESENTATION_CONTEXT() REPRESENTATION_CONTEXT('2D SPACE',''
  ) );
#2086 = ORIENTED_EDGE('',*,*,#2087,.T.);
#2087 = EDGE_CURVE('',#2062,#2088,#2090,.T.);
#2088 = VERTEX_POINT('',#2089);
#2089 = CARTESIAN_POINT('',(-3.674958183441,-0.88504555882,18.25));
#2090 = SURFACE_CURVE('',#2091,(#2096,#2107),.PCURVE_S1.);
#2091 = CIRCLE('',#2092,2.21);
#2092 = AXIS2_PLACEMENT_3D('',#2093,#2094,#2095);
#2093 = CARTESIAN_POINT('',(-5.7,0.,18.25));
#2094 = DIRECTION('',(0.,0.,-1.));
#2095 = DIRECTION('',(1.,0.,0.));
#2096 = PCURVE('',#325,#2097);
#2097 = DEFINITIONAL_REPRESENTATION('',(#2098),#2106);
#2098 = ( BOUNDED_CURVE() B_SPLINE_CURVE(2,(#2099,#2100,#2101,#2102,
#2103,#2104,#2105),.UNSPECIFIED.,.T.,.F.) B_SPLINE_CURVE_WITH_KNOTS((1,2
    ,2,2,2,1),(-2.094395102393,0.,2.094395102393,4.188790204786,
6.28318530718,8.377580409573),.UNSPECIFIED.) CURVE() 
GEOMETRIC_REPRESENTATION_ITEM() RATIONAL_B_SPLINE_CURVE((1.,0.5,1.,0.5,
1.,0.5,1.)) REPRESENTATION_ITEM('') );
#2099 = CARTESIAN_POINT('',(5.96,3.75));
#2100 = CARTESIAN_POINT('',(5.96,-7.783228472722E-02));
#2101 = CARTESIAN_POINT('',(2.645,1.836083857636));
#2102 = CARTESIAN_POINT('',(-0.67,3.75));
#2103 = CARTESIAN_POINT('',(2.645,5.663916142364));
#2104 = CARTESIAN_POINT('',(5.96,7.577832284727));
#2105 = CARTESIAN_POINT('',(5.96,3.75));
#2106 = ( GEOMETRIC_REPRESENTATION_CONTEXT(2) 
PARAMETRIC_REPRESENTATION_CONTEXT() REPRESENTATION_CONTEXT('2D SPACE',''
  ) );
#2107 = PCURVE('',#2108,#2113);
#2108 = CYLINDRICAL_SURFACE('',#2109,2.21);
#2109 = AXIS2_PLACEMENT_3D('',#2110,#2111,#2112);
#2110 = CARTESIAN_POINT('',(-5.7,0.,17.75));
#2111 = DIRECTION('',(-0.,-0.,-1.));
#2112 = DIRECTION('',(1.,0.,0.));
#2113 = DEFINITIONAL_REPRESENTATION('',(#2114),#2118);
#2114 = LINE('',#2115,#2116);
#2115 = CARTESIAN_POINT('',(-6.28318530718,-0.5));
#2116 = VECTOR('',#2117,1.);
#2117 = DIRECTION('',(1.,-0.));
#2118 = ( GEOMETRIC_REPRESENTATION_CONTEXT(2) 
PARAMETRIC_REPRESENTATION_CONTEXT() REPRESENTATION_CONTEXT('2D SPACE',''
  ) );
#2119 = ORIENTED_EDGE('',*,*,#2120,.T.);
#2120 = EDGE_CURVE('',#2088,#2121,#2123,.T.);
#2121 = VERTEX_POINT('',#2122);
#2122 = CARTESIAN_POINT('',(-3.360304164267,-1.058028069692,18.25));
#2123 = SURFACE_CURVE('',#2124,(#2128,#2134),.PCURVE_S1.);
#2124 = LINE('',#2125,#2126);
#2125 = CARTESIAN_POINT('',(-5.130256904858,-8.498831639047E-02,18.25));
#2126 = VECTOR('',#2127,1.);
#2127 = DIRECTION('',(0.876306680044,-0.481753674102,0.));
#2128 = PCURVE('',#325,#2129);
#2129 = DEFINITIONAL_REPRESENTATION('',(#2130),#2133);
#2130 = B_SPLINE_CURVE_WITH_KNOTS('',1,(#2131,#2132),.UNSPECIFIED.,.F.,
  .F.,(2,2),(1.660718507069,2.019786886142),.PIECEWISE_BEZIER_KNOTS.);
#2131 = CARTESIAN_POINT('',(5.775041816559,2.86495444118));
#2132 = CARTESIAN_POINT('',(6.089695835733,2.691971930308));
#2133 = ( GEOMETRIC_REPRESENTATION_CONTEXT(2) 
PARAMETRIC_REPRESENTATION_CONTEXT() REPRESENTATION_CONTEXT('2D SPACE',''
  ) );
#2134 = PCURVE('',#2135,#2140);
#2135 = PLANE('',#2136);
#2136 = AXIS2_PLACEMENT_3D('',#2137,#2138,#2139);
#2137 = CARTESIAN_POINT('',(-3.360304164267,-1.058028069692,17.75));
#2138 = DIRECTION('',(-0.481753674102,-0.876306680044,0.));
#2139 = DIRECTION('',(-0.876306680044,0.481753674102,0.));
#2140 = DEFINITIONAL_REPRESENTATION('',(#2141),#2144);
#2141 = B_SPLINE_CURVE_WITH_KNOTS('',1,(#2142,#2143),.UNSPECIFIED.,.F.,
  .F.,(2,2),(1.660718507069,2.019786886142),.PIECEWISE_BEZIER_KNOTS.);
#2142 = CARTESIAN_POINT('',(0.359068379072,-0.5));
#2143 = CARTESIAN_POINT('',(0.,-0.5));
#2144 = ( GEOMETRIC_REPRESENTATION_CONTEXT(2) 
PARAMETRIC_REPRESENTATION_CONTEXT() REPRESENTATION_CONTEXT('2D SPACE',''
  ) );
#2145 = ORIENTED_EDGE('',*,*,#2146,.T.);
#2146 = EDGE_CURVE('',#2121,#2147,#2149,.T.);
#2147 = VERTEX_POINT('',#2148);
#2148 = CARTESIAN_POINT('',(-3.553005633908,-1.408550741709,18.25));
#2149 = SURFACE_CURVE('',#2150,(#2154,#2160),.PCURVE_S1.);
#2150 = LINE('',#2151,#2152);
#2151 = CARTESIAN_POINT('',(-4.731550076363,-3.552315124156,18.25));
#2152 = VECTOR('',#2153,1.);
#2153 = DIRECTION('',(-0.481753674102,-0.876306680044,0.));
#2154 = PCURVE('',#325,#2155);
#2155 = DEFINITIONAL_REPRESENTATION('',(#2156),#2159);
#2156 = B_SPLINE_CURVE_WITH_KNOTS('',1,(#2157,#2158),.UNSPECIFIED.,.F.,
  .F.,(2,2),(-2.846363164023,-2.446363164023),.PIECEWISE_BEZIER_KNOTS.);
#2157 = CARTESIAN_POINT('',(6.089695835733,2.691971930308));
#2158 = CARTESIAN_POINT('',(5.896994366092,2.341449258291));
#2159 = ( GEOMETRIC_REPRESENTATION_CONTEXT(2) 
PARAMETRIC_REPRESENTATION_CONTEXT() REPRESENTATION_CONTEXT('2D SPACE',''
  ) );
#2160 = PCURVE('',#2161,#2166);
#2161 = PLANE('',#2162);
#2162 = AXIS2_PLACEMENT_3D('',#2163,#2164,#2165);
#2163 = CARTESIAN_POINT('',(-3.553005633908,-1.408550741709,17.75));
#2164 = DIRECTION('',(-0.876306680044,0.481753674102,0.));
#2165 = DIRECTION('',(0.481753674102,0.876306680044,0.));
#2166 = DEFINITIONAL_REPRESENTATION('',(#2167),#2170);
#2167 = B_SPLINE_CURVE_WITH_KNOTS('',1,(#2168,#2169),.UNSPECIFIED.,.F.,
  .F.,(2,2),(-2.846363164023,-2.446363164023),.PIECEWISE_BEZIER_KNOTS.);
#2168 = CARTESIAN_POINT('',(0.4,-0.5));
#2169 = CARTESIAN_POINT('',(0.,-0.5));
#2170 = ( GEOMETRIC_REPRESENTATION_CONTEXT(2) 
PARAMETRIC_REPRESENTATION_CONTEXT() REPRESENTATION_CONTEXT('2D SPACE',''
  ) );
#2171 = ORIENTED_EDGE('',*,*,#2172,.T.);
#2172 = EDGE_CURVE('',#2147,#2173,#2175,.T.);
#2173 = VERTEX_POINT('',#2174);
#2174 = CARTESIAN_POINT('',(-3.867659653082,-1.235568230837,18.25));
#2175 = SURFACE_CURVE('',#2176,(#2180,#2186),.PCURVE_S1.);
#2176 = LINE('',#2177,#2178);
#2177 = CARTESIAN_POINT('',(-5.726059447319,-0.213904298321,18.25));
#2178 = VECTOR('',#2179,1.);
#2179 = DIRECTION('',(-0.876306680044,0.481753674102,0.));
#2180 = PCURVE('',#325,#2181);
#2181 = DEFINITIONAL_REPRESENTATION('',(#2182),#2185);
#2182 = B_SPLINE_CURVE_WITH_KNOTS('',1,(#2183,#2184),.UNSPECIFIED.,.F.,
  .F.,(2,2),(-2.479786886142,-2.120718507069),.PIECEWISE_BEZIER_KNOTS.);
#2183 = CARTESIAN_POINT('',(5.896994366092,2.341449258291));
#2184 = CARTESIAN_POINT('',(5.582340346918,2.514431769163));
#2185 = ( GEOMETRIC_REPRESENTATION_CONTEXT(2) 
PARAMETRIC_REPRESENTATION_CONTEXT() REPRESENTATION_CONTEXT('2D SPACE',''
  ) );
#2186 = PCURVE('',#2187,#2192);
#2187 = PLANE('',#2188);
#2188 = AXIS2_PLACEMENT_3D('',#2189,#2190,#2191);
#2189 = CARTESIAN_POINT('',(-4.359207779548,-0.965337361536,17.75));
#2190 = DIRECTION('',(0.481753674102,0.876306680044,0.));
#2191 = DIRECTION('',(0.876306680044,-0.481753674102,0.));
#2192 = DEFINITIONAL_REPRESENTATION('',(#2193),#2196);
#2193 = B_SPLINE_CURVE_WITH_KNOTS('',1,(#2194,#2195),.UNSPECIFIED.,.F.,
  .F.,(2,2),(-2.479786886142,-2.120718507069),.PIECEWISE_BEZIER_KNOTS.);
#2194 = CARTESIAN_POINT('',(0.92,-0.5));
#2195 = CARTESIAN_POINT('',(0.560931620928,-0.5));
#2196 = ( GEOMETRIC_REPRESENTATION_CONTEXT(2) 
PARAMETRIC_REPRESENTATION_CONTEXT() REPRESENTATION_CONTEXT('2D SPACE',''
  ) );
#2197 = ORIENTED_EDGE('',*,*,#2198,.T.);
#2198 = EDGE_CURVE('',#2173,#2199,#2201,.T.);
#2199 = VERTEX_POINT('',#2200);
#2200 = CARTESIAN_POINT('',(-3.958680476058,-1.360847645969,18.25));
#2201 = SURFACE_CURVE('',#2202,(#2207,#2218),.PCURVE_S1.);
#2202 = CIRCLE('',#2203,2.21);
#2203 = AXIS2_PLACEMENT_3D('',#2204,#2205,#2206);
#2204 = CARTESIAN_POINT('',(-5.7,0.,18.25));
#2205 = DIRECTION('',(0.,0.,-1.));
#2206 = DIRECTION('',(1.,0.,0.));
#2207 = PCURVE('',#325,#2208);
#2208 = DEFINITIONAL_REPRESENTATION('',(#2209),#2217);
#2209 = ( BOUNDED_CURVE() B_SPLINE_CURVE(2,(#2210,#2211,#2212,#2213,
#2214,#2215,#2216),.UNSPECIFIED.,.T.,.F.) B_SPLINE_CURVE_WITH_KNOTS((1,2
    ,2,2,2,1),(-2.094395102393,0.,2.094395102393,4.188790204786,
6.28318530718,8.377580409573),.UNSPECIFIED.) CURVE() 
GEOMETRIC_REPRESENTATION_ITEM() RATIONAL_B_SPLINE_CURVE((1.,0.5,1.,0.5,
1.,0.5,1.)) REPRESENTATION_ITEM('') );
#2210 = CARTESIAN_POINT('',(5.96,3.75));
#2211 = CARTESIAN_POINT('',(5.96,-7.783228472722E-02));
#2212 = CARTESIAN_POINT('',(2.645,1.836083857636));
#2213 = CARTESIAN_POINT('',(-0.67,3.75));
#2214 = CARTESIAN_POINT('',(2.645,5.663916142364));
#2215 = CARTESIAN_POINT('',(5.96,7.577832284727));
#2216 = CARTESIAN_POINT('',(5.96,3.75));
#2217 = ( GEOMETRIC_REPRESENTATION_CONTEXT(2) 
PARAMETRIC_REPRESENTATION_CONTEXT() REPRESENTATION_CONTEXT('2D SPACE',''
  ) );
#2218 = PCURVE('',#2219,#2224);
#2219 = CYLINDRICAL_SURFACE('',#2220,2.21);
#2220 = AXIS2_PLACEMENT_3D('',#2221,#2222,#2223);
#2221 = CARTESIAN_POINT('',(-5.7,0.,17.75));
#2222 = DIRECTION('',(-0.,-0.,-1.));
#2223 = DIRECTION('',(1.,0.,0.));
#2224 = DEFINITIONAL_REPRESENTATION('',(#2225),#2229);
#2225 = LINE('',#2226,#2227);
#2226 = CARTESIAN_POINT('',(-6.28318530718,-0.5));
#2227 = VECTOR('',#2228,1.);
#2228 = DIRECTION('',(1.,-0.));
#2229 = ( GEOMETRIC_REPRESENTATION_CONTEXT(2) 
PARAMETRIC_REPRESENTATION_CONTEXT() REPRESENTATION_CONTEXT('2D SPACE',''
  ) );
#2230 = ORIENTED_EDGE('',*,*,#2231,.T.);
#2231 = EDGE_CURVE('',#2199,#2232,#2234,.T.);
#2232 = VERTEX_POINT('',#2233);
#2233 = CARTESIAN_POINT('',(-3.696930892615,-1.606646865693,18.25));
#2234 = SURFACE_CURVE('',#2235,(#2239,#2245),.PCURVE_S1.);
#2235 = LINE('',#2236,#2237);
#2236 = CARTESIAN_POINT('',(-4.690726789872,-0.673410400144,18.25));
#2237 = VECTOR('',#2238,1.);
#2238 = DIRECTION('',(0.728968627421,-0.684547105929,0.));
#2239 = PCURVE('',#325,#2240);
#2240 = DEFINITIONAL_REPRESENTATION('',(#2241),#2244);
#2241 = B_SPLINE_CURVE_WITH_KNOTS('',1,(#2242,#2243),.UNSPECIFIED.,.F.,
  .F.,(2,2),(1.004221973727,1.363290352799),.PIECEWISE_BEZIER_KNOTS.);
#2242 = CARTESIAN_POINT('',(5.491319523942,2.389152354031));
#2243 = CARTESIAN_POINT('',(5.753069107385,2.143353134307));
#2244 = ( GEOMETRIC_REPRESENTATION_CONTEXT(2) 
PARAMETRIC_REPRESENTATION_CONTEXT() REPRESENTATION_CONTEXT('2D SPACE',''
  ) );
#2245 = PCURVE('',#2246,#2251);
#2246 = PLANE('',#2247);
#2247 = AXIS2_PLACEMENT_3D('',#2248,#2249,#2250);
#2248 = CARTESIAN_POINT('',(-3.696930892615,-1.606646865693,17.75));
#2249 = DIRECTION('',(-0.684547105929,-0.728968627421,0.));
#2250 = DIRECTION('',(-0.728968627421,0.684547105929,0.));
#2251 = DEFINITIONAL_REPRESENTATION('',(#2252),#2255);
#2252 = B_SPLINE_CURVE_WITH_KNOTS('',1,(#2253,#2254),.UNSPECIFIED.,.F.,
  .F.,(2,2),(1.004221973727,1.363290352799),.PIECEWISE_BEZIER_KNOTS.);
#2253 = CARTESIAN_POINT('',(0.359068379072,-0.5));
#2254 = CARTESIAN_POINT('',(0.,-0.5));
#2255 = ( GEOMETRIC_REPRESENTATION_CONTEXT(2) 
PARAMETRIC_REPRESENTATION_CONTEXT() REPRESENTATION_CONTEXT('2D SPACE',''
  ) );
#2256 = ORIENTED_EDGE('',*,*,#2257,.T.);
#2257 = EDGE_CURVE('',#2232,#2258,#2260,.T.);
#2258 = VERTEX_POINT('',#2259);
#2259 = CARTESIAN_POINT('',(-3.970749734987,-1.898234316662,18.25));
#2260 = SURFACE_CURVE('',#2261,(#2265,#2271),.PCURVE_S1.);
#2261 = LINE('',#2262,#2263);
#2262 = CARTESIAN_POINT('',(-5.716578970237,-3.75735362388,18.25));
#2263 = VECTOR('',#2264,1.);
#2264 = DIRECTION('',(-0.684547105929,-0.728968627421,0.));
#2265 = PCURVE('',#325,#2266);
#2266 = DEFINITIONAL_REPRESENTATION('',(#2267),#2270);
#2267 = B_SPLINE_CURVE_WITH_KNOTS('',1,(#2268,#2269),.UNSPECIFIED.,.F.,
  .F.,(2,2),(-2.950342000031,-2.550342000031),.PIECEWISE_BEZIER_KNOTS.);
#2268 = CARTESIAN_POINT('',(5.753069107385,2.143353134307));
#2269 = CARTESIAN_POINT('',(5.479250265013,1.851765683338));
#2270 = ( GEOMETRIC_REPRESENTATION_CONTEXT(2) 
PARAMETRIC_REPRESENTATION_CONTEXT() REPRESENTATION_CONTEXT('2D SPACE',''
  ) );
#2271 = PCURVE('',#2272,#2277);
#2272 = PLANE('',#2273);
#2273 = AXIS2_PLACEMENT_3D('',#2274,#2275,#2276);
#2274 = CARTESIAN_POINT('',(-3.970749734987,-1.898234316662,17.75));
#2275 = DIRECTION('',(-0.728968627421,0.684547105929,0.));
#2276 = DIRECTION('',(0.684547105929,0.728968627421,0.));
#2277 = DEFINITIONAL_REPRESENTATION('',(#2278),#2281);
#2278 = B_SPLINE_CURVE_WITH_KNOTS('',1,(#2279,#2280),.UNSPECIFIED.,.F.,
  .F.,(2,2),(-2.950342000031,-2.550342000031),.PIECEWISE_BEZIER_KNOTS.);
#2279 = CARTESIAN_POINT('',(0.4,-0.5));
#2280 = CARTESIAN_POINT('',(0.,-0.5));
#2281 = ( GEOMETRIC_REPRESENTATION_CONTEXT(2) 
PARAMETRIC_REPRESENTATION_CONTEXT() REPRESENTATION_CONTEXT('2D SPACE',''
  ) );
#2282 = ORIENTED_EDGE('',*,*,#2283,.T.);
#2283 = EDGE_CURVE('',#2258,#2284,#2286,.T.);
#2284 = VERTEX_POINT('',#2285);
#2285 = CARTESIAN_POINT('',(-4.23249931843,-1.652435096937,18.25));
#2286 = SURFACE_CURVE('',#2287,(#2291,#2297),.PCURVE_S1.);
#2287 = LINE('',#2288,#2289);
#2288 = CARTESIAN_POINT('',(-5.299871200857,-0.650106182386,18.25));
#2289 = VECTOR('',#2290,1.);
#2290 = DIRECTION('',(-0.728968627421,0.684547105929,0.));
#2291 = PCURVE('',#325,#2292);
#2292 = DEFINITIONAL_REPRESENTATION('',(#2293),#2296);
#2293 = B_SPLINE_CURVE_WITH_KNOTS('',1,(#2294,#2295),.UNSPECIFIED.,.F.,
  .F.,(2,2),(-1.823290352799,-1.464221973727),.PIECEWISE_BEZIER_KNOTS.);
#2294 = CARTESIAN_POINT('',(5.479250265013,1.851765683338));
#2295 = CARTESIAN_POINT('',(5.21750068157,2.097564903063));
#2296 = ( GEOMETRIC_REPRESENTATION_CONTEXT(2) 
PARAMETRIC_REPRESENTATION_CONTEXT() REPRESENTATION_CONTEXT('2D SPACE',''
  ) );
#2297 = PCURVE('',#2298,#2303);
#2298 = PLANE('',#2299);
#2299 = AXIS2_PLACEMENT_3D('',#2300,#2301,#2302);
#2300 = CARTESIAN_POINT('',(-4.641400872215,-1.268450979207,17.75));
#2301 = DIRECTION('',(0.684547105929,0.728968627421,0.));
#2302 = DIRECTION('',(0.728968627421,-0.684547105929,0.));
#2303 = DEFINITIONAL_REPRESENTATION('',(#2304),#2307);
#2304 = B_SPLINE_CURVE_WITH_KNOTS('',1,(#2305,#2306),.UNSPECIFIED.,.F.,
  .F.,(2,2),(-1.823290352799,-1.464221973727),.PIECEWISE_BEZIER_KNOTS.);
#2305 = CARTESIAN_POINT('',(0.92,-0.5));
#2306 = CARTESIAN_POINT('',(0.560931620928,-0.5));
#2307 = ( GEOMETRIC_REPRESENTATION_CONTEXT(2) 
PARAMETRIC_REPRESENTATION_CONTEXT() REPRESENTATION_CONTEXT('2D SPACE',''
  ) );
#2308 = ORIENTED_EDGE('',*,*,#2309,.T.);
#2309 = EDGE_CURVE('',#2284,#2310,#2312,.T.);
#2310 = VERTEX_POINT('',#2311);
#2311 = CARTESIAN_POINT('',(-4.35181627849,-1.751142670674,18.25));
#2312 = SURFACE_CURVE('',#2313,(#2318,#2329),.PCURVE_S1.);
#2313 = CIRCLE('',#2314,2.21);
#2314 = AXIS2_PLACEMENT_3D('',#2315,#2316,#2317);
#2315 = CARTESIAN_POINT('',(-5.7,0.,18.25));
#2316 = DIRECTION('',(0.,0.,-1.));
#2317 = DIRECTION('',(1.,0.,0.));
#2318 = PCURVE('',#325,#2319);
#2319 = DEFINITIONAL_REPRESENTATION('',(#2320),#2328);
#2320 = ( BOUNDED_CURVE() B_SPLINE_CURVE(2,(#2321,#2322,#2323,#2324,
#2325,#2326,#2327),.UNSPECIFIED.,.T.,.F.) B_SPLINE_CURVE_WITH_KNOTS((1,2
    ,2,2,2,1),(-2.094395102393,0.,2.094395102393,4.188790204786,
6.28318530718,8.377580409573),.UNSPECIFIED.) CURVE() 
GEOMETRIC_REPRESENTATION_ITEM() RATIONAL_B_SPLINE_CURVE((1.,0.5,1.,0.5,
1.,0.5,1.)) REPRESENTATION_ITEM('') );
#2321 = CARTESIAN_POINT('',(5.96,3.75));
#2322 = CARTESIAN_POINT('',(5.96,-7.783228472722E-02));
#2323 = CARTESIAN_POINT('',(2.645,1.836083857636));
#2324 = CARTESIAN_POINT('',(-0.67,3.75));
#2325 = CARTESIAN_POINT('',(2.645,5.663916142364));
#2326 = CARTESIAN_POINT('',(5.96,7.577832284727));
#2327 = CARTESIAN_POINT('',(5.96,3.75));
#2328 = ( GEOMETRIC_REPRESENTATION_CONTEXT(2) 
PARAMETRIC_REPRESENTATION_CONTEXT() REPRESENTATION_CONTEXT('2D SPACE',''
  ) );
#2329 = PCURVE('',#2330,#2335);
#2330 = CYLINDRICAL_SURFACE('',#2331,2.21);
#2331 = AXIS2_PLACEMENT_3D('',#2332,#2333,#2334);
#2332 = CARTESIAN_POINT('',(-5.7,0.,17.75));
#2333 = DIRECTION('',(-0.,-0.,-1.));
#2334 = DIRECTION('',(1.,0.,0.));
#2335 = DEFINITIONAL_REPRESENTATION('',(#2336),#2340);
#2336 = LINE('',#2337,#2338);
#2337 = CARTESIAN_POINT('',(-6.28318530718,-0.5));
#2338 = VECTOR('',#2339,1.);
#2339 = DIRECTION('',(1.,-0.));
#2340 = ( GEOMETRIC_REPRESENTATION_CONTEXT(2) 
PARAMETRIC_REPRESENTATION_CONTEXT() REPRESENTATION_CONTEXT('2D SPACE',''
  ) );
#2341 = ORIENTED_EDGE('',*,*,#2342,.T.);
#2342 = EDGE_CURVE('',#2310,#2343,#2345,.T.);
#2343 = VERTEX_POINT('',#2344);
#2344 = CARTESIAN_POINT('',(-4.159417819753,-2.054314130289,18.25));
#2345 = SURFACE_CURVE('',#2346,(#2350,#2356),.PCURVE_S1.);
#2346 = LINE('',#2347,#2348);
#2347 = CARTESIAN_POINT('',(-4.535332669797,-1.461967109802,18.25));
#2348 = VECTOR('',#2349,1.);
#2349 = DIRECTION('',(0.535826794979,-0.844327925502,0.));
#2350 = PCURVE('',#325,#2351);
#2351 = DEFINITIONAL_REPRESENTATION('',(#2352),#2355);
#2352 = B_SPLINE_CURVE_WITH_KNOTS('',1,(#2353,#2354),.UNSPECIFIED.,.F.,
  .F.,(2,2),(0.342492001197,0.701560380269),.PIECEWISE_BEZIER_KNOTS.);
#2353 = CARTESIAN_POINT('',(5.09818372151,1.998857329326));
#2354 = CARTESIAN_POINT('',(5.290582180247,1.695685869711));
#2355 = ( GEOMETRIC_REPRESENTATION_CONTEXT(2) 
PARAMETRIC_REPRESENTATION_CONTEXT() REPRESENTATION_CONTEXT('2D SPACE',''
  ) );
#2356 = PCURVE('',#2357,#2362);
#2357 = PLANE('',#2358);
#2358 = AXIS2_PLACEMENT_3D('',#2359,#2360,#2361);
#2359 = CARTESIAN_POINT('',(-4.159417819753,-2.054314130289,17.75));
#2360 = DIRECTION('',(-0.844327925502,-0.535826794979,0.));
#2361 = DIRECTION('',(-0.535826794979,0.844327925502,0.));
#2362 = DEFINITIONAL_REPRESENTATION('',(#2363),#2366);
#2363 = B_SPLINE_CURVE_WITH_KNOTS('',1,(#2364,#2365),.UNSPECIFIED.,.F.,
  .F.,(2,2),(0.342492001197,0.701560380269),.PIECEWISE_BEZIER_KNOTS.);
#2364 = CARTESIAN_POINT('',(0.359068379072,-0.5));
#2365 = CARTESIAN_POINT('',(0.,-0.5));
#2366 = ( GEOMETRIC_REPRESENTATION_CONTEXT(2) 
PARAMETRIC_REPRESENTATION_CONTEXT() REPRESENTATION_CONTEXT('2D SPACE',''
  ) );
#2367 = ORIENTED_EDGE('',*,*,#2368,.T.);
#2368 = EDGE_CURVE('',#2343,#2369,#2371,.T.);
#2369 = VERTEX_POINT('',#2370);
#2370 = CARTESIAN_POINT('',(-4.497148989954,-2.268644848281,18.25));
#2371 = SURFACE_CURVE('',#2372,(#2376,#2382),.PCURVE_S1.);
#2372 = LINE('',#2373,#2374);
#2373 = CARTESIAN_POINT('',(-6.597659644933,-3.601669444628,18.25));
#2374 = VECTOR('',#2375,1.);
#2375 = DIRECTION('',(-0.844327925502,-0.535826794979,0.));
#2376 = PCURVE('',#325,#2377);
#2377 = DEFINITIONAL_REPRESENTATION('',(#2378),#2381);
#2378 = B_SPLINE_CURVE_WITH_KNOTS('',1,(#2379,#2380),.UNSPECIFIED.,.F.,
  .F.,(2,2),(-2.887790100902,-2.487790100902),.PIECEWISE_BEZIER_KNOTS.);
#2379 = CARTESIAN_POINT('',(5.290582180247,1.695685869711));
#2380 = CARTESIAN_POINT('',(4.952851010046,1.481355151719));
#2381 = ( GEOMETRIC_REPRESENTATION_CONTEXT(2) 
PARAMETRIC_REPRESENTATION_CONTEXT() REPRESENTATION_CONTEXT('2D SPACE',''
  ) );
#2382 = PCURVE('',#2383,#2388);
#2383 = PLANE('',#2384);
#2384 = AXIS2_PLACEMENT_3D('',#2385,#2386,#2387);
#2385 = CARTESIAN_POINT('',(-4.497148989954,-2.268644848281,17.75));
#2386 = DIRECTION('',(-0.535826794979,0.844327925502,0.));
#2387 = DIRECTION('',(0.844327925502,0.535826794979,0.));
#2388 = DEFINITIONAL_REPRESENTATION('',(#2389),#2392);
#2389 = B_SPLINE_CURVE_WITH_KNOTS('',1,(#2390,#2391),.UNSPECIFIED.,.F.,
  .F.,(2,2),(-2.887790100902,-2.487790100902),.PIECEWISE_BEZIER_KNOTS.);
#2390 = CARTESIAN_POINT('',(0.4,-0.5));
#2391 = CARTESIAN_POINT('',(0.,-0.5));
#2392 = ( GEOMETRIC_REPRESENTATION_CONTEXT(2) 
PARAMETRIC_REPRESENTATION_CONTEXT() REPRESENTATION_CONTEXT('2D SPACE',''
  ) );
#2393 = ORIENTED_EDGE('',*,*,#2394,.T.);
#2394 = EDGE_CURVE('',#2369,#2395,#2397,.T.);
#2395 = VERTEX_POINT('',#2396);
#2396 = CARTESIAN_POINT('',(-4.689547448691,-1.965473388666,18.25));
#2397 = SURFACE_CURVE('',#2398,(#2402,#2408),.PCURVE_S1.);
#2398 = LINE('',#2399,#2400);
#2399 = CARTESIAN_POINT('',(-5.119544165688,-1.287906982063,18.25));
#2400 = VECTOR('',#2401,1.);
#2401 = DIRECTION('',(-0.535826794979,0.844327925502,0.));
#2402 = PCURVE('',#325,#2403);
#2403 = DEFINITIONAL_REPRESENTATION('',(#2404),#2407);
#2404 = B_SPLINE_CURVE_WITH_KNOTS('',1,(#2405,#2406),.UNSPECIFIED.,.F.,
  .F.,(2,2),(-1.161560380269,-0.802492001197),.PIECEWISE_BEZIER_KNOTS.);
#2405 = CARTESIAN_POINT('',(4.952851010046,1.481355151719));
#2406 = CARTESIAN_POINT('',(4.760452551309,1.784526611334));
#2407 = ( GEOMETRIC_REPRESENTATION_CONTEXT(2) 
PARAMETRIC_REPRESENTATION_CONTEXT() REPRESENTATION_CONTEXT('2D SPACE',''
  ) );
#2408 = PCURVE('',#2409,#2414);
#2409 = PLANE('',#2410);
#2410 = AXIS2_PLACEMENT_3D('',#2411,#2412,#2413);
#2411 = CARTESIAN_POINT('',(-4.990109641335,-1.491863156819,17.75));
#2412 = DIRECTION('',(0.844327925502,0.535826794979,0.));
#2413 = DIRECTION('',(0.535826794979,-0.844327925502,0.));
#2414 = DEFINITIONAL_REPRESENTATION('',(#2415),#2418);
#2415 = B_SPLINE_CURVE_WITH_KNOTS('',1,(#2416,#2417),.UNSPECIFIED.,.F.,
  .F.,(2,2),(-1.161560380269,-0.802492001197),.PIECEWISE_BEZIER_KNOTS.);
#2416 = CARTESIAN_POINT('',(0.92,-0.5));
#2417 = CARTESIAN_POINT('',(0.560931620928,-0.5));
#2418 = ( GEOMETRIC_REPRESENTATION_CONTEXT(2) 
PARAMETRIC_REPRESENTATION_CONTEXT() REPRESENTATION_CONTEXT('2D SPACE',''
  ) );
#2419 = ORIENTED_EDGE('',*,*,#2420,.T.);
#2420 = EDGE_CURVE('',#2395,#2421,#2423,.T.);
#2421 = VERTEX_POINT('',#2422);
#2422 = CARTESIAN_POINT('',(-4.829663422417,-2.031406961128,18.25));
#2423 = SURFACE_CURVE('',#2424,(#2429,#2440),.PCURVE_S1.);
#2424 = CIRCLE('',#2425,2.21);
#2425 = AXIS2_PLACEMENT_3D('',#2426,#2427,#2428);
#2426 = CARTESIAN_POINT('',(-5.7,0.,18.25));
#2427 = DIRECTION('',(0.,0.,-1.));
#2428 = DIRECTION('',(1.,0.,0.));
#2429 = PCURVE('',#325,#2430);
#2430 = DEFINITIONAL_REPRESENTATION('',(#2431),#2439);
#2431 = ( BOUNDED_CURVE() B_SPLINE_CURVE(2,(#2432,#2433,#2434,#2435,
#2436,#2437,#2438),.UNSPECIFIED.,.T.,.F.) B_SPLINE_CURVE_WITH_KNOTS((1,2
    ,2,2,2,1),(-2.094395102393,0.,2.094395102393,4.188790204786,
6.28318530718,8.377580409573),.UNSPECIFIED.) CURVE() 
GEOMETRIC_REPRESENTATION_ITEM() RATIONAL_B_SPLINE_CURVE((1.,0.5,1.,0.5,
1.,0.5,1.)) REPRESENTATION_ITEM('') );
#2432 = CARTESIAN_POINT('',(5.96,3.75));
#2433 = CARTESIAN_POINT('',(5.96,-7.783228472722E-02));
#2434 = CARTESIAN_POINT('',(2.645,1.836083857636));
#2435 = CARTESIAN_POINT('',(-0.67,3.75));
#2436 = CARTESIAN_POINT('',(2.645,5.663916142364));
#2437 = CARTESIAN_POINT('',(5.96,7.577832284727));
#2438 = CARTESIAN_POINT('',(5.96,3.75));
#2439 = ( GEOMETRIC_REPRESENTATION_CONTEXT(2) 
PARAMETRIC_REPRESENTATION_CONTEXT() REPRESENTATION_CONTEXT('2D SPACE',''
  ) );
#2440 = PCURVE('',#2441,#2446);
#2441 = CYLINDRICAL_SURFACE('',#2442,2.21);
#2442 = AXIS2_PLACEMENT_3D('',#2443,#2444,#2445);
#2443 = CARTESIAN_POINT('',(-5.7,0.,17.75));
#2444 = DIRECTION('',(-0.,-0.,-1.));
#2445 = DIRECTION('',(1.,0.,0.));
#2446 = DEFINITIONAL_REPRESENTATION('',(#2447),#2451);
#2447 = LINE('',#2448,#2449);
#2448 = CARTESIAN_POINT('',(-6.28318530718,-0.5));
#2449 = VECTOR('',#2450,1.);
#2450 = DIRECTION('',(1.,-0.));
#2451 = ( GEOMETRIC_REPRESENTATION_CONTEXT(2) 
PARAMETRIC_REPRESENTATION_CONTEXT() REPRESENTATION_CONTEXT('2D SPACE',''
  ) );
#2452 = ORIENTED_EDGE('',*,*,#2453,.T.);
#2453 = EDGE_CURVE('',#2421,#2454,#2456,.T.);
#2454 = VERTEX_POINT('',#2455);
#2455 = CARTESIAN_POINT('',(-4.718705191141,-2.372901282841,18.25));
#2456 = SURFACE_CURVE('',#2457,(#2461,#2467),.PCURVE_S1.);
#2457 = LINE('',#2458,#2459);
#2458 = CARTESIAN_POINT('',(-4.74224483769,-2.300453700185,18.25));
#2459 = VECTOR('',#2460,1.);
#2460 = DIRECTION('',(0.309016994375,-0.951056516295,0.));
#2461 = PCURVE('',#325,#2462);
#2462 = DEFINITIONAL_REPRESENTATION('',(#2463),#2466);
#2463 = B_SPLINE_CURVE_WITH_KNOTS('',1,(#2464,#2465),.UNSPECIFIED.,.F.,
  .F.,(2,2),(-0.282892482673,7.617589639961E-02),
  .PIECEWISE_BEZIER_KNOTS.);
#2464 = CARTESIAN_POINT('',(4.620336577583,1.718593038872));
#2465 = CARTESIAN_POINT('',(4.731294808859,1.377098717159));
#2466 = ( GEOMETRIC_REPRESENTATION_CONTEXT(2) 
PARAMETRIC_REPRESENTATION_CONTEXT() REPRESENTATION_CONTEXT('2D SPACE',''
  ) );
#2467 = PCURVE('',#2468,#2473);
#2468 = PLANE('',#2469);
#2469 = AXIS2_PLACEMENT_3D('',#2470,#2471,#2472);
#2470 = CARTESIAN_POINT('',(-4.718705191141,-2.372901282841,17.75));
#2471 = DIRECTION('',(-0.951056516295,-0.309016994375,0.));
#2472 = DIRECTION('',(-0.309016994375,0.951056516295,0.));
#2473 = DEFINITIONAL_REPRESENTATION('',(#2474),#2477);
#2474 = B_SPLINE_CURVE_WITH_KNOTS('',1,(#2475,#2476),.UNSPECIFIED.,.F.,
  .F.,(2,2),(-0.282892482673,7.617589639961E-02),
  .PIECEWISE_BEZIER_KNOTS.);
#2475 = CARTESIAN_POINT('',(0.359068379072,-0.5));
#2476 = CARTESIAN_POINT('',(0.,-0.5));
#2477 = ( GEOMETRIC_REPRESENTATION_CONTEXT(2) 
PARAMETRIC_REPRESENTATION_CONTEXT() REPRESENTATION_CONTEXT('2D SPACE',''
  ) );
#2478 = ORIENTED_EDGE('',*,*,#2479,.T.);
#2479 = EDGE_CURVE('',#2454,#2480,#2482,.T.);
#2480 = VERTEX_POINT('',#2481);
#2481 = CARTESIAN_POINT('',(-5.099127797659,-2.496508080591,18.25));
#2482 = SURFACE_CURVE('',#2483,(#2487,#2493),.PCURVE_S1.);
#2483 = LINE('',#2484,#2485);
#2484 = CARTESIAN_POINT('',(-7.25102425228,-3.195701622951,18.25));
#2485 = VECTOR('',#2486,1.);
#2486 = DIRECTION('',(-0.951056516295,-0.309016994375,0.));
#2487 = PCURVE('',#325,#2488);
#2488 = DEFINITIONAL_REPRESENTATION('',(#2489),#2492);
#2489 = B_SPLINE_CURVE_WITH_KNOTS('',1,(#2490,#2491),.UNSPECIFIED.,.F.,
  .F.,(2,2),(-2.662637832506,-2.262637832506),.PIECEWISE_BEZIER_KNOTS.);
#2490 = CARTESIAN_POINT('',(4.731294808859,1.377098717159));
#2491 = CARTESIAN_POINT('',(4.350872202341,1.253491919409));
#2492 = ( GEOMETRIC_REPRESENTATION_CONTEXT(2) 
PARAMETRIC_REPRESENTATION_CONTEXT() REPRESENTATION_CONTEXT('2D SPACE',''
  ) );
#2493 = PCURVE('',#2494,#2499);
#2494 = PLANE('',#2495);
#2495 = AXIS2_PLACEMENT_3D('',#2496,#2497,#2498);
#2496 = CARTESIAN_POINT('',(-5.099127797659,-2.496508080591,17.75));
#2497 = DIRECTION('',(-0.309016994375,0.951056516295,0.));
#2498 = DIRECTION('',(0.951056516295,0.309016994375,0.));
#2499 = DEFINITIONAL_REPRESENTATION('',(#2500),#2503);
#2500 = B_SPLINE_CURVE_WITH_KNOTS('',1,(#2501,#2502),.UNSPECIFIED.,.F.,
  .F.,(2,2),(-2.662637832506,-2.262637832506),.PIECEWISE_BEZIER_KNOTS.);
#2501 = CARTESIAN_POINT('',(0.4,-0.5));
#2502 = CARTESIAN_POINT('',(0.,-0.5));
#2503 = ( GEOMETRIC_REPRESENTATION_CONTEXT(2) 
PARAMETRIC_REPRESENTATION_CONTEXT() REPRESENTATION_CONTEXT('2D SPACE',''
  ) );
#2504 = ORIENTED_EDGE('',*,*,#2505,.T.);
#2505 = EDGE_CURVE('',#2480,#2506,#2508,.T.);
#2506 = VERTEX_POINT('',#2507);
#2507 = CARTESIAN_POINT('',(-5.210086028935,-2.155013758878,18.25));
#2508 = SURFACE_CURVE('',#2509,(#2513,#2519),.PCURVE_S1.);
#2509 = LINE('',#2510,#2511);
#2510 = CARTESIAN_POINT('',(-5.264815261621,-1.986574500439,18.25));
#2511 = VECTOR('',#2512,1.);
#2512 = DIRECTION('',(-0.309016994375,0.951056516295,0.));
#2513 = PCURVE('',#325,#2514);
#2514 = DEFINITIONAL_REPRESENTATION('',(#2515),#2518);
#2515 = B_SPLINE_CURVE_WITH_KNOTS('',1,(#2516,#2517),.UNSPECIFIED.,.F.,
  .F.,(2,2),(-0.5361758964,-0.177107517327),.PIECEWISE_BEZIER_KNOTS.);
#2516 = CARTESIAN_POINT('',(4.350872202341,1.253491919409));
#2517 = CARTESIAN_POINT('',(4.239913971065,1.594986241122));
#2518 = ( GEOMETRIC_REPRESENTATION_CONTEXT(2) 
PARAMETRIC_REPRESENTATION_CONTEXT() REPRESENTATION_CONTEXT('2D SPACE',''
  ) );
#2519 = PCURVE('',#2520,#2525);
#2520 = PLANE('',#2521);
#2521 = AXIS2_PLACEMENT_3D('',#2522,#2523,#2524);
#2522 = CARTESIAN_POINT('',(-5.383423432484,-1.621536085599,17.75));
#2523 = DIRECTION('',(0.951056516295,0.309016994375,0.));
#2524 = DIRECTION('',(0.309016994375,-0.951056516295,0.));
#2525 = DEFINITIONAL_REPRESENTATION('',(#2526),#2529);
#2526 = B_SPLINE_CURVE_WITH_KNOTS('',1,(#2527,#2528),.UNSPECIFIED.,.F.,
  .F.,(2,2),(-0.5361758964,-0.177107517327),.PIECEWISE_BEZIER_KNOTS.);
#2527 = CARTESIAN_POINT('',(0.92,-0.5));
#2528 = CARTESIAN_POINT('',(0.560931620928,-0.5));
#2529 = ( GEOMETRIC_REPRESENTATION_CONTEXT(2) 
PARAMETRIC_REPRESENTATION_CONTEXT() REPRESENTATION_CONTEXT('2D SPACE',''
  ) );
#2530 = ORIENTED_EDGE('',*,*,#2531,.T.);
#2531 = EDGE_CURVE('',#2506,#2532,#2534,.T.);
#2532 = VERTEX_POINT('',#2533);
#2533 = CARTESIAN_POINT('',(-5.362197014388,-2.184030481223,18.25));
#2534 = SURFACE_CURVE('',#2535,(#2540,#2551),.PCURVE_S1.);
#2535 = CIRCLE('',#2536,2.21);
#2536 = AXIS2_PLACEMENT_3D('',#2537,#2538,#2539);
#2537 = CARTESIAN_POINT('',(-5.7,0.,18.25));
#2538 = DIRECTION('',(0.,0.,-1.));
#2539 = DIRECTION('',(1.,0.,0.));
#2540 = PCURVE('',#325,#2541);
#2541 = DEFINITIONAL_REPRESENTATION('',(#2542),#2550);
#2542 = ( BOUNDED_CURVE() B_SPLINE_CURVE(2,(#2543,#2544,#2545,#2546,
#2547,#2548,#2549),.UNSPECIFIED.,.T.,.F.) B_SPLINE_CURVE_WITH_KNOTS((1,2
    ,2,2,2,1),(-2.094395102393,0.,2.094395102393,4.188790204786,
6.28318530718,8.377580409573),.UNSPECIFIED.) CURVE() 
GEOMETRIC_REPRESENTATION_ITEM() RATIONAL_B_SPLINE_CURVE((1.,0.5,1.,0.5,
1.,0.5,1.)) REPRESENTATION_ITEM('') );
#2543 = CARTESIAN_POINT('',(5.96,3.75));
#2544 = CARTESIAN_POINT('',(5.96,-7.783228472722E-02));
#2545 = CARTESIAN_POINT('',(2.645,1.836083857636));
#2546 = CARTESIAN_POINT('',(-0.67,3.75));
#2547 = CARTESIAN_POINT('',(2.645,5.663916142364));
#2548 = CARTESIAN_POINT('',(5.96,7.577832284727));
#2549 = CARTESIAN_POINT('',(5.96,3.75));
#2550 = ( GEOMETRIC_REPRESENTATION_CONTEXT(2) 
PARAMETRIC_REPRESENTATION_CONTEXT() REPRESENTATION_CONTEXT('2D SPACE',''
  ) );
#2551 = PCURVE('',#2552,#2557);
#2552 = CYLINDRICAL_SURFACE('',#2553,2.21);
#2553 = AXIS2_PLACEMENT_3D('',#2554,#2555,#2556);
#2554 = CARTESIAN_POINT('',(-5.7,0.,17.75));
#2555 = DIRECTION('',(-0.,-0.,-1.));
#2556 = DIRECTION('',(1.,0.,0.));
#2557 = DEFINITIONAL_REPRESENTATION('',(#2558),#2562);
#2558 = LINE('',#2559,#2560);
#2559 = CARTESIAN_POINT('',(-6.28318530718,-0.5));
#2560 = VECTOR('',#2561,1.);
#2561 = DIRECTION('',(1.,-0.));
#2562 = ( GEOMETRIC_REPRESENTATION_CONTEXT(2) 
PARAMETRIC_REPRESENTATION_CONTEXT() REPRESENTATION_CONTEXT('2D SPACE',''
  ) );
#2563 = ORIENTED_EDGE('',*,*,#2564,.T.);
#2564 = EDGE_CURVE('',#2532,#2565,#2567,.T.);
#2565 = VERTEX_POINT('',#2566);
#2566 = CARTESIAN_POINT('',(-5.339650924319,-2.542390320871,18.25));
#2567 = SURFACE_CURVE('',#2568,(#2572,#2578),.PCURVE_S1.);
#2568 = LINE('',#2569,#2570);
#2569 = CARTESIAN_POINT('',(-5.309915350368,-3.015023734498,18.25));
#2570 = VECTOR('',#2571,1.);
#2571 = DIRECTION('',(6.279051952931E-02,-0.998026728428,0.));
#2572 = PCURVE('',#325,#2573);
#2573 = DEFINITIONAL_REPRESENTATION('',(#2574),#2577);
#2574 = B_SPLINE_CURVE_WITH_KNOTS('',1,(#2575,#2576),.UNSPECIFIED.,.F.,
  .F.,(2,2),(-0.832636270758,-0.473567891686),.PIECEWISE_BEZIER_KNOTS.);
#2575 = CARTESIAN_POINT('',(4.087802985612,1.565969518777));
#2576 = CARTESIAN_POINT('',(4.110349075681,1.207609679129));
#2577 = ( GEOMETRIC_REPRESENTATION_CONTEXT(2) 
PARAMETRIC_REPRESENTATION_CONTEXT() REPRESENTATION_CONTEXT('2D SPACE',''
  ) );
#2578 = PCURVE('',#2579,#2584);
#2579 = PLANE('',#2580);
#2580 = AXIS2_PLACEMENT_3D('',#2581,#2582,#2583);
#2581 = CARTESIAN_POINT('',(-5.339650924319,-2.542390320871,17.75));
#2582 = DIRECTION('',(-0.998026728428,-6.279051952931E-02,0.));
#2583 = DIRECTION('',(-6.279051952931E-02,0.998026728428,0.));
#2584 = DEFINITIONAL_REPRESENTATION('',(#2585),#2588);
#2585 = B_SPLINE_CURVE_WITH_KNOTS('',1,(#2586,#2587),.UNSPECIFIED.,.F.,
  .F.,(2,2),(-0.832636270758,-0.473567891686),.PIECEWISE_BEZIER_KNOTS.);
#2586 = CARTESIAN_POINT('',(0.359068379072,-0.5));
#2587 = CARTESIAN_POINT('',(0.,-0.5));
#2588 = ( GEOMETRIC_REPRESENTATION_CONTEXT(2) 
PARAMETRIC_REPRESENTATION_CONTEXT() REPRESENTATION_CONTEXT('2D SPACE',''
  ) );
#2589 = ORIENTED_EDGE('',*,*,#2590,.T.);
#2590 = EDGE_CURVE('',#2565,#2591,#2593,.T.);
#2591 = VERTEX_POINT('',#2592);
#2592 = CARTESIAN_POINT('',(-5.738861615691,-2.567506528682,18.25));
#2593 = SURFACE_CURVE('',#2594,(#2598,#2604),.PCURVE_S1.);
#2594 = LINE('',#2595,#2596);
#2595 = CARTESIAN_POINT('',(-7.624166381797,-2.686119850714,18.25));
#2596 = VECTOR('',#2597,1.);
#2597 = DIRECTION('',(-0.998026728428,-6.279051952931E-02,0.));
#2598 = PCURVE('',#325,#2599);
#2599 = DEFINITIONAL_REPRESENTATION('',(#2600),#2603);
#2600 = B_SPLINE_CURVE_WITH_KNOTS('',1,(#2601,#2602),.UNSPECIFIED.,.F.,
  .F.,(2,2),(-2.28903233992,-1.88903233992),.PIECEWISE_BEZIER_KNOTS.);
#2601 = CARTESIAN_POINT('',(4.110349075681,1.207609679129));
#2602 = CARTESIAN_POINT('',(3.711138384309,1.182493471318));
#2603 = ( GEOMETRIC_REPRESENTATION_CONTEXT(2) 
PARAMETRIC_REPRESENTATION_CONTEXT() REPRESENTATION_CONTEXT('2D SPACE',''
  ) );
#2604 = PCURVE('',#2605,#2610);
#2605 = PLANE('',#2606);
#2606 = AXIS2_PLACEMENT_3D('',#2607,#2608,#2609);
#2607 = CARTESIAN_POINT('',(-5.738861615691,-2.567506528682,17.75));
#2608 = DIRECTION('',(-6.279051952931E-02,0.998026728428,0.));
#2609 = DIRECTION('',(0.998026728428,6.279051952931E-02,0.));
#2610 = DEFINITIONAL_REPRESENTATION('',(#2611),#2614);
#2611 = B_SPLINE_CURVE_WITH_KNOTS('',1,(#2612,#2613),.UNSPECIFIED.,.F.,
  .F.,(2,2),(-2.28903233992,-1.88903233992),.PIECEWISE_BEZIER_KNOTS.);
#2612 = CARTESIAN_POINT('',(0.4,-0.5));
#2613 = CARTESIAN_POINT('',(0.,-0.5));
#2614 = ( GEOMETRIC_REPRESENTATION_CONTEXT(2) 
PARAMETRIC_REPRESENTATION_CONTEXT() REPRESENTATION_CONTEXT('2D SPACE',''
  ) );
#2615 = ORIENTED_EDGE('',*,*,#2616,.T.);
#2616 = EDGE_CURVE('',#2591,#2617,#2619,.T.);
#2617 = VERTEX_POINT('',#2618);
#2618 = CARTESIAN_POINT('',(-5.761407705759,-2.209146689035,18.25));
#2619 = SURFACE_CURVE('',#2620,(#2624,#2630),.PCURVE_S1.);
#2620 = LINE('',#2621,#2622);
#2621 = CARTESIAN_POINT('',(-5.738009680723,-2.581047647233,18.25));
#2622 = VECTOR('',#2623,1.);
#2623 = DIRECTION('',(-6.279051952931E-02,0.998026728428,0.));
#2624 = PCURVE('',#325,#2625);
#2625 = DEFINITIONAL_REPRESENTATION('',(#2626),#2629);
#2626 = B_SPLINE_CURVE_WITH_KNOTS('',1,(#2627,#2628),.UNSPECIFIED.,.F.,
  .F.,(2,2),(1.356789168555E-02,0.372636270758),
  .PIECEWISE_BEZIER_KNOTS.);
#2627 = CARTESIAN_POINT('',(3.711138384309,1.182493471318));
#2628 = CARTESIAN_POINT('',(3.688592294241,1.540853310965));
#2629 = ( GEOMETRIC_REPRESENTATION_CONTEXT(2) 
PARAMETRIC_REPRESENTATION_CONTEXT() REPRESENTATION_CONTEXT('2D SPACE',''
  ) );
#2630 = PCURVE('',#2631,#2636);
#2631 = PLANE('',#2632);
#2632 = AXIS2_PLACEMENT_3D('',#2633,#2634,#2635);
#2633 = CARTESIAN_POINT('',(-5.796628893658,-1.649321938528,17.75));
#2634 = DIRECTION('',(0.998026728428,6.279051952931E-02,0.));
#2635 = DIRECTION('',(6.279051952931E-02,-0.998026728428,0.));
#2636 = DEFINITIONAL_REPRESENTATION('',(#2637),#2640);
#2637 = B_SPLINE_CURVE_WITH_KNOTS('',1,(#2638,#2639),.UNSPECIFIED.,.F.,
  .F.,(2,2),(1.356789168555E-02,0.372636270758),
  .PIECEWISE_BEZIER_KNOTS.);
#2638 = CARTESIAN_POINT('',(0.92,-0.5));
#2639 = CARTESIAN_POINT('',(0.560931620928,-0.5));
#2640 = ( GEOMETRIC_REPRESENTATION_CONTEXT(2) 
PARAMETRIC_REPRESENTATION_CONTEXT() REPRESENTATION_CONTEXT('2D SPACE',''
  ) );
#2641 = ORIENTED_EDGE('',*,*,#2642,.T.);
#2642 = EDGE_CURVE('',#2617,#2643,#2645,.T.);
#2643 = VERTEX_POINT('',#2644);
#2644 = CARTESIAN_POINT('',(-5.915956010297,-2.19942333388,18.25));
#2645 = SURFACE_CURVE('',#2646,(#2651,#2662),.PCURVE_S1.);
#2646 = CIRCLE('',#2647,2.21);
#2647 = AXIS2_PLACEMENT_3D('',#2648,#2649,#2650);
#2648 = CARTESIAN_POINT('',(-5.7,0.,18.25));
#2649 = DIRECTION('',(0.,0.,-1.));
#2650 = DIRECTION('',(1.,0.,0.));
#2651 = PCURVE('',#325,#2652);
#2652 = DEFINITIONAL_REPRESENTATION('',(#2653),#2661);
#2653 = ( BOUNDED_CURVE() B_SPLINE_CURVE(2,(#2654,#2655,#2656,#2657,
#2658,#2659,#2660),.UNSPECIFIED.,.T.,.F.) B_SPLINE_CURVE_WITH_KNOTS((1,2
    ,2,2,2,1),(-2.094395102393,0.,2.094395102393,4.188790204786,
6.28318530718,8.377580409573),.UNSPECIFIED.) CURVE() 
GEOMETRIC_REPRESENTATION_ITEM() RATIONAL_B_SPLINE_CURVE((1.,0.5,1.,0.5,
1.,0.5,1.)) REPRESENTATION_ITEM('') );
#2654 = CARTESIAN_POINT('',(5.96,3.75));
#2655 = CARTESIAN_POINT('',(5.96,-7.783228472722E-02));
#2656 = CARTESIAN_POINT('',(2.645,1.836083857636));
#2657 = CARTESIAN_POINT('',(-0.67,3.75));
#2658 = CARTESIAN_POINT('',(2.645,5.663916142364));
#2659 = CARTESIAN_POINT('',(5.96,7.577832284727));
#2660 = CARTESIAN_POINT('',(5.96,3.75));
#2661 = ( GEOMETRIC_REPRESENTATION_CONTEXT(2) 
PARAMETRIC_REPRESENTATION_CONTEXT() REPRESENTATION_CONTEXT('2D SPACE',''
  ) );
#2662 = PCURVE('',#2663,#2668);
#2663 = CYLINDRICAL_SURFACE('',#2664,2.21);
#2664 = AXIS2_PLACEMENT_3D('',#2665,#2666,#2667);
#2665 = CARTESIAN_POINT('',(-5.7,0.,17.75));
#2666 = DIRECTION('',(-0.,-0.,-1.));
#2667 = DIRECTION('',(1.,0.,0.));
#2668 = DEFINITIONAL_REPRESENTATION('',(#2669),#2673);
#2669 = LINE('',#2670,#2671);
#2670 = CARTESIAN_POINT('',(-6.28318530718,-0.5));
#2671 = VECTOR('',#2672,1.);
#2672 = DIRECTION('',(1.,-0.));
#2673 = ( GEOMETRIC_REPRESENTATION_CONTEXT(2) 
PARAMETRIC_REPRESENTATION_CONTEXT() REPRESENTATION_CONTEXT('2D SPACE',''
  ) );
#2674 = ORIENTED_EDGE('',*,*,#2675,.T.);
#2675 = EDGE_CURVE('',#2643,#2676,#2678,.T.);
#2676 = VERTEX_POINT('',#2677);
#2677 = CARTESIAN_POINT('',(-5.983238715194,-2.552131624783,18.25));
#2678 = SURFACE_CURVE('',#2679,(#2683,#2689),.PCURVE_S1.);
#2679 = LINE('',#2680,#2681);
#2680 = CARTESIAN_POINT('',(-6.154341945146,-3.449086167512,18.25));
#2681 = VECTOR('',#2682,1.);
#2682 = DIRECTION('',(-0.187381314586,-0.982287250729,0.));
#2683 = PCURVE('',#325,#2684);
#2684 = DEFINITIONAL_REPRESENTATION('',(#2685),#2688);
#2685 = B_SPLINE_CURVE_WITH_KNOTS('',1,(#2686,#2687),.UNSPECIFIED.,.F.,
  .F.,(2,2),(-1.272196939037,-0.913128559965),.PIECEWISE_BEZIER_KNOTS.);
#2686 = CARTESIAN_POINT('',(3.534043989703,1.55057666612));
#2687 = CARTESIAN_POINT('',(3.466761284806,1.197868375217));
#2688 = ( GEOMETRIC_REPRESENTATION_CONTEXT(2) 
PARAMETRIC_REPRESENTATION_CONTEXT() REPRESENTATION_CONTEXT('2D SPACE',''
  ) );
#2689 = PCURVE('',#2690,#2695);
#2690 = PLANE('',#2691);
#2691 = AXIS2_PLACEMENT_3D('',#2692,#2693,#2694);
#2692 = CARTESIAN_POINT('',(-5.983238715194,-2.552131624783,17.75));
#2693 = DIRECTION('',(-0.982287250729,0.187381314586,0.));
#2694 = DIRECTION('',(0.187381314586,0.982287250729,0.));
#2695 = DEFINITIONAL_REPRESENTATION('',(#2696),#2699);
#2696 = B_SPLINE_CURVE_WITH_KNOTS('',1,(#2697,#2698),.UNSPECIFIED.,.F.,
  .F.,(2,2),(-1.272196939037,-0.913128559965),.PIECEWISE_BEZIER_KNOTS.);
#2697 = CARTESIAN_POINT('',(0.359068379072,-0.5));
#2698 = CARTESIAN_POINT('',(0.,-0.5));
#2699 = ( GEOMETRIC_REPRESENTATION_CONTEXT(2) 
PARAMETRIC_REPRESENTATION_CONTEXT() REPRESENTATION_CONTEXT('2D SPACE',''
  ) );
#2700 = ORIENTED_EDGE('',*,*,#2701,.T.);
#2701 = EDGE_CURVE('',#2676,#2702,#2704,.T.);
#2702 = VERTEX_POINT('',#2703);
#2703 = CARTESIAN_POINT('',(-6.376153615485,-2.477179098948,18.25));
#2704 = SURFACE_CURVE('',#2705,(#2709,#2715),.PCURVE_S1.);
#2705 = LINE('',#2706,#2707);
#2706 = CARTESIAN_POINT('',(-7.741973577791,-2.216635006745,18.25));
#2707 = VECTOR('',#2708,1.);
#2708 = DIRECTION('',(-0.982287250729,0.187381314586,0.));
#2709 = PCURVE('',#325,#2710);
#2710 = DEFINITIONAL_REPRESENTATION('',(#2711),#2714);
#2711 = B_SPLINE_CURVE_WITH_KNOTS('',1,(#2712,#2713),.UNSPECIFIED.,.F.,
  .F.,(2,2),(-1.790448630268,-1.390448630268),.PIECEWISE_BEZIER_KNOTS.);
#2712 = CARTESIAN_POINT('',(3.466761284806,1.197868375217));
#2713 = CARTESIAN_POINT('',(3.073846384515,1.272820901052));
#2714 = ( GEOMETRIC_REPRESENTATION_CONTEXT(2) 
PARAMETRIC_REPRESENTATION_CONTEXT() REPRESENTATION_CONTEXT('2D SPACE',''
  ) );
#2715 = PCURVE('',#2716,#2721);
#2716 = PLANE('',#2717);
#2717 = AXIS2_PLACEMENT_3D('',#2718,#2719,#2720);
#2718 = CARTESIAN_POINT('',(-6.376153615485,-2.477179098948,17.75));
#2719 = DIRECTION('',(0.187381314586,0.982287250729,0.));
#2720 = DIRECTION('',(0.982287250729,-0.187381314586,0.));
#2721 = DEFINITIONAL_REPRESENTATION('',(#2722),#2725);
#2722 = B_SPLINE_CURVE_WITH_KNOTS('',1,(#2723,#2724),.UNSPECIFIED.,.F.,
  .F.,(2,2),(-1.790448630268,-1.390448630268),.PIECEWISE_BEZIER_KNOTS.);
#2723 = CARTESIAN_POINT('',(0.4,-0.5));
#2724 = CARTESIAN_POINT('',(0.,-0.5));
#2725 = ( GEOMETRIC_REPRESENTATION_CONTEXT(2) 
PARAMETRIC_REPRESENTATION_CONTEXT() REPRESENTATION_CONTEXT('2D SPACE',''
  ) );
#2726 = ORIENTED_EDGE('',*,*,#2727,.T.);
#2727 = EDGE_CURVE('',#2702,#2728,#2730,.T.);
#2728 = VERTEX_POINT('',#2729);
#2729 = CARTESIAN_POINT('',(-6.308870910588,-2.124470808046,18.25));
#2730 = SURFACE_CURVE('',#2731,(#2735,#2741),.PCURVE_S1.);
#2731 = LINE('',#2732,#2733);
#2732 = CARTESIAN_POINT('',(-6.461061440728,-2.922281506343,18.25));
#2733 = VECTOR('',#2734,1.);
#2734 = DIRECTION('',(0.187381314586,0.982287250729,-0.));
#2735 = PCURVE('',#325,#2736);
#2736 = DEFINITIONAL_REPRESENTATION('',(#2737),#2740);
#2737 = B_SPLINE_CURVE_WITH_KNOTS('',1,(#2738,#2739),.UNSPECIFIED.,.F.,
  .F.,(2,2),(0.453128559965,0.812196939037),.PIECEWISE_BEZIER_KNOTS.);
#2738 = CARTESIAN_POINT('',(3.073846384515,1.272820901052));
#2739 = CARTESIAN_POINT('',(3.141129089412,1.625529191954));
#2740 = ( GEOMETRIC_REPRESENTATION_CONTEXT(2) 
PARAMETRIC_REPRESENTATION_CONTEXT() REPRESENTATION_CONTEXT('2D SPACE',''
  ) );
#2741 = PCURVE('',#2742,#2747);
#2742 = PLANE('',#2743);
#2743 = AXIS2_PLACEMENT_3D('',#2744,#2745,#2746);
#2744 = CARTESIAN_POINT('',(-6.203762806066,-1.573474828278,17.75));
#2745 = DIRECTION('',(0.982287250729,-0.187381314586,0.));
#2746 = DIRECTION('',(-0.187381314586,-0.982287250729,0.));
#2747 = DEFINITIONAL_REPRESENTATION('',(#2748),#2751);
#2748 = B_SPLINE_CURVE_WITH_KNOTS('',1,(#2749,#2750),.UNSPECIFIED.,.F.,
  .F.,(2,2),(0.453128559965,0.812196939037),.PIECEWISE_BEZIER_KNOTS.);
#2749 = CARTESIAN_POINT('',(0.92,-0.5));
#2750 = CARTESIAN_POINT('',(0.560931620928,-0.5));
#2751 = ( GEOMETRIC_REPRESENTATION_CONTEXT(2) 
PARAMETRIC_REPRESENTATION_CONTEXT() REPRESENTATION_CONTEXT('2D SPACE',''
  ) );
#2752 = ORIENTED_EDGE('',*,*,#2753,.T.);
#2753 = EDGE_CURVE('',#2728,#2754,#2756,.T.);
#2754 = VERTEX_POINT('',#2755);
#2755 = CARTESIAN_POINT('',(-6.456145695849,-2.076618329556,18.25));
#2756 = SURFACE_CURVE('',#2757,(#2762,#2773),.PCURVE_S1.);
#2757 = CIRCLE('',#2758,2.21);
#2758 = AXIS2_PLACEMENT_3D('',#2759,#2760,#2761);
#2759 = CARTESIAN_POINT('',(-5.7,0.,18.25));
#2760 = DIRECTION('',(0.,0.,-1.));
#2761 = DIRECTION('',(1.,0.,0.));
#2762 = PCURVE('',#325,#2763);
#2763 = DEFINITIONAL_REPRESENTATION('',(#2764),#2772);
#2764 = ( BOUNDED_CURVE() B_SPLINE_CURVE(2,(#2765,#2766,#2767,#2768,
#2769,#2770,#2771),.UNSPECIFIED.,.T.,.F.) B_SPLINE_CURVE_WITH_KNOTS((1,2
    ,2,2,2,1),(-2.094395102393,0.,2.094395102393,4.188790204786,
6.28318530718,8.377580409573),.UNSPECIFIED.) CURVE() 
GEOMETRIC_REPRESENTATION_ITEM() RATIONAL_B_SPLINE_CURVE((1.,0.5,1.,0.5,
1.,0.5,1.)) REPRESENTATION_ITEM('') );
#2765 = CARTESIAN_POINT('',(5.96,3.75));
#2766 = CARTESIAN_POINT('',(5.96,-7.783228472722E-02));
#2767 = CARTESIAN_POINT('',(2.645,1.836083857636));
#2768 = CARTESIAN_POINT('',(-0.67,3.75));
#2769 = CARTESIAN_POINT('',(2.645,5.663916142364));
#2770 = CARTESIAN_POINT('',(5.96,7.577832284727));
#2771 = CARTESIAN_POINT('',(5.96,3.75));
#2772 = ( GEOMETRIC_REPRESENTATION_CONTEXT(2) 
PARAMETRIC_REPRESENTATION_CONTEXT() REPRESENTATION_CONTEXT('2D SPACE',''
  ) );
#2773 = PCURVE('',#2774,#2779);
#2774 = CYLINDRICAL_SURFACE('',#2775,2.21);
#2775 = AXIS2_PLACEMENT_3D('',#2776,#2777,#2778);
#2776 = CARTESIAN_POINT('',(-5.7,0.,17.75));
#2777 = DIRECTION('',(-0.,-0.,-1.));
#2778 = DIRECTION('',(1.,0.,0.));
#2779 = DEFINITIONAL_REPRESENTATION('',(#2780),#2784);
#2780 = LINE('',#2781,#2782);
#2781 = CARTESIAN_POINT('',(-6.28318530718,-0.5));
#2782 = VECTOR('',#2783,1.);
#2783 = DIRECTION('',(1.,-0.));
#2784 = ( GEOMETRIC_REPRESENTATION_CONTEXT(2) 
PARAMETRIC_REPRESENTATION_CONTEXT() REPRESENTATION_CONTEXT('2D SPACE',''
  ) );
#2785 = ORIENTED_EDGE('',*,*,#2786,.T.);
#2786 = EDGE_CURVE('',#2754,#2787,#2789,.T.);
#2787 = VERTEX_POINT('',#2788);
#2788 = CARTESIAN_POINT('',(-6.609029575913,-2.401513112626,18.25));
#2789 = SURFACE_CURVE('',#2790,(#2794,#2800),.PCURVE_S1.);
#2790 = LINE('',#2791,#2792);
#2791 = CARTESIAN_POINT('',(-7.126303257423,-3.500775640961,18.25));
#2792 = VECTOR('',#2793,1.);
#2793 = DIRECTION('',(-0.425779291565,-0.904827052466,0.));
#2794 = PCURVE('',#325,#2795);
#2795 = DEFINITIONAL_REPRESENTATION('',(#2796),#2799);
#2796 = B_SPLINE_CURVE_WITH_KNOTS('',1,(#2797,#2798),.UNSPECIFIED.,.F.,
  .F.,(2,2),(-1.57395527413,-1.214886895058),.PIECEWISE_BEZIER_KNOTS.);
#2797 = CARTESIAN_POINT('',(2.993854304151,1.673381670444));
#2798 = CARTESIAN_POINT('',(2.840970424087,1.348486887374));
#2799 = ( GEOMETRIC_REPRESENTATION_CONTEXT(2) 
PARAMETRIC_REPRESENTATION_CONTEXT() REPRESENTATION_CONTEXT('2D SPACE',''
  ) );
#2800 = PCURVE('',#2801,#2806);
#2801 = PLANE('',#2802);
#2802 = AXIS2_PLACEMENT_3D('',#2803,#2804,#2805);
#2803 = CARTESIAN_POINT('',(-6.609029575913,-2.401513112626,17.75));
#2804 = DIRECTION('',(-0.904827052466,0.425779291565,0.));
#2805 = DIRECTION('',(0.425779291565,0.904827052466,0.));
#2806 = DEFINITIONAL_REPRESENTATION('',(#2807),#2810);
#2807 = B_SPLINE_CURVE_WITH_KNOTS('',1,(#2808,#2809),.UNSPECIFIED.,.F.,
  .F.,(2,2),(-1.57395527413,-1.214886895058),.PIECEWISE_BEZIER_KNOTS.);
#2808 = CARTESIAN_POINT('',(0.359068379072,-0.5));
#2809 = CARTESIAN_POINT('',(0.,-0.5));
#2810 = ( GEOMETRIC_REPRESENTATION_CONTEXT(2) 
PARAMETRIC_REPRESENTATION_CONTEXT() REPRESENTATION_CONTEXT('2D SPACE',''
  ) );
#2811 = ORIENTED_EDGE('',*,*,#2812,.T.);
#2812 = EDGE_CURVE('',#2787,#2813,#2815,.T.);
#2813 = VERTEX_POINT('',#2814);
#2814 = CARTESIAN_POINT('',(-6.9709603969,-2.231201396,18.25));
#2815 = SURFACE_CURVE('',#2816,(#2820,#2826),.PCURVE_S1.);
#2816 = LINE('',#2817,#2818);
#2817 = CARTESIAN_POINT('',(-7.69320651694,-1.891338169665,18.25));
#2818 = VECTOR('',#2819,1.);
#2819 = DIRECTION('',(-0.904827052466,0.425779291565,0.));
#2820 = PCURVE('',#325,#2821);
#2821 = DEFINITIONAL_REPRESENTATION('',(#2822),#2825);
#2822 = B_SPLINE_CURVE_WITH_KNOTS('',1,(#2823,#2824),.UNSPECIFIED.,.F.,
  .F.,(2,2),(-1.198214551689,-0.798214551689),.PIECEWISE_BEZIER_KNOTS.);
#2823 = CARTESIAN_POINT('',(2.840970424087,1.348486887374));
#2824 = CARTESIAN_POINT('',(2.4790396031,1.518798604));
#2825 = ( GEOMETRIC_REPRESENTATION_CONTEXT(2) 
PARAMETRIC_REPRESENTATION_CONTEXT() REPRESENTATION_CONTEXT('2D SPACE',''
  ) );
#2826 = PCURVE('',#2827,#2832);
#2827 = PLANE('',#2828);
#2828 = AXIS2_PLACEMENT_3D('',#2829,#2830,#2831);
#2829 = CARTESIAN_POINT('',(-6.9709603969,-2.231201396,17.75));
#2830 = DIRECTION('',(0.425779291565,0.904827052466,0.));
#2831 = DIRECTION('',(0.904827052466,-0.425779291565,0.));
#2832 = DEFINITIONAL_REPRESENTATION('',(#2833),#2836);
#2833 = B_SPLINE_CURVE_WITH_KNOTS('',1,(#2834,#2835),.UNSPECIFIED.,.F.,
  .F.,(2,2),(-1.198214551689,-0.798214551689),.PIECEWISE_BEZIER_KNOTS.);
#2834 = CARTESIAN_POINT('',(0.4,-0.5));
#2835 = CARTESIAN_POINT('',(0.,-0.5));
#2836 = ( GEOMETRIC_REPRESENTATION_CONTEXT(2) 
PARAMETRIC_REPRESENTATION_CONTEXT() REPRESENTATION_CONTEXT('2D SPACE',''
  ) );
#2837 = ORIENTED_EDGE('',*,*,#2838,.T.);
#2838 = EDGE_CURVE('',#2813,#2839,#2841,.T.);
#2839 = VERTEX_POINT('',#2840);
#2840 = CARTESIAN_POINT('',(-6.818076516835,-1.90630661293,18.25));
#2841 = SURFACE_CURVE('',#2842,(#2846,#2852),.PCURVE_S1.);
#2842 = LINE('',#2843,#2844);
#2843 = CARTESIAN_POINT('',(-7.292375604289,-2.914243480201,18.25));
#2844 = VECTOR('',#2845,1.);
#2845 = DIRECTION('',(0.425779291565,0.904827052466,-0.));
#2846 = PCURVE('',#325,#2847);
#2847 = DEFINITIONAL_REPRESENTATION('',(#2848),#2851);
#2848 = B_SPLINE_CURVE_WITH_KNOTS('',1,(#2849,#2850),.UNSPECIFIED.,.F.,
  .F.,(2,2),(0.754886895058,1.11395527413),.PIECEWISE_BEZIER_KNOTS.);
#2849 = CARTESIAN_POINT('',(2.4790396031,1.518798604));
#2850 = CARTESIAN_POINT('',(2.631923483165,1.84369338707));
#2851 = ( GEOMETRIC_REPRESENTATION_CONTEXT(2) 
PARAMETRIC_REPRESENTATION_CONTEXT() REPRESENTATION_CONTEXT('2D SPACE',''
  ) );
#2852 = PCURVE('',#2853,#2858);
#2853 = PLANE('',#2854);
#2854 = AXIS2_PLACEMENT_3D('',#2855,#2856,#2857);
#2855 = CARTESIAN_POINT('',(-6.57924344866,-1.398760507731,17.75));
#2856 = DIRECTION('',(0.904827052466,-0.425779291565,0.));
#2857 = DIRECTION('',(-0.425779291565,-0.904827052466,0.));
#2858 = DEFINITIONAL_REPRESENTATION('',(#2859),#2862);
#2859 = B_SPLINE_CURVE_WITH_KNOTS('',1,(#2860,#2861),.UNSPECIFIED.,.F.,
  .F.,(2,2),(0.754886895058,1.11395527413),.PIECEWISE_BEZIER_KNOTS.);
#2860 = CARTESIAN_POINT('',(0.92,-0.5));
#2861 = CARTESIAN_POINT('',(0.560931620928,-0.5));
#2862 = ( GEOMETRIC_REPRESENTATION_CONTEXT(2) 
PARAMETRIC_REPRESENTATION_CONTEXT() REPRESENTATION_CONTEXT('2D SPACE',''
  ) );
#2863 = ORIENTED_EDGE('',*,*,#2864,.T.);
#2864 = EDGE_CURVE('',#2839,#2865,#2867,.T.);
#2865 = VERTEX_POINT('',#2866);
#2866 = CARTESIAN_POINT('',(-6.948823966421,-1.823331758319,18.25));
#2867 = SURFACE_CURVE('',#2868,(#2873,#2884),.PCURVE_S1.);
#2868 = CIRCLE('',#2869,2.21);
#2869 = AXIS2_PLACEMENT_3D('',#2870,#2871,#2872);
#2870 = CARTESIAN_POINT('',(-5.7,0.,18.25));
#2871 = DIRECTION('',(0.,0.,-1.));
#2872 = DIRECTION('',(1.,0.,0.));
#2873 = PCURVE('',#325,#2874);
#2874 = DEFINITIONAL_REPRESENTATION('',(#2875),#2883);
#2875 = ( BOUNDED_CURVE() B_SPLINE_CURVE(2,(#2876,#2877,#2878,#2879,
#2880,#2881,#2882),.UNSPECIFIED.,.T.,.F.) B_SPLINE_CURVE_WITH_KNOTS((1,2
    ,2,2,2,1),(-2.094395102393,0.,2.094395102393,4.188790204786,
6.28318530718,8.377580409573),.UNSPECIFIED.) CURVE() 
GEOMETRIC_REPRESENTATION_ITEM() RATIONAL_B_SPLINE_CURVE((1.,0.5,1.,0.5,
1.,0.5,1.)) REPRESENTATION_ITEM('') );
#2876 = CARTESIAN_POINT('',(5.96,3.75));
#2877 = CARTESIAN_POINT('',(5.96,-7.783228472722E-02));
#2878 = CARTESIAN_POINT('',(2.645,1.836083857636));
#2879 = CARTESIAN_POINT('',(-0.67,3.75));
#2880 = CARTESIAN_POINT('',(2.645,5.663916142364));
#2881 = CARTESIAN_POINT('',(5.96,7.577832284727));
#2882 = CARTESIAN_POINT('',(5.96,3.75));
#2883 = ( GEOMETRIC_REPRESENTATION_CONTEXT(2) 
PARAMETRIC_REPRESENTATION_CONTEXT() REPRESENTATION_CONTEXT('2D SPACE',''
  ) );
#2884 = PCURVE('',#2885,#2890);
#2885 = CYLINDRICAL_SURFACE('',#2886,2.21);
#2886 = AXIS2_PLACEMENT_3D('',#2887,#2888,#2889);
#2887 = CARTESIAN_POINT('',(-5.7,0.,17.75));
#2888 = DIRECTION('',(-0.,-0.,-1.));
#2889 = DIRECTION('',(1.,0.,0.));
#2890 = DEFINITIONAL_REPRESENTATION('',(#2891),#2895);
#2891 = LINE('',#2892,#2893);
#2892 = CARTESIAN_POINT('',(-6.28318530718,-0.5));
#2893 = VECTOR('',#2894,1.);
#2894 = DIRECTION('',(1.,-0.));
#2895 = ( GEOMETRIC_REPRESENTATION_CONTEXT(2) 
PARAMETRIC_REPRESENTATION_CONTEXT() REPRESENTATION_CONTEXT('2D SPACE',''
  ) );
#2896 = ORIENTED_EDGE('',*,*,#2897,.T.);
#2897 = EDGE_CURVE('',#2865,#2898,#2900,.T.);
#2898 = VERTEX_POINT('',#2899);
#2899 = CARTESIAN_POINT('',(-7.177702765201,-2.099998699456,18.25));
#2900 = SURFACE_CURVE('',#2901,(#2905,#2911),.PCURVE_S1.);
#2901 = LINE('',#2902,#2903);
#2902 = CARTESIAN_POINT('',(-8.044524373457,-3.147806028685,18.25));
#2903 = VECTOR('',#2904,1.);
#2904 = DIRECTION('',(-0.637423989749,-0.770513242776,0.));
#2905 = PCURVE('',#325,#2906);
#2906 = DEFINITIONAL_REPRESENTATION('',(#2907),#2910);
#2907 = B_SPLINE_CURVE_WITH_KNOTS('',1,(#2908,#2909),.UNSPECIFIED.,.F.,
  .F.,(2,2),(-1.718950690056,-1.359882310983),.PIECEWISE_BEZIER_KNOTS.);
#2908 = CARTESIAN_POINT('',(2.501176033579,1.926668241681));
#2909 = CARTESIAN_POINT('',(2.272297234799,1.650001300544));
#2910 = ( GEOMETRIC_REPRESENTATION_CONTEXT(2) 
PARAMETRIC_REPRESENTATION_CONTEXT() REPRESENTATION_CONTEXT('2D SPACE',''
  ) );
#2911 = PCURVE('',#2912,#2917);
#2912 = PLANE('',#2913);
#2913 = AXIS2_PLACEMENT_3D('',#2914,#2915,#2916);
#2914 = CARTESIAN_POINT('',(-7.177702765201,-2.099998699456,17.75));
#2915 = DIRECTION('',(-0.770513242776,0.637423989749,0.));
#2916 = DIRECTION('',(0.637423989749,0.770513242776,0.));
#2917 = DEFINITIONAL_REPRESENTATION('',(#2918),#2921);
#2918 = B_SPLINE_CURVE_WITH_KNOTS('',1,(#2919,#2920),.UNSPECIFIED.,.F.,
  .F.,(2,2),(-1.718950690056,-1.359882310983),.PIECEWISE_BEZIER_KNOTS.);
#2919 = CARTESIAN_POINT('',(0.359068379072,-0.5));
#2920 = CARTESIAN_POINT('',(0.,-0.5));
#2921 = ( GEOMETRIC_REPRESENTATION_CONTEXT(2) 
PARAMETRIC_REPRESENTATION_CONTEXT() REPRESENTATION_CONTEXT('2D SPACE',''
  ) );
#2922 = ORIENTED_EDGE('',*,*,#2923,.T.);
#2923 = EDGE_CURVE('',#2898,#2924,#2926,.T.);
#2924 = VERTEX_POINT('',#2925);
#2925 = CARTESIAN_POINT('',(-7.485908062312,-1.845029103556,18.25));
#2926 = SURFACE_CURVE('',#2927,(#2931,#2937),.PCURVE_S1.);
#2927 = LINE('',#2928,#2929);
#2928 = CARTESIAN_POINT('',(-7.6011324229,-1.749707222549,18.25));
#2929 = VECTOR('',#2930,1.);
#2930 = DIRECTION('',(-0.770513242776,0.637423989749,0.));
#2931 = PCURVE('',#325,#2932);
#2932 = DEFINITIONAL_REPRESENTATION('',(#2933),#2936);
#2933 = B_SPLINE_CURVE_WITH_KNOTS('',1,(#2934,#2935),.UNSPECIFIED.,.F.,
  .F.,(2,2),(-0.549542349426,-0.149542349426),.PIECEWISE_BEZIER_KNOTS.);
#2934 = CARTESIAN_POINT('',(2.272297234799,1.650001300544));
#2935 = CARTESIAN_POINT('',(1.964091937688,1.904970896444));
#2936 = ( GEOMETRIC_REPRESENTATION_CONTEXT(2) 
PARAMETRIC_REPRESENTATION_CONTEXT() REPRESENTATION_CONTEXT('2D SPACE',''
  ) );
#2937 = PCURVE('',#2938,#2943);
#2938 = PLANE('',#2939);
#2939 = AXIS2_PLACEMENT_3D('',#2940,#2941,#2942);
#2940 = CARTESIAN_POINT('',(-7.485908062312,-1.845029103556,17.75));
#2941 = DIRECTION('',(0.637423989749,0.770513242776,0.));
#2942 = DIRECTION('',(0.770513242776,-0.637423989749,0.));
#2943 = DEFINITIONAL_REPRESENTATION('',(#2944),#2947);
#2944 = B_SPLINE_CURVE_WITH_KNOTS('',1,(#2945,#2946),.UNSPECIFIED.,.F.,
  .F.,(2,2),(-0.549542349426,-0.149542349426),.PIECEWISE_BEZIER_KNOTS.);
#2945 = CARTESIAN_POINT('',(0.4,-0.5));
#2946 = CARTESIAN_POINT('',(0.,-0.5));
#2947 = ( GEOMETRIC_REPRESENTATION_CONTEXT(2) 
PARAMETRIC_REPRESENTATION_CONTEXT() REPRESENTATION_CONTEXT('2D SPACE',''
  ) );
#2948 = ORIENTED_EDGE('',*,*,#2949,.T.);
#2949 = EDGE_CURVE('',#2924,#2950,#2952,.T.);
#2950 = VERTEX_POINT('',#2951);
#2951 = CARTESIAN_POINT('',(-7.257029263531,-1.568362162419,18.25));
#2952 = SURFACE_CURVE('',#2953,(#2957,#2963),.PCURVE_S1.);
#2953 = LINE('',#2954,#2955);
#2954 = CARTESIAN_POINT('',(-8.059514635283,-2.538400341109,18.25));
#2955 = VECTOR('',#2956,1.);
#2956 = DIRECTION('',(0.637423989749,0.770513242776,-0.));
#2957 = PCURVE('',#325,#2958);
#2958 = DEFINITIONAL_REPRESENTATION('',(#2959),#2962);
#2959 = B_SPLINE_CURVE_WITH_KNOTS('',1,(#2960,#2961),.UNSPECIFIED.,.F.,
  .F.,(2,2),(0.899882310983,1.258950690056),.PIECEWISE_BEZIER_KNOTS.);
#2960 = CARTESIAN_POINT('',(1.964091937688,1.904970896444));
#2961 = CARTESIAN_POINT('',(2.192970736469,2.181637837581));
#2962 = ( GEOMETRIC_REPRESENTATION_CONTEXT(2) 
PARAMETRIC_REPRESENTATION_CONTEXT() REPRESENTATION_CONTEXT('2D SPACE',''
  ) );
#2963 = PCURVE('',#2964,#2969);
#2964 = PLANE('',#2965);
#2965 = AXIS2_PLACEMENT_3D('',#2966,#2967,#2968);
#2966 = CARTESIAN_POINT('',(-6.899477991743,-1.136156920203,17.75));
#2967 = DIRECTION('',(0.770513242776,-0.637423989749,0.));
#2968 = DIRECTION('',(-0.637423989749,-0.770513242776,0.));
#2969 = DEFINITIONAL_REPRESENTATION('',(#2970),#2973);
#2970 = B_SPLINE_CURVE_WITH_KNOTS('',1,(#2971,#2972),.UNSPECIFIED.,.F.,
  .F.,(2,2),(0.899882310983,1.258950690056),.PIECEWISE_BEZIER_KNOTS.);
#2971 = CARTESIAN_POINT('',(0.92,-0.5));
#2972 = CARTESIAN_POINT('',(0.560931620928,-0.5));
#2973 = ( GEOMETRIC_REPRESENTATION_CONTEXT(2) 
PARAMETRIC_REPRESENTATION_CONTEXT() REPRESENTATION_CONTEXT('2D SPACE',''
  ) );
#2974 = ORIENTED_EDGE('',*,*,#2975,.T.);
#2975 = EDGE_CURVE('',#2950,#2976,#2978,.T.);
#2976 = VERTEX_POINT('',#2977);
#2977 = CARTESIAN_POINT('',(-7.363034034329,-1.455478546961,18.25));
#2978 = SURFACE_CURVE('',#2979,(#2984,#2995),.PCURVE_S1.);
#2979 = CIRCLE('',#2980,2.21);
#2980 = AXIS2_PLACEMENT_3D('',#2981,#2982,#2983);
#2981 = CARTESIAN_POINT('',(-5.7,0.,18.25));
#2982 = DIRECTION('',(0.,0.,-1.));
#2983 = DIRECTION('',(1.,0.,0.));
#2984 = PCURVE('',#325,#2985);
#2985 = DEFINITIONAL_REPRESENTATION('',(#2986),#2994);
#2986 = ( BOUNDED_CURVE() B_SPLINE_CURVE(2,(#2987,#2988,#2989,#2990,
#2991,#2992,#2993),.UNSPECIFIED.,.T.,.F.) B_SPLINE_CURVE_WITH_KNOTS((1,2
    ,2,2,2,1),(-2.094395102393,0.,2.094395102393,4.188790204786,
6.28318530718,8.377580409573),.UNSPECIFIED.) CURVE() 
GEOMETRIC_REPRESENTATION_ITEM() RATIONAL_B_SPLINE_CURVE((1.,0.5,1.,0.5,
1.,0.5,1.)) REPRESENTATION_ITEM('') );
#2987 = CARTESIAN_POINT('',(5.96,3.75));
#2988 = CARTESIAN_POINT('',(5.96,-7.783228472722E-02));
#2989 = CARTESIAN_POINT('',(2.645,1.836083857636));
#2990 = CARTESIAN_POINT('',(-0.67,3.75));
#2991 = CARTESIAN_POINT('',(2.645,5.663916142364));
#2992 = CARTESIAN_POINT('',(5.96,7.577832284727));
#2993 = CARTESIAN_POINT('',(5.96,3.75));
#2994 = ( GEOMETRIC_REPRESENTATION_CONTEXT(2) 
PARAMETRIC_REPRESENTATION_CONTEXT() REPRESENTATION_CONTEXT('2D SPACE',''
  ) );
#2995 = PCURVE('',#2996,#3001);
#2996 = CYLINDRICAL_SURFACE('',#2997,2.21);
#2997 = AXIS2_PLACEMENT_3D('',#2998,#2999,#3000);
#2998 = CARTESIAN_POINT('',(-5.7,0.,17.75));
#2999 = DIRECTION('',(-0.,-0.,-1.));
#3000 = DIRECTION('',(1.,0.,0.));
#3001 = DEFINITIONAL_REPRESENTATION('',(#3002),#3006);
#3002 = LINE('',#3003,#3004);
#3003 = CARTESIAN_POINT('',(-6.28318530718,-0.5));
#3004 = VECTOR('',#3005,1.);
#3005 = DIRECTION('',(1.,-0.));
#3006 = ( GEOMETRIC_REPRESENTATION_CONTEXT(2) 
PARAMETRIC_REPRESENTATION_CONTEXT() REPRESENTATION_CONTEXT('2D SPACE',''
  ) );
#3007 = ORIENTED_EDGE('',*,*,#3008,.T.);
#3008 = EDGE_CURVE('',#2976,#3009,#3011,.T.);
#3009 = VERTEX_POINT('',#3010);
#3010 = CARTESIAN_POINT('',(-7.653526455141,-1.666533644744,18.25));
#3011 = SURFACE_CURVE('',#3012,(#3016,#3022),.PCURVE_S1.);
#3012 = LINE('',#3013,#3014);
#3013 = CARTESIAN_POINT('',(-8.736803618595,-2.45358057361,18.25));
#3014 = VECTOR('',#3015,1.);
#3015 = DIRECTION('',(-0.809016994375,-0.587785252292,0.));
#3016 = PCURVE('',#325,#3017);
#3017 = DEFINITIONAL_REPRESENTATION('',(#3018),#3021);
#3018 = B_SPLINE_CURVE_WITH_KNOTS('',1,(#3019,#3020),.UNSPECIFIED.,.F.,
  .F.,(2,2),(-1.698072591574,-1.339004212501),.PIECEWISE_BEZIER_KNOTS.);
#3019 = CARTESIAN_POINT('',(2.086965965671,2.294521453039));
#3020 = CARTESIAN_POINT('',(1.796473544859,2.083466355256));
#3021 = ( GEOMETRIC_REPRESENTATION_CONTEXT(2) 
PARAMETRIC_REPRESENTATION_CONTEXT() REPRESENTATION_CONTEXT('2D SPACE',''
  ) );
#3022 = PCURVE('',#3023,#3028);
#3023 = PLANE('',#3024);
#3024 = AXIS2_PLACEMENT_3D('',#3025,#3026,#3027);
#3025 = CARTESIAN_POINT('',(-7.653526455141,-1.666533644744,17.75));
#3026 = DIRECTION('',(-0.587785252292,0.809016994375,0.));
#3027 = DIRECTION('',(0.809016994375,0.587785252292,0.));
#3028 = DEFINITIONAL_REPRESENTATION('',(#3029),#3032);
#3029 = B_SPLINE_CURVE_WITH_KNOTS('',1,(#3030,#3031),.UNSPECIFIED.,.F.,
  .F.,(2,2),(-1.698072591574,-1.339004212501),.PIECEWISE_BEZIER_KNOTS.);
#3030 = CARTESIAN_POINT('',(0.359068379072,-0.5));
#3031 = CARTESIAN_POINT('',(0.,-0.5));
#3032 = ( GEOMETRIC_REPRESENTATION_CONTEXT(2) 
PARAMETRIC_REPRESENTATION_CONTEXT() REPRESENTATION_CONTEXT('2D SPACE',''
  ) );
#3033 = ORIENTED_EDGE('',*,*,#3034,.T.);
#3034 = EDGE_CURVE('',#3009,#3035,#3037,.T.);
#3035 = VERTEX_POINT('',#3036);
#3036 = CARTESIAN_POINT('',(-7.888640556058,-1.342926846994,18.25));
#3037 = SURFACE_CURVE('',#3038,(#3042,#3048),.PCURVE_S1.);
#3038 = LINE('',#3039,#3040);
#3039 = CARTESIAN_POINT('',(-7.586043114576,-1.759416494631,18.25));
#3040 = VECTOR('',#3041,1.);
#3041 = DIRECTION('',(-0.587785252292,0.809016994375,0.));
#3042 = PCURVE('',#325,#3043);
#3043 = DEFINITIONAL_REPRESENTATION('',(#3044),#3047);
#3044 = B_SPLINE_CURVE_WITH_KNOTS('',1,(#3045,#3046),.UNSPECIFIED.,.F.,
  .F.,(2,2),(0.114809516405,0.514809516405),.PIECEWISE_BEZIER_KNOTS.);
#3045 = CARTESIAN_POINT('',(1.796473544859,2.083466355256));
#3046 = CARTESIAN_POINT('',(1.561359443942,2.407073153006));
#3047 = ( GEOMETRIC_REPRESENTATION_CONTEXT(2) 
PARAMETRIC_REPRESENTATION_CONTEXT() REPRESENTATION_CONTEXT('2D SPACE',''
  ) );
#3048 = PCURVE('',#3049,#3054);
#3049 = PLANE('',#3050);
#3050 = AXIS2_PLACEMENT_3D('',#3051,#3052,#3053);
#3051 = CARTESIAN_POINT('',(-7.888640556058,-1.342926846994,17.75));
#3052 = DIRECTION('',(0.809016994375,0.587785252292,0.));
#3053 = DIRECTION('',(0.587785252292,-0.809016994375,0.));
#3054 = DEFINITIONAL_REPRESENTATION('',(#3055),#3058);
#3055 = B_SPLINE_CURVE_WITH_KNOTS('',1,(#3056,#3057),.UNSPECIFIED.,.F.,
  .F.,(2,2),(0.114809516405,0.514809516405),.PIECEWISE_BEZIER_KNOTS.);
#3056 = CARTESIAN_POINT('',(0.4,-0.5));
#3057 = CARTESIAN_POINT('',(0.,-0.5));
#3058 = ( GEOMETRIC_REPRESENTATION_CONTEXT(2) 
PARAMETRIC_REPRESENTATION_CONTEXT() REPRESENTATION_CONTEXT('2D SPACE',''
  ) );
#3059 = ORIENTED_EDGE('',*,*,#3060,.T.);
#3060 = EDGE_CURVE('',#3035,#3061,#3063,.T.);
#3061 = VERTEX_POINT('',#3062);
#3062 = CARTESIAN_POINT('',(-7.598148135246,-1.131871749211,18.25));
#3063 = SURFACE_CURVE('',#3064,(#3068,#3074),.PCURVE_S1.);
#3064 = LINE('',#3065,#3066);
#3065 = CARTESIAN_POINT('',(-8.599769902099,-1.859592559805,18.25));
#3066 = VECTOR('',#3067,1.);
#3067 = DIRECTION('',(0.809016994375,0.587785252292,-0.));
#3068 = PCURVE('',#325,#3069);
#3069 = DEFINITIONAL_REPRESENTATION('',(#3070),#3073);
#3070 = B_SPLINE_CURVE_WITH_KNOTS('',1,(#3071,#3072),.UNSPECIFIED.,.F.,
  .F.,(2,2),(0.879004212501,1.238072591574),.PIECEWISE_BEZIER_KNOTS.);
#3071 = CARTESIAN_POINT('',(1.561359443942,2.407073153006));
#3072 = CARTESIAN_POINT('',(1.851851864754,2.618128250789));
#3073 = ( GEOMETRIC_REPRESENTATION_CONTEXT(2) 
PARAMETRIC_REPRESENTATION_CONTEXT() REPRESENTATION_CONTEXT('2D SPACE',''
  ) );
#3074 = PCURVE('',#3075,#3080);
#3075 = PLANE('',#3076);
#3076 = AXIS2_PLACEMENT_3D('',#3077,#3078,#3079);
#3077 = CARTESIAN_POINT('',(-7.144344921233,-0.802164414885,17.75));
#3078 = DIRECTION('',(0.587785252292,-0.809016994375,0.));
#3079 = DIRECTION('',(-0.809016994375,-0.587785252292,0.));
#3080 = DEFINITIONAL_REPRESENTATION('',(#3081),#3084);
#3081 = B_SPLINE_CURVE_WITH_KNOTS('',1,(#3082,#3083),.UNSPECIFIED.,.F.,
  .F.,(2,2),(0.879004212501,1.238072591574),.PIECEWISE_BEZIER_KNOTS.);
#3082 = CARTESIAN_POINT('',(0.92,-0.5));
#3083 = CARTESIAN_POINT('',(0.560931620928,-0.5));
#3084 = ( GEOMETRIC_REPRESENTATION_CONTEXT(2) 
PARAMETRIC_REPRESENTATION_CONTEXT() REPRESENTATION_CONTEXT('2D SPACE',''
  ) );
#3085 = ORIENTED_EDGE('',*,*,#3086,.T.);
#3086 = EDGE_CURVE('',#3061,#3087,#3089,.T.);
#3087 = VERTEX_POINT('',#3088);
#3088 = CARTESIAN_POINT('',(-7.67274955765,-0.996172265621,18.25));
#3089 = SURFACE_CURVE('',#3090,(#3095,#3106),.PCURVE_S1.);
#3090 = CIRCLE('',#3091,2.21);
#3091 = AXIS2_PLACEMENT_3D('',#3092,#3093,#3094);
#3092 = CARTESIAN_POINT('',(-5.7,0.,18.25));
#3093 = DIRECTION('',(0.,0.,-1.));
#3094 = DIRECTION('',(1.,0.,0.));
#3095 = PCURVE('',#325,#3096);
#3096 = DEFINITIONAL_REPRESENTATION('',(#3097),#3105);
#3097 = ( BOUNDED_CURVE() B_SPLINE_CURVE(2,(#3098,#3099,#3100,#3101,
#3102,#3103,#3104),.UNSPECIFIED.,.T.,.F.) B_SPLINE_CURVE_WITH_KNOTS((1,2
    ,2,2,2,1),(-2.094395102393,0.,2.094395102393,4.188790204786,
6.28318530718,8.377580409573),.UNSPECIFIED.) CURVE() 
GEOMETRIC_REPRESENTATION_ITEM() RATIONAL_B_SPLINE_CURVE((1.,0.5,1.,0.5,
1.,0.5,1.)) REPRESENTATION_ITEM('') );
#3098 = CARTESIAN_POINT('',(5.96,3.75));
#3099 = CARTESIAN_POINT('',(5.96,-7.783228472722E-02));
#3100 = CARTESIAN_POINT('',(2.645,1.836083857636));
#3101 = CARTESIAN_POINT('',(-0.67,3.75));
#3102 = CARTESIAN_POINT('',(2.645,5.663916142364));
#3103 = CARTESIAN_POINT('',(5.96,7.577832284727));
#3104 = CARTESIAN_POINT('',(5.96,3.75));
#3105 = ( GEOMETRIC_REPRESENTATION_CONTEXT(2) 
PARAMETRIC_REPRESENTATION_CONTEXT() REPRESENTATION_CONTEXT('2D SPACE',''
  ) );
#3106 = PCURVE('',#3107,#3112);
#3107 = CYLINDRICAL_SURFACE('',#3108,2.21);
#3108 = AXIS2_PLACEMENT_3D('',#3109,#3110,#3111);
#3109 = CARTESIAN_POINT('',(-5.7,0.,17.75));
#3110 = DIRECTION('',(-0.,-0.,-1.));
#3111 = DIRECTION('',(1.,0.,0.));
#3112 = DEFINITIONAL_REPRESENTATION('',(#3113),#3117);
#3113 = LINE('',#3114,#3115);
#3114 = CARTESIAN_POINT('',(-6.28318530718,-0.5));
#3115 = VECTOR('',#3116,1.);
#3116 = DIRECTION('',(1.,-0.));
#3117 = ( GEOMETRIC_REPRESENTATION_CONTEXT(2) 
PARAMETRIC_REPRESENTATION_CONTEXT() REPRESENTATION_CONTEXT('2D SPACE',''
  ) );
#3118 = ORIENTED_EDGE('',*,*,#3119,.T.);
#3119 = EDGE_CURVE('',#3087,#3120,#3122,.T.);
#3120 = VERTEX_POINT('',#3121);
#3121 = CARTESIAN_POINT('',(-8.006602893337,-1.12835415205,18.25));
#3122 = SURFACE_CURVE('',#3123,(#3127,#3133),.PCURVE_S1.);
#3123 = LINE('',#3124,#3125);
#3124 = CARTESIAN_POINT('',(-9.079159991416,-1.553009548215,18.25));
#3125 = VECTOR('',#3126,1.);
#3126 = DIRECTION('',(-0.929776485888,-0.368124552685,0.));
#3127 = PCURVE('',#325,#3128);
#3128 = DEFINITIONAL_REPRESENTATION('',(#3129),#3132);
#3129 = B_SPLINE_CURVE_WITH_KNOTS('',1,(#3130,#3131),.UNSPECIFIED.,.F.,
  .F.,(2,2),(-1.512632826396,-1.153564447324),.PIECEWISE_BEZIER_KNOTS.);
#3130 = CARTESIAN_POINT('',(1.77725044235,2.753827734379));
#3131 = CARTESIAN_POINT('',(1.443397106663,2.62164584795));
#3132 = ( GEOMETRIC_REPRESENTATION_CONTEXT(2) 
PARAMETRIC_REPRESENTATION_CONTEXT() REPRESENTATION_CONTEXT('2D SPACE',''
  ) );
#3133 = PCURVE('',#3134,#3139);
#3134 = PLANE('',#3135);
#3135 = AXIS2_PLACEMENT_3D('',#3136,#3137,#3138);
#3136 = CARTESIAN_POINT('',(-8.006602893337,-1.12835415205,17.75));
#3137 = DIRECTION('',(-0.368124552685,0.929776485888,0.));
#3138 = DIRECTION('',(0.929776485888,0.368124552685,0.));
#3139 = DEFINITIONAL_REPRESENTATION('',(#3140),#3143);
#3140 = B_SPLINE_CURVE_WITH_KNOTS('',1,(#3141,#3142),.UNSPECIFIED.,.F.,
  .F.,(2,2),(-1.512632826396,-1.153564447324),.PIECEWISE_BEZIER_KNOTS.);
#3141 = CARTESIAN_POINT('',(0.359068379072,-0.5));
#3142 = CARTESIAN_POINT('',(0.,-0.5));
#3143 = ( GEOMETRIC_REPRESENTATION_CONTEXT(2) 
PARAMETRIC_REPRESENTATION_CONTEXT() REPRESENTATION_CONTEXT('2D SPACE',''
  ) );
#3144 = ORIENTED_EDGE('',*,*,#3145,.T.);
#3145 = EDGE_CURVE('',#3120,#3146,#3148,.T.);
#3146 = VERTEX_POINT('',#3147);
#3147 = CARTESIAN_POINT('',(-8.153852714411,-0.756443557695,18.25));
#3148 = SURFACE_CURVE('',#3149,(#3153,#3159),.PCURVE_S1.);
#3149 = LINE('',#3150,#3151);
#3150 = CARTESIAN_POINT('',(-7.729369259127,-1.828566382683,18.25));
#3151 = VECTOR('',#3152,1.);
#3152 = DIRECTION('',(-0.368124552685,0.929776485888,0.));
#3153 = PCURVE('',#325,#3154);
#3154 = DEFINITIONAL_REPRESENTATION('',(#3155),#3158);
#3155 = B_SPLINE_CURVE_WITH_KNOTS('',1,(#3156,#3157),.UNSPECIFIED.,.F.,
  .F.,(2,2),(0.753097374757,1.153097374757),.PIECEWISE_BEZIER_KNOTS.);
#3156 = CARTESIAN_POINT('',(1.443397106663,2.62164584795));
#3157 = CARTESIAN_POINT('',(1.296147285589,2.993556442305));
#3158 = ( GEOMETRIC_REPRESENTATION_CONTEXT(2) 
PARAMETRIC_REPRESENTATION_CONTEXT() REPRESENTATION_CONTEXT('2D SPACE',''
  ) );
#3159 = PCURVE('',#3160,#3165);
#3160 = PLANE('',#3161);
#3161 = AXIS2_PLACEMENT_3D('',#3162,#3163,#3164);
#3162 = CARTESIAN_POINT('',(-8.153852714411,-0.756443557695,17.75));
#3163 = DIRECTION('',(0.929776485888,0.368124552685,0.));
#3164 = DIRECTION('',(0.368124552685,-0.929776485888,0.));
#3165 = DEFINITIONAL_REPRESENTATION('',(#3166),#3169);
#3166 = B_SPLINE_CURVE_WITH_KNOTS('',1,(#3167,#3168),.UNSPECIFIED.,.F.,
  .F.,(2,2),(0.753097374757,1.153097374757),.PIECEWISE_BEZIER_KNOTS.);
#3167 = CARTESIAN_POINT('',(0.4,-0.5));
#3168 = CARTESIAN_POINT('',(0.,-0.5));
#3169 = ( GEOMETRIC_REPRESENTATION_CONTEXT(2) 
PARAMETRIC_REPRESENTATION_CONTEXT() REPRESENTATION_CONTEXT('2D SPACE',''
  ) );
#3170 = ORIENTED_EDGE('',*,*,#3171,.T.);
#3171 = EDGE_CURVE('',#3146,#3172,#3174,.T.);
#3172 = VERTEX_POINT('',#3173);
#3173 = CARTESIAN_POINT('',(-7.819999378724,-0.624261671266,18.25));
#3174 = SURFACE_CURVE('',#3175,(#3179,#3185),.PCURVE_S1.);
#3175 = LINE('',#3176,#3177);
#3176 = CARTESIAN_POINT('',(-8.798712628981,-1.011761659624,18.25));
#3177 = VECTOR('',#3178,1.);
#3178 = DIRECTION('',(0.929776485888,0.368124552685,-0.));
#3179 = PCURVE('',#325,#3180);
#3180 = DEFINITIONAL_REPRESENTATION('',(#3181),#3184);
#3181 = B_SPLINE_CURVE_WITH_KNOTS('',1,(#3182,#3183),.UNSPECIFIED.,.F.,
  .F.,(2,2),(0.693564447324,1.052632826396),.PIECEWISE_BEZIER_KNOTS.);
#3182 = CARTESIAN_POINT('',(1.296147285589,2.993556442305));
#3183 = CARTESIAN_POINT('',(1.630000621276,3.125738328734));
#3184 = ( GEOMETRIC_REPRESENTATION_CONTEXT(2) 
PARAMETRIC_REPRESENTATION_CONTEXT() REPRESENTATION_CONTEXT('2D SPACE',''
  ) );
#3185 = PCURVE('',#3186,#3191);
#3186 = PLANE('',#3187);
#3187 = AXIS2_PLACEMENT_3D('',#3188,#3189,#3190);
#3188 = CARTESIAN_POINT('',(-7.298458347394,-0.417768969225,17.75));
#3189 = DIRECTION('',(0.368124552685,-0.929776485888,0.));
#3190 = DIRECTION('',(-0.929776485888,-0.368124552685,0.));
#3191 = DEFINITIONAL_REPRESENTATION('',(#3192),#3195);
#3192 = B_SPLINE_CURVE_WITH_KNOTS('',1,(#3193,#3194),.UNSPECIFIED.,.F.,
  .F.,(2,2),(0.693564447324,1.052632826396),.PIECEWISE_BEZIER_KNOTS.);
#3193 = CARTESIAN_POINT('',(0.92,-0.5));
#3194 = CARTESIAN_POINT('',(0.560931620928,-0.5));
#3195 = ( GEOMETRIC_REPRESENTATION_CONTEXT(2) 
PARAMETRIC_REPRESENTATION_CONTEXT() REPRESENTATION_CONTEXT('2D SPACE',''
  ) );
#3196 = ORIENTED_EDGE('',*,*,#3197,.T.);
#3197 = EDGE_CURVE('',#3172,#3198,#3200,.T.);
#3198 = VERTEX_POINT('',#3199);
#3199 = CARTESIAN_POINT('',(-7.858509970998,-0.474272817168,18.25));
#3200 = SURFACE_CURVE('',#3201,(#3206,#3217),.PCURVE_S1.);
#3201 = CIRCLE('',#3202,2.21);
#3202 = AXIS2_PLACEMENT_3D('',#3203,#3204,#3205);
#3203 = CARTESIAN_POINT('',(-5.7,0.,18.25));
#3204 = DIRECTION('',(0.,0.,-1.));
#3205 = DIRECTION('',(1.,0.,0.));
#3206 = PCURVE('',#325,#3207);
#3207 = DEFINITIONAL_REPRESENTATION('',(#3208),#3216);
#3208 = ( BOUNDED_CURVE() B_SPLINE_CURVE(2,(#3209,#3210,#3211,#3212,
#3213,#3214,#3215),.UNSPECIFIED.,.T.,.F.) B_SPLINE_CURVE_WITH_KNOTS((1,2
    ,2,2,2,1),(-2.094395102393,0.,2.094395102393,4.188790204786,
6.28318530718,8.377580409573),.UNSPECIFIED.) CURVE() 
GEOMETRIC_REPRESENTATION_ITEM() RATIONAL_B_SPLINE_CURVE((1.,0.5,1.,0.5,
1.,0.5,1.)) REPRESENTATION_ITEM('') );
#3209 = CARTESIAN_POINT('',(5.96,3.75));
#3210 = CARTESIAN_POINT('',(5.96,-7.783228472722E-02));
#3211 = CARTESIAN_POINT('',(2.645,1.836083857636));
#3212 = CARTESIAN_POINT('',(-0.67,3.75));
#3213 = CARTESIAN_POINT('',(2.645,5.663916142364));
#3214 = CARTESIAN_POINT('',(5.96,7.577832284727));
#3215 = CARTESIAN_POINT('',(5.96,3.75));
#3216 = ( GEOMETRIC_REPRESENTATION_CONTEXT(2) 
PARAMETRIC_REPRESENTATION_CONTEXT() REPRESENTATION_CONTEXT('2D SPACE',''
  ) );
#3217 = PCURVE('',#3218,#3223);
#3218 = CYLINDRICAL_SURFACE('',#3219,2.21);
#3219 = AXIS2_PLACEMENT_3D('',#3220,#3221,#3222);
#3220 = CARTESIAN_POINT('',(-5.7,0.,17.75));
#3221 = DIRECTION('',(-0.,-0.,-1.));
#3222 = DIRECTION('',(1.,0.,0.));
#3223 = DEFINITIONAL_REPRESENTATION('',(#3224),#3228);
#3224 = LINE('',#3225,#3226);
#3225 = CARTESIAN_POINT('',(-6.28318530718,-0.5));
#3226 = VECTOR('',#3227,1.);
#3227 = DIRECTION('',(1.,-0.));
#3228 = ( GEOMETRIC_REPRESENTATION_CONTEXT(2) 
PARAMETRIC_REPRESENTATION_CONTEXT() REPRESENTATION_CONTEXT('2D SPACE',''
  ) );
#3229 = ORIENTED_EDGE('',*,*,#3230,.T.);
#3230 = EDGE_CURVE('',#3198,#3231,#3233,.T.);
#3231 = VERTEX_POINT('',#3232);
#3232 = CARTESIAN_POINT('',(-8.214746988652,-0.519276018188,18.25));
#3233 = SURFACE_CURVE('',#3234,(#3238,#3244),.PCURVE_S1.);
#3234 = LINE('',#3235,#3236);
#3235 = CARTESIAN_POINT('',(-9.023533653745,-0.621449534884,18.25));
#3236 = VECTOR('',#3237,1.);
#3237 = DIRECTION('',(-0.992114701314,-0.125333233564,0.));
#3238 = PCURVE('',#325,#3239);
#3239 = DEFINITIONAL_REPRESENTATION('',(#3240),#3243);
#3240 = B_SPLINE_CURVE_WITH_KNOTS('',1,(#3241,#3242),.UNSPECIFIED.,.F.,
  .F.,(2,2),(-1.17428325697,-0.815214877898),.PIECEWISE_BEZIER_KNOTS.);
#3241 = CARTESIAN_POINT('',(1.591490029002,3.275727182832));
#3242 = CARTESIAN_POINT('',(1.235253011348,3.230723981812));
#3243 = ( GEOMETRIC_REPRESENTATION_CONTEXT(2) 
PARAMETRIC_REPRESENTATION_CONTEXT() REPRESENTATION_CONTEXT('2D SPACE',''
  ) );
#3244 = PCURVE('',#3245,#3250);
#3245 = PLANE('',#3246);
#3246 = AXIS2_PLACEMENT_3D('',#3247,#3248,#3249);
#3247 = CARTESIAN_POINT('',(-8.214746988652,-0.519276018188,17.75));
#3248 = DIRECTION('',(-0.125333233564,0.992114701314,0.));
#3249 = DIRECTION('',(0.992114701314,0.125333233564,0.));
#3250 = DEFINITIONAL_REPRESENTATION('',(#3251),#3254);
#3251 = B_SPLINE_CURVE_WITH_KNOTS('',1,(#3252,#3253),.UNSPECIFIED.,.F.,
  .F.,(2,2),(-1.17428325697,-0.815214877898),.PIECEWISE_BEZIER_KNOTS.);
#3252 = CARTESIAN_POINT('',(0.359068379072,-0.5));
#3253 = CARTESIAN_POINT('',(0.,-0.5));
#3254 = ( GEOMETRIC_REPRESENTATION_CONTEXT(2) 
PARAMETRIC_REPRESENTATION_CONTEXT() REPRESENTATION_CONTEXT('2D SPACE',''
  ) );
#3255 = ORIENTED_EDGE('',*,*,#3256,.T.);
#3256 = EDGE_CURVE('',#3231,#3257,#3259,.T.);
#3257 = VERTEX_POINT('',#3258);
#3258 = CARTESIAN_POINT('',(-8.264880282078,-0.122430137662,18.25));
#3259 = SURFACE_CURVE('',#3260,(#3264,#3270),.PCURVE_S1.);
#3260 = LINE('',#3261,#3262);
#3261 = CARTESIAN_POINT('',(-8.048653475946,-1.834041552134,18.25));
#3262 = VECTOR('',#3263,1.);
#3263 = DIRECTION('',(-0.125333233564,0.992114701314,0.));
#3264 = PCURVE('',#325,#3265);
#3265 = DEFINITIONAL_REPRESENTATION('',(#3266),#3269);
#3266 = B_SPLINE_CURVE_WITH_KNOTS('',1,(#3267,#3268),.UNSPECIFIED.,.F.,
  .F.,(2,2),(1.325215252032,1.725215252032),.PIECEWISE_BEZIER_KNOTS.);
#3267 = CARTESIAN_POINT('',(1.235253011348,3.230723981812));
#3268 = CARTESIAN_POINT('',(1.185119717922,3.627569862338));
#3269 = ( GEOMETRIC_REPRESENTATION_CONTEXT(2) 
PARAMETRIC_REPRESENTATION_CONTEXT() REPRESENTATION_CONTEXT('2D SPACE',''
  ) );
#3270 = PCURVE('',#3271,#3276);
#3271 = PLANE('',#3272);
#3272 = AXIS2_PLACEMENT_3D('',#3273,#3274,#3275);
#3273 = CARTESIAN_POINT('',(-8.264880282078,-0.122430137662,17.75));
#3274 = DIRECTION('',(0.992114701314,0.125333233564,0.));
#3275 = DIRECTION('',(0.125333233564,-0.992114701314,0.));
#3276 = DEFINITIONAL_REPRESENTATION('',(#3277),#3280);
#3277 = B_SPLINE_CURVE_WITH_KNOTS('',1,(#3278,#3279),.UNSPECIFIED.,.F.,
  .F.,(2,2),(1.325215252032,1.725215252032),.PIECEWISE_BEZIER_KNOTS.);
#3278 = CARTESIAN_POINT('',(0.4,-0.5));
#3279 = CARTESIAN_POINT('',(0.,-0.5));
#3280 = ( GEOMETRIC_REPRESENTATION_CONTEXT(2) 
PARAMETRIC_REPRESENTATION_CONTEXT() REPRESENTATION_CONTEXT('2D SPACE',''
  ) );
#3281 = ORIENTED_EDGE('',*,*,#3282,.T.);
#3282 = EDGE_CURVE('',#3257,#3283,#3285,.T.);
#3283 = VERTEX_POINT('',#3284);
#3284 = CARTESIAN_POINT('',(-7.908643264423,-7.742693664191E-02,18.25));
#3285 = SURFACE_CURVE('',#3286,(#3290,#3296),.PCURVE_S1.);
#3286 = LINE('',#3287,#3288);
#3287 = CARTESIAN_POINT('',(-8.617294184566,-0.166950366919,18.25));
#3288 = VECTOR('',#3289,1.);
#3289 = DIRECTION('',(0.992114701314,0.125333233564,-0.));
#3290 = PCURVE('',#325,#3291);
#3291 = DEFINITIONAL_REPRESENTATION('',(#3292),#3295);
#3292 = B_SPLINE_CURVE_WITH_KNOTS('',1,(#3293,#3294),.UNSPECIFIED.,.F.,
  .F.,(2,2),(0.355214877898,0.71428325697),.PIECEWISE_BEZIER_KNOTS.);
#3293 = CARTESIAN_POINT('',(1.185119717922,3.627569862338));
#3294 = CARTESIAN_POINT('',(1.541356735577,3.672573063358));
#3295 = ( GEOMETRIC_REPRESENTATION_CONTEXT(2) 
PARAMETRIC_REPRESENTATION_CONTEXT() REPRESENTATION_CONTEXT('2D SPACE',''
  ) );
#3296 = PCURVE('',#3297,#3302);
#3297 = PLANE('',#3298);
#3298 = AXIS2_PLACEMENT_3D('',#3299,#3300,#3301);
#3299 = CARTESIAN_POINT('',(-7.352134756869,-7.123562782563E-03,17.75));
#3300 = DIRECTION('',(0.125333233564,-0.992114701314,0.));
#3301 = DIRECTION('',(-0.992114701314,-0.125333233564,0.));
#3302 = DEFINITIONAL_REPRESENTATION('',(#3303),#3306);
#3303 = B_SPLINE_CURVE_WITH_KNOTS('',1,(#3304,#3305),.UNSPECIFIED.,.F.,
  .F.,(2,2),(0.355214877898,0.71428325697),.PIECEWISE_BEZIER_KNOTS.);
#3304 = CARTESIAN_POINT('',(0.92,-0.5));
#3305 = CARTESIAN_POINT('',(0.560931620928,-0.5));
#3306 = ( GEOMETRIC_REPRESENTATION_CONTEXT(2) 
PARAMETRIC_REPRESENTATION_CONTEXT() REPRESENTATION_CONTEXT('2D SPACE',''
  ) );
#3307 = ORIENTED_EDGE('',*,*,#3308,.T.);
#3308 = EDGE_CURVE('',#3283,#3309,#3311,.T.);
#3309 = VERTEX_POINT('',#3310);
#3310 = CARTESIAN_POINT('',(-7.908643264423,7.742693664191E-02,18.25));
#3311 = SURFACE_CURVE('',#3312,(#3317,#3328),.PCURVE_S1.);
#3312 = CIRCLE('',#3313,2.21);
#3313 = AXIS2_PLACEMENT_3D('',#3314,#3315,#3316);
#3314 = CARTESIAN_POINT('',(-5.7,0.,18.25));
#3315 = DIRECTION('',(0.,0.,-1.));
#3316 = DIRECTION('',(1.,0.,0.));
#3317 = PCURVE('',#325,#3318);
#3318 = DEFINITIONAL_REPRESENTATION('',(#3319),#3327);
#3319 = ( BOUNDED_CURVE() B_SPLINE_CURVE(2,(#3320,#3321,#3322,#3323,
#3324,#3325,#3326),.UNSPECIFIED.,.T.,.F.) B_SPLINE_CURVE_WITH_KNOTS((1,2
    ,2,2,2,1),(-2.094395102393,0.,2.094395102393,4.188790204786,
6.28318530718,8.377580409573),.UNSPECIFIED.) CURVE() 
GEOMETRIC_REPRESENTATION_ITEM() RATIONAL_B_SPLINE_CURVE((1.,0.5,1.,0.5,
1.,0.5,1.)) REPRESENTATION_ITEM('') );
#3320 = CARTESIAN_POINT('',(5.96,3.75));
#3321 = CARTESIAN_POINT('',(5.96,-7.783228472722E-02));
#3322 = CARTESIAN_POINT('',(2.645,1.836083857636));
#3323 = CARTESIAN_POINT('',(-0.67,3.75));
#3324 = CARTESIAN_POINT('',(2.645,5.663916142364));
#3325 = CARTESIAN_POINT('',(5.96,7.577832284727));
#3326 = CARTESIAN_POINT('',(5.96,3.75));
#3327 = ( GEOMETRIC_REPRESENTATION_CONTEXT(2) 
PARAMETRIC_REPRESENTATION_CONTEXT() REPRESENTATION_CONTEXT('2D SPACE',''
  ) );
#3328 = PCURVE('',#3329,#3334);
#3329 = CYLINDRICAL_SURFACE('',#3330,2.21);
#3330 = AXIS2_PLACEMENT_3D('',#3331,#3332,#3333);
#3331 = CARTESIAN_POINT('',(-5.7,0.,17.75));
#3332 = DIRECTION('',(-0.,-0.,-1.));
#3333 = DIRECTION('',(1.,0.,0.));
#3334 = DEFINITIONAL_REPRESENTATION('',(#3335),#3339);
#3335 = LINE('',#3336,#3337);
#3336 = CARTESIAN_POINT('',(-6.28318530718,-0.5));
#3337 = VECTOR('',#3338,1.);
#3338 = DIRECTION('',(1.,-0.));
#3339 = ( GEOMETRIC_REPRESENTATION_CONTEXT(2) 
PARAMETRIC_REPRESENTATION_CONTEXT() REPRESENTATION_CONTEXT('2D SPACE',''
  ) );
#3340 = ORIENTED_EDGE('',*,*,#3341,.T.);
#3341 = EDGE_CURVE('',#3309,#3342,#3344,.T.);
#3342 = VERTEX_POINT('',#3343);
#3343 = CARTESIAN_POINT('',(-8.264880282078,0.122430137662,18.25));
#3344 = SURFACE_CURVE('',#3345,(#3349,#3355),.PCURVE_S1.);
#3345 = LINE('',#3346,#3347);
#3346 = CARTESIAN_POINT('',(-8.607373408736,0.165697081475,18.25));
#3347 = VECTOR('',#3348,1.);
#3348 = DIRECTION('',(-0.992114701314,0.125333233564,0.));
#3349 = PCURVE('',#325,#3350);
#3350 = DEFINITIONAL_REPRESENTATION('',(#3351),#3354);
#3351 = B_SPLINE_CURVE_WITH_KNOTS('',1,(#3352,#3353),.UNSPECIFIED.,.F.,
  .F.,(2,2),(-0.704283631104,-0.345215252032),.PIECEWISE_BEZIER_KNOTS.);
#3352 = CARTESIAN_POINT('',(1.541356735577,3.827426936642));
#3353 = CARTESIAN_POINT('',(1.185119717922,3.872430137662));
#3354 = ( GEOMETRIC_REPRESENTATION_CONTEXT(2) 
PARAMETRIC_REPRESENTATION_CONTEXT() REPRESENTATION_CONTEXT('2D SPACE',''
  ) );
#3355 = PCURVE('',#3356,#3361);
#3356 = PLANE('',#3357);
#3357 = AXIS2_PLACEMENT_3D('',#3358,#3359,#3360);
#3358 = CARTESIAN_POINT('',(-8.264880282078,0.122430137662,17.75));
#3359 = DIRECTION('',(0.125333233564,0.992114701314,0.));
#3360 = DIRECTION('',(0.992114701314,-0.125333233564,0.));
#3361 = DEFINITIONAL_REPRESENTATION('',(#3362),#3365);
#3362 = B_SPLINE_CURVE_WITH_KNOTS('',1,(#3363,#3364),.UNSPECIFIED.,.F.,
  .F.,(2,2),(-0.704283631104,-0.345215252032),.PIECEWISE_BEZIER_KNOTS.);
#3363 = CARTESIAN_POINT('',(0.359068379072,-0.5));
#3364 = CARTESIAN_POINT('',(0.,-0.5));
#3365 = ( GEOMETRIC_REPRESENTATION_CONTEXT(2) 
PARAMETRIC_REPRESENTATION_CONTEXT() REPRESENTATION_CONTEXT('2D SPACE',''
  ) );
#3366 = ORIENTED_EDGE('',*,*,#3367,.T.);
#3367 = EDGE_CURVE('',#3342,#3368,#3370,.T.);
#3368 = VERTEX_POINT('',#3369);
#3369 = CARTESIAN_POINT('',(-8.214746988652,0.519276018188,18.25));
#3370 = SURFACE_CURVE('',#3371,(#3375,#3381),.PCURVE_S1.);
#3371 = LINE('',#3372,#3373);
#3372 = CARTESIAN_POINT('',(-8.489880367668,-1.658628934719,18.25));
#3373 = VECTOR('',#3374,1.);
#3374 = DIRECTION('',(0.125333233564,0.992114701314,-0.));
#3375 = PCURVE('',#325,#3376);
#3376 = DEFINITIONAL_REPRESENTATION('',(#3377),#3380);
#3377 = B_SPLINE_CURVE_WITH_KNOTS('',1,(#3378,#3379),.UNSPECIFIED.,.F.,
  .F.,(2,2),(1.795214877898,2.195214877898),.PIECEWISE_BEZIER_KNOTS.);
#3378 = CARTESIAN_POINT('',(1.185119717922,3.872430137662));
#3379 = CARTESIAN_POINT('',(1.235253011348,4.269276018188));
#3380 = ( GEOMETRIC_REPRESENTATION_CONTEXT(2) 
PARAMETRIC_REPRESENTATION_CONTEXT() REPRESENTATION_CONTEXT('2D SPACE',''
  ) );
#3381 = PCURVE('',#3382,#3387);
#3382 = PLANE('',#3383);
#3383 = AXIS2_PLACEMENT_3D('',#3384,#3385,#3386);
#3384 = CARTESIAN_POINT('',(-8.214746988652,0.519276018188,17.75));
#3385 = DIRECTION('',(0.992114701314,-0.125333233564,0.));
#3386 = DIRECTION('',(-0.125333233564,-0.992114701314,0.));
#3387 = DEFINITIONAL_REPRESENTATION('',(#3388),#3391);
#3388 = B_SPLINE_CURVE_WITH_KNOTS('',1,(#3389,#3390),.UNSPECIFIED.,.F.,
  .F.,(2,2),(1.795214877898,2.195214877898),.PIECEWISE_BEZIER_KNOTS.);
#3389 = CARTESIAN_POINT('',(0.4,-0.5));
#3390 = CARTESIAN_POINT('',(0.,-0.5));
#3391 = ( GEOMETRIC_REPRESENTATION_CONTEXT(2) 
PARAMETRIC_REPRESENTATION_CONTEXT() REPRESENTATION_CONTEXT('2D SPACE',''
  ) );
#3392 = ORIENTED_EDGE('',*,*,#3393,.T.);
#3393 = EDGE_CURVE('',#3368,#3394,#3396,.T.);
#3394 = VERTEX_POINT('',#3395);
#3395 = CARTESIAN_POINT('',(-7.858509970998,0.474272817168,18.25));
#3396 = SURFACE_CURVE('',#3397,(#3401,#3407),.PCURVE_S1.);
#3397 = LINE('',#3398,#3399);
#3398 = CARTESIAN_POINT('',(-8.100867352706,0.504889674561,18.25));
#3399 = VECTOR('',#3400,1.);
#3400 = DIRECTION('',(0.992114701314,-0.125333233564,0.));
#3401 = PCURVE('',#325,#3402);
#3402 = DEFINITIONAL_REPRESENTATION('',(#3403),#3406);
#3403 = B_SPLINE_CURVE_WITH_KNOTS('',1,(#3404,#3405),.UNSPECIFIED.,.F.,
  .F.,(2,2),(-0.114784747968,0.244283631104),.PIECEWISE_BEZIER_KNOTS.);
#3404 = CARTESIAN_POINT('',(1.235253011348,4.269276018188));
#3405 = CARTESIAN_POINT('',(1.591490029002,4.224272817168));
#3406 = ( GEOMETRIC_REPRESENTATION_CONTEXT(2) 
PARAMETRIC_REPRESENTATION_CONTEXT() REPRESENTATION_CONTEXT('2D SPACE',''
  ) );
#3407 = PCURVE('',#3408,#3413);
#3408 = PLANE('',#3409);
#3409 = AXIS2_PLACEMENT_3D('',#3410,#3411,#3412);
#3410 = CARTESIAN_POINT('',(-7.302001463443,0.403969443308,17.75));
#3411 = DIRECTION('',(-0.125333233564,-0.992114701314,0.));
#3412 = DIRECTION('',(-0.992114701314,0.125333233564,0.));
#3413 = DEFINITIONAL_REPRESENTATION('',(#3414),#3417);
#3414 = B_SPLINE_CURVE_WITH_KNOTS('',1,(#3415,#3416),.UNSPECIFIED.,.F.,
  .F.,(2,2),(-0.114784747968,0.244283631104),.PIECEWISE_BEZIER_KNOTS.);
#3415 = CARTESIAN_POINT('',(0.92,-0.5));
#3416 = CARTESIAN_POINT('',(0.560931620928,-0.5));
#3417 = ( GEOMETRIC_REPRESENTATION_CONTEXT(2) 
PARAMETRIC_REPRESENTATION_CONTEXT() REPRESENTATION_CONTEXT('2D SPACE',''
  ) );
#3418 = ORIENTED_EDGE('',*,*,#3419,.T.);
#3419 = EDGE_CURVE('',#3394,#3420,#3422,.T.);
#3420 = VERTEX_POINT('',#3421);
#3421 = CARTESIAN_POINT('',(-7.819999378724,0.624261671266,18.25));
#3422 = SURFACE_CURVE('',#3423,(#3428,#3439),.PCURVE_S1.);
#3423 = CIRCLE('',#3424,2.21);
#3424 = AXIS2_PLACEMENT_3D('',#3425,#3426,#3427);
#3425 = CARTESIAN_POINT('',(-5.7,0.,18.25));
#3426 = DIRECTION('',(0.,0.,-1.));
#3427 = DIRECTION('',(1.,0.,0.));
#3428 = PCURVE('',#325,#3429);
#3429 = DEFINITIONAL_REPRESENTATION('',(#3430),#3438);
#3430 = ( BOUNDED_CURVE() B_SPLINE_CURVE(2,(#3431,#3432,#3433,#3434,
#3435,#3436,#3437),.UNSPECIFIED.,.T.,.F.) B_SPLINE_CURVE_WITH_KNOTS((1,2
    ,2,2,2,1),(-2.094395102393,0.,2.094395102393,4.188790204786,
6.28318530718,8.377580409573),.UNSPECIFIED.) CURVE() 
GEOMETRIC_REPRESENTATION_ITEM() RATIONAL_B_SPLINE_CURVE((1.,0.5,1.,0.5,
1.,0.5,1.)) REPRESENTATION_ITEM('') );
#3431 = CARTESIAN_POINT('',(5.96,3.75));
#3432 = CARTESIAN_POINT('',(5.96,-7.783228472722E-02));
#3433 = CARTESIAN_POINT('',(2.645,1.836083857636));
#3434 = CARTESIAN_POINT('',(-0.67,3.75));
#3435 = CARTESIAN_POINT('',(2.645,5.663916142364));
#3436 = CARTESIAN_POINT('',(5.96,7.577832284727));
#3437 = CARTESIAN_POINT('',(5.96,3.75));
#3438 = ( GEOMETRIC_REPRESENTATION_CONTEXT(2) 
PARAMETRIC_REPRESENTATION_CONTEXT() REPRESENTATION_CONTEXT('2D SPACE',''
  ) );
#3439 = PCURVE('',#3440,#3445);
#3440 = CYLINDRICAL_SURFACE('',#3441,2.21);
#3441 = AXIS2_PLACEMENT_3D('',#3442,#3443,#3444);
#3442 = CARTESIAN_POINT('',(-5.7,0.,17.75));
#3443 = DIRECTION('',(-0.,-0.,-1.));
#3444 = DIRECTION('',(1.,0.,0.));
#3445 = DEFINITIONAL_REPRESENTATION('',(#3446),#3450);
#3446 = LINE('',#3447,#3448);
#3447 = CARTESIAN_POINT('',(-6.28318530718,-0.5));
#3448 = VECTOR('',#3449,1.);
#3449 = DIRECTION('',(1.,-0.));
#3450 = ( GEOMETRIC_REPRESENTATION_CONTEXT(2) 
PARAMETRIC_REPRESENTATION_CONTEXT() REPRESENTATION_CONTEXT('2D SPACE',''
  ) );
#3451 = ORIENTED_EDGE('',*,*,#3452,.T.);
#3452 = EDGE_CURVE('',#3420,#3453,#3455,.T.);
#3453 = VERTEX_POINT('',#3454);
#3454 = CARTESIAN_POINT('',(-8.153852714411,0.756443557695,18.25));
#3455 = SURFACE_CURVE('',#3456,(#3460,#3466),.PCURVE_S1.);
#3456 = LINE('',#3457,#3458);
#3457 = CARTESIAN_POINT('',(-7.942883988873,0.672915130274,18.25));
#3458 = VECTOR('',#3459,1.);
#3459 = DIRECTION('',(-0.929776485888,0.368124552685,0.));
#3460 = PCURVE('',#325,#3461);
#3461 = DEFINITIONAL_REPRESENTATION('',(#3462),#3465);
#3462 = B_SPLINE_CURVE_WITH_KNOTS('',1,(#3463,#3464),.UNSPECIFIED.,.F.,
  .F.,(2,2),(-0.132165753829,0.226902625243),.PIECEWISE_BEZIER_KNOTS.);
#3463 = CARTESIAN_POINT('',(1.630000621276,4.374261671266));
#3464 = CARTESIAN_POINT('',(1.296147285589,4.506443557695));
#3465 = ( GEOMETRIC_REPRESENTATION_CONTEXT(2) 
PARAMETRIC_REPRESENTATION_CONTEXT() REPRESENTATION_CONTEXT('2D SPACE',''
  ) );
#3466 = PCURVE('',#3467,#3472);
#3467 = PLANE('',#3468);
#3468 = AXIS2_PLACEMENT_3D('',#3469,#3470,#3471);
#3469 = CARTESIAN_POINT('',(-8.153852714411,0.756443557695,17.75));
#3470 = DIRECTION('',(0.368124552685,0.929776485888,0.));
#3471 = DIRECTION('',(0.929776485888,-0.368124552685,0.));
#3472 = DEFINITIONAL_REPRESENTATION('',(#3473),#3476);
#3473 = B_SPLINE_CURVE_WITH_KNOTS('',1,(#3474,#3475),.UNSPECIFIED.,.F.,
  .F.,(2,2),(-0.132165753829,0.226902625243),.PIECEWISE_BEZIER_KNOTS.);
#3474 = CARTESIAN_POINT('',(0.359068379072,-0.5));
#3475 = CARTESIAN_POINT('',(0.,-0.5));
#3476 = ( GEOMETRIC_REPRESENTATION_CONTEXT(2) 
PARAMETRIC_REPRESENTATION_CONTEXT() REPRESENTATION_CONTEXT('2D SPACE',''
  ) );
#3477 = ORIENTED_EDGE('',*,*,#3478,.T.);
#3478 = EDGE_CURVE('',#3453,#3479,#3481,.T.);
#3479 = VERTEX_POINT('',#3480);
#3480 = CARTESIAN_POINT('',(-8.006602893337,1.12835415205,18.25));
#3481 = SURFACE_CURVE('',#3482,(#3486,#3492),.PCURVE_S1.);
#3482 = LINE('',#3483,#3484);
#3483 = CARTESIAN_POINT('',(-8.939270172206,-1.227294496554,18.25));
#3484 = VECTOR('',#3485,1.);
#3485 = DIRECTION('',(0.368124552685,0.929776485888,-0.));
#3486 = PCURVE('',#325,#3487);
#3487 = DEFINITIONAL_REPRESENTATION('',(#3488),#3491);
#3488 = B_SPLINE_CURVE_WITH_KNOTS('',1,(#3489,#3490),.UNSPECIFIED.,.F.,
  .F.,(2,2),(2.133564447324,2.533564447324),.PIECEWISE_BEZIER_KNOTS.);
#3489 = CARTESIAN_POINT('',(1.296147285589,4.506443557695));
#3490 = CARTESIAN_POINT('',(1.443397106663,4.87835415205));
#3491 = ( GEOMETRIC_REPRESENTATION_CONTEXT(2) 
PARAMETRIC_REPRESENTATION_CONTEXT() REPRESENTATION_CONTEXT('2D SPACE',''
  ) );
#3492 = PCURVE('',#3493,#3498);
#3493 = PLANE('',#3494);
#3494 = AXIS2_PLACEMENT_3D('',#3495,#3496,#3497);
#3495 = CARTESIAN_POINT('',(-8.006602893337,1.12835415205,17.75));
#3496 = DIRECTION('',(0.929776485888,-0.368124552685,0.));
#3497 = DIRECTION('',(-0.368124552685,-0.929776485888,0.));
#3498 = DEFINITIONAL_REPRESENTATION('',(#3499),#3502);
#3499 = B_SPLINE_CURVE_WITH_KNOTS('',1,(#3500,#3501),.UNSPECIFIED.,.F.,
  .F.,(2,2),(2.133564447324,2.533564447324),.PIECEWISE_BEZIER_KNOTS.);
#3500 = CARTESIAN_POINT('',(0.4,-0.5));
#3501 = CARTESIAN_POINT('',(0.,-0.5));
#3502 = ( GEOMETRIC_REPRESENTATION_CONTEXT(2) 
PARAMETRIC_REPRESENTATION_CONTEXT() REPRESENTATION_CONTEXT('2D SPACE',''
  ) );
#3503 = ORIENTED_EDGE('',*,*,#3504,.T.);
#3504 = EDGE_CURVE('',#3479,#3505,#3507,.T.);
#3505 = VERTEX_POINT('',#3506);
#3506 = CARTESIAN_POINT('',(-7.67274955765,0.996172265621,18.25));
#3507 = SURFACE_CURVE('',#3508,(#3512,#3518),.PCURVE_S1.);
#3508 = LINE('',#3509,#3510);
#3509 = CARTESIAN_POINT('',(-7.367936984291,0.875488430395,18.25));
#3510 = VECTOR('',#3511,1.);
#3511 = DIRECTION('',(0.929776485888,-0.368124552685,0.));
#3512 = PCURVE('',#325,#3513);
#3513 = DEFINITIONAL_REPRESENTATION('',(#3514),#3517);
#3514 = B_SPLINE_CURVE_WITH_KNOTS('',1,(#3515,#3516),.UNSPECIFIED.,.F.,
  .F.,(2,2),(-0.686902625243,-0.327834246171),.PIECEWISE_BEZIER_KNOTS.);
#3515 = CARTESIAN_POINT('',(1.443397106663,4.87835415205));
#3516 = CARTESIAN_POINT('',(1.77725044235,4.746172265621));
#3517 = ( GEOMETRIC_REPRESENTATION_CONTEXT(2) 
PARAMETRIC_REPRESENTATION_CONTEXT() REPRESENTATION_CONTEXT('2D SPACE',''
  ) );
#3518 = PCURVE('',#3519,#3524);
#3519 = PLANE('',#3520);
#3520 = AXIS2_PLACEMENT_3D('',#3521,#3522,#3523);
#3521 = CARTESIAN_POINT('',(-7.15120852632,0.789679563581,17.75));
#3522 = DIRECTION('',(-0.368124552685,-0.929776485888,0.));
#3523 = DIRECTION('',(-0.929776485888,0.368124552685,0.));
#3524 = DEFINITIONAL_REPRESENTATION('',(#3525),#3528);
#3525 = B_SPLINE_CURVE_WITH_KNOTS('',1,(#3526,#3527),.UNSPECIFIED.,.F.,
  .F.,(2,2),(-0.686902625243,-0.327834246171),.PIECEWISE_BEZIER_KNOTS.);
#3526 = CARTESIAN_POINT('',(0.92,-0.5));
#3527 = CARTESIAN_POINT('',(0.560931620928,-0.5));
#3528 = ( GEOMETRIC_REPRESENTATION_CONTEXT(2) 
PARAMETRIC_REPRESENTATION_CONTEXT() REPRESENTATION_CONTEXT('2D SPACE',''
  ) );
#3529 = ORIENTED_EDGE('',*,*,#3530,.T.);
#3530 = EDGE_CURVE('',#3505,#3531,#3533,.T.);
#3531 = VERTEX_POINT('',#3532);
#3532 = CARTESIAN_POINT('',(-7.598148135246,1.131871749211,18.25));
#3533 = SURFACE_CURVE('',#3534,(#3539,#3550),.PCURVE_S1.);
#3534 = CIRCLE('',#3535,2.21);
#3535 = AXIS2_PLACEMENT_3D('',#3536,#3537,#3538);
#3536 = CARTESIAN_POINT('',(-5.7,0.,18.25));
#3537 = DIRECTION('',(0.,0.,-1.));
#3538 = DIRECTION('',(1.,0.,0.));
#3539 = PCURVE('',#325,#3540);
#3540 = DEFINITIONAL_REPRESENTATION('',(#3541),#3549);
#3541 = ( BOUNDED_CURVE() B_SPLINE_CURVE(2,(#3542,#3543,#3544,#3545,
#3546,#3547,#3548),.UNSPECIFIED.,.T.,.F.) B_SPLINE_CURVE_WITH_KNOTS((1,2
    ,2,2,2,1),(-2.094395102393,0.,2.094395102393,4.188790204786,
6.28318530718,8.377580409573),.UNSPECIFIED.) CURVE() 
GEOMETRIC_REPRESENTATION_ITEM() RATIONAL_B_SPLINE_CURVE((1.,0.5,1.,0.5,
1.,0.5,1.)) REPRESENTATION_ITEM('') );
#3542 = CARTESIAN_POINT('',(5.96,3.75));
#3543 = CARTESIAN_POINT('',(5.96,-7.783228472722E-02));
#3544 = CARTESIAN_POINT('',(2.645,1.836083857636));
#3545 = CARTESIAN_POINT('',(-0.67,3.75));
#3546 = CARTESIAN_POINT('',(2.645,5.663916142364));
#3547 = CARTESIAN_POINT('',(5.96,7.577832284727));
#3548 = CARTESIAN_POINT('',(5.96,3.75));
#3549 = ( GEOMETRIC_REPRESENTATION_CONTEXT(2) 
PARAMETRIC_REPRESENTATION_CONTEXT() REPRESENTATION_CONTEXT('2D SPACE',''
  ) );
#3550 = PCURVE('',#3551,#3556);
#3551 = CYLINDRICAL_SURFACE('',#3552,2.21);
#3552 = AXIS2_PLACEMENT_3D('',#3553,#3554,#3555);
#3553 = CARTESIAN_POINT('',(-5.7,0.,17.75));
#3554 = DIRECTION('',(-0.,-0.,-1.));
#3555 = DIRECTION('',(1.,0.,0.));
#3556 = DEFINITIONAL_REPRESENTATION('',(#3557),#3561);
#3557 = LINE('',#3558,#3559);
#3558 = CARTESIAN_POINT('',(-6.28318530718,-0.5));
#3559 = VECTOR('',#3560,1.);
#3560 = DIRECTION('',(1.,-0.));
#3561 = ( GEOMETRIC_REPRESENTATION_CONTEXT(2) 
PARAMETRIC_REPRESENTATION_CONTEXT() REPRESENTATION_CONTEXT('2D SPACE',''
  ) );
#3562 = ORIENTED_EDGE('',*,*,#3563,.T.);
#3563 = EDGE_CURVE('',#3531,#3564,#3566,.T.);
#3564 = VERTEX_POINT('',#3565);
#3565 = CARTESIAN_POINT('',(-7.888640556058,1.342926846994,18.25));
#3566 = SURFACE_CURVE('',#3567,(#3571,#3577),.PCURVE_S1.);
#3567 = LINE('',#3568,#3569);
#3568 = CARTESIAN_POINT('',(-7.188686751458,0.834380640313,18.25));
#3569 = VECTOR('',#3570,1.);
#3570 = DIRECTION('',(-0.809016994375,0.587785252292,0.));
#3571 = PCURVE('',#325,#3572);
#3572 = DEFINITIONAL_REPRESENTATION('',(#3573),#3576);
#3573 = B_SPLINE_CURVE_WITH_KNOTS('',1,(#3574,#3575),.UNSPECIFIED.,.F.,
  .F.,(2,2),(0.506122104523,0.865190483595),.PIECEWISE_BEZIER_KNOTS.);
#3574 = CARTESIAN_POINT('',(1.851851864754,4.881871749211));
#3575 = CARTESIAN_POINT('',(1.561359443942,5.092926846994));
#3576 = ( GEOMETRIC_REPRESENTATION_CONTEXT(2) 
PARAMETRIC_REPRESENTATION_CONTEXT() REPRESENTATION_CONTEXT('2D SPACE',''
  ) );
#3577 = PCURVE('',#3578,#3583);
#3578 = PLANE('',#3579);
#3579 = AXIS2_PLACEMENT_3D('',#3580,#3581,#3582);
#3580 = CARTESIAN_POINT('',(-7.888640556058,1.342926846994,17.75));
#3581 = DIRECTION('',(0.587785252292,0.809016994375,0.));
#3582 = DIRECTION('',(0.809016994375,-0.587785252292,0.));
#3583 = DEFINITIONAL_REPRESENTATION('',(#3584),#3587);
#3584 = B_SPLINE_CURVE_WITH_KNOTS('',1,(#3585,#3586),.UNSPECIFIED.,.F.,
  .F.,(2,2),(0.506122104523,0.865190483595),.PIECEWISE_BEZIER_KNOTS.);
#3585 = CARTESIAN_POINT('',(0.359068379072,-0.5));
#3586 = CARTESIAN_POINT('',(0.,-0.5));
#3587 = ( GEOMETRIC_REPRESENTATION_CONTEXT(2) 
PARAMETRIC_REPRESENTATION_CONTEXT() REPRESENTATION_CONTEXT('2D SPACE',''
  ) );
#3588 = ORIENTED_EDGE('',*,*,#3589,.T.);
#3589 = EDGE_CURVE('',#3564,#3590,#3592,.T.);
#3590 = VERTEX_POINT('',#3591);
#3591 = CARTESIAN_POINT('',(-7.653526455141,1.666533644744,18.25));
#3592 = SURFACE_CURVE('',#3593,(#3597,#3603),.PCURVE_S1.);
#3593 = LINE('',#3594,#3595);
#3594 = CARTESIAN_POINT('',(-9.251717032171,-0.533186970947,18.25));
#3595 = VECTOR('',#3596,1.);
#3596 = DIRECTION('',(0.587785252292,0.809016994375,-0.));
#3597 = PCURVE('',#325,#3598);
#3598 = DEFINITIONAL_REPRESENTATION('',(#3599),#3602);
#3599 = B_SPLINE_CURVE_WITH_KNOTS('',1,(#3600,#3601),.UNSPECIFIED.,.F.,
  .F.,(2,2),(2.319004212501,2.719004212501),.PIECEWISE_BEZIER_KNOTS.);
#3600 = CARTESIAN_POINT('',(1.561359443942,5.092926846994));
#3601 = CARTESIAN_POINT('',(1.796473544859,5.416533644744));
#3602 = ( GEOMETRIC_REPRESENTATION_CONTEXT(2) 
PARAMETRIC_REPRESENTATION_CONTEXT() REPRESENTATION_CONTEXT('2D SPACE',''
  ) );
#3603 = PCURVE('',#3604,#3609);
#3604 = PLANE('',#3605);
#3605 = AXIS2_PLACEMENT_3D('',#3606,#3607,#3608);
#3606 = CARTESIAN_POINT('',(-7.653526455141,1.666533644744,17.75));
#3607 = DIRECTION('',(0.809016994375,-0.587785252292,0.));
#3608 = DIRECTION('',(-0.587785252292,-0.809016994375,0.));
#3609 = DEFINITIONAL_REPRESENTATION('',(#3610),#3613);
#3610 = B_SPLINE_CURVE_WITH_KNOTS('',1,(#3611,#3612),.UNSPECIFIED.,.F.,
  .F.,(2,2),(2.319004212501,2.719004212501),.PIECEWISE_BEZIER_KNOTS.);
#3611 = CARTESIAN_POINT('',(0.4,-0.5));
#3612 = CARTESIAN_POINT('',(0.,-0.5));
#3613 = ( GEOMETRIC_REPRESENTATION_CONTEXT(2) 
PARAMETRIC_REPRESENTATION_CONTEXT() REPRESENTATION_CONTEXT('2D SPACE',''
  ) );
#3614 = ORIENTED_EDGE('',*,*,#3615,.T.);
#3615 = EDGE_CURVE('',#3590,#3616,#3618,.T.);
#3616 = VERTEX_POINT('',#3617);
#3617 = CARTESIAN_POINT('',(-7.363034034329,1.455478546961,18.25));
#3618 = SURFACE_CURVE('',#3619,(#3623,#3629),.PCURVE_S1.);
#3619 = LINE('',#3620,#3621);
#3620 = CARTESIAN_POINT('',(-6.581424833129,0.887606222008,18.25));
#3621 = VECTOR('',#3622,1.);
#3622 = DIRECTION('',(0.809016994375,-0.587785252292,0.));
#3623 = PCURVE('',#325,#3624);
#3624 = DEFINITIONAL_REPRESENTATION('',(#3625),#3628);
#3625 = B_SPLINE_CURVE_WITH_KNOTS('',1,(#3626,#3627),.UNSPECIFIED.,.F.,
  .F.,(2,2),(-1.325190483595,-0.966122104523),.PIECEWISE_BEZIER_KNOTS.);
#3626 = CARTESIAN_POINT('',(1.796473544859,5.416533644744));
#3627 = CARTESIAN_POINT('',(2.086965965671,5.205478546961));
#3628 = ( GEOMETRIC_REPRESENTATION_CONTEXT(2) 
PARAMETRIC_REPRESENTATION_CONTEXT() REPRESENTATION_CONTEXT('2D SPACE',''
  ) );
#3629 = PCURVE('',#3630,#3635);
#3630 = PLANE('',#3631);
#3631 = AXIS2_PLACEMENT_3D('',#3632,#3633,#3634);
#3632 = CARTESIAN_POINT('',(-6.909230820316,1.125771212635,17.75));
#3633 = DIRECTION('',(-0.587785252292,-0.809016994375,0.));
#3634 = DIRECTION('',(-0.809016994375,0.587785252292,0.));
#3635 = DEFINITIONAL_REPRESENTATION('',(#3636),#3639);
#3636 = B_SPLINE_CURVE_WITH_KNOTS('',1,(#3637,#3638),.UNSPECIFIED.,.F.,
  .F.,(2,2),(-1.325190483595,-0.966122104523),.PIECEWISE_BEZIER_KNOTS.);
#3637 = CARTESIAN_POINT('',(0.92,-0.5));
#3638 = CARTESIAN_POINT('',(0.560931620928,-0.5));
#3639 = ( GEOMETRIC_REPRESENTATION_CONTEXT(2) 
PARAMETRIC_REPRESENTATION_CONTEXT() REPRESENTATION_CONTEXT('2D SPACE',''
  ) );
#3640 = ORIENTED_EDGE('',*,*,#3641,.T.);
#3641 = EDGE_CURVE('',#3616,#3642,#3644,.T.);
#3642 = VERTEX_POINT('',#3643);
#3643 = CARTESIAN_POINT('',(-7.257029263531,1.568362162419,18.25));
#3644 = SURFACE_CURVE('',#3645,(#3650,#3661),.PCURVE_S1.);
#3645 = CIRCLE('',#3646,2.21);
#3646 = AXIS2_PLACEMENT_3D('',#3647,#3648,#3649);
#3647 = CARTESIAN_POINT('',(-5.7,0.,18.25));
#3648 = DIRECTION('',(0.,0.,-1.));
#3649 = DIRECTION('',(1.,0.,0.));
#3650 = PCURVE('',#325,#3651);
#3651 = DEFINITIONAL_REPRESENTATION('',(#3652),#3660);
#3652 = ( BOUNDED_CURVE() B_SPLINE_CURVE(2,(#3653,#3654,#3655,#3656,
#3657,#3658,#3659),.UNSPECIFIED.,.T.,.F.) B_SPLINE_CURVE_WITH_KNOTS((1,2
    ,2,2,2,1),(-2.094395102393,0.,2.094395102393,4.188790204786,
6.28318530718,8.377580409573),.UNSPECIFIED.) CURVE() 
GEOMETRIC_REPRESENTATION_ITEM() RATIONAL_B_SPLINE_CURVE((1.,0.5,1.,0.5,
1.,0.5,1.)) REPRESENTATION_ITEM('') );
#3653 = CARTESIAN_POINT('',(5.96,3.75));
#3654 = CARTESIAN_POINT('',(5.96,-7.783228472722E-02));
#3655 = CARTESIAN_POINT('',(2.645,1.836083857636));
#3656 = CARTESIAN_POINT('',(-0.67,3.75));
#3657 = CARTESIAN_POINT('',(2.645,5.663916142364));
#3658 = CARTESIAN_POINT('',(5.96,7.577832284727));
#3659 = CARTESIAN_POINT('',(5.96,3.75));
#3660 = ( GEOMETRIC_REPRESENTATION_CONTEXT(2) 
PARAMETRIC_REPRESENTATION_CONTEXT() REPRESENTATION_CONTEXT('2D SPACE',''
  ) );
#3661 = PCURVE('',#3662,#3667);
#3662 = CYLINDRICAL_SURFACE('',#3663,2.21);
#3663 = AXIS2_PLACEMENT_3D('',#3664,#3665,#3666);
#3664 = CARTESIAN_POINT('',(-5.7,0.,17.75));
#3665 = DIRECTION('',(-0.,-0.,-1.));
#3666 = DIRECTION('',(1.,0.,0.));
#3667 = DEFINITIONAL_REPRESENTATION('',(#3668),#3672);
#3668 = LINE('',#3669,#3670);
#3669 = CARTESIAN_POINT('',(-6.28318530718,-0.5));
#3670 = VECTOR('',#3671,1.);
#3671 = DIRECTION('',(1.,-0.));
#3672 = ( GEOMETRIC_REPRESENTATION_CONTEXT(2) 
PARAMETRIC_REPRESENTATION_CONTEXT() REPRESENTATION_CONTEXT('2D SPACE',''
  ) );
#3673 = ORIENTED_EDGE('',*,*,#3674,.T.);
#3674 = EDGE_CURVE('',#3642,#3675,#3677,.T.);
#3675 = VERTEX_POINT('',#3676);
#3676 = CARTESIAN_POINT('',(-7.485908062312,1.845029103556,18.25));
#3677 = SURFACE_CURVE('',#3678,(#3682,#3688),.PCURVE_S1.);
#3678 = LINE('',#3679,#3680);
#3679 = CARTESIAN_POINT('',(-6.510941075451,0.666496467937,18.25));
#3680 = VECTOR('',#3681,1.);
#3681 = DIRECTION('',(-0.637423989749,0.770513242776,0.));
#3682 = PCURVE('',#325,#3683);
#3683 = DEFINITIONAL_REPRESENTATION('',(#3684),#3687);
#3684 = B_SPLINE_CURVE_WITH_KNOTS('',1,(#3685,#3686),.UNSPECIFIED.,.F.,
  .F.,(2,2),(1.170473970354,1.529542349426),.PIECEWISE_BEZIER_KNOTS.);
#3685 = CARTESIAN_POINT('',(2.192970736469,5.318362162419));
#3686 = CARTESIAN_POINT('',(1.964091937688,5.595029103556));
#3687 = ( GEOMETRIC_REPRESENTATION_CONTEXT(2) 
PARAMETRIC_REPRESENTATION_CONTEXT() REPRESENTATION_CONTEXT('2D SPACE',''
  ) );
#3688 = PCURVE('',#3689,#3694);
#3689 = PLANE('',#3690);
#3690 = AXIS2_PLACEMENT_3D('',#3691,#3692,#3693);
#3691 = CARTESIAN_POINT('',(-7.485908062312,1.845029103556,17.75));
#3692 = DIRECTION('',(0.770513242776,0.637423989749,0.));
#3693 = DIRECTION('',(0.637423989749,-0.770513242776,0.));
#3694 = DEFINITIONAL_REPRESENTATION('',(#3695),#3698);
#3695 = B_SPLINE_CURVE_WITH_KNOTS('',1,(#3696,#3697),.UNSPECIFIED.,.F.,
  .F.,(2,2),(1.170473970354,1.529542349426),.PIECEWISE_BEZIER_KNOTS.);
#3696 = CARTESIAN_POINT('',(0.359068379072,-0.5));
#3697 = CARTESIAN_POINT('',(0.,-0.5));
#3698 = ( GEOMETRIC_REPRESENTATION_CONTEXT(2) 
PARAMETRIC_REPRESENTATION_CONTEXT() REPRESENTATION_CONTEXT('2D SPACE',''
  ) );
#3699 = ORIENTED_EDGE('',*,*,#3700,.T.);
#3700 = EDGE_CURVE('',#3675,#3701,#3703,.T.);
#3701 = VERTEX_POINT('',#3702);
#3702 = CARTESIAN_POINT('',(-7.177702765201,2.099998699456,18.25));
#3703 = SURFACE_CURVE('',#3704,(#3708,#3714),.PCURVE_S1.);
#3704 = LINE('',#3705,#3706);
#3705 = CARTESIAN_POINT('',(-9.288818369461,0.353531985347,18.25));
#3706 = VECTOR('',#3707,1.);
#3707 = DIRECTION('',(0.770513242776,0.637423989749,-0.));
#3708 = PCURVE('',#325,#3709);
#3709 = DEFINITIONAL_REPRESENTATION('',(#3710),#3713);
#3710 = B_SPLINE_CURVE_WITH_KNOTS('',1,(#3711,#3712),.UNSPECIFIED.,.F.,
  .F.,(2,2),(2.339882310983,2.739882310983),.PIECEWISE_BEZIER_KNOTS.);
#3711 = CARTESIAN_POINT('',(1.964091937688,5.595029103556));
#3712 = CARTESIAN_POINT('',(2.272297234799,5.849998699456));
#3713 = ( GEOMETRIC_REPRESENTATION_CONTEXT(2) 
PARAMETRIC_REPRESENTATION_CONTEXT() REPRESENTATION_CONTEXT('2D SPACE',''
  ) );
#3714 = PCURVE('',#3715,#3720);
#3715 = PLANE('',#3716);
#3716 = AXIS2_PLACEMENT_3D('',#3717,#3718,#3719);
#3717 = CARTESIAN_POINT('',(-7.177702765201,2.099998699456,17.75));
#3718 = DIRECTION('',(0.637423989749,-0.770513242776,0.));
#3719 = DIRECTION('',(-0.770513242776,-0.637423989749,0.));
#3720 = DEFINITIONAL_REPRESENTATION('',(#3721),#3724);
#3721 = B_SPLINE_CURVE_WITH_KNOTS('',1,(#3722,#3723),.UNSPECIFIED.,.F.,
  .F.,(2,2),(2.339882310983,2.739882310983),.PIECEWISE_BEZIER_KNOTS.);
#3722 = CARTESIAN_POINT('',(0.4,-0.5));
#3723 = CARTESIAN_POINT('',(0.,-0.5));
#3724 = ( GEOMETRIC_REPRESENTATION_CONTEXT(2) 
PARAMETRIC_REPRESENTATION_CONTEXT() REPRESENTATION_CONTEXT('2D SPACE',''
  ) );
#3725 = ORIENTED_EDGE('',*,*,#3726,.T.);
#3726 = EDGE_CURVE('',#3701,#3727,#3729,.T.);
#3727 = VERTEX_POINT('',#3728);
#3728 = CARTESIAN_POINT('',(-6.948823966421,1.823331758319,18.25));
#3729 = SURFACE_CURVE('',#3730,(#3734,#3740),.PCURVE_S1.);
#3730 = LINE('',#3731,#3732);
#3731 = CARTESIAN_POINT('',(-5.909520743057,0.56702997216,18.25));
#3732 = VECTOR('',#3733,1.);
#3733 = DIRECTION('',(0.637423989749,-0.770513242776,0.));
#3734 = PCURVE('',#325,#3735);
#3735 = DEFINITIONAL_REPRESENTATION('',(#3736),#3739);
#3736 = B_SPLINE_CURVE_WITH_KNOTS('',1,(#3737,#3738),.UNSPECIFIED.,.F.,
  .F.,(2,2),(-1.989542349426,-1.630473970354),.PIECEWISE_BEZIER_KNOTS.);
#3737 = CARTESIAN_POINT('',(2.272297234799,5.849998699456));
#3738 = CARTESIAN_POINT('',(2.501176033579,5.573331758319));
#3739 = ( GEOMETRIC_REPRESENTATION_CONTEXT(2) 
PARAMETRIC_REPRESENTATION_CONTEXT() REPRESENTATION_CONTEXT('2D SPACE',''
  ) );
#3740 = PCURVE('',#3741,#3746);
#3741 = PLANE('',#3742);
#3742 = AXIS2_PLACEMENT_3D('',#3743,#3744,#3745);
#3743 = CARTESIAN_POINT('',(-6.591272694633,1.391126516102,17.75));
#3744 = DIRECTION('',(-0.770513242776,-0.637423989749,0.));
#3745 = DIRECTION('',(-0.637423989749,0.770513242776,0.));
#3746 = DEFINITIONAL_REPRESENTATION('',(#3747),#3750);
#3747 = B_SPLINE_CURVE_WITH_KNOTS('',1,(#3748,#3749),.UNSPECIFIED.,.F.,
  .F.,(2,2),(-1.989542349426,-1.630473970354),.PIECEWISE_BEZIER_KNOTS.);
#3748 = CARTESIAN_POINT('',(0.92,-0.5));
#3749 = CARTESIAN_POINT('',(0.560931620928,-0.5));
#3750 = ( GEOMETRIC_REPRESENTATION_CONTEXT(2) 
PARAMETRIC_REPRESENTATION_CONTEXT() REPRESENTATION_CONTEXT('2D SPACE',''
  ) );
#3751 = ORIENTED_EDGE('',*,*,#3752,.T.);
#3752 = EDGE_CURVE('',#3727,#3753,#3755,.T.);
#3753 = VERTEX_POINT('',#3754);
#3754 = CARTESIAN_POINT('',(-6.818076516835,1.90630661293,18.25));
#3755 = SURFACE_CURVE('',#3756,(#3761,#3772),.PCURVE_S1.);
#3756 = CIRCLE('',#3757,2.21);
#3757 = AXIS2_PLACEMENT_3D('',#3758,#3759,#3760);
#3758 = CARTESIAN_POINT('',(-5.7,0.,18.25));
#3759 = DIRECTION('',(0.,0.,-1.));
#3760 = DIRECTION('',(1.,0.,0.));
#3761 = PCURVE('',#325,#3762);
#3762 = DEFINITIONAL_REPRESENTATION('',(#3763),#3771);
#3763 = ( BOUNDED_CURVE() B_SPLINE_CURVE(2,(#3764,#3765,#3766,#3767,
#3768,#3769,#3770),.UNSPECIFIED.,.T.,.F.) B_SPLINE_CURVE_WITH_KNOTS((1,2
    ,2,2,2,1),(-2.094395102393,0.,2.094395102393,4.188790204786,
6.28318530718,8.377580409573),.UNSPECIFIED.) CURVE() 
GEOMETRIC_REPRESENTATION_ITEM() RATIONAL_B_SPLINE_CURVE((1.,0.5,1.,0.5,
1.,0.5,1.)) REPRESENTATION_ITEM('') );
#3764 = CARTESIAN_POINT('',(5.96,3.75));
#3765 = CARTESIAN_POINT('',(5.96,-7.783228472722E-02));
#3766 = CARTESIAN_POINT('',(2.645,1.836083857636));
#3767 = CARTESIAN_POINT('',(-0.67,3.75));
#3768 = CARTESIAN_POINT('',(2.645,5.663916142364));
#3769 = CARTESIAN_POINT('',(5.96,7.577832284727));
#3770 = CARTESIAN_POINT('',(5.96,3.75));
#3771 = ( GEOMETRIC_REPRESENTATION_CONTEXT(2) 
PARAMETRIC_REPRESENTATION_CONTEXT() REPRESENTATION_CONTEXT('2D SPACE',''
  ) );
#3772 = PCURVE('',#3773,#3778);
#3773 = CYLINDRICAL_SURFACE('',#3774,2.21);
#3774 = AXIS2_PLACEMENT_3D('',#3775,#3776,#3777);
#3775 = CARTESIAN_POINT('',(-5.7,0.,17.75));
#3776 = DIRECTION('',(-0.,-0.,-1.));
#3777 = DIRECTION('',(1.,0.,0.));
#3778 = DEFINITIONAL_REPRESENTATION('',(#3779),#3783);
#3779 = LINE('',#3780,#3781);
#3780 = CARTESIAN_POINT('',(-6.28318530718,-0.5));
#3781 = VECTOR('',#3782,1.);
#3782 = DIRECTION('',(1.,-0.));
#3783 = ( GEOMETRIC_REPRESENTATION_CONTEXT(2) 
PARAMETRIC_REPRESENTATION_CONTEXT() REPRESENTATION_CONTEXT('2D SPACE',''
  ) );
#3784 = ORIENTED_EDGE('',*,*,#3785,.T.);
#3785 = EDGE_CURVE('',#3753,#3786,#3788,.T.);
#3786 = VERTEX_POINT('',#3787);
#3787 = CARTESIAN_POINT('',(-6.9709603969,2.231201396,18.25));
#3788 = SURFACE_CURVE('',#3789,(#3793,#3799),.PCURVE_S1.);
#3789 = LINE('',#3790,#3791);
#3790 = CARTESIAN_POINT('',(-6.043521748205,0.260293943556,18.25));
#3791 = VECTOR('',#3792,1.);
#3792 = DIRECTION('',(-0.425779291565,0.904827052466,0.));
#3793 = PCURVE('',#325,#3794);
#3794 = DEFINITIONAL_REPRESENTATION('',(#3795),#3798);
#3795 = B_SPLINE_CURVE_WITH_KNOTS('',1,(#3796,#3797),.UNSPECIFIED.,.F.,
  .F.,(2,2),(1.819146172617,2.178214551689),.PIECEWISE_BEZIER_KNOTS.);
#3796 = CARTESIAN_POINT('',(2.631923483165,5.65630661293));
#3797 = CARTESIAN_POINT('',(2.4790396031,5.981201396));
#3798 = ( GEOMETRIC_REPRESENTATION_CONTEXT(2) 
PARAMETRIC_REPRESENTATION_CONTEXT() REPRESENTATION_CONTEXT('2D SPACE',''
  ) );
#3799 = PCURVE('',#3800,#3805);
#3800 = PLANE('',#3801);
#3801 = AXIS2_PLACEMENT_3D('',#3802,#3803,#3804);
#3802 = CARTESIAN_POINT('',(-6.9709603969,2.231201396,17.75));
#3803 = DIRECTION('',(0.904827052466,0.425779291565,0.));
#3804 = DIRECTION('',(0.425779291565,-0.904827052466,0.));
#3805 = DEFINITIONAL_REPRESENTATION('',(#3806),#3809);
#3806 = B_SPLINE_CURVE_WITH_KNOTS('',1,(#3807,#3808),.UNSPECIFIED.,.F.,
  .F.,(2,2),(1.819146172617,2.178214551689),.PIECEWISE_BEZIER_KNOTS.);
#3807 = CARTESIAN_POINT('',(0.359068379072,-0.5));
#3808 = CARTESIAN_POINT('',(0.,-0.5));
#3809 = ( GEOMETRIC_REPRESENTATION_CONTEXT(2) 
PARAMETRIC_REPRESENTATION_CONTEXT() REPRESENTATION_CONTEXT('2D SPACE',''
  ) );
#3810 = ORIENTED_EDGE('',*,*,#3811,.T.);
#3811 = EDGE_CURVE('',#3786,#3812,#3814,.T.);
#3812 = VERTEX_POINT('',#3813);
#3813 = CARTESIAN_POINT('',(-6.609029575913,2.401513112626,18.25));
#3814 = SURFACE_CURVE('',#3815,(#3819,#3825),.PCURVE_S1.);
#3815 = LINE('',#3816,#3817);
#3816 = CARTESIAN_POINT('',(-8.956953436652,1.296664008757,18.25));
#3817 = VECTOR('',#3818,1.);
#3818 = DIRECTION('',(0.904827052466,0.425779291565,-0.));
#3819 = PCURVE('',#325,#3820);
#3820 = DEFINITIONAL_REPRESENTATION('',(#3821),#3824);
#3821 = B_SPLINE_CURVE_WITH_KNOTS('',1,(#3822,#3823),.UNSPECIFIED.,.F.,
  .F.,(2,2),(2.194886895058,2.594886895058),.PIECEWISE_BEZIER_KNOTS.);
#3822 = CARTESIAN_POINT('',(2.4790396031,5.981201396));
#3823 = CARTESIAN_POINT('',(2.840970424087,6.151513112626));
#3824 = ( GEOMETRIC_REPRESENTATION_CONTEXT(2) 
PARAMETRIC_REPRESENTATION_CONTEXT() REPRESENTATION_CONTEXT('2D SPACE',''
  ) );
#3825 = PCURVE('',#3826,#3831);
#3826 = PLANE('',#3827);
#3827 = AXIS2_PLACEMENT_3D('',#3828,#3829,#3830);
#3828 = CARTESIAN_POINT('',(-6.609029575913,2.401513112626,17.75));
#3829 = DIRECTION('',(0.425779291565,-0.904827052466,0.));
#3830 = DIRECTION('',(-0.904827052466,-0.425779291565,0.));
#3831 = DEFINITIONAL_REPRESENTATION('',(#3832),#3835);
#3832 = B_SPLINE_CURVE_WITH_KNOTS('',1,(#3833,#3834),.UNSPECIFIED.,.F.,
  .F.,(2,2),(2.194886895058,2.594886895058),.PIECEWISE_BEZIER_KNOTS.);
#3833 = CARTESIAN_POINT('',(0.4,-0.5));
#3834 = CARTESIAN_POINT('',(0.,-0.5));
#3835 = ( GEOMETRIC_REPRESENTATION_CONTEXT(2) 
PARAMETRIC_REPRESENTATION_CONTEXT() REPRESENTATION_CONTEXT('2D SPACE',''
  ) );
#3836 = ORIENTED_EDGE('',*,*,#3837,.T.);
#3837 = EDGE_CURVE('',#3812,#3838,#3840,.T.);
#3838 = VERTEX_POINT('',#3839);
#3839 = CARTESIAN_POINT('',(-6.456145695849,2.076618329556,18.25));
#3840 = SURFACE_CURVE('',#3841,(#3845,#3851),.PCURVE_S1.);
#3841 = LINE('',#3842,#3843);
#3842 = CARTESIAN_POINT('',(-5.485732453098,1.438521604806E-02,18.25));
#3843 = VECTOR('',#3844,1.);
#3844 = DIRECTION('',(0.425779291565,-0.904827052466,0.));
#3845 = PCURVE('',#325,#3846);
#3846 = DEFINITIONAL_REPRESENTATION('',(#3847),#3850);
#3847 = B_SPLINE_CURVE_WITH_KNOTS('',1,(#3848,#3849),.UNSPECIFIED.,.F.,
  .F.,(2,2),(-2.638214551689,-2.279146172617),.PIECEWISE_BEZIER_KNOTS.);
#3848 = CARTESIAN_POINT('',(2.840970424087,6.151513112626));
#3849 = CARTESIAN_POINT('',(2.993854304151,5.826618329556));
#3850 = ( GEOMETRIC_REPRESENTATION_CONTEXT(2) 
PARAMETRIC_REPRESENTATION_CONTEXT() REPRESENTATION_CONTEXT('2D SPACE',''
  ) );
#3851 = PCURVE('',#3852,#3857);
#3852 = PLANE('',#3853);
#3853 = AXIS2_PLACEMENT_3D('',#3854,#3855,#3856);
#3854 = CARTESIAN_POINT('',(-6.217312627674,1.569072224357,17.75));
#3855 = DIRECTION('',(-0.904827052466,-0.425779291565,0.));
#3856 = DIRECTION('',(-0.425779291565,0.904827052466,0.));
#3857 = DEFINITIONAL_REPRESENTATION('',(#3858),#3861);
#3858 = B_SPLINE_CURVE_WITH_KNOTS('',1,(#3859,#3860),.UNSPECIFIED.,.F.,
  .F.,(2,2),(-2.638214551689,-2.279146172617),.PIECEWISE_BEZIER_KNOTS.);
#3859 = CARTESIAN_POINT('',(0.92,-0.5));
#3860 = CARTESIAN_POINT('',(0.560931620928,-0.5));
#3861 = ( GEOMETRIC_REPRESENTATION_CONTEXT(2) 
PARAMETRIC_REPRESENTATION_CONTEXT() REPRESENTATION_CONTEXT('2D SPACE',''
  ) );
#3862 = ORIENTED_EDGE('',*,*,#3863,.T.);
#3863 = EDGE_CURVE('',#3838,#3864,#3866,.T.);
#3864 = VERTEX_POINT('',#3865);
#3865 = CARTESIAN_POINT('',(-6.308870910588,2.124470808046,18.25));
#3866 = SURFACE_CURVE('',#3867,(#3872,#3883),.PCURVE_S1.);
#3867 = CIRCLE('',#3868,2.21);
#3868 = AXIS2_PLACEMENT_3D('',#3869,#3870,#3871);
#3869 = CARTESIAN_POINT('',(-5.7,0.,18.25));
#3870 = DIRECTION('',(0.,0.,-1.));
#3871 = DIRECTION('',(1.,0.,0.));
#3872 = PCURVE('',#325,#3873);
#3873 = DEFINITIONAL_REPRESENTATION('',(#3874),#3882);
#3874 = ( BOUNDED_CURVE() B_SPLINE_CURVE(2,(#3875,#3876,#3877,#3878,
#3879,#3880,#3881),.UNSPECIFIED.,.T.,.F.) B_SPLINE_CURVE_WITH_KNOTS((1,2
    ,2,2,2,1),(-2.094395102393,0.,2.094395102393,4.188790204786,
6.28318530718,8.377580409573),.UNSPECIFIED.) CURVE() 
GEOMETRIC_REPRESENTATION_ITEM() RATIONAL_B_SPLINE_CURVE((1.,0.5,1.,0.5,
1.,0.5,1.)) REPRESENTATION_ITEM('') );
#3875 = CARTESIAN_POINT('',(5.96,3.75));
#3876 = CARTESIAN_POINT('',(5.96,-7.783228472722E-02));
#3877 = CARTESIAN_POINT('',(2.645,1.836083857636));
#3878 = CARTESIAN_POINT('',(-0.67,3.75));
#3879 = CARTESIAN_POINT('',(2.645,5.663916142364));
#3880 = CARTESIAN_POINT('',(5.96,7.577832284727));
#3881 = CARTESIAN_POINT('',(5.96,3.75));
#3882 = ( GEOMETRIC_REPRESENTATION_CONTEXT(2) 
PARAMETRIC_REPRESENTATION_CONTEXT() REPRESENTATION_CONTEXT('2D SPACE',''
  ) );
#3883 = PCURVE('',#3884,#3889);
#3884 = CYLINDRICAL_SURFACE('',#3885,2.21);
#3885 = AXIS2_PLACEMENT_3D('',#3886,#3887,#3888);
#3886 = CARTESIAN_POINT('',(-5.7,0.,17.75));
#3887 = DIRECTION('',(-0.,-0.,-1.));
#3888 = DIRECTION('',(1.,0.,0.));
#3889 = DEFINITIONAL_REPRESENTATION('',(#3890),#3894);
#3890 = LINE('',#3891,#3892);
#3891 = CARTESIAN_POINT('',(-6.28318530718,-0.5));
#3892 = VECTOR('',#3893,1.);
#3893 = DIRECTION('',(1.,-0.));
#3894 = ( GEOMETRIC_REPRESENTATION_CONTEXT(2) 
PARAMETRIC_REPRESENTATION_CONTEXT() REPRESENTATION_CONTEXT('2D SPACE',''
  ) );
#3895 = ORIENTED_EDGE('',*,*,#3896,.T.);
#3896 = EDGE_CURVE('',#3864,#3897,#3899,.T.);
#3897 = VERTEX_POINT('',#3898);
#3898 = CARTESIAN_POINT('',(-6.376153615485,2.477179098948,18.25));
#3899 = SURFACE_CURVE('',#3900,(#3904,#3910),.PCURVE_S1.);
#3900 = LINE('',#3901,#3902);
#3901 = CARTESIAN_POINT('',(-5.857023309153,-0.244197269363,18.25));
#3902 = VECTOR('',#3903,1.);
#3903 = DIRECTION('',(-0.187381314586,0.982287250729,0.));
#3904 = PCURVE('',#325,#3905);
#3905 = DEFINITIONAL_REPRESENTATION('',(#3906),#3909);
#3906 = B_SPLINE_CURVE_WITH_KNOTS('',1,(#3907,#3908),.UNSPECIFIED.,.F.,
  .F.,(2,2),(2.411380251196,2.770448630268),.PIECEWISE_BEZIER_KNOTS.);
#3907 = CARTESIAN_POINT('',(3.141129089412,5.874470808046));
#3908 = CARTESIAN_POINT('',(3.073846384515,6.227179098948));
#3909 = ( GEOMETRIC_REPRESENTATION_CONTEXT(2) 
PARAMETRIC_REPRESENTATION_CONTEXT() REPRESENTATION_CONTEXT('2D SPACE',''
  ) );
#3910 = PCURVE('',#3911,#3916);
#3911 = PLANE('',#3912);
#3912 = AXIS2_PLACEMENT_3D('',#3913,#3914,#3915);
#3913 = CARTESIAN_POINT('',(-6.376153615485,2.477179098948,17.75));
#3914 = DIRECTION('',(0.982287250729,0.187381314586,0.));
#3915 = DIRECTION('',(0.187381314586,-0.982287250729,0.));
#3916 = DEFINITIONAL_REPRESENTATION('',(#3917),#3920);
#3917 = B_SPLINE_CURVE_WITH_KNOTS('',1,(#3918,#3919),.UNSPECIFIED.,.F.,
  .F.,(2,2),(2.411380251196,2.770448630268),.PIECEWISE_BEZIER_KNOTS.);
#3918 = CARTESIAN_POINT('',(0.359068379072,-0.5));
#3919 = CARTESIAN_POINT('',(0.,-0.5));
#3920 = ( GEOMETRIC_REPRESENTATION_CONTEXT(2) 
PARAMETRIC_REPRESENTATION_CONTEXT() REPRESENTATION_CONTEXT('2D SPACE',''
  ) );
#3921 = ORIENTED_EDGE('',*,*,#3922,.T.);
#3922 = EDGE_CURVE('',#3897,#3923,#3925,.T.);
#3923 = VERTEX_POINT('',#3924);
#3924 = CARTESIAN_POINT('',(-5.983238715194,2.552131624783,18.25));
#3925 = SURFACE_CURVE('',#3926,(#3930,#3936),.PCURVE_S1.);
#3926 = LINE('',#3927,#3928);
#3927 = CARTESIAN_POINT('',(-8.235749663929,2.122442180702,18.25));
#3928 = VECTOR('',#3929,1.);
#3929 = DIRECTION('',(0.982287250729,0.187381314586,-0.));
#3930 = PCURVE('',#325,#3931);
#3931 = DEFINITIONAL_REPRESENTATION('',(#3932),#3935);
#3932 = B_SPLINE_CURVE_WITH_KNOTS('',1,(#3933,#3934),.UNSPECIFIED.,.F.,
  .F.,(2,2),(1.893128559965,2.293128559965),.PIECEWISE_BEZIER_KNOTS.);
#3933 = CARTESIAN_POINT('',(3.073846384515,6.227179098948));
#3934 = CARTESIAN_POINT('',(3.466761284806,6.302131624783));
#3935 = ( GEOMETRIC_REPRESENTATION_CONTEXT(2) 
PARAMETRIC_REPRESENTATION_CONTEXT() REPRESENTATION_CONTEXT('2D SPACE',''
  ) );
#3936 = PCURVE('',#3937,#3942);
#3937 = PLANE('',#3938);
#3938 = AXIS2_PLACEMENT_3D('',#3939,#3940,#3941);
#3939 = CARTESIAN_POINT('',(-5.983238715194,2.552131624783,17.75));
#3940 = DIRECTION('',(0.187381314586,-0.982287250729,0.));
#3941 = DIRECTION('',(-0.982287250729,-0.187381314586,0.));
#3942 = DEFINITIONAL_REPRESENTATION('',(#3943),#3946);
#3943 = B_SPLINE_CURVE_WITH_KNOTS('',1,(#3944,#3945),.UNSPECIFIED.,.F.,
  .F.,(2,2),(1.893128559965,2.293128559965),.PIECEWISE_BEZIER_KNOTS.);
#3944 = CARTESIAN_POINT('',(0.4,-0.5));
#3945 = CARTESIAN_POINT('',(0.,-0.5));
#3946 = ( GEOMETRIC_REPRESENTATION_CONTEXT(2) 
PARAMETRIC_REPRESENTATION_CONTEXT() REPRESENTATION_CONTEXT('2D SPACE',''
  ) );
#3947 = ORIENTED_EDGE('',*,*,#3948,.T.);
#3948 = EDGE_CURVE('',#3923,#3949,#3951,.T.);
#3949 = VERTEX_POINT('',#3950);
#3950 = CARTESIAN_POINT('',(-5.915956010297,2.19942333388,18.25));
#3951 = SURFACE_CURVE('',#3952,(#3956,#3962),.PCURVE_S1.);
#3952 = LINE('',#3953,#3954);
#3953 = CARTESIAN_POINT('',(-5.377913004152,-0.621096878864,18.25));
#3954 = VECTOR('',#3955,1.);
#3955 = DIRECTION('',(0.187381314586,-0.982287250729,0.));
#3956 = PCURVE('',#325,#3957);
#3957 = DEFINITIONAL_REPRESENTATION('',(#3958),#3961);
#3958 = B_SPLINE_CURVE_WITH_KNOTS('',1,(#3959,#3960),.UNSPECIFIED.,.F.,
  .F.,(2,2),(-3.230448630268,-2.871380251196),.PIECEWISE_BEZIER_KNOTS.);
#3959 = CARTESIAN_POINT('',(3.466761284806,6.302131624783));
#3960 = CARTESIAN_POINT('',(3.534043989703,5.94942333388));
#3961 = ( GEOMETRIC_REPRESENTATION_CONTEXT(2) 
PARAMETRIC_REPRESENTATION_CONTEXT() REPRESENTATION_CONTEXT('2D SPACE',''
  ) );
#3962 = PCURVE('',#3963,#3968);
#3963 = PLANE('',#3964);
#3964 = AXIS2_PLACEMENT_3D('',#3965,#3966,#3967);
#3965 = CARTESIAN_POINT('',(-5.810847905775,1.648427354112,17.75));
#3966 = DIRECTION('',(-0.982287250729,-0.187381314586,0.));
#3967 = DIRECTION('',(-0.187381314586,0.982287250729,0.));
#3968 = DEFINITIONAL_REPRESENTATION('',(#3969),#3972);
#3969 = B_SPLINE_CURVE_WITH_KNOTS('',1,(#3970,#3971),.UNSPECIFIED.,.F.,
  .F.,(2,2),(-3.230448630268,-2.871380251196),.PIECEWISE_BEZIER_KNOTS.);
#3970 = CARTESIAN_POINT('',(0.92,-0.5));
#3971 = CARTESIAN_POINT('',(0.560931620928,-0.5));
#3972 = ( GEOMETRIC_REPRESENTATION_CONTEXT(2) 
PARAMETRIC_REPRESENTATION_CONTEXT() REPRESENTATION_CONTEXT('2D SPACE',''
  ) );
#3973 = ORIENTED_EDGE('',*,*,#3974,.T.);
#3974 = EDGE_CURVE('',#3949,#3975,#3977,.T.);
#3975 = VERTEX_POINT('',#3976);
#3976 = CARTESIAN_POINT('',(-5.761407705759,2.209146689035,18.25));
#3977 = SURFACE_CURVE('',#3978,(#3983,#3994),.PCURVE_S1.);
#3978 = CIRCLE('',#3979,2.21);
#3979 = AXIS2_PLACEMENT_3D('',#3980,#3981,#3982);
#3980 = CARTESIAN_POINT('',(-5.7,0.,18.25));
#3981 = DIRECTION('',(0.,0.,-1.));
#3982 = DIRECTION('',(1.,0.,0.));
#3983 = PCURVE('',#325,#3984);
#3984 = DEFINITIONAL_REPRESENTATION('',(#3985),#3993);
#3985 = ( BOUNDED_CURVE() B_SPLINE_CURVE(2,(#3986,#3987,#3988,#3989,
#3990,#3991,#3992),.UNSPECIFIED.,.T.,.F.) B_SPLINE_CURVE_WITH_KNOTS((1,2
    ,2,2,2,1),(-2.094395102393,0.,2.094395102393,4.188790204786,
6.28318530718,8.377580409573),.UNSPECIFIED.) CURVE() 
GEOMETRIC_REPRESENTATION_ITEM() RATIONAL_B_SPLINE_CURVE((1.,0.5,1.,0.5,
1.,0.5,1.)) REPRESENTATION_ITEM('') );
#3986 = CARTESIAN_POINT('',(5.96,3.75));
#3987 = CARTESIAN_POINT('',(5.96,-7.783228472722E-02));
#3988 = CARTESIAN_POINT('',(2.645,1.836083857636));
#3989 = CARTESIAN_POINT('',(-0.67,3.75));
#3990 = CARTESIAN_POINT('',(2.645,5.663916142364));
#3991 = CARTESIAN_POINT('',(5.96,7.577832284727));
#3992 = CARTESIAN_POINT('',(5.96,3.75));
#3993 = ( GEOMETRIC_REPRESENTATION_CONTEXT(2) 
PARAMETRIC_REPRESENTATION_CONTEXT() REPRESENTATION_CONTEXT('2D SPACE',''
  ) );
#3994 = PCURVE('',#3995,#4000);
#3995 = CYLINDRICAL_SURFACE('',#3996,2.21);
#3996 = AXIS2_PLACEMENT_3D('',#3997,#3998,#3999);
#3997 = CARTESIAN_POINT('',(-5.7,0.,17.75));
#3998 = DIRECTION('',(-0.,-0.,-1.));
#3999 = DIRECTION('',(1.,0.,0.));
#4000 = DEFINITIONAL_REPRESENTATION('',(#4001),#4005);
#4001 = LINE('',#4002,#4003);
#4002 = CARTESIAN_POINT('',(-6.28318530718,-0.5));
#4003 = VECTOR('',#4004,1.);
#4004 = DIRECTION('',(1.,-0.));
#4005 = ( GEOMETRIC_REPRESENTATION_CONTEXT(2) 
PARAMETRIC_REPRESENTATION_CONTEXT() REPRESENTATION_CONTEXT('2D SPACE',''
  ) );
#4006 = ORIENTED_EDGE('',*,*,#4007,.T.);
#4007 = EDGE_CURVE('',#3975,#1257,#4008,.T.);
#4008 = SURFACE_CURVE('',#4009,(#4013,#4019),.PCURVE_S1.);
#4009 = LINE('',#4010,#4011);
#4010 = CARTESIAN_POINT('',(-5.944125854672,-0.695075122655,18.25));
#4011 = VECTOR('',#4012,1.);
#4012 = DIRECTION('',(6.279051952931E-02,0.998026728428,-0.));
#4013 = PCURVE('',#325,#4014);
#4014 = DEFINITIONAL_REPRESENTATION('',(#4015),#4018);
#4015 = B_SPLINE_CURVE_WITH_KNOTS('',1,(#4016,#4017),.UNSPECIFIED.,.F.,
  .F.,(2,2),(2.909963960848,3.26903233992),.PIECEWISE_BEZIER_KNOTS.);
#4016 = CARTESIAN_POINT('',(3.688592294241,5.959146689035));
#4017 = CARTESIAN_POINT('',(3.711138384309,6.317506528682));
#4018 = ( GEOMETRIC_REPRESENTATION_CONTEXT(2) 
PARAMETRIC_REPRESENTATION_CONTEXT() REPRESENTATION_CONTEXT('2D SPACE',''
  ) );
#4019 = PCURVE('',#4020,#4025);
#4020 = PLANE('',#4021);
#4021 = AXIS2_PLACEMENT_3D('',#4022,#4023,#4024);
#4022 = CARTESIAN_POINT('',(-5.738861615691,2.567506528682,17.75));
#4023 = DIRECTION('',(0.998026728428,-6.279051952931E-02,0.));
#4024 = DIRECTION('',(-6.279051952931E-02,-0.998026728428,0.));
#4025 = DEFINITIONAL_REPRESENTATION('',(#4026),#4029);
#4026 = B_SPLINE_CURVE_WITH_KNOTS('',1,(#4027,#4028),.UNSPECIFIED.,.F.,
  .F.,(2,2),(2.909963960848,3.26903233992),.PIECEWISE_BEZIER_KNOTS.);
#4027 = CARTESIAN_POINT('',(0.359068379072,-0.5));
#4028 = CARTESIAN_POINT('',(0.,-0.5));
#4029 = ( GEOMETRIC_REPRESENTATION_CONTEXT(2) 
PARAMETRIC_REPRESENTATION_CONTEXT() REPRESENTATION_CONTEXT('2D SPACE',''
  ) );
#4030 = FACE_BOUND('',#4031,.F.);
#4031 = EDGE_LOOP('',(#4032));
#4032 = ORIENTED_EDGE('',*,*,#4033,.T.);
#4033 = EDGE_CURVE('',#4034,#4034,#4036,.T.);
#4034 = VERTEX_POINT('',#4035);
#4035 = CARTESIAN_POINT('',(5.1,0.,18.25));
#4036 = SURFACE_CURVE('',#4037,(#4042,#4053),.PCURVE_S1.);
#4037 = CIRCLE('',#4038,0.8);
#4038 = AXIS2_PLACEMENT_3D('',#4039,#4040,#4041);
#4039 = CARTESIAN_POINT('',(4.3,0.,18.25));
#4040 = DIRECTION('',(0.,0.,-1.));
#4041 = DIRECTION('',(1.,0.,0.));
#4042 = PCURVE('',#325,#4043);
#4043 = DEFINITIONAL_REPRESENTATION('',(#4044),#4052);
#4044 = ( BOUNDED_CURVE() B_SPLINE_CURVE(2,(#4045,#4046,#4047,#4048,
#4049,#4050,#4051),.UNSPECIFIED.,.T.,.F.) B_SPLINE_CURVE_WITH_KNOTS((1,2
    ,2,2,2,1),(-2.094395102393,0.,2.094395102393,4.188790204786,
6.28318530718,8.377580409573),.UNSPECIFIED.) CURVE() 
GEOMETRIC_REPRESENTATION_ITEM() RATIONAL_B_SPLINE_CURVE((1.,0.5,1.,0.5,
1.,0.5,1.)) REPRESENTATION_ITEM('') );
#4045 = CARTESIAN_POINT('',(14.55,3.75));
#4046 = CARTESIAN_POINT('',(14.55,2.364359353945));
#4047 = CARTESIAN_POINT('',(13.35,3.057179676972));
#4048 = CARTESIAN_POINT('',(12.15,3.75));
#4049 = CARTESIAN_POINT('',(13.35,4.442820323028));
#4050 = CARTESIAN_POINT('',(14.55,5.135640646055));
#4051 = CARTESIAN_POINT('',(14.55,3.75));
#4052 = ( GEOMETRIC_REPRESENTATION_CONTEXT(2) 
PARAMETRIC_REPRESENTATION_CONTEXT() REPRESENTATION_CONTEXT('2D SPACE',''
  ) );
#4053 = PCURVE('',#4054,#4059);
#4054 = CYLINDRICAL_SURFACE('',#4055,0.8);
#4055 = AXIS2_PLACEMENT_3D('',#4056,#4057,#4058);
#4056 = CARTESIAN_POINT('',(4.3,0.,17.75));
#4057 = DIRECTION('',(-0.,-0.,-1.));
#4058 = DIRECTION('',(1.,0.,0.));
#4059 = DEFINITIONAL_REPRESENTATION('',(#4060),#4064);
#4060 = LINE('',#4061,#4062);
#4061 = CARTESIAN_POINT('',(-6.28318530718,-0.5));
#4062 = VECTOR('',#4063,1.);
#4063 = DIRECTION('',(1.,-0.));
#4064 = ( GEOMETRIC_REPRESENTATION_CONTEXT(2) 
PARAMETRIC_REPRESENTATION_CONTEXT() REPRESENTATION_CONTEXT('2D SPACE',''
  ) );
#4065 = FACE_BOUND('',#4066,.F.);
#4066 = EDGE_LOOP('',(#4067));
#4067 = ORIENTED_EDGE('',*,*,#4068,.T.);
#4068 = EDGE_CURVE('',#4069,#4069,#4071,.T.);
#4069 = VERTEX_POINT('',#4070);
#4070 = CARTESIAN_POINT('',(8.6,0.,18.25));
#4071 = SURFACE_CURVE('',#4072,(#4077,#4088),.PCURVE_S1.);
#4072 = CIRCLE('',#4073,0.8);
#4073 = AXIS2_PLACEMENT_3D('',#4074,#4075,#4076);
#4074 = CARTESIAN_POINT('',(7.8,0.,18.25));
#4075 = DIRECTION('',(0.,0.,-1.));
#4076 = DIRECTION('',(1.,0.,0.));
#4077 = PCURVE('',#325,#4078);
#4078 = DEFINITIONAL_REPRESENTATION('',(#4079),#4087);
#4079 = ( BOUNDED_CURVE() B_SPLINE_CURVE(2,(#4080,#4081,#4082,#4083,
#4084,#4085,#4086),.UNSPECIFIED.,.T.,.F.) B_SPLINE_CURVE_WITH_KNOTS((1,2
    ,2,2,2,1),(-2.094395102393,0.,2.094395102393,4.188790204786,
6.28318530718,8.377580409573),.UNSPECIFIED.) CURVE() 
GEOMETRIC_REPRESENTATION_ITEM() RATIONAL_B_SPLINE_CURVE((1.,0.5,1.,0.5,
1.,0.5,1.)) REPRESENTATION_ITEM('') );
#4080 = CARTESIAN_POINT('',(18.05,3.75));
#4081 = CARTESIAN_POINT('',(18.05,2.364359353945));
#4082 = CARTESIAN_POINT('',(16.85,3.057179676972));
#4083 = CARTESIAN_POINT('',(15.65,3.75));
#4084 = CARTESIAN_POINT('',(16.85,4.442820323028));
#4085 = CARTESIAN_POINT('',(18.05,5.135640646055));
#4086 = CARTESIAN_POINT('',(18.05,3.75));
#4087 = ( GEOMETRIC_REPRESENTATION_CONTEXT(2) 
PARAMETRIC_REPRESENTATION_CONTEXT() REPRESENTATION_CONTEXT('2D SPACE',''
  ) );
#4088 = PCURVE('',#4089,#4094);
#4089 = CYLINDRICAL_SURFACE('',#4090,0.8);
#4090 = AXIS2_PLACEMENT_3D('',#4091,#4092,#4093);
#4091 = CARTESIAN_POINT('',(7.8,0.,17.75));
#4092 = DIRECTION('',(-0.,-0.,-1.));
#4093 = DIRECTION('',(1.,0.,0.));
#4094 = DEFINITIONAL_REPRESENTATION('',(#4095),#4099);
#4095 = LINE('',#4096,#4097);
#4096 = CARTESIAN_POINT('',(-6.28318530718,-0.5));
#4097 = VECTOR('',#4098,1.);
#4098 = DIRECTION('',(1.,-0.));
#4099 = ( GEOMETRIC_REPRESENTATION_CONTEXT(2) 
PARAMETRIC_REPRESENTATION_CONTEXT() REPRESENTATION_CONTEXT('2D SPACE',''
  ) );
#4100 = FACE_BOUND('',#4101,.F.);
#4101 = EDGE_LOOP('',(#4102));
#4102 = ORIENTED_EDGE('',*,*,#4103,.T.);
#4103 = EDGE_CURVE('',#4104,#4104,#4106,.T.);
#4104 = VERTEX_POINT('',#4105);
#4105 = CARTESIAN_POINT('',(12.1,0.,18.25));
#4106 = SURFACE_CURVE('',#4107,(#4112,#4123),.PCURVE_S1.);
#4107 = CIRCLE('',#4108,0.8);
#4108 = AXIS2_PLACEMENT_3D('',#4109,#4110,#4111);
#4109 = CARTESIAN_POINT('',(11.3,0.,18.25));
#4110 = DIRECTION('',(0.,0.,-1.));
#4111 = DIRECTION('',(1.,0.,0.));
#4112 = PCURVE('',#325,#4113);
#4113 = DEFINITIONAL_REPRESENTATION('',(#4114),#4122);
#4114 = ( BOUNDED_CURVE() B_SPLINE_CURVE(2,(#4115,#4116,#4117,#4118,
#4119,#4120,#4121),.UNSPECIFIED.,.T.,.F.) B_SPLINE_CURVE_WITH_KNOTS((1,2
    ,2,2,2,1),(-2.094395102393,0.,2.094395102393,4.188790204786,
6.28318530718,8.377580409573),.UNSPECIFIED.) CURVE() 
GEOMETRIC_REPRESENTATION_ITEM() RATIONAL_B_SPLINE_CURVE((1.,0.5,1.,0.5,
1.,0.5,1.)) REPRESENTATION_ITEM('') );
#4115 = CARTESIAN_POINT('',(21.55,3.75));
#4116 = CARTESIAN_POINT('',(21.55,2.364359353945));
#4117 = CARTESIAN_POINT('',(20.35,3.057179676972));
#4118 = CARTESIAN_POINT('',(19.15,3.75));
#4119 = CARTESIAN_POINT('',(20.35,4.442820323028));
#4120 = CARTESIAN_POINT('',(21.55,5.135640646055));
#4121 = CARTESIAN_POINT('',(21.55,3.75));
#4122 = ( GEOMETRIC_REPRESENTATION_CONTEXT(2) 
PARAMETRIC_REPRESENTATION_CONTEXT() REPRESENTATION_CONTEXT('2D SPACE',''
  ) );
#4123 = PCURVE('',#4124,#4129);
#4124 = CYLINDRICAL_SURFACE('',#4125,0.8);
#4125 = AXIS2_PLACEMENT_3D('',#4126,#4127,#4128);
#4126 = CARTESIAN_POINT('',(11.3,0.,17.75));
#4127 = DIRECTION('',(-0.,-0.,-1.));
#4128 = DIRECTION('',(1.,0.,0.));
#4129 = DEFINITIONAL_REPRESENTATION('',(#4130),#4134);
#4130 = LINE('',#4131,#4132);
#4131 = CARTESIAN_POINT('',(-6.28318530718,-0.5));
#4132 = VECTOR('',#4133,1.);
#4133 = DIRECTION('',(1.,-0.));
#4134 = ( GEOMETRIC_REPRESENTATION_CONTEXT(2) 
PARAMETRIC_REPRESENTATION_CONTEXT() REPRESENTATION_CONTEXT('2D SPACE',''
  ) );
#4135 = FACE_BOUND('',#4136,.F.);
#4136 = EDGE_LOOP('',(#4137));
#4137 = ORIENTED_EDGE('',*,*,#4138,.T.);
#4138 = EDGE_CURVE('',#4139,#4139,#4141,.T.);
#4139 = VERTEX_POINT('',#4140);
#4140 = CARTESIAN_POINT('',(15.6,0.,18.25));
#4141 = SURFACE_CURVE('',#4142,(#4147,#4158),.PCURVE_S1.);
#4142 = CIRCLE('',#4143,0.8);
#4143 = AXIS2_PLACEMENT_3D('',#4144,#4145,#4146);
#4144 = CARTESIAN_POINT('',(14.8,0.,18.25));
#4145 = DIRECTION('',(0.,0.,-1.));
#4146 = DIRECTION('',(1.,0.,0.));
#4147 = PCURVE('',#325,#4148);
#4148 = DEFINITIONAL_REPRESENTATION('',(#4149),#4157);
#4149 = ( BOUNDED_CURVE() B_SPLINE_CURVE(2,(#4150,#4151,#4152,#4153,
#4154,#4155,#4156),.UNSPECIFIED.,.T.,.F.) B_SPLINE_CURVE_WITH_KNOTS((1,2
    ,2,2,2,1),(-2.094395102393,0.,2.094395102393,4.188790204786,
6.28318530718,8.377580409573),.UNSPECIFIED.) CURVE() 
GEOMETRIC_REPRESENTATION_ITEM() RATIONAL_B_SPLINE_CURVE((1.,0.5,1.,0.5,
1.,0.5,1.)) REPRESENTATION_ITEM('') );
#4150 = CARTESIAN_POINT('',(25.05,3.75));
#4151 = CARTESIAN_POINT('',(25.05,2.364359353945));
#4152 = CARTESIAN_POINT('',(23.85,3.057179676972));
#4153 = CARTESIAN_POINT('',(22.65,3.75));
#4154 = CARTESIAN_POINT('',(23.85,4.442820323028));
#4155 = CARTESIAN_POINT('',(25.05,5.135640646055));
#4156 = CARTESIAN_POINT('',(25.05,3.75));
#4157 = ( GEOMETRIC_REPRESENTATION_CONTEXT(2) 
PARAMETRIC_REPRESENTATION_CONTEXT() REPRESENTATION_CONTEXT('2D SPACE',''
  ) );
#4158 = PCURVE('',#4159,#4164);
#4159 = CYLINDRICAL_SURFACE('',#4160,0.8);
#4160 = AXIS2_PLACEMENT_3D('',#4161,#4162,#4163);
#4161 = CARTESIAN_POINT('',(14.8,0.,17.75));
#4162 = DIRECTION('',(-0.,-0.,-1.));
#4163 = DIRECTION('',(1.,0.,0.));
#4164 = DEFINITIONAL_REPRESENTATION('',(#4165),#4169);
#4165 = LINE('',#4166,#4167);
#4166 = CARTESIAN_POINT('',(-6.28318530718,-0.5));
#4167 = VECTOR('',#4168,1.);
#4168 = DIRECTION('',(1.,-0.));
#4169 = ( GEOMETRIC_REPRESENTATION_CONTEXT(2) 
PARAMETRIC_REPRESENTATION_CONTEXT() REPRESENTATION_CONTEXT('2D SPACE',''
  ) );
#4170 = ADVANCED_FACE('',(#4171),#507,.T.);
#4171 = FACE_BOUND('',#4172,.F.);
#4172 = EDGE_LOOP('',(#4173,#4174,#4196));
#4173 = ORIENTED_EDGE('',*,*,#492,.F.);
#4174 = ORIENTED_EDGE('',*,*,#4175,.T.);
#4175 = EDGE_CURVE('',#470,#524,#4176,.T.);
#4176 = SURFACE_CURVE('',#4177,(#4182,#4189),.PCURVE_S1.);
#4177 = CIRCLE('',#4178,0.8);
#4178 = AXIS2_PLACEMENT_3D('',#4179,#4180,#4181);
#4179 = CARTESIAN_POINT('',(-8.65,2.95,19.05));
#4180 = DIRECTION('',(1.,6.123233995737E-17,-0.));
#4181 = DIRECTION('',(-6.123233995737E-17,1.,0.));
#4182 = PCURVE('',#507,#4183);
#4183 = DEFINITIONAL_REPRESENTATION('',(#4184),#4188);
#4184 = LINE('',#4185,#4186);
#4185 = CARTESIAN_POINT('',(-1.570796326795,-6.28318530718));
#4186 = VECTOR('',#4187,1.);
#4187 = DIRECTION('',(-0.,1.));
#4188 = ( GEOMETRIC_REPRESENTATION_CONTEXT(2) 
PARAMETRIC_REPRESENTATION_CONTEXT() REPRESENTATION_CONTEXT('2D SPACE',''
  ) );
#4189 = PCURVE('',#1240,#4190);
#4190 = DEFINITIONAL_REPRESENTATION('',(#4191),#4195);
#4191 = LINE('',#4192,#4193);
#4192 = CARTESIAN_POINT('',(-6.28318530718,0.8));
#4193 = VECTOR('',#4194,1.);
#4194 = DIRECTION('',(1.,-0.));
#4195 = ( GEOMETRIC_REPRESENTATION_CONTEXT(2) 
PARAMETRIC_REPRESENTATION_CONTEXT() REPRESENTATION_CONTEXT('2D SPACE',''
  ) );
#4196 = ORIENTED_EDGE('',*,*,#523,.F.);
#4197 = ADVANCED_FACE('',(#4198),#590,.T.);
#4198 = FACE_BOUND('',#4199,.F.);
#4199 = EDGE_LOOP('',(#4200,#4201,#4228));
#4200 = ORIENTED_EDGE('',*,*,#575,.F.);
#4201 = ORIENTED_EDGE('',*,*,#4202,.T.);
#4202 = EDGE_CURVE('',#548,#674,#4203,.T.);
#4203 = SURFACE_CURVE('',#4204,(#4209,#4216),.PCURVE_S1.);
#4204 = CIRCLE('',#4205,0.8);
#4205 = AXIS2_PLACEMENT_3D('',#4206,#4207,#4208);
#4206 = CARTESIAN_POINT('',(-8.65,2.95,19.25));
#4207 = DIRECTION('',(1.,0.,-7.754553812078E-17));
#4208 = DIRECTION('',(7.754553812078E-17,0.,1.));
#4209 = PCURVE('',#590,#4210);
#4210 = DEFINITIONAL_REPRESENTATION('',(#4211),#4215);
#4211 = LINE('',#4212,#4213);
#4212 = CARTESIAN_POINT('',(-1.570796326795,-6.28318530718));
#4213 = VECTOR('',#4214,1.);
#4214 = DIRECTION('',(-0.,1.));
#4215 = ( GEOMETRIC_REPRESENTATION_CONTEXT(2) 
PARAMETRIC_REPRESENTATION_CONTEXT() REPRESENTATION_CONTEXT('2D SPACE',''
  ) );
#4216 = PCURVE('',#4217,#4222);
#4217 = CYLINDRICAL_SURFACE('',#4218,0.8);
#4218 = AXIS2_PLACEMENT_3D('',#4219,#4220,#4221);
#4219 = CARTESIAN_POINT('',(-9.45,2.95,19.25));
#4220 = DIRECTION('',(1.,0.,0.));
#4221 = DIRECTION('',(-0.,1.,0.));
#4222 = DEFINITIONAL_REPRESENTATION('',(#4223),#4227);
#4223 = LINE('',#4224,#4225);
#4224 = CARTESIAN_POINT('',(-4.712388980385,0.8));
#4225 = VECTOR('',#4226,1.);
#4226 = DIRECTION('',(1.,0.));
#4227 = ( GEOMETRIC_REPRESENTATION_CONTEXT(2) 
PARAMETRIC_REPRESENTATION_CONTEXT() REPRESENTATION_CONTEXT('2D SPACE',''
  ) );
#4228 = ORIENTED_EDGE('',*,*,#701,.F.);
#4229 = ADVANCED_FACE('',(#4230),#563,.T.);
#4230 = FACE_BOUND('',#4231,.T.);
#4231 = EDGE_LOOP('',(#4232,#4255,#4256,#4279,#4307,#4335));
#4232 = ORIENTED_EDGE('',*,*,#4233,.F.);
#4233 = EDGE_CURVE('',#524,#4234,#4236,.T.);
#4234 = VERTEX_POINT('',#4235);
#4235 = CARTESIAN_POINT('',(-5.7,3.75,19.05));
#4236 = SURFACE_CURVE('',#4237,(#4241,#4248),.PCURVE_S1.);
#4237 = LINE('',#4238,#4239);
#4238 = CARTESIAN_POINT('',(-9.45,3.75,19.05));
#4239 = VECTOR('',#4240,1.);
#4240 = DIRECTION('',(1.,0.,0.));
#4241 = PCURVE('',#563,#4242);
#4242 = DEFINITIONAL_REPRESENTATION('',(#4243),#4247);
#4243 = LINE('',#4244,#4245);
#4244 = CARTESIAN_POINT('',(0.8,0.));
#4245 = VECTOR('',#4246,1.);
#4246 = DIRECTION('',(0.,1.));
#4247 = ( GEOMETRIC_REPRESENTATION_CONTEXT(2) 
PARAMETRIC_REPRESENTATION_CONTEXT() REPRESENTATION_CONTEXT('2D SPACE',''
  ) );
#4248 = PCURVE('',#1240,#4249);
#4249 = DEFINITIONAL_REPRESENTATION('',(#4250),#4254);
#4250 = LINE('',#4251,#4252);
#4251 = CARTESIAN_POINT('',(-0.,0.));
#4252 = VECTOR('',#4253,1.);
#4253 = DIRECTION('',(-0.,1.));
#4254 = ( GEOMETRIC_REPRESENTATION_CONTEXT(2) 
PARAMETRIC_REPRESENTATION_CONTEXT() REPRESENTATION_CONTEXT('2D SPACE',''
  ) );
#4255 = ORIENTED_EDGE('',*,*,#547,.T.);
#4256 = ORIENTED_EDGE('',*,*,#4257,.T.);
#4257 = EDGE_CURVE('',#548,#4258,#4260,.T.);
#4258 = VERTEX_POINT('',#4259);
#4259 = CARTESIAN_POINT('',(-5.7,3.75,19.25));
#4260 = SURFACE_CURVE('',#4261,(#4265,#4272),.PCURVE_S1.);
#4261 = LINE('',#4262,#4263);
#4262 = CARTESIAN_POINT('',(-9.45,3.75,19.25));
#4263 = VECTOR('',#4264,1.);
#4264 = DIRECTION('',(1.,0.,0.));
#4265 = PCURVE('',#563,#4266);
#4266 = DEFINITIONAL_REPRESENTATION('',(#4267),#4271);
#4267 = LINE('',#4268,#4269);
#4268 = CARTESIAN_POINT('',(1.,0.));
#4269 = VECTOR('',#4270,1.);
#4270 = DIRECTION('',(0.,1.));
#4271 = ( GEOMETRIC_REPRESENTATION_CONTEXT(2) 
PARAMETRIC_REPRESENTATION_CONTEXT() REPRESENTATION_CONTEXT('2D SPACE',''
  ) );
#4272 = PCURVE('',#4217,#4273);
#4273 = DEFINITIONAL_REPRESENTATION('',(#4274),#4278);
#4274 = LINE('',#4275,#4276);
#4275 = CARTESIAN_POINT('',(0.,0.));
#4276 = VECTOR('',#4277,1.);
#4277 = DIRECTION('',(0.,1.));
#4278 = ( GEOMETRIC_REPRESENTATION_CONTEXT(2) 
PARAMETRIC_REPRESENTATION_CONTEXT() REPRESENTATION_CONTEXT('2D SPACE',''
  ) );
#4279 = ORIENTED_EDGE('',*,*,#4280,.T.);
#4280 = EDGE_CURVE('',#4258,#4281,#4283,.T.);
#4281 = VERTEX_POINT('',#4282);
#4282 = CARTESIAN_POINT('',(18.15,3.75,19.25));
#4283 = SURFACE_CURVE('',#4284,(#4288,#4295),.PCURVE_S1.);
#4284 = LINE('',#4285,#4286);
#4285 = CARTESIAN_POINT('',(-9.45,3.75,19.25));
#4286 = VECTOR('',#4287,1.);
#4287 = DIRECTION('',(1.,0.,0.));
#4288 = PCURVE('',#563,#4289);
#4289 = DEFINITIONAL_REPRESENTATION('',(#4290),#4294);
#4290 = LINE('',#4291,#4292);
#4291 = CARTESIAN_POINT('',(1.,0.));
#4292 = VECTOR('',#4293,1.);
#4293 = DIRECTION('',(0.,1.));
#4294 = ( GEOMETRIC_REPRESENTATION_CONTEXT(2) 
PARAMETRIC_REPRESENTATION_CONTEXT() REPRESENTATION_CONTEXT('2D SPACE',''
  ) );
#4295 = PCURVE('',#4296,#4301);
#4296 = CYLINDRICAL_SURFACE('',#4297,0.8);
#4297 = AXIS2_PLACEMENT_3D('',#4298,#4299,#4300);
#4298 = CARTESIAN_POINT('',(-9.45,2.95,19.25));
#4299 = DIRECTION('',(1.,0.,0.));
#4300 = DIRECTION('',(-0.,1.,0.));
#4301 = DEFINITIONAL_REPRESENTATION('',(#4302),#4306);
#4302 = LINE('',#4303,#4304);
#4303 = CARTESIAN_POINT('',(0.,0.));
#4304 = VECTOR('',#4305,1.);
#4305 = DIRECTION('',(0.,1.));
#4306 = ( GEOMETRIC_REPRESENTATION_CONTEXT(2) 
PARAMETRIC_REPRESENTATION_CONTEXT() REPRESENTATION_CONTEXT('2D SPACE',''
  ) );
#4307 = ORIENTED_EDGE('',*,*,#4308,.F.);
#4308 = EDGE_CURVE('',#4309,#4281,#4311,.T.);
#4309 = VERTEX_POINT('',#4310);
#4310 = CARTESIAN_POINT('',(18.15,3.75,19.05));
#4311 = SURFACE_CURVE('',#4312,(#4316,#4323),.PCURVE_S1.);
#4312 = LINE('',#4313,#4314);
#4313 = CARTESIAN_POINT('',(18.15,3.75,18.25));
#4314 = VECTOR('',#4315,1.);
#4315 = DIRECTION('',(0.,0.,1.));
#4316 = PCURVE('',#563,#4317);
#4317 = DEFINITIONAL_REPRESENTATION('',(#4318),#4322);
#4318 = LINE('',#4319,#4320);
#4319 = CARTESIAN_POINT('',(0.,27.6));
#4320 = VECTOR('',#4321,1.);
#4321 = DIRECTION('',(1.,0.));
#4322 = ( GEOMETRIC_REPRESENTATION_CONTEXT(2) 
PARAMETRIC_REPRESENTATION_CONTEXT() REPRESENTATION_CONTEXT('2D SPACE',''
  ) );
#4323 = PCURVE('',#4324,#4329);
#4324 = CYLINDRICAL_SURFACE('',#4325,0.8);
#4325 = AXIS2_PLACEMENT_3D('',#4326,#4327,#4328);
#4326 = CARTESIAN_POINT('',(18.15,2.95,18.25));
#4327 = DIRECTION('',(0.,0.,1.));
#4328 = DIRECTION('',(1.,0.,-0.));
#4329 = DEFINITIONAL_REPRESENTATION('',(#4330),#4334);
#4330 = LINE('',#4331,#4332);
#4331 = CARTESIAN_POINT('',(1.570796326795,0.));
#4332 = VECTOR('',#4333,1.);
#4333 = DIRECTION('',(0.,1.));
#4334 = ( GEOMETRIC_REPRESENTATION_CONTEXT(2) 
PARAMETRIC_REPRESENTATION_CONTEXT() REPRESENTATION_CONTEXT('2D SPACE',''
  ) );
#4335 = ORIENTED_EDGE('',*,*,#4336,.F.);
#4336 = EDGE_CURVE('',#4234,#4309,#4337,.T.);
#4337 = SURFACE_CURVE('',#4338,(#4342,#4349),.PCURVE_S1.);
#4338 = LINE('',#4339,#4340);
#4339 = CARTESIAN_POINT('',(-9.45,3.75,19.05));
#4340 = VECTOR('',#4341,1.);
#4341 = DIRECTION('',(1.,0.,0.));
#4342 = PCURVE('',#563,#4343);
#4343 = DEFINITIONAL_REPRESENTATION('',(#4344),#4348);
#4344 = LINE('',#4345,#4346);
#4345 = CARTESIAN_POINT('',(0.8,0.));
#4346 = VECTOR('',#4347,1.);
#4347 = DIRECTION('',(0.,1.));
#4348 = ( GEOMETRIC_REPRESENTATION_CONTEXT(2) 
PARAMETRIC_REPRESENTATION_CONTEXT() REPRESENTATION_CONTEXT('2D SPACE',''
  ) );
#4349 = PCURVE('',#1185,#4350);
#4350 = DEFINITIONAL_REPRESENTATION('',(#4351),#4355);
#4351 = LINE('',#4352,#4353);
#4352 = CARTESIAN_POINT('',(-0.,0.));
#4353 = VECTOR('',#4354,1.);
#4354 = DIRECTION('',(-0.,1.));
#4355 = ( GEOMETRIC_REPRESENTATION_CONTEXT(2) 
PARAMETRIC_REPRESENTATION_CONTEXT() REPRESENTATION_CONTEXT('2D SPACE',''
  ) );
#4356 = ADVANCED_FACE('',(#4357),#689,.T.);
#4357 = FACE_BOUND('',#4358,.T.);
#4358 = EDGE_LOOP('',(#4359,#4360,#4388));
#4359 = ORIENTED_EDGE('',*,*,#673,.F.);
#4360 = ORIENTED_EDGE('',*,*,#4361,.T.);
#4361 = EDGE_CURVE('',#607,#4362,#4364,.T.);
#4362 = VERTEX_POINT('',#4363);
#4363 = CARTESIAN_POINT('',(-8.015167380558,2.95,20.05));
#4364 = SURFACE_CURVE('',#4365,(#4370,#4381),.PCURVE_S1.);
#4365 = CIRCLE('',#4366,3.75);
#4366 = AXIS2_PLACEMENT_3D('',#4367,#4368,#4369);
#4367 = CARTESIAN_POINT('',(-5.7,0.,20.05));
#4368 = DIRECTION('',(0.,0.,-1.));
#4369 = DIRECTION('',(1.,0.,0.));
#4370 = PCURVE('',#689,#4371);
#4371 = DEFINITIONAL_REPRESENTATION('',(#4372),#4380);
#4372 = ( BOUNDED_CURVE() B_SPLINE_CURVE(2,(#4373,#4374,#4375,#4376,
#4377,#4378,#4379),.UNSPECIFIED.,.T.,.F.) B_SPLINE_CURVE_WITH_KNOTS((1,2
    ,2,2,2,1),(-2.094395102393,0.,2.094395102393,4.188790204786,
6.28318530718,8.377580409573),.UNSPECIFIED.) CURVE() 
GEOMETRIC_REPRESENTATION_ITEM() RATIONAL_B_SPLINE_CURVE((1.,0.5,1.,0.5,
1.,0.5,1.)) REPRESENTATION_ITEM('') );
#4373 = CARTESIAN_POINT('',(7.5,3.75));
#4374 = CARTESIAN_POINT('',(7.5,-2.745190528383));
#4375 = CARTESIAN_POINT('',(1.875,0.502404735808));
#4376 = CARTESIAN_POINT('',(-3.75,3.75));
#4377 = CARTESIAN_POINT('',(1.875,6.997595264192));
#4378 = CARTESIAN_POINT('',(7.5,10.245190528383));
#4379 = CARTESIAN_POINT('',(7.5,3.75));
#4380 = ( GEOMETRIC_REPRESENTATION_CONTEXT(2) 
PARAMETRIC_REPRESENTATION_CONTEXT() REPRESENTATION_CONTEXT('2D SPACE',''
  ) );
#4381 = PCURVE('',#648,#4382);
#4382 = DEFINITIONAL_REPRESENTATION('',(#4383),#4387);
#4383 = LINE('',#4384,#4385);
#4384 = CARTESIAN_POINT('',(-6.28318530718,-1.8));
#4385 = VECTOR('',#4386,1.);
#4386 = DIRECTION('',(1.,-0.));
#4387 = ( GEOMETRIC_REPRESENTATION_CONTEXT(2) 
PARAMETRIC_REPRESENTATION_CONTEXT() REPRESENTATION_CONTEXT('2D SPACE',''
  ) );
#4388 = ORIENTED_EDGE('',*,*,#4389,.F.);
#4389 = EDGE_CURVE('',#674,#4362,#4390,.T.);
#4390 = SURFACE_CURVE('',#4391,(#4395,#4402),.PCURVE_S1.);
#4391 = LINE('',#4392,#4393);
#4392 = CARTESIAN_POINT('',(-9.45,2.95,20.05));
#4393 = VECTOR('',#4394,1.);
#4394 = DIRECTION('',(1.,0.,0.));
#4395 = PCURVE('',#689,#4396);
#4396 = DEFINITIONAL_REPRESENTATION('',(#4397),#4401);
#4397 = LINE('',#4398,#4399);
#4398 = CARTESIAN_POINT('',(0.,6.7));
#4399 = VECTOR('',#4400,1.);
#4400 = DIRECTION('',(1.,0.));
#4401 = ( GEOMETRIC_REPRESENTATION_CONTEXT(2) 
PARAMETRIC_REPRESENTATION_CONTEXT() REPRESENTATION_CONTEXT('2D SPACE',''
  ) );
#4402 = PCURVE('',#4217,#4403);
#4403 = DEFINITIONAL_REPRESENTATION('',(#4404),#4408);
#4404 = LINE('',#4405,#4406);
#4405 = CARTESIAN_POINT('',(1.570796326795,0.));
#4406 = VECTOR('',#4407,1.);
#4407 = DIRECTION('',(0.,1.));
#4408 = ( GEOMETRIC_REPRESENTATION_CONTEXT(2) 
PARAMETRIC_REPRESENTATION_CONTEXT() REPRESENTATION_CONTEXT('2D SPACE',''
  ) );
#4409 = ADVANCED_FACE('',(#4410),#648,.T.);
#4410 = FACE_BOUND('',#4411,.F.);
#4411 = EDGE_LOOP('',(#4412,#4447,#4470,#4497,#4498,#4526,#4628,#4690,
    #4716,#4717,#4718,#4719,#4821));
#4412 = ORIENTED_EDGE('',*,*,#4413,.T.);
#4413 = EDGE_CURVE('',#4414,#4416,#4418,.T.);
#4414 = VERTEX_POINT('',#4415);
#4415 = CARTESIAN_POINT('',(-3.384832619442,2.95,20.05));
#4416 = VERTEX_POINT('',#4417);
#4417 = CARTESIAN_POINT('',(-1.95,0.,20.05));
#4418 = SURFACE_CURVE('',#4419,(#4424,#4431),.PCURVE_S1.);
#4419 = CIRCLE('',#4420,3.75);
#4420 = AXIS2_PLACEMENT_3D('',#4421,#4422,#4423);
#4421 = CARTESIAN_POINT('',(-5.7,0.,20.05));
#4422 = DIRECTION('',(0.,0.,-1.));
#4423 = DIRECTION('',(1.,0.,0.));
#4424 = PCURVE('',#648,#4425);
#4425 = DEFINITIONAL_REPRESENTATION('',(#4426),#4430);
#4426 = LINE('',#4427,#4428);
#4427 = CARTESIAN_POINT('',(-6.28318530718,-1.8));
#4428 = VECTOR('',#4429,1.);
#4429 = DIRECTION('',(1.,-0.));
#4430 = ( GEOMETRIC_REPRESENTATION_CONTEXT(2) 
PARAMETRIC_REPRESENTATION_CONTEXT() REPRESENTATION_CONTEXT('2D SPACE',''
  ) );
#4431 = PCURVE('',#4432,#4437);
#4432 = PLANE('',#4433);
#4433 = AXIS2_PLACEMENT_3D('',#4434,#4435,#4436);
#4434 = CARTESIAN_POINT('',(-9.45,-3.75,20.05));
#4435 = DIRECTION('',(0.,0.,1.));
#4436 = DIRECTION('',(1.,0.,0.));
#4437 = DEFINITIONAL_REPRESENTATION('',(#4438),#4446);
#4438 = ( BOUNDED_CURVE() B_SPLINE_CURVE(2,(#4439,#4440,#4441,#4442,
#4443,#4444,#4445),.UNSPECIFIED.,.T.,.F.) B_SPLINE_CURVE_WITH_KNOTS((1,2
    ,2,2,2,1),(-2.094395102393,0.,2.094395102393,4.188790204786,
6.28318530718,8.377580409573),.UNSPECIFIED.) CURVE() 
GEOMETRIC_REPRESENTATION_ITEM() RATIONAL_B_SPLINE_CURVE((1.,0.5,1.,0.5,
1.,0.5,1.)) REPRESENTATION_ITEM('') );
#4439 = CARTESIAN_POINT('',(7.5,3.75));
#4440 = CARTESIAN_POINT('',(7.5,-2.745190528383));
#4441 = CARTESIAN_POINT('',(1.875,0.502404735808));
#4442 = CARTESIAN_POINT('',(-3.75,3.75));
#4443 = CARTESIAN_POINT('',(1.875,6.997595264192));
#4444 = CARTESIAN_POINT('',(7.5,10.245190528383));
#4445 = CARTESIAN_POINT('',(7.5,3.75));
#4446 = ( GEOMETRIC_REPRESENTATION_CONTEXT(2) 
PARAMETRIC_REPRESENTATION_CONTEXT() REPRESENTATION_CONTEXT('2D SPACE',''
  ) );
#4447 = ORIENTED_EDGE('',*,*,#4448,.T.);
#4448 = EDGE_CURVE('',#4416,#4449,#4451,.T.);
#4449 = VERTEX_POINT('',#4450);
#4450 = CARTESIAN_POINT('',(-1.95,0.,20.75));
#4451 = SEAM_CURVE('',#4452,(#4456,#4463),.PCURVE_S1.);
#4452 = LINE('',#4453,#4454);
#4453 = CARTESIAN_POINT('',(-1.95,0.,18.25));
#4454 = VECTOR('',#4455,1.);
#4455 = DIRECTION('',(0.,0.,1.));
#4456 = PCURVE('',#648,#4457);
#4457 = DEFINITIONAL_REPRESENTATION('',(#4458),#4462);
#4458 = LINE('',#4459,#4460);
#4459 = CARTESIAN_POINT('',(-6.28318530718,0.));
#4460 = VECTOR('',#4461,1.);
#4461 = DIRECTION('',(-0.,-1.));
#4462 = ( GEOMETRIC_REPRESENTATION_CONTEXT(2) 
PARAMETRIC_REPRESENTATION_CONTEXT() REPRESENTATION_CONTEXT('2D SPACE',''
  ) );
#4463 = PCURVE('',#648,#4464);
#4464 = DEFINITIONAL_REPRESENTATION('',(#4465),#4469);
#4465 = LINE('',#4466,#4467);
#4466 = CARTESIAN_POINT('',(-0.,0.));
#4467 = VECTOR('',#4468,1.);
#4468 = DIRECTION('',(-0.,-1.));
#4469 = ( GEOMETRIC_REPRESENTATION_CONTEXT(2) 
PARAMETRIC_REPRESENTATION_CONTEXT() REPRESENTATION_CONTEXT('2D SPACE',''
  ) );
#4470 = ORIENTED_EDGE('',*,*,#4471,.T.);
#4471 = EDGE_CURVE('',#4449,#4449,#4472,.T.);
#4472 = SURFACE_CURVE('',#4473,(#4478,#4485),.PCURVE_S1.);
#4473 = CIRCLE('',#4474,3.75);
#4474 = AXIS2_PLACEMENT_3D('',#4475,#4476,#4477);
#4475 = CARTESIAN_POINT('',(-5.7,0.,20.75));
#4476 = DIRECTION('',(0.,0.,1.));
#4477 = DIRECTION('',(1.,0.,0.));
#4478 = PCURVE('',#648,#4479);
#4479 = DEFINITIONAL_REPRESENTATION('',(#4480),#4484);
#4480 = LINE('',#4481,#4482);
#4481 = CARTESIAN_POINT('',(-0.,-2.5));
#4482 = VECTOR('',#4483,1.);
#4483 = DIRECTION('',(-1.,0.));
#4484 = ( GEOMETRIC_REPRESENTATION_CONTEXT(2) 
PARAMETRIC_REPRESENTATION_CONTEXT() REPRESENTATION_CONTEXT('2D SPACE',''
  ) );
#4485 = PCURVE('',#4486,#4491);
#4486 = PLANE('',#4487);
#4487 = AXIS2_PLACEMENT_3D('',#4488,#4489,#4490);
#4488 = CARTESIAN_POINT('',(-5.7,2.924450111184E-17,20.75));
#4489 = DIRECTION('',(0.,0.,1.));
#4490 = DIRECTION('',(1.,0.,-0.));
#4491 = DEFINITIONAL_REPRESENTATION('',(#4492),#4496);
#4492 = CIRCLE('',#4493,3.75);
#4493 = AXIS2_PLACEMENT_2D('',#4494,#4495);
#4494 = CARTESIAN_POINT('',(0.,-2.924450111184E-17));
#4495 = DIRECTION('',(1.,0.));
#4496 = ( GEOMETRIC_REPRESENTATION_CONTEXT(2) 
PARAMETRIC_REPRESENTATION_CONTEXT() REPRESENTATION_CONTEXT('2D SPACE',''
  ) );
#4497 = ORIENTED_EDGE('',*,*,#4448,.F.);
#4498 = ORIENTED_EDGE('',*,*,#4499,.T.);
#4499 = EDGE_CURVE('',#4416,#4500,#4502,.T.);
#4500 = VERTEX_POINT('',#4501);
#4501 = CARTESIAN_POINT('',(-3.384832619442,-2.95,20.05));
#4502 = SURFACE_CURVE('',#4503,(#4508,#4515),.PCURVE_S1.);
#4503 = CIRCLE('',#4504,3.75);
#4504 = AXIS2_PLACEMENT_3D('',#4505,#4506,#4507);
#4505 = CARTESIAN_POINT('',(-5.7,0.,20.05));
#4506 = DIRECTION('',(0.,0.,-1.));
#4507 = DIRECTION('',(1.,0.,0.));
#4508 = PCURVE('',#648,#4509);
#4509 = DEFINITIONAL_REPRESENTATION('',(#4510),#4514);
#4510 = LINE('',#4511,#4512);
#4511 = CARTESIAN_POINT('',(-6.28318530718,-1.8));
#4512 = VECTOR('',#4513,1.);
#4513 = DIRECTION('',(1.,-0.));
#4514 = ( GEOMETRIC_REPRESENTATION_CONTEXT(2) 
PARAMETRIC_REPRESENTATION_CONTEXT() REPRESENTATION_CONTEXT('2D SPACE',''
  ) );
#4515 = PCURVE('',#4432,#4516);
#4516 = DEFINITIONAL_REPRESENTATION('',(#4517),#4525);
#4517 = ( BOUNDED_CURVE() B_SPLINE_CURVE(2,(#4518,#4519,#4520,#4521,
#4522,#4523,#4524),.UNSPECIFIED.,.T.,.F.) B_SPLINE_CURVE_WITH_KNOTS((1,2
    ,2,2,2,1),(-2.094395102393,0.,2.094395102393,4.188790204786,
6.28318530718,8.377580409573),.UNSPECIFIED.) CURVE() 
GEOMETRIC_REPRESENTATION_ITEM() RATIONAL_B_SPLINE_CURVE((1.,0.5,1.,0.5,
1.,0.5,1.)) REPRESENTATION_ITEM('') );
#4518 = CARTESIAN_POINT('',(7.5,3.75));
#4519 = CARTESIAN_POINT('',(7.5,-2.745190528383));
#4520 = CARTESIAN_POINT('',(1.875,0.502404735808));
#4521 = CARTESIAN_POINT('',(-3.75,3.75));
#4522 = CARTESIAN_POINT('',(1.875,6.997595264192));
#4523 = CARTESIAN_POINT('',(7.5,10.245190528383));
#4524 = CARTESIAN_POINT('',(7.5,3.75));
#4525 = ( GEOMETRIC_REPRESENTATION_CONTEXT(2) 
PARAMETRIC_REPRESENTATION_CONTEXT() REPRESENTATION_CONTEXT('2D SPACE',''
  ) );
#4526 = ORIENTED_EDGE('',*,*,#4527,.F.);
#4527 = EDGE_CURVE('',#931,#4500,#4528,.T.);
#4528 = SURFACE_CURVE('',#4529,(#4560,#4594),.PCURVE_S1.);
#4529 = B_SPLINE_CURVE_WITH_KNOTS('',8,(#4530,#4531,#4532,#4533,#4534,
    #4535,#4536,#4537,#4538,#4539,#4540,#4541,#4542,#4543,#4544,#4545,
    #4546,#4547,#4548,#4549,#4550,#4551,#4552,#4553,#4554,#4555,#4556,
    #4557,#4558,#4559),.UNSPECIFIED.,.F.,.F.,(9,7,7,7,9),(0.,
    1.25896689136E-03,2.353720197828E-03,0.786045307263,1.),
  .UNSPECIFIED.);
#4530 = CARTESIAN_POINT('',(-5.7,-3.75,19.25));
#4531 = CARTESIAN_POINT('',(-5.69962377929,-3.75,19.250173768902));
#4532 = CARTESIAN_POINT('',(-5.699247558581,-3.749999956863,
    19.250347537805));
#4533 = CARTESIAN_POINT('',(-5.698871337872,-3.74999987059,
    19.250521306699));
#4534 = CARTESIAN_POINT('',(-5.698495117166,-3.74999974118,
    19.250695075578));
#4535 = CARTESIAN_POINT('',(-5.698118896463,-3.749999568634,
    19.250868844433));
#4536 = CARTESIAN_POINT('',(-5.697742675764,-3.749999352951,
    19.251042613257));
#4537 = CARTESIAN_POINT('',(-5.697366455071,-3.749999094131,
    19.251216382041));
#4538 = CARTESIAN_POINT('',(-5.696663086113,-3.749998529604,
    19.251541253957));
#4539 = CARTESIAN_POINT('',(-5.696335937848,-3.749998234416,
    19.2516923571));
#4540 = CARTESIAN_POINT('',(-5.696008789588,-3.74999790661,
    19.251843460203));
#4541 = CARTESIAN_POINT('',(-5.695681641335,-3.749997546187,
    19.251994563259));
#4542 = CARTESIAN_POINT('',(-5.695354493088,-3.749997153147,
    19.252145666264));
#4543 = CARTESIAN_POINT('',(-5.69502734485,-3.749996727488,
    19.252296769213));
#4544 = CARTESIAN_POINT('',(-5.69470019662,-3.749996269213,19.2524478721
    ));
#4545 = CARTESIAN_POINT('',(-5.460180279159,-3.74964436689,
    19.360767644828));
#4546 = CARTESIAN_POINT('',(-5.227877167642,-3.732581182813,
    19.468031139898));
#4547 = CARTESIAN_POINT('',(-4.995857983351,-3.699265586014,
    19.573356901042));
#4548 = CARTESIAN_POINT('',(-4.763530101798,-3.649114576972,
    19.675345250702));
#4549 = CARTESIAN_POINT('',(-4.531165295706,-3.581134244044,
    19.77177664845));
#4550 = CARTESIAN_POINT('',(-4.299976484545,-3.494289285966,
    19.859332363447));
#4551 = CARTESIAN_POINT('',(-4.072186197264,-3.38780538378,
    19.93324911497));
#4552 = CARTESIAN_POINT('',(-3.790896746439,-3.228410201323,
    20.000910681627));
#4553 = CARTESIAN_POINT('',(-3.730959759536,-3.192762098896,
    20.013902621722));
#4554 = CARTESIAN_POINT('',(-3.671492460858,-3.155663831248,
    20.025217759836));
#4555 = CARTESIAN_POINT('',(-3.612587887864,-3.117141652304,
    20.034682820931));
#4556 = CARTESIAN_POINT('',(-3.554350105617,-3.077238167478,
    20.042108531302));
#4557 = CARTESIAN_POINT('',(-3.496893685418,-3.036016562048,
    20.047288816624));
#4558 = CARTESIAN_POINT('',(-3.440343183457,-2.99356482952,20.05));
#4559 = CARTESIAN_POINT('',(-3.384832619442,-2.95,20.05));
#4560 = PCURVE('',#648,#4561);
#4561 = DEFINITIONAL_REPRESENTATION('',(#4562),#4593);
#4562 = B_SPLINE_CURVE_WITH_KNOTS('',8,(#4563,#4564,#4565,#4566,#4567,
    #4568,#4569,#4570,#4571,#4572,#4573,#4574,#4575,#4576,#4577,#4578,
    #4579,#4580,#4581,#4582,#4583,#4584,#4585,#4586,#4587,#4588,#4589,
    #4590,#4591,#4592),.UNSPECIFIED.,.F.,.F.,(9,7,7,7,9),(0.,
    1.25896689136E-03,2.353720197828E-03,0.786045307263,1.),
  .UNSPECIFIED.);
#4563 = CARTESIAN_POINT('',(-4.712388980385,-1.));
#4564 = CARTESIAN_POINT('',(-4.712489305907,-1.000173768902));
#4565 = CARTESIAN_POINT('',(-4.71258963143,-1.000347537805));
#4566 = CARTESIAN_POINT('',(-4.712689956954,-1.000521306699));
#4567 = CARTESIAN_POINT('',(-4.71279028248,-1.000695075578));
#4568 = CARTESIAN_POINT('',(-4.71289060801,-1.000868844433));
#4569 = CARTESIAN_POINT('',(-4.712990933545,-1.001042613257));
#4570 = CARTESIAN_POINT('',(-4.713091259086,-1.001216382041));
#4571 = CARTESIAN_POINT('',(-4.713278824202,-1.001541253957));
#4572 = CARTESIAN_POINT('',(-4.713366063775,-1.0016923571));
#4573 = CARTESIAN_POINT('',(-4.713453303354,-1.001843460203));
#4574 = CARTESIAN_POINT('',(-4.71354054294,-1.001994563259));
#4575 = CARTESIAN_POINT('',(-4.713627782534,-1.002145666264));
#4576 = CARTESIAN_POINT('',(-4.713715022138,-1.002296769213));
#4577 = CARTESIAN_POINT('',(-4.713802261751,-1.0024478721));
#4578 = CARTESIAN_POINT('',(-4.776340976812,-1.110767644828));
#4579 = CARTESIAN_POINT('',(-4.83829518099,-1.218031139898));
#4580 = CARTESIAN_POINT('',(-4.900551654603,-1.323356901042));
#4581 = CARTESIAN_POINT('',(-4.963613737645,-1.425345250702));
#4582 = CARTESIAN_POINT('',(-5.027829181251,-1.52177664845));
#4583 = CARTESIAN_POINT('',(-5.093357433254,-1.609332363447));
#4584 = CARTESIAN_POINT('',(-5.160205581758,-1.68324911497));
#4585 = CARTESIAN_POINT('',(-5.24642208622,-1.750910681627));
#4586 = CARTESIAN_POINT('',(-5.265014513492,-1.763902621722));
#4587 = CARTESIAN_POINT('',(-5.283698173821,-1.775217759836));
#4588 = CARTESIAN_POINT('',(-5.302458195447,-1.784682820931));
#4589 = CARTESIAN_POINT('',(-5.321275307739,-1.792108531302));
#4590 = CARTESIAN_POINT('',(-5.340125065771,-1.797288816624));
#4591 = CARTESIAN_POINT('',(-5.358977074877,-1.8));
#4592 = CARTESIAN_POINT('',(-5.377794215221,-1.8));
#4593 = ( GEOMETRIC_REPRESENTATION_CONTEXT(2) 
PARAMETRIC_REPRESENTATION_CONTEXT() REPRESENTATION_CONTEXT('2D SPACE',''
  ) );
#4594 = PCURVE('',#969,#4595);
#4595 = DEFINITIONAL_REPRESENTATION('',(#4596),#4627);
#4596 = B_SPLINE_CURVE_WITH_KNOTS('',8,(#4597,#4598,#4599,#4600,#4601,
    #4602,#4603,#4604,#4605,#4606,#4607,#4608,#4609,#4610,#4611,#4612,
    #4613,#4614,#4615,#4616,#4617,#4618,#4619,#4620,#4621,#4622,#4623,
    #4624,#4625,#4626),.UNSPECIFIED.,.F.,.F.,(9,7,7,7,9),(0.,
    1.25896689136E-03,2.353720197828E-03,0.786045307263,1.),
  .UNSPECIFIED.);
#4597 = CARTESIAN_POINT('',(0.,3.75));
#4598 = CARTESIAN_POINT('',(-2.172111278766E-04,3.75037622071));
#4599 = CARTESIAN_POINT('',(-4.344222559643E-04,3.750752441419));
#4600 = CARTESIAN_POINT('',(-6.516333898646E-04,3.751128662128));
#4601 = CARTESIAN_POINT('',(-8.688445352453E-04,3.751504882834));
#4602 = CARTESIAN_POINT('',(-1.08605569784E-03,3.751881103537));
#4603 = CARTESIAN_POINT('',(-1.303266883448E-03,3.752257324236));
#4604 = CARTESIAN_POINT('',(-1.520478097936E-03,3.752633544929));
#4605 = CARTESIAN_POINT('',(-1.926568606098E-03,3.753336913887));
#4606 = CARTESIAN_POINT('',(-2.11544789118E-03,3.753664062152));
#4607 = CARTESIAN_POINT('',(-2.30432720627E-03,3.753991210412));
#4608 = CARTESIAN_POINT('',(-2.493206555159E-03,3.754318358665));
#4609 = CARTESIAN_POINT('',(-2.682085941644E-03,3.754645506912));
#4610 = CARTESIAN_POINT('',(-2.870965369525E-03,3.75497265515));
#4611 = CARTESIAN_POINT('',(-3.059844842606E-03,3.75529980338));
#4612 = CARTESIAN_POINT('',(-0.138460275274,3.989819720841));
#4613 = CARTESIAN_POINT('',(-0.272609187658,4.222122832358));
#4614 = CARTESIAN_POINT('',(-0.408161915359,4.454142016649));
#4615 = CARTESIAN_POINT('',(-0.546920729984,4.686469898201));
#4616 = CARTESIAN_POINT('',(-0.690528139291,4.918834704294));
#4617 = CARTESIAN_POINT('',(-0.840698666862,5.150023515455));
#4618 = CARTESIAN_POINT('',(-0.999326495191,5.377813802736));
#4619 = CARTESIAN_POINT('',(-1.215778394413,5.659103253561));
#4620 = CARTESIAN_POINT('',(-1.26314113184,5.719040240464));
#4621 = CARTESIAN_POINT('',(-1.311506910389,5.778507539142));
#4622 = CARTESIAN_POINT('',(-1.360938316669,5.837412112136));
#4623 = CARTESIAN_POINT('',(-1.411502740211,5.895649894383));
#4624 = CARTESIAN_POINT('',(-1.463275053151,5.953106314582));
#4625 = CARTESIAN_POINT('',(-1.516340289895,6.009656816543));
#4626 = CARTESIAN_POINT('',(-1.570796326795,6.065167380558));
#4627 = ( GEOMETRIC_REPRESENTATION_CONTEXT(2) 
PARAMETRIC_REPRESENTATION_CONTEXT() REPRESENTATION_CONTEXT('2D SPACE',''
  ) );
#4628 = ORIENTED_EDGE('',*,*,#4629,.F.);
#4629 = EDGE_CURVE('',#4630,#931,#4632,.T.);
#4630 = VERTEX_POINT('',#4631);
#4631 = CARTESIAN_POINT('',(-8.015167380558,-2.95,20.05));
#4632 = SURFACE_CURVE('',#4633,(#4650,#4670),.PCURVE_S1.);
#4633 = B_SPLINE_CURVE_WITH_KNOTS('',8,(#4634,#4635,#4636,#4637,#4638,
    #4639,#4640,#4641,#4642,#4643,#4644,#4645,#4646,#4647,#4648,#4649),
  .UNSPECIFIED.,.F.,.F.,(9,7,9),(0.,0.215955839444,1.),.UNSPECIFIED.);
#4634 = CARTESIAN_POINT('',(-8.015167380558,-2.95,20.05));
#4635 = CARTESIAN_POINT('',(-7.959158595793,-2.993955834411,20.05));
#4636 = CARTESIAN_POINT('',(-7.902092223768,-3.036777625987,
    20.047239933534));
#4637 = CARTESIAN_POINT('',(-7.844105729541,-3.0783454806,20.04196864461
    ));
#4638 = CARTESIAN_POINT('',(-7.785326641409,-3.118569613024,
    20.034415790081));
#4639 = CARTESIAN_POINT('',(-7.725872011453,-3.157385915125,
    20.024792680905));
#4640 = CARTESIAN_POINT('',(-7.665847876091,-3.194751524068,
    20.013293123406));
#4641 = CARTESIAN_POINT('',(-7.605348716628,-3.230640390505,
    20.000094260532));
#4642 = CARTESIAN_POINT('',(-7.323384603154,-3.389925068158,
    19.931854163591));
#4643 = CARTESIAN_POINT('',(-7.095344639194,-3.496180782966,
    19.857644410933));
#4644 = CARTESIAN_POINT('',(-6.86384587877,-3.582790550699,
    19.769790554346));
#4645 = CARTESIAN_POINT('',(-6.631252149969,-3.650459359254,
    19.673118944107));
#4646 = CARTESIAN_POINT('',(-6.398845619561,-3.700257591854,
    19.570999340169));
#4647 = CARTESIAN_POINT('',(-6.166872098136,-3.733231843735,
    19.465638100546));
#4648 = CARTESIAN_POINT('',(-5.934571223672,-3.749999843206,
    19.358343951164));
#4649 = CARTESIAN_POINT('',(-5.7,-3.75,19.25));
#4650 = PCURVE('',#648,#4651);
#4651 = DEFINITIONAL_REPRESENTATION('',(#4652),#4669);
#4652 = B_SPLINE_CURVE_WITH_KNOTS('',8,(#4653,#4654,#4655,#4656,#4657,
    #4658,#4659,#4660,#4661,#4662,#4663,#4664,#4665,#4666,#4667,#4668),
  .UNSPECIFIED.,.F.,.F.,(9,7,9),(0.,0.215955839444,1.),.UNSPECIFIED.);
#4653 = CARTESIAN_POINT('',(-4.046983745548,-1.8));
#4654 = CARTESIAN_POINT('',(-4.065969774282,-1.8));
#4655 = CARTESIAN_POINT('',(-4.084990923628,-1.797239933534));
#4656 = CARTESIAN_POINT('',(-4.104009162049,-1.79196864461));
#4657 = CARTESIAN_POINT('',(-4.122993451106,-1.784415790081));
#4658 = CARTESIAN_POINT('',(-4.141918936032,-1.774792680905));
#4659 = CARTESIAN_POINT('',(-4.16076613631,-1.763293123406));
#4660 = CARTESIAN_POINT('',(-4.179520136248,-1.750094260532));
#4661 = CARTESIAN_POINT('',(-4.265878714723,-1.681854163591));
#4662 = CARTESIAN_POINT('',(-4.332761799184,-1.607644410933));
#4663 = CARTESIAN_POINT('',(-4.398344218564,-1.519790554347));
#4664 = CARTESIAN_POINT('',(-4.462593774939,-1.423118944106));
#4665 = CARTESIAN_POINT('',(-4.525657008795,-1.320999340171));
#4666 = CARTESIAN_POINT('',(-4.587889824656,-1.215638100545));
#4667 = CARTESIAN_POINT('',(-4.649836641115,-1.108343951164));
#4668 = CARTESIAN_POINT('',(-4.712388980385,-1.));
#4669 = ( GEOMETRIC_REPRESENTATION_CONTEXT(2) 
PARAMETRIC_REPRESENTATION_CONTEXT() REPRESENTATION_CONTEXT('2D SPACE',''
  ) );
#4670 = PCURVE('',#890,#4671);
#4671 = DEFINITIONAL_REPRESENTATION('',(#4672),#4689);
#4672 = B_SPLINE_CURVE_WITH_KNOTS('',8,(#4673,#4674,#4675,#4676,#4677,
    #4678,#4679,#4680,#4681,#4682,#4683,#4684,#4685,#4686,#4687,#4688),
  .UNSPECIFIED.,.F.,.F.,(9,7,9),(0.,0.215955839444,1.),.UNSPECIFIED.);
#4673 = CARTESIAN_POINT('',(-1.570796326795,1.434832619442));
#4674 = CARTESIAN_POINT('',(-1.515851533781,1.490841404207));
#4675 = CARTESIAN_POINT('',(-1.46232368823,1.547907776232));
#4676 = CARTESIAN_POINT('',(-1.41011191873,1.605894270459));
#4677 = CARTESIAN_POINT('',(-1.359128614367,1.664673358591));
#4678 = CARTESIAN_POINT('',(-1.309296638131,1.724127988547));
#4679 = CARTESIAN_POINT('',(-1.260546540318,1.784152123909));
#4680 = CARTESIAN_POINT('',(-1.212813771942,1.844651283372));
#4681 = CARTESIAN_POINT('',(-0.996205256392,2.126615396846));
#4682 = CARTESIAN_POINT('',(-0.837586846861,2.354655360806));
#4683 = CARTESIAN_POINT('',(-0.687371586975,2.58615412123));
#4684 = CARTESIAN_POINT('',(-0.543749113332,2.818747850031));
#4685 = CARTESIAN_POINT('',(-0.405026528242,3.051154380439));
#4686 = CARTESIAN_POINT('',(-0.26955000811,3.283127901864));
#4687 = CARTESIAN_POINT('',(-0.135429546605,3.515428776328));
#4688 = CARTESIAN_POINT('',(0.,3.75));
#4689 = ( GEOMETRIC_REPRESENTATION_CONTEXT(2) 
PARAMETRIC_REPRESENTATION_CONTEXT() REPRESENTATION_CONTEXT('2D SPACE',''
  ) );
#4690 = ORIENTED_EDGE('',*,*,#4691,.T.);
#4691 = EDGE_CURVE('',#4630,#751,#4692,.T.);
#4692 = SURFACE_CURVE('',#4693,(#4698,#4705),.PCURVE_S1.);
#4693 = CIRCLE('',#4694,3.75);
#4694 = AXIS2_PLACEMENT_3D('',#4695,#4696,#4697);
#4695 = CARTESIAN_POINT('',(-5.7,0.,20.05));
#4696 = DIRECTION('',(0.,0.,-1.));
#4697 = DIRECTION('',(1.,0.,0.));
#4698 = PCURVE('',#648,#4699);
#4699 = DEFINITIONAL_REPRESENTATION('',(#4700),#4704);
#4700 = LINE('',#4701,#4702);
#4701 = CARTESIAN_POINT('',(-6.28318530718,-1.8));
#4702 = VECTOR('',#4703,1.);
#4703 = DIRECTION('',(1.,-0.));
#4704 = ( GEOMETRIC_REPRESENTATION_CONTEXT(2) 
PARAMETRIC_REPRESENTATION_CONTEXT() REPRESENTATION_CONTEXT('2D SPACE',''
  ) );
#4705 = PCURVE('',#766,#4706);
#4706 = DEFINITIONAL_REPRESENTATION('',(#4707),#4715);
#4707 = ( BOUNDED_CURVE() B_SPLINE_CURVE(2,(#4708,#4709,#4710,#4711,
#4712,#4713,#4714),.UNSPECIFIED.,.T.,.F.) B_SPLINE_CURVE_WITH_KNOTS((1,2
    ,2,2,2,1),(-2.094395102393,0.,2.094395102393,4.188790204786,
6.28318530718,8.377580409573),.UNSPECIFIED.) CURVE() 
GEOMETRIC_REPRESENTATION_ITEM() RATIONAL_B_SPLINE_CURVE((1.,0.5,1.,0.5,
1.,0.5,1.)) REPRESENTATION_ITEM('') );
#4708 = CARTESIAN_POINT('',(7.5,3.75));
#4709 = CARTESIAN_POINT('',(7.5,-2.745190528383));
#4710 = CARTESIAN_POINT('',(1.875,0.502404735808));
#4711 = CARTESIAN_POINT('',(-3.75,3.75));
#4712 = CARTESIAN_POINT('',(1.875,6.997595264192));
#4713 = CARTESIAN_POINT('',(7.5,10.245190528383));
#4714 = CARTESIAN_POINT('',(7.5,3.75));
#4715 = ( GEOMETRIC_REPRESENTATION_CONTEXT(2) 
PARAMETRIC_REPRESENTATION_CONTEXT() REPRESENTATION_CONTEXT('2D SPACE',''
  ) );
#4716 = ORIENTED_EDGE('',*,*,#778,.F.);
#4717 = ORIENTED_EDGE('',*,*,#606,.F.);
#4718 = ORIENTED_EDGE('',*,*,#4361,.T.);
#4719 = ORIENTED_EDGE('',*,*,#4720,.F.);
#4720 = EDGE_CURVE('',#4258,#4362,#4721,.T.);
#4721 = SURFACE_CURVE('',#4722,(#4753,#4787),.PCURVE_S1.);
#4722 = B_SPLINE_CURVE_WITH_KNOTS('',8,(#4723,#4724,#4725,#4726,#4727,
    #4728,#4729,#4730,#4731,#4732,#4733,#4734,#4735,#4736,#4737,#4738,
    #4739,#4740,#4741,#4742,#4743,#4744,#4745,#4746,#4747,#4748,#4749,
    #4750,#4751,#4752),.UNSPECIFIED.,.F.,.F.,(9,7,7,7,9),(0.,
    1.25896689189E-03,2.353720198837E-03,0.786045307341,1.),
  .UNSPECIFIED.);
#4723 = CARTESIAN_POINT('',(-5.7,3.75,19.25));
#4724 = CARTESIAN_POINT('',(-5.70037622071,3.75,19.250173768902));
#4725 = CARTESIAN_POINT('',(-5.700752441419,3.749999956863,
    19.250347537805));
#4726 = CARTESIAN_POINT('',(-5.701128662128,3.74999987059,
    19.250521306699));
#4727 = CARTESIAN_POINT('',(-5.701504882834,3.74999974118,
    19.250695075578));
#4728 = CARTESIAN_POINT('',(-5.701881103537,3.749999568634,
    19.250868844433));
#4729 = CARTESIAN_POINT('',(-5.702257324236,3.749999352951,
    19.251042613257));
#4730 = CARTESIAN_POINT('',(-5.702633544929,3.749999094131,
    19.251216382041));
#4731 = CARTESIAN_POINT('',(-5.703336913887,3.749998529604,
    19.251541253957));
#4732 = CARTESIAN_POINT('',(-5.703664062152,3.749998234416,19.2516923571
    ));
#4733 = CARTESIAN_POINT('',(-5.703991210412,3.74999790661,
    19.251843460203));
#4734 = CARTESIAN_POINT('',(-5.704318358665,3.749997546187,
    19.251994563259));
#4735 = CARTESIAN_POINT('',(-5.704645506912,3.749997153147,
    19.252145666264));
#4736 = CARTESIAN_POINT('',(-5.70497265515,3.749996727488,
    19.252296769213));
#4737 = CARTESIAN_POINT('',(-5.70529980338,3.749996269213,19.2524478721)
  );
#4738 = CARTESIAN_POINT('',(-5.93981972076,3.74964436689,19.36076764479)
  );
#4739 = CARTESIAN_POINT('',(-6.172122832585,3.73258118282,
    19.468031140002));
#4740 = CARTESIAN_POINT('',(-6.404142016478,3.699265585975,
    19.573356900966));
#4741 = CARTESIAN_POINT('',(-6.636469898152,3.649114577028,
    19.675345250666));
#4742 = CARTESIAN_POINT('',(-6.868834704329,3.581134244058,19.7717766485
    ));
#4743 = CARTESIAN_POINT('',(-7.10002351558,3.49428928588,19.859332363462
    ));
#4744 = CARTESIAN_POINT('',(-7.327813802634,3.387805383837,
    19.933249114946));
#4745 = CARTESIAN_POINT('',(-7.609103253561,3.228410201323,
    20.000910681627));
#4746 = CARTESIAN_POINT('',(-7.669040240464,3.192762098896,
    20.013902621722));
#4747 = CARTESIAN_POINT('',(-7.728507539142,3.155663831248,
    20.025217759836));
#4748 = CARTESIAN_POINT('',(-7.787412112136,3.117141652304,
    20.034682820931));
#4749 = CARTESIAN_POINT('',(-7.845649894383,3.077238167478,
    20.042108531302));
#4750 = CARTESIAN_POINT('',(-7.903106314582,3.036016562048,
    20.047288816624));
#4751 = CARTESIAN_POINT('',(-7.959656816543,2.99356482952,20.05));
#4752 = CARTESIAN_POINT('',(-8.015167380558,2.95,20.05));
#4753 = PCURVE('',#648,#4754);
#4754 = DEFINITIONAL_REPRESENTATION('',(#4755),#4786);
#4755 = B_SPLINE_CURVE_WITH_KNOTS('',8,(#4756,#4757,#4758,#4759,#4760,
    #4761,#4762,#4763,#4764,#4765,#4766,#4767,#4768,#4769,#4770,#4771,
    #4772,#4773,#4774,#4775,#4776,#4777,#4778,#4779,#4780,#4781,#4782,
    #4783,#4784,#4785),.UNSPECIFIED.,.F.,.F.,(9,7,7,7,9),(0.,
    1.25896689189E-03,2.353720198837E-03,0.786045307341,1.),
  .UNSPECIFIED.);
#4756 = CARTESIAN_POINT('',(-1.570796326795,-1.));
#4757 = CARTESIAN_POINT('',(-1.570896652317,-1.000173768902));
#4758 = CARTESIAN_POINT('',(-1.57099697784,-1.000347537805));
#4759 = CARTESIAN_POINT('',(-1.571097303364,-1.000521306699));
#4760 = CARTESIAN_POINT('',(-1.57119762889,-1.000695075578));
#4761 = CARTESIAN_POINT('',(-1.57129795442,-1.000868844433));
#4762 = CARTESIAN_POINT('',(-1.571398279955,-1.001042613257));
#4763 = CARTESIAN_POINT('',(-1.571498605497,-1.001216382041));
#4764 = CARTESIAN_POINT('',(-1.571686170612,-1.001541253957));
#4765 = CARTESIAN_POINT('',(-1.571773410185,-1.0016923571));
#4766 = CARTESIAN_POINT('',(-1.571860649764,-1.001843460203));
#4767 = CARTESIAN_POINT('',(-1.57194788935,-1.001994563259));
#4768 = CARTESIAN_POINT('',(-1.572035128945,-1.002145666264));
#4769 = CARTESIAN_POINT('',(-1.572122368548,-1.002296769213));
#4770 = CARTESIAN_POINT('',(-1.572209608161,-1.0024478721));
#4771 = CARTESIAN_POINT('',(-1.634748323201,-1.11076764479));
#4772 = CARTESIAN_POINT('',(-1.696702527461,-1.218031140002));
#4773 = CARTESIAN_POINT('',(-1.758959000968,-1.323356900966));
#4774 = CARTESIAN_POINT('',(-1.822021084044,-1.425345250667));
#4775 = CARTESIAN_POINT('',(-1.886236527665,-1.5217766485));
#4776 = CARTESIAN_POINT('',(-1.951764779706,-1.609332363462));
#4777 = CARTESIAN_POINT('',(-2.018612928137,-1.683249114946));
#4778 = CARTESIAN_POINT('',(-2.10482943263,-1.750910681627));
#4779 = CARTESIAN_POINT('',(-2.123421859902,-1.763902621722));
#4780 = CARTESIAN_POINT('',(-2.142105520232,-1.775217759836));
#4781 = CARTESIAN_POINT('',(-2.160865541857,-1.784682820931));
#4782 = CARTESIAN_POINT('',(-2.17968265415,-1.792108531302));
#4783 = CARTESIAN_POINT('',(-2.198532412181,-1.797288816624));
#4784 = CARTESIAN_POINT('',(-2.217384421287,-1.8));
#4785 = CARTESIAN_POINT('',(-2.236201561631,-1.8));
#4786 = ( GEOMETRIC_REPRESENTATION_CONTEXT(2) 
PARAMETRIC_REPRESENTATION_CONTEXT() REPRESENTATION_CONTEXT('2D SPACE',''
  ) );
#4787 = PCURVE('',#4217,#4788);
#4788 = DEFINITIONAL_REPRESENTATION('',(#4789),#4820);
#4789 = B_SPLINE_CURVE_WITH_KNOTS('',8,(#4790,#4791,#4792,#4793,#4794,
    #4795,#4796,#4797,#4798,#4799,#4800,#4801,#4802,#4803,#4804,#4805,
    #4806,#4807,#4808,#4809,#4810,#4811,#4812,#4813,#4814,#4815,#4816,
    #4817,#4818,#4819),.UNSPECIFIED.,.F.,.F.,(9,7,7,7,9),(0.,
    1.25896689189E-03,2.353720198837E-03,0.786045307341,1.),
  .UNSPECIFIED.);
#4790 = CARTESIAN_POINT('',(0.,3.75));
#4791 = CARTESIAN_POINT('',(2.172111278786E-04,3.74962377929));
#4792 = CARTESIAN_POINT('',(4.344222559649E-04,3.749247558581));
#4793 = CARTESIAN_POINT('',(6.516333898635E-04,3.748871337872));
#4794 = CARTESIAN_POINT('',(8.688445352435E-04,3.748495117166));
#4795 = CARTESIAN_POINT('',(1.086055697839E-03,3.748118896463));
#4796 = CARTESIAN_POINT('',(1.30326688345E-03,3.747742675764));
#4797 = CARTESIAN_POINT('',(1.520478097938E-03,3.747366455071));
#4798 = CARTESIAN_POINT('',(1.926568606098E-03,3.746663086113));
#4799 = CARTESIAN_POINT('',(2.11544789118E-03,3.746335937848));
#4800 = CARTESIAN_POINT('',(2.30432720627E-03,3.746008789588));
#4801 = CARTESIAN_POINT('',(2.493206555159E-03,3.745681641335));
#4802 = CARTESIAN_POINT('',(2.682085941644E-03,3.745354493088));
#4803 = CARTESIAN_POINT('',(2.870965369526E-03,3.74502734485));
#4804 = CARTESIAN_POINT('',(3.059844842608E-03,3.74470019662));
#4805 = CARTESIAN_POINT('',(0.138460275228,3.51018027924));
#4806 = CARTESIAN_POINT('',(0.27260918779,3.277877167415));
#4807 = CARTESIAN_POINT('',(0.408161915257,3.045857983522));
#4808 = CARTESIAN_POINT('',(0.546920729969,2.813530101848));
#4809 = CARTESIAN_POINT('',(0.69052813928,2.581165295671));
#4810 = CARTESIAN_POINT('',(0.840698666972,2.34997648442));
#4811 = CARTESIAN_POINT('',(0.999326495113,2.122186197366));
#4812 = CARTESIAN_POINT('',(1.215778394413,1.840896746439));
#4813 = CARTESIAN_POINT('',(1.26314113184,1.780959759536));
#4814 = CARTESIAN_POINT('',(1.311506910389,1.721492460858));
#4815 = CARTESIAN_POINT('',(1.360938316669,1.662587887864));
#4816 = CARTESIAN_POINT('',(1.411502740211,1.604350105617));
#4817 = CARTESIAN_POINT('',(1.463275053151,1.546893685418));
#4818 = CARTESIAN_POINT('',(1.516340289895,1.490343183457));
#4819 = CARTESIAN_POINT('',(1.570796326795,1.434832619442));
#4820 = ( GEOMETRIC_REPRESENTATION_CONTEXT(2) 
PARAMETRIC_REPRESENTATION_CONTEXT() REPRESENTATION_CONTEXT('2D SPACE',''
  ) );
#4821 = ORIENTED_EDGE('',*,*,#4822,.F.);
#4822 = EDGE_CURVE('',#4414,#4258,#4823,.T.);
#4823 = SURFACE_CURVE('',#4824,(#4841,#4861),.PCURVE_S1.);
#4824 = B_SPLINE_CURVE_WITH_KNOTS('',8,(#4825,#4826,#4827,#4828,#4829,
    #4830,#4831,#4832,#4833,#4834,#4835,#4836,#4837,#4838,#4839,#4840),
  .UNSPECIFIED.,.F.,.F.,(9,7,9),(0.,0.215955839448,1.),.UNSPECIFIED.);
#4825 = CARTESIAN_POINT('',(-3.384832619442,2.95,20.05));
#4826 = CARTESIAN_POINT('',(-3.440841404207,2.993955834411,20.05));
#4827 = CARTESIAN_POINT('',(-3.497907776232,3.036777625987,
    20.047239933534));
#4828 = CARTESIAN_POINT('',(-3.555894270459,3.0783454806,20.04196864461)
  );
#4829 = CARTESIAN_POINT('',(-3.614673358591,3.118569613024,
    20.034415790081));
#4830 = CARTESIAN_POINT('',(-3.674127988547,3.157385915125,
    20.024792680905));
#4831 = CARTESIAN_POINT('',(-3.734152123909,3.194751524068,
    20.013293123406));
#4832 = CARTESIAN_POINT('',(-3.794651283373,3.230640390505,
    20.000094260532));
#4833 = CARTESIAN_POINT('',(-4.076615396842,3.389925068155,
    19.931854163592));
#4834 = CARTESIAN_POINT('',(-4.304655360813,3.496180782971,
    19.857644410932));
#4835 = CARTESIAN_POINT('',(-4.536154121226,3.582790550695,
    19.769790554345));
#4836 = CARTESIAN_POINT('',(-4.768747850034,3.650459359256,
    19.673118944108));
#4837 = CARTESIAN_POINT('',(-5.001154380433,3.700257591853,
    19.57099934017));
#4838 = CARTESIAN_POINT('',(-5.233127901869,3.733231843735,
    19.465638100545));
#4839 = CARTESIAN_POINT('',(-5.465428776326,3.749999843206,
    19.358343951164));
#4840 = CARTESIAN_POINT('',(-5.7,3.75,19.25));
#4841 = PCURVE('',#648,#4842);
#4842 = DEFINITIONAL_REPRESENTATION('',(#4843),#4860);
#4843 = B_SPLINE_CURVE_WITH_KNOTS('',8,(#4844,#4845,#4846,#4847,#4848,
    #4849,#4850,#4851,#4852,#4853,#4854,#4855,#4856,#4857,#4858,#4859),
  .UNSPECIFIED.,.F.,.F.,(9,7,9),(0.,0.215955839448,1.),.UNSPECIFIED.);
#4844 = CARTESIAN_POINT('',(-0.905391091958,-1.8));
#4845 = CARTESIAN_POINT('',(-0.924377120692,-1.8));
#4846 = CARTESIAN_POINT('',(-0.943398270038,-1.797239933534));
#4847 = CARTESIAN_POINT('',(-0.962416508459,-1.79196864461));
#4848 = CARTESIAN_POINT('',(-0.981400797516,-1.784415790081));
#4849 = CARTESIAN_POINT('',(-1.000326282443,-1.774792680905));
#4850 = CARTESIAN_POINT('',(-1.01917348272,-1.763293123406));
#4851 = CARTESIAN_POINT('',(-1.037927482658,-1.750094260532));
#4852 = CARTESIAN_POINT('',(-1.124286061132,-1.681854163592));
#4853 = CARTESIAN_POINT('',(-1.191169145597,-1.607644410932));
#4854 = CARTESIAN_POINT('',(-1.256751564972,-1.519790554346));
#4855 = CARTESIAN_POINT('',(-1.321001121352,-1.423118944107));
#4856 = CARTESIAN_POINT('',(-1.384064355202,-1.320999340172));
#4857 = CARTESIAN_POINT('',(-1.446297171068,-1.215638100544));
#4858 = CARTESIAN_POINT('',(-1.508243987525,-1.108343951164));
#4859 = CARTESIAN_POINT('',(-1.570796326795,-1.));
#4860 = ( GEOMETRIC_REPRESENTATION_CONTEXT(2) 
PARAMETRIC_REPRESENTATION_CONTEXT() REPRESENTATION_CONTEXT('2D SPACE',''
  ) );
#4861 = PCURVE('',#4296,#4862);
#4862 = DEFINITIONAL_REPRESENTATION('',(#4863),#4880);
#4863 = B_SPLINE_CURVE_WITH_KNOTS('',8,(#4864,#4865,#4866,#4867,#4868,
    #4869,#4870,#4871,#4872,#4873,#4874,#4875,#4876,#4877,#4878,#4879),
  .UNSPECIFIED.,.F.,.F.,(9,7,9),(0.,0.215955839448,1.),.UNSPECIFIED.);
#4864 = CARTESIAN_POINT('',(1.570796326795,6.065167380558));
#4865 = CARTESIAN_POINT('',(1.515851533781,6.009158595793));
#4866 = CARTESIAN_POINT('',(1.46232368823,5.952092223768));
#4867 = CARTESIAN_POINT('',(1.41011191873,5.894105729541));
#4868 = CARTESIAN_POINT('',(1.359128614367,5.835326641409));
#4869 = CARTESIAN_POINT('',(1.309296638131,5.775872011453));
#4870 = CARTESIAN_POINT('',(1.260546540318,5.715847876091));
#4871 = CARTESIAN_POINT('',(1.212813771942,5.655348716627));
#4872 = CARTESIAN_POINT('',(0.996205256395,5.373384603158));
#4873 = CARTESIAN_POINT('',(0.837586846856,5.145344639187));
#4874 = CARTESIAN_POINT('',(0.687371586977,4.913845878774));
#4875 = CARTESIAN_POINT('',(0.543749113333,4.681252149967));
#4876 = CARTESIAN_POINT('',(0.405026528243,4.448845619566));
#4877 = CARTESIAN_POINT('',(0.269550008108,4.216872098131));
#4878 = CARTESIAN_POINT('',(0.135429546605,3.984571223673));
#4879 = CARTESIAN_POINT('',(0.,3.75));
#4880 = ( GEOMETRIC_REPRESENTATION_CONTEXT(2) 
PARAMETRIC_REPRESENTATION_CONTEXT() REPRESENTATION_CONTEXT('2D SPACE',''
  ) );
#4881 = ADVANCED_FACE('',(#4882),#766,.T.);
#4882 = FACE_BOUND('',#4883,.T.);
#4883 = EDGE_LOOP('',(#4884,#4885,#4906));
#4884 = ORIENTED_EDGE('',*,*,#750,.F.);
#4885 = ORIENTED_EDGE('',*,*,#4886,.T.);
#4886 = EDGE_CURVE('',#727,#4630,#4887,.T.);
#4887 = SURFACE_CURVE('',#4888,(#4892,#4899),.PCURVE_S1.);
#4888 = LINE('',#4889,#4890);
#4889 = CARTESIAN_POINT('',(-9.45,-2.95,20.05));
#4890 = VECTOR('',#4891,1.);
#4891 = DIRECTION('',(1.,0.,0.));
#4892 = PCURVE('',#766,#4893);
#4893 = DEFINITIONAL_REPRESENTATION('',(#4894),#4898);
#4894 = LINE('',#4895,#4896);
#4895 = CARTESIAN_POINT('',(0.,0.8));
#4896 = VECTOR('',#4897,1.);
#4897 = DIRECTION('',(1.,0.));
#4898 = ( GEOMETRIC_REPRESENTATION_CONTEXT(2) 
PARAMETRIC_REPRESENTATION_CONTEXT() REPRESENTATION_CONTEXT('2D SPACE',''
  ) );
#4899 = PCURVE('',#890,#4900);
#4900 = DEFINITIONAL_REPRESENTATION('',(#4901),#4905);
#4901 = LINE('',#4902,#4903);
#4902 = CARTESIAN_POINT('',(-1.570796326795,0.));
#4903 = VECTOR('',#4904,1.);
#4904 = DIRECTION('',(-0.,1.));
#4905 = ( GEOMETRIC_REPRESENTATION_CONTEXT(2) 
PARAMETRIC_REPRESENTATION_CONTEXT() REPRESENTATION_CONTEXT('2D SPACE',''
  ) );
#4906 = ORIENTED_EDGE('',*,*,#4691,.T.);
#4907 = ADVANCED_FACE('',(#4908),#858,.T.);
#4908 = FACE_BOUND('',#4909,.T.);
#4909 = EDGE_LOOP('',(#4910,#4911,#4912,#4972));
#4910 = ORIENTED_EDGE('',*,*,#843,.F.);
#4911 = ORIENTED_EDGE('',*,*,#1066,.T.);
#4912 = ORIENTED_EDGE('',*,*,#4913,.T.);
#4913 = EDGE_CURVE('',#1067,#907,#4914,.T.);
#4914 = SURFACE_CURVE('',#4915,(#4932,#4952),.PCURVE_S1.);
#4915 = B_SPLINE_CURVE_WITH_KNOTS('',8,(#4916,#4917,#4918,#4919,#4920,
    #4921,#4922,#4923,#4924,#4925,#4926,#4927,#4928,#4929,#4930,#4931),
  .UNSPECIFIED.,.F.,.F.,(9,7,9),(0.,0.215955839446,1.),.UNSPECIFIED.);
#4916 = CARTESIAN_POINT('',(-8.015167380558,-2.95,18.25));
#4917 = CARTESIAN_POINT('',(-7.959158595793,-2.993955834411,18.25));
#4918 = CARTESIAN_POINT('',(-7.902092223768,-3.036777625987,
    18.252760066466));
#4919 = CARTESIAN_POINT('',(-7.844105729541,-3.0783454806,18.25803135539
    ));
#4920 = CARTESIAN_POINT('',(-7.785326641409,-3.118569613024,
    18.265584209919));
#4921 = CARTESIAN_POINT('',(-7.725872011453,-3.157385915125,
    18.275207319095));
#4922 = CARTESIAN_POINT('',(-7.665847876091,-3.194751524068,
    18.286706876594));
#4923 = CARTESIAN_POINT('',(-7.605348716628,-3.230640390505,
    18.299905739468));
#4924 = CARTESIAN_POINT('',(-7.323384603155,-3.389925068157,
    18.368145836409));
#4925 = CARTESIAN_POINT('',(-7.095344639198,-3.496180782964,
    18.442355589065));
#4926 = CARTESIAN_POINT('',(-6.86384587876,-3.582790550705,
    18.530209445656));
#4927 = CARTESIAN_POINT('',(-6.631252149972,-3.650459359249,
    18.626881055894));
#4928 = CARTESIAN_POINT('',(-6.398845619566,-3.700257591856,
    18.729000659826));
#4929 = CARTESIAN_POINT('',(-6.166872098132,-3.733231843734,
    18.834361899456));
#4930 = CARTESIAN_POINT('',(-5.934571223672,-3.749999843206,
    18.941656048836));
#4931 = CARTESIAN_POINT('',(-5.7,-3.75,19.05));
#4932 = PCURVE('',#858,#4933);
#4933 = DEFINITIONAL_REPRESENTATION('',(#4934),#4951);
#4934 = B_SPLINE_CURVE_WITH_KNOTS('',8,(#4935,#4936,#4937,#4938,#4939,
    #4940,#4941,#4942,#4943,#4944,#4945,#4946,#4947,#4948,#4949,#4950),
  .UNSPECIFIED.,.F.,.F.,(9,7,9),(0.,0.215955839446,1.),.UNSPECIFIED.);
#4935 = CARTESIAN_POINT('',(1.570796326795,1.434832619442));
#4936 = CARTESIAN_POINT('',(1.515851533781,1.490841404207));
#4937 = CARTESIAN_POINT('',(1.46232368823,1.547907776232));
#4938 = CARTESIAN_POINT('',(1.41011191873,1.605894270459));
#4939 = CARTESIAN_POINT('',(1.359128614367,1.664673358591));
#4940 = CARTESIAN_POINT('',(1.309296638131,1.724127988547));
#4941 = CARTESIAN_POINT('',(1.260546540318,1.784152123909));
#4942 = CARTESIAN_POINT('',(1.212813771942,1.844651283372));
#4943 = CARTESIAN_POINT('',(0.996205256393,2.126615396845));
#4944 = CARTESIAN_POINT('',(0.837586846863,2.354655360803));
#4945 = CARTESIAN_POINT('',(0.687371586967,2.586154121238));
#4946 = CARTESIAN_POINT('',(0.543749113337,2.81874785003));
#4947 = CARTESIAN_POINT('',(0.405026528243,3.051154380432));
#4948 = CARTESIAN_POINT('',(0.269550008109,3.283127901869));
#4949 = CARTESIAN_POINT('',(0.135429546605,3.515428776328));
#4950 = CARTESIAN_POINT('',(0.,3.75));
#4951 = ( GEOMETRIC_REPRESENTATION_CONTEXT(2) 
PARAMETRIC_REPRESENTATION_CONTEXT() REPRESENTATION_CONTEXT('2D SPACE',''
  ) );
#4952 = PCURVE('',#1106,#4953);
#4953 = DEFINITIONAL_REPRESENTATION('',(#4954),#4971);
#4954 = B_SPLINE_CURVE_WITH_KNOTS('',8,(#4955,#4956,#4957,#4958,#4959,
    #4960,#4961,#4962,#4963,#4964,#4965,#4966,#4967,#4968,#4969,#4970),
  .UNSPECIFIED.,.F.,.F.,(9,7,9),(0.,0.215955839446,1.),.UNSPECIFIED.);
#4955 = CARTESIAN_POINT('',(-4.046983745548,2.886579864025E-15));
#4956 = CARTESIAN_POINT('',(-4.065969774282,2.955968803064E-15));
#4957 = CARTESIAN_POINT('',(-4.084990923628,-2.760066465632E-03));
#4958 = CARTESIAN_POINT('',(-4.104009162049,-8.031355389821E-03));
#4959 = CARTESIAN_POINT('',(-4.122993451106,-1.558420991924E-02));
#4960 = CARTESIAN_POINT('',(-4.141918936032,-2.520731909508E-02));
#4961 = CARTESIAN_POINT('',(-4.16076613631,-3.670687659379E-02));
#4962 = CARTESIAN_POINT('',(-4.179520136248,-4.990573946786E-02));
#4963 = CARTESIAN_POINT('',(-4.265878714722,-0.118145836409));
#4964 = CARTESIAN_POINT('',(-4.332761799183,-0.192355589065));
#4965 = CARTESIAN_POINT('',(-4.398344218566,-0.280209445657));
#4966 = CARTESIAN_POINT('',(-4.46259377494,-0.376881055893));
#4967 = CARTESIAN_POINT('',(-4.525657008792,-0.479000659828));
#4968 = CARTESIAN_POINT('',(-4.587889824658,-0.584361899456));
#4969 = CARTESIAN_POINT('',(-4.649836641115,-0.691656048836));
#4970 = CARTESIAN_POINT('',(-4.712388980385,-0.8));
#4971 = ( GEOMETRIC_REPRESENTATION_CONTEXT(2) 
PARAMETRIC_REPRESENTATION_CONTEXT() REPRESENTATION_CONTEXT('2D SPACE',''
  ) );
#4972 = ORIENTED_EDGE('',*,*,#906,.F.);
#4973 = ADVANCED_FACE('',(#4974),#890,.T.);
#4974 = FACE_BOUND('',#4975,.F.);
#4975 = EDGE_LOOP('',(#4976,#4977,#4978,#4979));
#4976 = ORIENTED_EDGE('',*,*,#875,.F.);
#4977 = ORIENTED_EDGE('',*,*,#4886,.T.);
#4978 = ORIENTED_EDGE('',*,*,#4629,.T.);
#4979 = ORIENTED_EDGE('',*,*,#930,.F.);
#4980 = ADVANCED_FACE('',(#4981),#969,.T.);
#4981 = FACE_BOUND('',#4982,.F.);
#4982 = EDGE_LOOP('',(#4983,#4984,#4985,#5008));
#4983 = ORIENTED_EDGE('',*,*,#953,.F.);
#4984 = ORIENTED_EDGE('',*,*,#4527,.T.);
#4985 = ORIENTED_EDGE('',*,*,#4986,.T.);
#4986 = EDGE_CURVE('',#4500,#4987,#4989,.T.);
#4987 = VERTEX_POINT('',#4988);
#4988 = CARTESIAN_POINT('',(18.15,-2.95,20.05));
#4989 = SURFACE_CURVE('',#4990,(#4994,#5001),.PCURVE_S1.);
#4990 = LINE('',#4991,#4992);
#4991 = CARTESIAN_POINT('',(-9.45,-2.95,20.05));
#4992 = VECTOR('',#4993,1.);
#4993 = DIRECTION('',(1.,0.,0.));
#4994 = PCURVE('',#969,#4995);
#4995 = DEFINITIONAL_REPRESENTATION('',(#4996),#5000);
#4996 = LINE('',#4997,#4998);
#4997 = CARTESIAN_POINT('',(-1.570796326795,0.));
#4998 = VECTOR('',#4999,1.);
#4999 = DIRECTION('',(-0.,1.));
#5000 = ( GEOMETRIC_REPRESENTATION_CONTEXT(2) 
PARAMETRIC_REPRESENTATION_CONTEXT() REPRESENTATION_CONTEXT('2D SPACE',''
  ) );
#5001 = PCURVE('',#4432,#5002);
#5002 = DEFINITIONAL_REPRESENTATION('',(#5003),#5007);
#5003 = LINE('',#5004,#5005);
#5004 = CARTESIAN_POINT('',(0.,0.8));
#5005 = VECTOR('',#5006,1.);
#5006 = DIRECTION('',(1.,0.));
#5007 = ( GEOMETRIC_REPRESENTATION_CONTEXT(2) 
PARAMETRIC_REPRESENTATION_CONTEXT() REPRESENTATION_CONTEXT('2D SPACE',''
  ) );
#5008 = ORIENTED_EDGE('',*,*,#5009,.T.);
#5009 = EDGE_CURVE('',#4987,#954,#5010,.T.);
#5010 = SURFACE_CURVE('',#5011,(#5016,#5023),.PCURVE_S1.);
#5011 = CIRCLE('',#5012,0.8);
#5012 = AXIS2_PLACEMENT_3D('',#5013,#5014,#5015);
#5013 = CARTESIAN_POINT('',(18.15,-2.95,19.25));
#5014 = DIRECTION('',(1.,6.123233995737E-17,0.));
#5015 = DIRECTION('',(6.123233995737E-17,-1.,0.));
#5016 = PCURVE('',#969,#5017);
#5017 = DEFINITIONAL_REPRESENTATION('',(#5018),#5022);
#5018 = LINE('',#5019,#5020);
#5019 = CARTESIAN_POINT('',(-6.28318530718,27.6));
#5020 = VECTOR('',#5021,1.);
#5021 = DIRECTION('',(1.,-0.));
#5022 = ( GEOMETRIC_REPRESENTATION_CONTEXT(2) 
PARAMETRIC_REPRESENTATION_CONTEXT() REPRESENTATION_CONTEXT('2D SPACE',''
  ) );
#5023 = PCURVE('',#5024,#5029);
#5024 = SPHERICAL_SURFACE('',#5025,0.8);
#5025 = AXIS2_PLACEMENT_3D('',#5026,#5027,#5028);
#5026 = CARTESIAN_POINT('',(18.15,-2.95,19.25));
#5027 = DIRECTION('',(-0.,-0.,-1.));
#5028 = DIRECTION('',(1.,0.,0.));
#5029 = DEFINITIONAL_REPRESENTATION('',(#5030),#5034);
#5030 = LINE('',#5031,#5032);
#5031 = CARTESIAN_POINT('',(1.570796326795,-6.28318530718));
#5032 = VECTOR('',#5033,1.);
#5033 = DIRECTION('',(0.,1.));
#5034 = ( GEOMETRIC_REPRESENTATION_CONTEXT(2) 
PARAMETRIC_REPRESENTATION_CONTEXT() REPRESENTATION_CONTEXT('2D SPACE',''
  ) );
#5035 = ADVANCED_FACE('',(#5036),#997,.T.);
#5036 = FACE_BOUND('',#5037,.F.);
#5037 = EDGE_LOOP('',(#5038,#5068,#5095,#5096));
#5038 = ORIENTED_EDGE('',*,*,#5039,.F.);
#5039 = EDGE_CURVE('',#5040,#5042,#5044,.T.);
#5040 = VERTEX_POINT('',#5041);
#5041 = CARTESIAN_POINT('',(18.95,-2.95,19.05));
#5042 = VERTEX_POINT('',#5043);
#5043 = CARTESIAN_POINT('',(18.95,-2.95,19.25));
#5044 = SURFACE_CURVE('',#5045,(#5049,#5056),.PCURVE_S1.);
#5045 = LINE('',#5046,#5047);
#5046 = CARTESIAN_POINT('',(18.95,-2.95,18.25));
#5047 = VECTOR('',#5048,1.);
#5048 = DIRECTION('',(0.,0.,1.));
#5049 = PCURVE('',#997,#5050);
#5050 = DEFINITIONAL_REPRESENTATION('',(#5051),#5055);
#5051 = LINE('',#5052,#5053);
#5052 = CARTESIAN_POINT('',(-0.,0.));
#5053 = VECTOR('',#5054,1.);
#5054 = DIRECTION('',(-0.,1.));
#5055 = ( GEOMETRIC_REPRESENTATION_CONTEXT(2) 
PARAMETRIC_REPRESENTATION_CONTEXT() REPRESENTATION_CONTEXT('2D SPACE',''
  ) );
#5056 = PCURVE('',#5057,#5062);
#5057 = PLANE('',#5058);
#5058 = AXIS2_PLACEMENT_3D('',#5059,#5060,#5061);
#5059 = CARTESIAN_POINT('',(18.95,-3.75,18.25));
#5060 = DIRECTION('',(1.,0.,0.));
#5061 = DIRECTION('',(0.,0.,1.));
#5062 = DEFINITIONAL_REPRESENTATION('',(#5063),#5067);
#5063 = LINE('',#5064,#5065);
#5064 = CARTESIAN_POINT('',(0.,-0.8));
#5065 = VECTOR('',#5066,1.);
#5066 = DIRECTION('',(1.,0.));
#5067 = ( GEOMETRIC_REPRESENTATION_CONTEXT(2) 
PARAMETRIC_REPRESENTATION_CONTEXT() REPRESENTATION_CONTEXT('2D SPACE',''
  ) );
#5068 = ORIENTED_EDGE('',*,*,#5069,.T.);
#5069 = EDGE_CURVE('',#5040,#982,#5070,.T.);
#5070 = SURFACE_CURVE('',#5071,(#5076,#5083),.PCURVE_S1.);
#5071 = CIRCLE('',#5072,0.8);
#5072 = AXIS2_PLACEMENT_3D('',#5073,#5074,#5075);
#5073 = CARTESIAN_POINT('',(18.15,-2.95,19.05));
#5074 = DIRECTION('',(0.,-0.,-1.));
#5075 = DIRECTION('',(1.,0.,-0.));
#5076 = PCURVE('',#997,#5077);
#5077 = DEFINITIONAL_REPRESENTATION('',(#5078),#5082);
#5078 = LINE('',#5079,#5080);
#5079 = CARTESIAN_POINT('',(-0.,0.8));
#5080 = VECTOR('',#5081,1.);
#5081 = DIRECTION('',(-1.,0.));
#5082 = ( GEOMETRIC_REPRESENTATION_CONTEXT(2) 
PARAMETRIC_REPRESENTATION_CONTEXT() REPRESENTATION_CONTEXT('2D SPACE',''
  ) );
#5083 = PCURVE('',#5084,#5089);
#5084 = SPHERICAL_SURFACE('',#5085,0.8);
#5085 = AXIS2_PLACEMENT_3D('',#5086,#5087,#5088);
#5086 = CARTESIAN_POINT('',(18.15,-2.95,19.05));
#5087 = DIRECTION('',(0.,0.,1.));
#5088 = DIRECTION('',(1.,0.,-0.));
#5089 = DEFINITIONAL_REPRESENTATION('',(#5090),#5094);
#5090 = LINE('',#5091,#5092);
#5091 = CARTESIAN_POINT('',(-0.,0.));
#5092 = VECTOR('',#5093,1.);
#5093 = DIRECTION('',(-1.,0.));
#5094 = ( GEOMETRIC_REPRESENTATION_CONTEXT(2) 
PARAMETRIC_REPRESENTATION_CONTEXT() REPRESENTATION_CONTEXT('2D SPACE',''
  ) );
#5095 = ORIENTED_EDGE('',*,*,#981,.T.);
#5096 = ORIENTED_EDGE('',*,*,#5097,.F.);
#5097 = EDGE_CURVE('',#5042,#954,#5098,.T.);
#5098 = SURFACE_CURVE('',#5099,(#5104,#5111),.PCURVE_S1.);
#5099 = CIRCLE('',#5100,0.8);
#5100 = AXIS2_PLACEMENT_3D('',#5101,#5102,#5103);
#5101 = CARTESIAN_POINT('',(18.15,-2.95,19.25));
#5102 = DIRECTION('',(0.,0.,-1.));
#5103 = DIRECTION('',(1.,0.,0.));
#5104 = PCURVE('',#997,#5105);
#5105 = DEFINITIONAL_REPRESENTATION('',(#5106),#5110);
#5106 = LINE('',#5107,#5108);
#5107 = CARTESIAN_POINT('',(-0.,1.));
#5108 = VECTOR('',#5109,1.);
#5109 = DIRECTION('',(-1.,0.));
#5110 = ( GEOMETRIC_REPRESENTATION_CONTEXT(2) 
PARAMETRIC_REPRESENTATION_CONTEXT() REPRESENTATION_CONTEXT('2D SPACE',''
  ) );
#5111 = PCURVE('',#5024,#5112);
#5112 = DEFINITIONAL_REPRESENTATION('',(#5113),#5117);
#5113 = LINE('',#5114,#5115);
#5114 = CARTESIAN_POINT('',(0.,0.));
#5115 = VECTOR('',#5116,1.);
#5116 = DIRECTION('',(1.,0.));
#5117 = ( GEOMETRIC_REPRESENTATION_CONTEXT(2) 
PARAMETRIC_REPRESENTATION_CONTEXT() REPRESENTATION_CONTEXT('2D SPACE',''
  ) );
#5118 = ADVANCED_FACE('',(#5119),#1023,.T.);
#5119 = FACE_BOUND('',#5120,.T.);
#5120 = EDGE_LOOP('',(#5121,#5122,#5224,#5225));
#5121 = ORIENTED_EDGE('',*,*,#1009,.F.);
#5122 = ORIENTED_EDGE('',*,*,#5123,.T.);
#5123 = EDGE_CURVE('',#907,#1090,#5124,.T.);
#5124 = SURFACE_CURVE('',#5125,(#5156,#5190),.PCURVE_S1.);
#5125 = B_SPLINE_CURVE_WITH_KNOTS('',8,(#5126,#5127,#5128,#5129,#5130,
    #5131,#5132,#5133,#5134,#5135,#5136,#5137,#5138,#5139,#5140,#5141,
    #5142,#5143,#5144,#5145,#5146,#5147,#5148,#5149,#5150,#5151,#5152,
    #5153,#5154,#5155),.UNSPECIFIED.,.F.,.F.,(9,7,7,7,9),(0.,
    1.258966891271E-03,2.353720197674E-03,0.786045307257,1.),
  .UNSPECIFIED.);
#5126 = CARTESIAN_POINT('',(-5.7,-3.75,19.05));
#5127 = CARTESIAN_POINT('',(-5.69962377929,-3.75,19.049826231098));
#5128 = CARTESIAN_POINT('',(-5.699247558581,-3.749999956863,
    19.049652462195));
#5129 = CARTESIAN_POINT('',(-5.698871337872,-3.74999987059,
    19.049478693301));
#5130 = CARTESIAN_POINT('',(-5.698495117166,-3.74999974118,
    19.049304924422));
#5131 = CARTESIAN_POINT('',(-5.698118896463,-3.749999568634,
    19.049131155567));
#5132 = CARTESIAN_POINT('',(-5.697742675764,-3.749999352951,
    19.048957386743));
#5133 = CARTESIAN_POINT('',(-5.697366455071,-3.749999094131,
    19.048783617959));
#5134 = CARTESIAN_POINT('',(-5.696663086113,-3.749998529604,
    19.048458746043));
#5135 = CARTESIAN_POINT('',(-5.696335937848,-3.749998234416,
    19.0483076429));
#5136 = CARTESIAN_POINT('',(-5.696008789588,-3.74999790661,
    19.048156539797));
#5137 = CARTESIAN_POINT('',(-5.695681641335,-3.749997546187,
    19.048005436741));
#5138 = CARTESIAN_POINT('',(-5.695354493088,-3.749997153147,
    19.047854333736));
#5139 = CARTESIAN_POINT('',(-5.69502734485,-3.749996727488,
    19.047703230787));
#5140 = CARTESIAN_POINT('',(-5.69470019662,-3.749996269213,19.0475521279
    ));
#5141 = CARTESIAN_POINT('',(-5.460180279146,-3.74964436689,
    18.939232355166));
#5142 = CARTESIAN_POINT('',(-5.227877167668,-3.732581182812,
    18.831968860114));
#5143 = CARTESIAN_POINT('',(-4.995857983338,-3.69926558602,
    18.726643098951));
#5144 = CARTESIAN_POINT('',(-4.76353010179,-3.649114576966,
    18.624654749294));
#5145 = CARTESIAN_POINT('',(-4.531165295707,-3.581134244042,
    18.528223351553));
#5146 = CARTESIAN_POINT('',(-4.299976484558,-3.494289285975,
    18.440667636556));
#5147 = CARTESIAN_POINT('',(-4.072186197256,-3.387805383775,
    18.366750885028));
#5148 = CARTESIAN_POINT('',(-3.790896746439,-3.228410201323,
    18.299089318373));
#5149 = CARTESIAN_POINT('',(-3.730959759536,-3.192762098896,
    18.286097378278));
#5150 = CARTESIAN_POINT('',(-3.671492460858,-3.155663831248,
    18.274782240164));
#5151 = CARTESIAN_POINT('',(-3.612587887864,-3.117141652304,
    18.265317179069));
#5152 = CARTESIAN_POINT('',(-3.554350105617,-3.077238167478,
    18.257891468698));
#5153 = CARTESIAN_POINT('',(-3.496893685418,-3.036016562048,
    18.252711183376));
#5154 = CARTESIAN_POINT('',(-3.440343183457,-2.99356482952,18.25));
#5155 = CARTESIAN_POINT('',(-3.384832619442,-2.95,18.25));
#5156 = PCURVE('',#1023,#5157);
#5157 = DEFINITIONAL_REPRESENTATION('',(#5158),#5189);
#5158 = B_SPLINE_CURVE_WITH_KNOTS('',8,(#5159,#5160,#5161,#5162,#5163,
    #5164,#5165,#5166,#5167,#5168,#5169,#5170,#5171,#5172,#5173,#5174,
    #5175,#5176,#5177,#5178,#5179,#5180,#5181,#5182,#5183,#5184,#5185,
    #5186,#5187,#5188),.UNSPECIFIED.,.F.,.F.,(9,7,7,7,9),(0.,
    1.258966891271E-03,2.353720197674E-03,0.786045307257,1.),
  .UNSPECIFIED.);
#5159 = CARTESIAN_POINT('',(0.,3.75));
#5160 = CARTESIAN_POINT('',(2.172111278767E-04,3.75037622071));
#5161 = CARTESIAN_POINT('',(4.344222559643E-04,3.750752441419));
#5162 = CARTESIAN_POINT('',(6.516333898646E-04,3.751128662128));
#5163 = CARTESIAN_POINT('',(8.688445352452E-04,3.751504882834));
#5164 = CARTESIAN_POINT('',(1.08605569784E-03,3.751881103537));
#5165 = CARTESIAN_POINT('',(1.303266883448E-03,3.752257324236));
#5166 = CARTESIAN_POINT('',(1.520478097936E-03,3.752633544929));
#5167 = CARTESIAN_POINT('',(1.926568606098E-03,3.753336913887));
#5168 = CARTESIAN_POINT('',(2.11544789118E-03,3.753664062152));
#5169 = CARTESIAN_POINT('',(2.30432720627E-03,3.753991210412));
#5170 = CARTESIAN_POINT('',(2.493206555159E-03,3.754318358665));
#5171 = CARTESIAN_POINT('',(2.682085941644E-03,3.754645506912));
#5172 = CARTESIAN_POINT('',(2.870965369525E-03,3.75497265515));
#5173 = CARTESIAN_POINT('',(3.059844842606E-03,3.75529980338));
#5174 = CARTESIAN_POINT('',(0.138460275281,3.989819720854));
#5175 = CARTESIAN_POINT('',(0.272609187643,4.222122832332));
#5176 = CARTESIAN_POINT('',(0.408161915367,4.454142016662));
#5177 = CARTESIAN_POINT('',(0.546920729987,4.68646989821));
#5178 = CARTESIAN_POINT('',(0.690528139294,4.918834704293));
#5179 = CARTESIAN_POINT('',(0.840698666851,5.150023515442));
#5180 = CARTESIAN_POINT('',(0.999326495198,5.377813802744));
#5181 = CARTESIAN_POINT('',(1.215778394413,5.659103253561));
#5182 = CARTESIAN_POINT('',(1.26314113184,5.719040240464));
#5183 = CARTESIAN_POINT('',(1.311506910389,5.778507539142));
#5184 = CARTESIAN_POINT('',(1.360938316669,5.837412112136));
#5185 = CARTESIAN_POINT('',(1.411502740211,5.895649894383));
#5186 = CARTESIAN_POINT('',(1.463275053151,5.953106314582));
#5187 = CARTESIAN_POINT('',(1.516340289895,6.009656816543));
#5188 = CARTESIAN_POINT('',(1.570796326795,6.065167380558));
#5189 = ( GEOMETRIC_REPRESENTATION_CONTEXT(2) 
PARAMETRIC_REPRESENTATION_CONTEXT() REPRESENTATION_CONTEXT('2D SPACE',''
  ) );
#5190 = PCURVE('',#1106,#5191);
#5191 = DEFINITIONAL_REPRESENTATION('',(#5192),#5223);
#5192 = B_SPLINE_CURVE_WITH_KNOTS('',8,(#5193,#5194,#5195,#5196,#5197,
    #5198,#5199,#5200,#5201,#5202,#5203,#5204,#5205,#5206,#5207,#5208,
    #5209,#5210,#5211,#5212,#5213,#5214,#5215,#5216,#5217,#5218,#5219,
    #5220,#5221,#5222),.UNSPECIFIED.,.F.,.F.,(9,7,7,7,9),(0.,
    1.258966891271E-03,2.353720197674E-03,0.786045307257,1.),
  .UNSPECIFIED.);
#5193 = CARTESIAN_POINT('',(-4.712388980385,-0.8));
#5194 = CARTESIAN_POINT('',(-4.712489305907,-0.799826231098));
#5195 = CARTESIAN_POINT('',(-4.71258963143,-0.799652462195));
#5196 = CARTESIAN_POINT('',(-4.712689956954,-0.799478693301));
#5197 = CARTESIAN_POINT('',(-4.71279028248,-0.799304924422));
#5198 = CARTESIAN_POINT('',(-4.71289060801,-0.799131155567));
#5199 = CARTESIAN_POINT('',(-4.712990933545,-0.798957386743));
#5200 = CARTESIAN_POINT('',(-4.713091259086,-0.798783617959));
#5201 = CARTESIAN_POINT('',(-4.713278824202,-0.798458746043));
#5202 = CARTESIAN_POINT('',(-4.713366063775,-0.7983076429));
#5203 = CARTESIAN_POINT('',(-4.713453303354,-0.798156539797));
#5204 = CARTESIAN_POINT('',(-4.71354054294,-0.798005436741));
#5205 = CARTESIAN_POINT('',(-4.713627782534,-0.797854333736));
#5206 = CARTESIAN_POINT('',(-4.713715022138,-0.797703230787));
#5207 = CARTESIAN_POINT('',(-4.713802261751,-0.7975521279));
#5208 = CARTESIAN_POINT('',(-4.776340976815,-0.689232355166));
#5209 = CARTESIAN_POINT('',(-4.838295180983,-0.581968860115));
#5210 = CARTESIAN_POINT('',(-4.900551654607,-0.476643098951));
#5211 = CARTESIAN_POINT('',(-4.963613737647,-0.374654749294));
#5212 = CARTESIAN_POINT('',(-5.027829181251,-0.278223351553));
#5213 = CARTESIAN_POINT('',(-5.09335743325,-0.190667636556));
#5214 = CARTESIAN_POINT('',(-5.16020558176,-0.116750885028));
#5215 = CARTESIAN_POINT('',(-5.24642208622,-4.908931837271E-02));
#5216 = CARTESIAN_POINT('',(-5.265014513492,-3.609737827807E-02));
#5217 = CARTESIAN_POINT('',(-5.283698173821,-2.478224016387E-02));
#5218 = CARTESIAN_POINT('',(-5.302458195447,-1.531717906916E-02));
#5219 = CARTESIAN_POINT('',(-5.321275307739,-7.891468698286E-03));
#5220 = CARTESIAN_POINT('',(-5.340125065771,-2.711183375562E-03));
#5221 = CARTESIAN_POINT('',(-5.358977074877,2.886579864025E-15));
#5222 = CARTESIAN_POINT('',(-5.377794215221,2.886579864025E-15));
#5223 = ( GEOMETRIC_REPRESENTATION_CONTEXT(2) 
PARAMETRIC_REPRESENTATION_CONTEXT() REPRESENTATION_CONTEXT('2D SPACE',''
  ) );
#5224 = ORIENTED_EDGE('',*,*,#1118,.T.);
#5225 = ORIENTED_EDGE('',*,*,#5226,.T.);
#5226 = EDGE_CURVE('',#1119,#982,#5227,.T.);
#5227 = SURFACE_CURVE('',#5228,(#5233,#5240),.PCURVE_S1.);
#5228 = CIRCLE('',#5229,0.8);
#5229 = AXIS2_PLACEMENT_3D('',#5230,#5231,#5232);
#5230 = CARTESIAN_POINT('',(18.15,-2.95,19.05));
#5231 = DIRECTION('',(-1.,-6.123233995737E-17,0.));
#5232 = DIRECTION('',(6.123233995737E-17,-1.,-0.));
#5233 = PCURVE('',#1023,#5234);
#5234 = DEFINITIONAL_REPRESENTATION('',(#5235),#5239);
#5235 = LINE('',#5236,#5237);
#5236 = CARTESIAN_POINT('',(6.28318530718,27.6));
#5237 = VECTOR('',#5238,1.);
#5238 = DIRECTION('',(-1.,-0.));
#5239 = ( GEOMETRIC_REPRESENTATION_CONTEXT(2) 
PARAMETRIC_REPRESENTATION_CONTEXT() REPRESENTATION_CONTEXT('2D SPACE',''
  ) );
#5240 = PCURVE('',#5084,#5241);
#5241 = DEFINITIONAL_REPRESENTATION('',(#5242),#5246);
#5242 = LINE('',#5243,#5244);
#5243 = CARTESIAN_POINT('',(-1.570796326795,-6.28318530718));
#5244 = VECTOR('',#5245,1.);
#5245 = DIRECTION('',(-0.,1.));
#5246 = ( GEOMETRIC_REPRESENTATION_CONTEXT(2) 
PARAMETRIC_REPRESENTATION_CONTEXT() REPRESENTATION_CONTEXT('2D SPACE',''
  ) );
#5247 = ADVANCED_FACE('',(#5248),#1106,.T.);
#5248 = FACE_BOUND('',#5249,.F.);
#5249 = EDGE_LOOP('',(#5250,#5251,#5252));
#5250 = ORIENTED_EDGE('',*,*,#5123,.T.);
#5251 = ORIENTED_EDGE('',*,*,#1089,.F.);
#5252 = ORIENTED_EDGE('',*,*,#4913,.T.);
#5253 = ADVANCED_FACE('',(#5254),#1240,.T.);
#5254 = FACE_BOUND('',#5255,.F.);
#5255 = EDGE_LOOP('',(#5256,#5257,#5258,#5360));
#5256 = ORIENTED_EDGE('',*,*,#4175,.F.);
#5257 = ORIENTED_EDGE('',*,*,#1226,.T.);
#5258 = ORIENTED_EDGE('',*,*,#5259,.F.);
#5259 = EDGE_CURVE('',#4234,#1198,#5260,.T.);
#5260 = SURFACE_CURVE('',#5261,(#5292,#5326),.PCURVE_S1.);
#5261 = B_SPLINE_CURVE_WITH_KNOTS('',8,(#5262,#5263,#5264,#5265,#5266,
    #5267,#5268,#5269,#5270,#5271,#5272,#5273,#5274,#5275,#5276,#5277,
    #5278,#5279,#5280,#5281,#5282,#5283,#5284,#5285,#5286,#5287,#5288,
    #5289,#5290,#5291),.UNSPECIFIED.,.F.,.F.,(9,7,7,7,9),(0.,
    1.258966892075E-03,2.353720199184E-03,0.786045307369,1.),
  .UNSPECIFIED.);
#5262 = CARTESIAN_POINT('',(-5.7,3.75,19.05));
#5263 = CARTESIAN_POINT('',(-5.70037622071,3.75,19.049826231098));
#5264 = CARTESIAN_POINT('',(-5.700752441419,3.749999956863,
    19.049652462195));
#5265 = CARTESIAN_POINT('',(-5.701128662128,3.74999987059,
    19.049478693301));
#5266 = CARTESIAN_POINT('',(-5.701504882834,3.74999974118,
    19.049304924422));
#5267 = CARTESIAN_POINT('',(-5.701881103537,3.749999568634,
    19.049131155567));
#5268 = CARTESIAN_POINT('',(-5.702257324236,3.749999352951,
    19.048957386743));
#5269 = CARTESIAN_POINT('',(-5.702633544929,3.749999094131,
    19.048783617959));
#5270 = CARTESIAN_POINT('',(-5.703336913887,3.749998529604,
    19.048458746043));
#5271 = CARTESIAN_POINT('',(-5.703664062152,3.749998234416,19.0483076429
    ));
#5272 = CARTESIAN_POINT('',(-5.703991210412,3.74999790661,
    19.048156539797));
#5273 = CARTESIAN_POINT('',(-5.704318358665,3.749997546187,
    19.048005436741));
#5274 = CARTESIAN_POINT('',(-5.704645506912,3.749997153147,
    19.047854333736));
#5275 = CARTESIAN_POINT('',(-5.70497265515,3.749996727488,
    19.047703230787));
#5276 = CARTESIAN_POINT('',(-5.70529980338,3.749996269213,19.0475521279)
  );
#5277 = CARTESIAN_POINT('',(-5.939819720736,3.74964436689,
    18.939232355221));
#5278 = CARTESIAN_POINT('',(-6.172122832644,3.732581182823,
    18.831968859971));
#5279 = CARTESIAN_POINT('',(-6.404142016456,3.699265585961,
    18.726643099042));
#5280 = CARTESIAN_POINT('',(-6.636469898112,3.649114577042,
    18.62465474936));
#5281 = CARTESIAN_POINT('',(-6.86883470434,3.581134244071,
    18.528223351479));
#5282 = CARTESIAN_POINT('',(-7.100023515631,3.494289285844,
    18.440667636532));
#5283 = CARTESIAN_POINT('',(-7.327813802597,3.387805383859,
    18.366750885063));
#5284 = CARTESIAN_POINT('',(-7.609103253561,3.228410201323,
    18.299089318373));
#5285 = CARTESIAN_POINT('',(-7.669040240464,3.192762098896,
    18.286097378278));
#5286 = CARTESIAN_POINT('',(-7.728507539142,3.155663831248,
    18.274782240164));
#5287 = CARTESIAN_POINT('',(-7.787412112136,3.117141652304,
    18.265317179069));
#5288 = CARTESIAN_POINT('',(-7.845649894383,3.077238167478,
    18.257891468698));
#5289 = CARTESIAN_POINT('',(-7.903106314582,3.036016562048,
    18.252711183376));
#5290 = CARTESIAN_POINT('',(-7.959656816543,2.99356482952,18.25));
#5291 = CARTESIAN_POINT('',(-8.015167380558,2.95,18.25));
#5292 = PCURVE('',#1240,#5293);
#5293 = DEFINITIONAL_REPRESENTATION('',(#5294),#5325);
#5294 = B_SPLINE_CURVE_WITH_KNOTS('',8,(#5295,#5296,#5297,#5298,#5299,
    #5300,#5301,#5302,#5303,#5304,#5305,#5306,#5307,#5308,#5309,#5310,
    #5311,#5312,#5313,#5314,#5315,#5316,#5317,#5318,#5319,#5320,#5321,
    #5322,#5323,#5324),.UNSPECIFIED.,.F.,.F.,(9,7,7,7,9),(0.,
    1.258966892075E-03,2.353720199184E-03,0.786045307369,1.),
  .UNSPECIFIED.);
#5295 = CARTESIAN_POINT('',(0.,3.75));
#5296 = CARTESIAN_POINT('',(-2.172111278779E-04,3.74962377929));
#5297 = CARTESIAN_POINT('',(-4.344222559652E-04,3.749247558581));
#5298 = CARTESIAN_POINT('',(-6.516333898647E-04,3.748871337872));
#5299 = CARTESIAN_POINT('',(-8.688445352448E-04,3.748495117166));
#5300 = CARTESIAN_POINT('',(-1.086055697839E-03,3.748118896463));
#5301 = CARTESIAN_POINT('',(-1.303266883448E-03,3.747742675764));
#5302 = CARTESIAN_POINT('',(-1.520478097936E-03,3.747366455071));
#5303 = CARTESIAN_POINT('',(-1.926568606098E-03,3.746663086113));
#5304 = CARTESIAN_POINT('',(-2.11544789118E-03,3.746335937848));
#5305 = CARTESIAN_POINT('',(-2.30432720627E-03,3.746008789588));
#5306 = CARTESIAN_POINT('',(-2.493206555159E-03,3.745681641335));
#5307 = CARTESIAN_POINT('',(-2.682085941645E-03,3.745354493088));
#5308 = CARTESIAN_POINT('',(-2.870965369526E-03,3.74502734485));
#5309 = CARTESIAN_POINT('',(-3.059844842607E-03,3.74470019662));
#5310 = CARTESIAN_POINT('',(-0.138460275213,3.510180279264));
#5311 = CARTESIAN_POINT('',(-0.272609187824,3.277877167356));
#5312 = CARTESIAN_POINT('',(-0.408161915243,3.045857983544));
#5313 = CARTESIAN_POINT('',(-0.54692072995,2.813530101887));
#5314 = CARTESIAN_POINT('',(-0.690528139274,2.581165295661));
#5315 = CARTESIAN_POINT('',(-0.840698667016,2.349976484369));
#5316 = CARTESIAN_POINT('',(-0.999326495085,2.122186197403));
#5317 = CARTESIAN_POINT('',(-1.215778394413,1.840896746439));
#5318 = CARTESIAN_POINT('',(-1.26314113184,1.780959759536));
#5319 = CARTESIAN_POINT('',(-1.311506910389,1.721492460858));
#5320 = CARTESIAN_POINT('',(-1.360938316669,1.662587887864));
#5321 = CARTESIAN_POINT('',(-1.411502740211,1.604350105617));
#5322 = CARTESIAN_POINT('',(-1.463275053151,1.546893685418));
#5323 = CARTESIAN_POINT('',(-1.516340289895,1.490343183457));
#5324 = CARTESIAN_POINT('',(-1.570796326795,1.434832619442));
#5325 = ( GEOMETRIC_REPRESENTATION_CONTEXT(2) 
PARAMETRIC_REPRESENTATION_CONTEXT() REPRESENTATION_CONTEXT('2D SPACE',''
  ) );
#5326 = PCURVE('',#1214,#5327);
#5327 = DEFINITIONAL_REPRESENTATION('',(#5328),#5359);
#5328 = B_SPLINE_CURVE_WITH_KNOTS('',8,(#5329,#5330,#5331,#5332,#5333,
    #5334,#5335,#5336,#5337,#5338,#5339,#5340,#5341,#5342,#5343,#5344,
    #5345,#5346,#5347,#5348,#5349,#5350,#5351,#5352,#5353,#5354,#5355,
    #5356,#5357,#5358),.UNSPECIFIED.,.F.,.F.,(9,7,7,7,9),(0.,
    1.258966892075E-03,2.353720199184E-03,0.786045307369,1.),
  .UNSPECIFIED.);
#5329 = CARTESIAN_POINT('',(-1.570796326795,-0.8));
#5330 = CARTESIAN_POINT('',(-1.570896652317,-0.799826231098));
#5331 = CARTESIAN_POINT('',(-1.57099697784,-0.799652462195));
#5332 = CARTESIAN_POINT('',(-1.571097303364,-0.799478693301));
#5333 = CARTESIAN_POINT('',(-1.57119762889,-0.799304924422));
#5334 = CARTESIAN_POINT('',(-1.57129795442,-0.799131155567));
#5335 = CARTESIAN_POINT('',(-1.571398279955,-0.798957386743));
#5336 = CARTESIAN_POINT('',(-1.571498605497,-0.798783617959));
#5337 = CARTESIAN_POINT('',(-1.571686170612,-0.798458746043));
#5338 = CARTESIAN_POINT('',(-1.571773410185,-0.7983076429));
#5339 = CARTESIAN_POINT('',(-1.571860649764,-0.798156539797));
#5340 = CARTESIAN_POINT('',(-1.57194788935,-0.798005436741));
#5341 = CARTESIAN_POINT('',(-1.572035128945,-0.797854333736));
#5342 = CARTESIAN_POINT('',(-1.572122368548,-0.797703230787));
#5343 = CARTESIAN_POINT('',(-1.572209608161,-0.7975521279));
#5344 = CARTESIAN_POINT('',(-1.634748323194,-0.689232355221));
#5345 = CARTESIAN_POINT('',(-1.696702527476,-0.581968859971));
#5346 = CARTESIAN_POINT('',(-1.758959000962,-0.476643099042));
#5347 = CARTESIAN_POINT('',(-1.822021084033,-0.37465474936));
#5348 = CARTESIAN_POINT('',(-1.886236527665,-0.278223351479));
#5349 = CARTESIAN_POINT('',(-1.951764779722,-0.190667636532));
#5350 = CARTESIAN_POINT('',(-2.018612928126,-0.116750885063));
#5351 = CARTESIAN_POINT('',(-2.10482943263,-4.908931837273E-02));
#5352 = CARTESIAN_POINT('',(-2.123421859902,-3.609737827808E-02));
#5353 = CARTESIAN_POINT('',(-2.142105520232,-2.478224016388E-02));
#5354 = CARTESIAN_POINT('',(-2.160865541857,-1.531717906916E-02));
#5355 = CARTESIAN_POINT('',(-2.17968265415,-7.891468698287E-03));
#5356 = CARTESIAN_POINT('',(-2.198532412181,-2.711183375562E-03));
#5357 = CARTESIAN_POINT('',(-2.217384421287,2.886579864025E-15));
#5358 = CARTESIAN_POINT('',(-2.236201561631,2.886579864025E-15));
#5359 = ( GEOMETRIC_REPRESENTATION_CONTEXT(2) 
PARAMETRIC_REPRESENTATION_CONTEXT() REPRESENTATION_CONTEXT('2D SPACE',''
  ) );
#5360 = ORIENTED_EDGE('',*,*,#4233,.F.);
#5361 = ADVANCED_FACE('',(#5362),#1157,.T.);
#5362 = FACE_BOUND('',#5363,.T.);
#5363 = EDGE_LOOP('',(#5364,#5386,#5387,#5416));
#5364 = ORIENTED_EDGE('',*,*,#5365,.F.);
#5365 = EDGE_CURVE('',#1119,#5040,#5366,.T.);
#5366 = SURFACE_CURVE('',#5367,(#5372,#5379),.PCURVE_S1.);
#5367 = CIRCLE('',#5368,0.8);
#5368 = AXIS2_PLACEMENT_3D('',#5369,#5370,#5371);
#5369 = CARTESIAN_POINT('',(18.15,-2.95,19.05));
#5370 = DIRECTION('',(0.,-1.,0.));
#5371 = DIRECTION('',(1.,0.,0.));
#5372 = PCURVE('',#1157,#5373);
#5373 = DEFINITIONAL_REPRESENTATION('',(#5374),#5378);
#5374 = LINE('',#5375,#5376);
#5375 = CARTESIAN_POINT('',(6.28318530718,0.8));
#5376 = VECTOR('',#5377,1.);
#5377 = DIRECTION('',(-1.,-0.));
#5378 = ( GEOMETRIC_REPRESENTATION_CONTEXT(2) 
PARAMETRIC_REPRESENTATION_CONTEXT() REPRESENTATION_CONTEXT('2D SPACE',''
  ) );
#5379 = PCURVE('',#5084,#5380);
#5380 = DEFINITIONAL_REPRESENTATION('',(#5381),#5385);
#5381 = LINE('',#5382,#5383);
#5382 = CARTESIAN_POINT('',(-0.,-6.28318530718));
#5383 = VECTOR('',#5384,1.);
#5384 = DIRECTION('',(-0.,1.));
#5385 = ( GEOMETRIC_REPRESENTATION_CONTEXT(2) 
PARAMETRIC_REPRESENTATION_CONTEXT() REPRESENTATION_CONTEXT('2D SPACE',''
  ) );
#5386 = ORIENTED_EDGE('',*,*,#1141,.T.);
#5387 = ORIENTED_EDGE('',*,*,#5388,.T.);
#5388 = EDGE_CURVE('',#1142,#5389,#5391,.T.);
#5389 = VERTEX_POINT('',#5390);
#5390 = CARTESIAN_POINT('',(18.95,2.95,19.05));
#5391 = SURFACE_CURVE('',#5392,(#5397,#5404),.PCURVE_S1.);
#5392 = CIRCLE('',#5393,0.8);
#5393 = AXIS2_PLACEMENT_3D('',#5394,#5395,#5396);
#5394 = CARTESIAN_POINT('',(18.15,2.95,19.05));
#5395 = DIRECTION('',(0.,-1.,0.));
#5396 = DIRECTION('',(1.,0.,0.));
#5397 = PCURVE('',#1157,#5398);
#5398 = DEFINITIONAL_REPRESENTATION('',(#5399),#5403);
#5399 = LINE('',#5400,#5401);
#5400 = CARTESIAN_POINT('',(6.28318530718,6.7));
#5401 = VECTOR('',#5402,1.);
#5402 = DIRECTION('',(-1.,-0.));
#5403 = ( GEOMETRIC_REPRESENTATION_CONTEXT(2) 
PARAMETRIC_REPRESENTATION_CONTEXT() REPRESENTATION_CONTEXT('2D SPACE',''
  ) );
#5404 = PCURVE('',#5405,#5410);
#5405 = SPHERICAL_SURFACE('',#5406,0.8);
#5406 = AXIS2_PLACEMENT_3D('',#5407,#5408,#5409);
#5407 = CARTESIAN_POINT('',(18.15,2.95,19.05));
#5408 = DIRECTION('',(0.,0.,1.));
#5409 = DIRECTION('',(1.,0.,-0.));
#5410 = DEFINITIONAL_REPRESENTATION('',(#5411),#5415);
#5411 = LINE('',#5412,#5413);
#5412 = CARTESIAN_POINT('',(0.,-6.28318530718));
#5413 = VECTOR('',#5414,1.);
#5414 = DIRECTION('',(0.,1.));
#5415 = ( GEOMETRIC_REPRESENTATION_CONTEXT(2) 
PARAMETRIC_REPRESENTATION_CONTEXT() REPRESENTATION_CONTEXT('2D SPACE',''
  ) );
#5416 = ORIENTED_EDGE('',*,*,#5417,.F.);
#5417 = EDGE_CURVE('',#5040,#5389,#5418,.T.);
#5418 = SURFACE_CURVE('',#5419,(#5423,#5430),.PCURVE_S1.);
#5419 = LINE('',#5420,#5421);
#5420 = CARTESIAN_POINT('',(18.95,-3.75,19.05));
#5421 = VECTOR('',#5422,1.);
#5422 = DIRECTION('',(0.,1.,0.));
#5423 = PCURVE('',#1157,#5424);
#5424 = DEFINITIONAL_REPRESENTATION('',(#5425),#5429);
#5425 = LINE('',#5426,#5427);
#5426 = CARTESIAN_POINT('',(0.,0.));
#5427 = VECTOR('',#5428,1.);
#5428 = DIRECTION('',(0.,1.));
#5429 = ( GEOMETRIC_REPRESENTATION_CONTEXT(2) 
PARAMETRIC_REPRESENTATION_CONTEXT() REPRESENTATION_CONTEXT('2D SPACE',''
  ) );
#5430 = PCURVE('',#5057,#5431);
#5431 = DEFINITIONAL_REPRESENTATION('',(#5432),#5436);
#5432 = LINE('',#5433,#5434);
#5433 = CARTESIAN_POINT('',(0.8,0.));
#5434 = VECTOR('',#5435,1.);
#5435 = DIRECTION('',(0.,-1.));
#5436 = ( GEOMETRIC_REPRESENTATION_CONTEXT(2) 
PARAMETRIC_REPRESENTATION_CONTEXT() REPRESENTATION_CONTEXT('2D SPACE',''
  ) );
#5437 = ADVANCED_FACE('',(#5438),#1214,.T.);
#5438 = FACE_BOUND('',#5439,.F.);
#5439 = EDGE_LOOP('',(#5440,#5441,#5501));
#5440 = ORIENTED_EDGE('',*,*,#1197,.F.);
#5441 = ORIENTED_EDGE('',*,*,#5442,.T.);
#5442 = EDGE_CURVE('',#1170,#4234,#5443,.T.);
#5443 = SURFACE_CURVE('',#5444,(#5461,#5481),.PCURVE_S1.);
#5444 = B_SPLINE_CURVE_WITH_KNOTS('',8,(#5445,#5446,#5447,#5448,#5449,
    #5450,#5451,#5452,#5453,#5454,#5455,#5456,#5457,#5458,#5459,#5460),
  .UNSPECIFIED.,.F.,.F.,(9,7,9),(0.,0.215955839447,1.),.UNSPECIFIED.);
#5445 = CARTESIAN_POINT('',(-3.384832619442,2.95,18.25));
#5446 = CARTESIAN_POINT('',(-3.440841404207,2.993955834411,18.25));
#5447 = CARTESIAN_POINT('',(-3.497907776232,3.036777625987,
    18.252760066466));
#5448 = CARTESIAN_POINT('',(-3.555894270459,3.0783454806,18.25803135539)
  );
#5449 = CARTESIAN_POINT('',(-3.614673358591,3.118569613024,
    18.265584209919));
#5450 = CARTESIAN_POINT('',(-3.674127988547,3.157385915125,
    18.275207319095));
#5451 = CARTESIAN_POINT('',(-3.734152123909,3.194751524068,
    18.286706876594));
#5452 = CARTESIAN_POINT('',(-3.794651283373,3.230640390505,
    18.299905739468));
#5453 = CARTESIAN_POINT('',(-4.076615396843,3.389925068156,
    18.368145836408));
#5454 = CARTESIAN_POINT('',(-4.304655360815,3.496180782971,
    18.442355589069));
#5455 = CARTESIAN_POINT('',(-4.536154121219,3.582790550695,
    18.530209445651));
#5456 = CARTESIAN_POINT('',(-4.768747850041,3.650459359256,
    18.626881055896));
#5457 = CARTESIAN_POINT('',(-5.001154380429,3.700257591854,
    18.729000659827));
#5458 = CARTESIAN_POINT('',(-5.233127901872,3.733231843735,
    18.834361899457));
#5459 = CARTESIAN_POINT('',(-5.465428776325,3.749999843206,
    18.941656048835));
#5460 = CARTESIAN_POINT('',(-5.7,3.75,19.05));
#5461 = PCURVE('',#1214,#5462);
#5462 = DEFINITIONAL_REPRESENTATION('',(#5463),#5480);
#5463 = B_SPLINE_CURVE_WITH_KNOTS('',8,(#5464,#5465,#5466,#5467,#5468,
    #5469,#5470,#5471,#5472,#5473,#5474,#5475,#5476,#5477,#5478,#5479),
  .UNSPECIFIED.,.F.,.F.,(9,7,9),(0.,0.215955839447,1.),.UNSPECIFIED.);
#5464 = CARTESIAN_POINT('',(-0.905391091958,2.886579864025E-15));
#5465 = CARTESIAN_POINT('',(-0.924377120692,2.886579864025E-15));
#5466 = CARTESIAN_POINT('',(-0.943398270038,-2.760066465632E-03));
#5467 = CARTESIAN_POINT('',(-0.962416508459,-8.031355389821E-03));
#5468 = CARTESIAN_POINT('',(-0.981400797516,-1.558420991924E-02));
#5469 = CARTESIAN_POINT('',(-1.000326282443,-2.520731909508E-02));
#5470 = CARTESIAN_POINT('',(-1.01917348272,-3.670687659379E-02));
#5471 = CARTESIAN_POINT('',(-1.037927482658,-4.990573946786E-02));
#5472 = CARTESIAN_POINT('',(-1.124286061132,-0.118145836408));
#5473 = CARTESIAN_POINT('',(-1.191169145597,-0.192355589069));
#5474 = CARTESIAN_POINT('',(-1.256751564971,-0.280209445652));
#5475 = CARTESIAN_POINT('',(-1.321001121353,-0.376881055895));
#5476 = CARTESIAN_POINT('',(-1.384064355202,-0.479000659828));
#5477 = CARTESIAN_POINT('',(-1.446297171068,-0.584361899457));
#5478 = CARTESIAN_POINT('',(-1.508243987525,-0.691656048835));
#5479 = CARTESIAN_POINT('',(-1.570796326795,-0.8));
#5480 = ( GEOMETRIC_REPRESENTATION_CONTEXT(2) 
PARAMETRIC_REPRESENTATION_CONTEXT() REPRESENTATION_CONTEXT('2D SPACE',''
  ) );
#5481 = PCURVE('',#1185,#5482);
#5482 = DEFINITIONAL_REPRESENTATION('',(#5483),#5500);
#5483 = B_SPLINE_CURVE_WITH_KNOTS('',8,(#5484,#5485,#5486,#5487,#5488,
    #5489,#5490,#5491,#5492,#5493,#5494,#5495,#5496,#5497,#5498,#5499),
  .UNSPECIFIED.,.F.,.F.,(9,7,9),(0.,0.215955839447,1.),.UNSPECIFIED.);
#5484 = CARTESIAN_POINT('',(-1.570796326795,6.065167380558));
#5485 = CARTESIAN_POINT('',(-1.515851533781,6.009158595793));
#5486 = CARTESIAN_POINT('',(-1.46232368823,5.952092223768));
#5487 = CARTESIAN_POINT('',(-1.41011191873,5.894105729541));
#5488 = CARTESIAN_POINT('',(-1.359128614367,5.835326641409));
#5489 = CARTESIAN_POINT('',(-1.309296638131,5.775872011453));
#5490 = CARTESIAN_POINT('',(-1.260546540318,5.715847876091));
#5491 = CARTESIAN_POINT('',(-1.212813771942,5.655348716627));
#5492 = CARTESIAN_POINT('',(-0.996205256394,5.373384603157));
#5493 = CARTESIAN_POINT('',(-0.837586846854,5.145344639185));
#5494 = CARTESIAN_POINT('',(-0.687371586982,4.91384587878));
#5495 = CARTESIAN_POINT('',(-0.543749113327,4.681252149959));
#5496 = CARTESIAN_POINT('',(-0.405026528247,4.448845619571));
#5497 = CARTESIAN_POINT('',(-0.269550008106,4.216872098128));
#5498 = CARTESIAN_POINT('',(-0.135429546607,3.984571223675));
#5499 = CARTESIAN_POINT('',(0.,3.75));
#5500 = ( GEOMETRIC_REPRESENTATION_CONTEXT(2) 
PARAMETRIC_REPRESENTATION_CONTEXT() REPRESENTATION_CONTEXT('2D SPACE',''
  ) );
#5501 = ORIENTED_EDGE('',*,*,#5259,.T.);
#5502 = ADVANCED_FACE('',(#5503),#1185,.T.);
#5503 = FACE_BOUND('',#5504,.F.);
#5504 = EDGE_LOOP('',(#5505,#5506,#5507,#5508));
#5505 = ORIENTED_EDGE('',*,*,#4336,.F.);
#5506 = ORIENTED_EDGE('',*,*,#5442,.F.);
#5507 = ORIENTED_EDGE('',*,*,#1169,.T.);
#5508 = ORIENTED_EDGE('',*,*,#5509,.T.);
#5509 = EDGE_CURVE('',#1142,#4309,#5510,.T.);
#5510 = SURFACE_CURVE('',#5511,(#5516,#5523),.PCURVE_S1.);
#5511 = CIRCLE('',#5512,0.8);
#5512 = AXIS2_PLACEMENT_3D('',#5513,#5514,#5515);
#5513 = CARTESIAN_POINT('',(18.15,2.95,19.05));
#5514 = DIRECTION('',(1.,-6.123233995737E-17,0.));
#5515 = DIRECTION('',(6.123233995737E-17,1.,0.));
#5516 = PCURVE('',#1185,#5517);
#5517 = DEFINITIONAL_REPRESENTATION('',(#5518),#5522);
#5518 = LINE('',#5519,#5520);
#5519 = CARTESIAN_POINT('',(-6.28318530718,27.6));
#5520 = VECTOR('',#5521,1.);
#5521 = DIRECTION('',(1.,-0.));
#5522 = ( GEOMETRIC_REPRESENTATION_CONTEXT(2) 
PARAMETRIC_REPRESENTATION_CONTEXT() REPRESENTATION_CONTEXT('2D SPACE',''
  ) );
#5523 = PCURVE('',#5405,#5524);
#5524 = DEFINITIONAL_REPRESENTATION('',(#5525),#5529);
#5525 = LINE('',#5526,#5527);
#5526 = CARTESIAN_POINT('',(1.570796326795,-6.28318530718));
#5527 = VECTOR('',#5528,1.);
#5528 = DIRECTION('',(0.,1.));
#5529 = ( GEOMETRIC_REPRESENTATION_CONTEXT(2) 
PARAMETRIC_REPRESENTATION_CONTEXT() REPRESENTATION_CONTEXT('2D SPACE',''
  ) );
#5530 = ADVANCED_FACE('',(#5531),#1273,.T.);
#5531 = FACE_BOUND('',#5532,.T.);
#5532 = EDGE_LOOP('',(#5533,#5534,#5557,#5578));
#5533 = ORIENTED_EDGE('',*,*,#1256,.T.);
#5534 = ORIENTED_EDGE('',*,*,#5535,.T.);
#5535 = EDGE_CURVE('',#1259,#5536,#5538,.T.);
#5536 = VERTEX_POINT('',#5537);
#5537 = CARTESIAN_POINT('',(-5.339650924319,2.542390320871,20.75));
#5538 = SURFACE_CURVE('',#5539,(#5543,#5550),.PCURVE_S1.);
#5539 = LINE('',#5540,#5541);
#5540 = CARTESIAN_POINT('',(-5.339650924319,2.542390320871,17.75));
#5541 = VECTOR('',#5542,1.);
#5542 = DIRECTION('',(0.,0.,1.));
#5543 = PCURVE('',#1273,#5544);
#5544 = DEFINITIONAL_REPRESENTATION('',(#5545),#5549);
#5545 = LINE('',#5546,#5547);
#5546 = CARTESIAN_POINT('',(0.,0.));
#5547 = VECTOR('',#5548,1.);
#5548 = DIRECTION('',(0.,-1.));
#5549 = ( GEOMETRIC_REPRESENTATION_CONTEXT(2) 
PARAMETRIC_REPRESENTATION_CONTEXT() REPRESENTATION_CONTEXT('2D SPACE',''
  ) );
#5550 = PCURVE('',#1299,#5551);
#5551 = DEFINITIONAL_REPRESENTATION('',(#5552),#5556);
#5552 = LINE('',#5553,#5554);
#5553 = CARTESIAN_POINT('',(0.92,0.));
#5554 = VECTOR('',#5555,1.);
#5555 = DIRECTION('',(0.,-1.));
#5556 = ( GEOMETRIC_REPRESENTATION_CONTEXT(2) 
PARAMETRIC_REPRESENTATION_CONTEXT() REPRESENTATION_CONTEXT('2D SPACE',''
  ) );
#5557 = ORIENTED_EDGE('',*,*,#5558,.F.);
#5558 = EDGE_CURVE('',#5559,#5536,#5561,.T.);
#5559 = VERTEX_POINT('',#5560);
#5560 = CARTESIAN_POINT('',(-5.738861615691,2.567506528682,20.75));
#5561 = SURFACE_CURVE('',#5562,(#5566,#5572),.PCURVE_S1.);
#5562 = LINE('',#5563,#5564);
#5563 = CARTESIAN_POINT('',(-5.439453597162,2.548669372823,20.75));
#5564 = VECTOR('',#5565,1.);
#5565 = DIRECTION('',(0.998026728428,-6.279051952931E-02,0.));
#5566 = PCURVE('',#1273,#5567);
#5567 = DEFINITIONAL_REPRESENTATION('',(#5568),#5571);
#5568 = B_SPLINE_CURVE_WITH_KNOTS('',1,(#5569,#5570),.UNSPECIFIED.,.F.,
  .F.,(2,2),(-0.3,0.1),.PIECEWISE_BEZIER_KNOTS.);
#5569 = CARTESIAN_POINT('',(0.4,-3.));
#5570 = CARTESIAN_POINT('',(0.,-3.));
#5571 = ( GEOMETRIC_REPRESENTATION_CONTEXT(2) 
PARAMETRIC_REPRESENTATION_CONTEXT() REPRESENTATION_CONTEXT('2D SPACE',''
  ) );
#5572 = PCURVE('',#4486,#5573);
#5573 = DEFINITIONAL_REPRESENTATION('',(#5574),#5577);
#5574 = B_SPLINE_CURVE_WITH_KNOTS('',1,(#5575,#5576),.UNSPECIFIED.,.F.,
  .F.,(2,2),(-0.3,0.1),.PIECEWISE_BEZIER_KNOTS.);
#5575 = CARTESIAN_POINT('',(-3.886161569061E-02,2.567506528682));
#5576 = CARTESIAN_POINT('',(0.360349075681,2.542390320871));
#5577 = ( GEOMETRIC_REPRESENTATION_CONTEXT(2) 
PARAMETRIC_REPRESENTATION_CONTEXT() REPRESENTATION_CONTEXT('2D SPACE',''
  ) );
#5578 = ORIENTED_EDGE('',*,*,#5579,.F.);
#5579 = EDGE_CURVE('',#1257,#5559,#5580,.T.);
#5580 = SURFACE_CURVE('',#5581,(#5585,#5592),.PCURVE_S1.);
#5581 = LINE('',#5582,#5583);
#5582 = CARTESIAN_POINT('',(-5.738861615691,2.567506528682,17.75));
#5583 = VECTOR('',#5584,1.);
#5584 = DIRECTION('',(0.,0.,1.));
#5585 = PCURVE('',#1273,#5586);
#5586 = DEFINITIONAL_REPRESENTATION('',(#5587),#5591);
#5587 = LINE('',#5588,#5589);
#5588 = CARTESIAN_POINT('',(0.4,0.));
#5589 = VECTOR('',#5590,1.);
#5590 = DIRECTION('',(0.,-1.));
#5591 = ( GEOMETRIC_REPRESENTATION_CONTEXT(2) 
PARAMETRIC_REPRESENTATION_CONTEXT() REPRESENTATION_CONTEXT('2D SPACE',''
  ) );
#5592 = PCURVE('',#4020,#5593);
#5593 = DEFINITIONAL_REPRESENTATION('',(#5594),#5598);
#5594 = LINE('',#5595,#5596);
#5595 = CARTESIAN_POINT('',(0.,0.));
#5596 = VECTOR('',#5597,1.);
#5597 = DIRECTION('',(0.,-1.));
#5598 = ( GEOMETRIC_REPRESENTATION_CONTEXT(2) 
PARAMETRIC_REPRESENTATION_CONTEXT() REPRESENTATION_CONTEXT('2D SPACE',''
  ) );
#5599 = ADVANCED_FACE('',(#5600),#4020,.T.);
#5600 = FACE_BOUND('',#5601,.T.);
#5601 = EDGE_LOOP('',(#5602,#5603,#5604,#5625));
#5602 = ORIENTED_EDGE('',*,*,#4007,.T.);
#5603 = ORIENTED_EDGE('',*,*,#5579,.T.);
#5604 = ORIENTED_EDGE('',*,*,#5605,.F.);
#5605 = EDGE_CURVE('',#5606,#5559,#5608,.T.);
#5606 = VERTEX_POINT('',#5607);
#5607 = CARTESIAN_POINT('',(-5.761407705759,2.209146689035,20.75));
#5608 = SURFACE_CURVE('',#5609,(#5613,#5619),.PCURVE_S1.);
#5609 = LINE('',#5610,#5611);
#5610 = CARTESIAN_POINT('',(-5.819233480688,1.290032316294,20.75));
#5611 = VECTOR('',#5612,1.);
#5612 = DIRECTION('',(6.279051952931E-02,0.998026728428,-0.));
#5613 = PCURVE('',#4020,#5614);
#5614 = DEFINITIONAL_REPRESENTATION('',(#5615),#5618);
#5615 = B_SPLINE_CURVE_WITH_KNOTS('',1,(#5616,#5617),.UNSPECIFIED.,.F.,
  .F.,(2,2),(0.920931620928,1.28),.PIECEWISE_BEZIER_KNOTS.);
#5616 = CARTESIAN_POINT('',(0.359068379072,-3.));
#5617 = CARTESIAN_POINT('',(0.,-3.));
#5618 = ( GEOMETRIC_REPRESENTATION_CONTEXT(2) 
PARAMETRIC_REPRESENTATION_CONTEXT() REPRESENTATION_CONTEXT('2D SPACE',''
  ) );
#5619 = PCURVE('',#4486,#5620);
#5620 = DEFINITIONAL_REPRESENTATION('',(#5621),#5624);
#5621 = B_SPLINE_CURVE_WITH_KNOTS('',1,(#5622,#5623),.UNSPECIFIED.,.F.,
  .F.,(2,2),(0.920931620928,1.28),.PIECEWISE_BEZIER_KNOTS.);
#5622 = CARTESIAN_POINT('',(-6.14077057591E-02,2.209146689035));
#5623 = CARTESIAN_POINT('',(-3.886161569061E-02,2.567506528682));
#5624 = ( GEOMETRIC_REPRESENTATION_CONTEXT(2) 
PARAMETRIC_REPRESENTATION_CONTEXT() REPRESENTATION_CONTEXT('2D SPACE',''
  ) );
#5625 = ORIENTED_EDGE('',*,*,#5626,.T.);
#5626 = EDGE_CURVE('',#5606,#3975,#5627,.T.);
#5627 = SURFACE_CURVE('',#5628,(#5632,#5638),.PCURVE_S1.);
#5628 = LINE('',#5629,#5630);
#5629 = CARTESIAN_POINT('',(-5.761407705759,2.209146689035,17.75));
#5630 = VECTOR('',#5631,1.);
#5631 = DIRECTION('',(-0.,-0.,-1.));
#5632 = PCURVE('',#4020,#5633);
#5633 = DEFINITIONAL_REPRESENTATION('',(#5634),#5637);
#5634 = B_SPLINE_CURVE_WITH_KNOTS('',1,(#5635,#5636),.UNSPECIFIED.,.F.,
  .F.,(2,2),(-3.5000006,5.999999999062E-07),.PIECEWISE_BEZIER_KNOTS.);
#5635 = CARTESIAN_POINT('',(0.359068379072,-3.5000006));
#5636 = CARTESIAN_POINT('',(0.359068379072,5.999999999062E-07));
#5637 = ( GEOMETRIC_REPRESENTATION_CONTEXT(2) 
PARAMETRIC_REPRESENTATION_CONTEXT() REPRESENTATION_CONTEXT('2D SPACE',''
  ) );
#5638 = PCURVE('',#3995,#5639);
#5639 = DEFINITIONAL_REPRESENTATION('',(#5640),#5643);
#5640 = B_SPLINE_CURVE_WITH_KNOTS('',1,(#5641,#5642),.UNSPECIFIED.,.F.,
  .F.,(2,2),(-3.5000006,5.999999999062E-07),.PIECEWISE_BEZIER_KNOTS.);
#5641 = CARTESIAN_POINT('',(-1.598586195767,-3.5000006));
#5642 = CARTESIAN_POINT('',(-1.598586195767,5.999999999062E-07));
#5643 = ( GEOMETRIC_REPRESENTATION_CONTEXT(2) 
PARAMETRIC_REPRESENTATION_CONTEXT() REPRESENTATION_CONTEXT('2D SPACE',''
  ) );
#5644 = ADVANCED_FACE('',(#5645),#1299,.T.);
#5645 = FACE_BOUND('',#5646,.T.);
#5646 = EDGE_LOOP('',(#5647,#5648,#5669,#5688));
#5647 = ORIENTED_EDGE('',*,*,#1284,.T.);
#5648 = ORIENTED_EDGE('',*,*,#5649,.F.);
#5649 = EDGE_CURVE('',#5650,#1285,#5652,.T.);
#5650 = VERTEX_POINT('',#5651);
#5651 = CARTESIAN_POINT('',(-5.362197014388,2.184030481223,20.75));
#5652 = SURFACE_CURVE('',#5653,(#5657,#5663),.PCURVE_S1.);
#5653 = LINE('',#5654,#5655);
#5654 = CARTESIAN_POINT('',(-5.362197014388,2.184030481223,17.75));
#5655 = VECTOR('',#5656,1.);
#5656 = DIRECTION('',(-0.,-0.,-1.));
#5657 = PCURVE('',#1299,#5658);
#5658 = DEFINITIONAL_REPRESENTATION('',(#5659),#5662);
#5659 = B_SPLINE_CURVE_WITH_KNOTS('',1,(#5660,#5661),.UNSPECIFIED.,.F.,
  .F.,(2,2),(-3.5000006,5.999999999062E-07),.PIECEWISE_BEZIER_KNOTS.);
#5660 = CARTESIAN_POINT('',(0.560931620928,-3.5000006));
#5661 = CARTESIAN_POINT('',(0.560931620928,5.999999999062E-07));
#5662 = ( GEOMETRIC_REPRESENTATION_CONTEXT(2) 
PARAMETRIC_REPRESENTATION_CONTEXT() REPRESENTATION_CONTEXT('2D SPACE',''
  ) );
#5663 = PCURVE('',#1331,#5664);
#5664 = DEFINITIONAL_REPRESENTATION('',(#5665),#5668);
#5665 = B_SPLINE_CURVE_WITH_KNOTS('',1,(#5666,#5667),.UNSPECIFIED.,.F.,
  .F.,(2,2),(-3.5000006,5.999999999062E-07),.PIECEWISE_BEZIER_KNOTS.);
#5666 = CARTESIAN_POINT('',(-1.417342751679,-3.5000006));
#5667 = CARTESIAN_POINT('',(-1.417342751679,5.999999999062E-07));
#5668 = ( GEOMETRIC_REPRESENTATION_CONTEXT(2) 
PARAMETRIC_REPRESENTATION_CONTEXT() REPRESENTATION_CONTEXT('2D SPACE',''
  ) );
#5669 = ORIENTED_EDGE('',*,*,#5670,.F.);
#5670 = EDGE_CURVE('',#5536,#5650,#5671,.T.);
#5671 = SURFACE_CURVE('',#5672,(#5676,#5682),.PCURVE_S1.);
#5672 = LINE('',#5673,#5674);
#5673 = CARTESIAN_POINT('',(-5.4489064283,0.805823813405,20.75));
#5674 = VECTOR('',#5675,1.);
#5675 = DIRECTION('',(-6.279051952931E-02,-0.998026728428,0.));
#5676 = PCURVE('',#1299,#5677);
#5677 = DEFINITIONAL_REPRESENTATION('',(#5678),#5681);
#5678 = B_SPLINE_CURVE_WITH_KNOTS('',1,(#5679,#5680),.UNSPECIFIED.,.F.,
  .F.,(2,2),(-1.74,-1.380931620928),.PIECEWISE_BEZIER_KNOTS.);
#5679 = CARTESIAN_POINT('',(0.92,-3.));
#5680 = CARTESIAN_POINT('',(0.560931620928,-3.));
#5681 = ( GEOMETRIC_REPRESENTATION_CONTEXT(2) 
PARAMETRIC_REPRESENTATION_CONTEXT() REPRESENTATION_CONTEXT('2D SPACE',''
  ) );
#5682 = PCURVE('',#4486,#5683);
#5683 = DEFINITIONAL_REPRESENTATION('',(#5684),#5687);
#5684 = B_SPLINE_CURVE_WITH_KNOTS('',1,(#5685,#5686),.UNSPECIFIED.,.F.,
  .F.,(2,2),(-1.74,-1.380931620928),.PIECEWISE_BEZIER_KNOTS.);
#5685 = CARTESIAN_POINT('',(0.360349075681,2.542390320871));
#5686 = CARTESIAN_POINT('',(0.337802985612,2.184030481223));
#5687 = ( GEOMETRIC_REPRESENTATION_CONTEXT(2) 
PARAMETRIC_REPRESENTATION_CONTEXT() REPRESENTATION_CONTEXT('2D SPACE',''
  ) );
#5688 = ORIENTED_EDGE('',*,*,#5535,.F.);
#5689 = ADVANCED_FACE('',(#5690),#3995,.F.);
#5690 = FACE_BOUND('',#5691,.T.);
#5691 = EDGE_LOOP('',(#5692,#5693,#5694,#5722));
#5692 = ORIENTED_EDGE('',*,*,#3974,.T.);
#5693 = ORIENTED_EDGE('',*,*,#5626,.F.);
#5694 = ORIENTED_EDGE('',*,*,#5695,.F.);
#5695 = EDGE_CURVE('',#5696,#5606,#5698,.T.);
#5696 = VERTEX_POINT('',#5697);
#5697 = CARTESIAN_POINT('',(-5.915956010297,2.19942333388,20.75));
#5698 = SURFACE_CURVE('',#5699,(#5704,#5711),.PCURVE_S1.);
#5699 = CIRCLE('',#5700,2.21);
#5700 = AXIS2_PLACEMENT_3D('',#5701,#5702,#5703);
#5701 = CARTESIAN_POINT('',(-5.7,0.,20.75));
#5702 = DIRECTION('',(0.,0.,-1.));
#5703 = DIRECTION('',(1.,0.,0.));
#5704 = PCURVE('',#3995,#5705);
#5705 = DEFINITIONAL_REPRESENTATION('',(#5706),#5710);
#5706 = LINE('',#5707,#5708);
#5707 = CARTESIAN_POINT('',(-6.28318530718,-3.));
#5708 = VECTOR('',#5709,1.);
#5709 = DIRECTION('',(1.,-0.));
#5710 = ( GEOMETRIC_REPRESENTATION_CONTEXT(2) 
PARAMETRIC_REPRESENTATION_CONTEXT() REPRESENTATION_CONTEXT('2D SPACE',''
  ) );
#5711 = PCURVE('',#4486,#5712);
#5712 = DEFINITIONAL_REPRESENTATION('',(#5713),#5721);
#5713 = ( BOUNDED_CURVE() B_SPLINE_CURVE(2,(#5714,#5715,#5716,#5717,
#5718,#5719,#5720),.UNSPECIFIED.,.T.,.F.) B_SPLINE_CURVE_WITH_KNOTS((1,2
    ,2,2,2,1),(-2.094395102393,0.,2.094395102393,4.188790204786,
6.28318530718,8.377580409573),.UNSPECIFIED.) CURVE() 
GEOMETRIC_REPRESENTATION_ITEM() RATIONAL_B_SPLINE_CURVE((1.,0.5,1.,0.5,
1.,0.5,1.)) REPRESENTATION_ITEM('') );
#5714 = CARTESIAN_POINT('',(2.21,-2.924450111184E-17));
#5715 = CARTESIAN_POINT('',(2.21,-3.827832284727));
#5716 = CARTESIAN_POINT('',(-1.105,-1.913916142364));
#5717 = CARTESIAN_POINT('',(-4.42,-5.70538386335E-16));
#5718 = CARTESIAN_POINT('',(-1.105,1.913916142364));
#5719 = CARTESIAN_POINT('',(2.21,3.827832284727));
#5720 = CARTESIAN_POINT('',(2.21,-2.924450111184E-17));
#5721 = ( GEOMETRIC_REPRESENTATION_CONTEXT(2) 
PARAMETRIC_REPRESENTATION_CONTEXT() REPRESENTATION_CONTEXT('2D SPACE',''
  ) );
#5722 = ORIENTED_EDGE('',*,*,#5723,.T.);
#5723 = EDGE_CURVE('',#5696,#3949,#5724,.T.);
#5724 = SURFACE_CURVE('',#5725,(#5729,#5735),.PCURVE_S1.);
#5725 = LINE('',#5726,#5727);
#5726 = CARTESIAN_POINT('',(-5.915956010297,2.19942333388,17.75));
#5727 = VECTOR('',#5728,1.);
#5728 = DIRECTION('',(-0.,-0.,-1.));
#5729 = PCURVE('',#3995,#5730);
#5730 = DEFINITIONAL_REPRESENTATION('',(#5731),#5734);
#5731 = B_SPLINE_CURVE_WITH_KNOTS('',1,(#5732,#5733),.UNSPECIFIED.,.F.,
  .F.,(2,2),(-3.5000006,5.999999999062E-07),.PIECEWISE_BEZIER_KNOTS.);
#5732 = CARTESIAN_POINT('',(-1.668670163966,-3.5000006));
#5733 = CARTESIAN_POINT('',(-1.668670163966,5.999999999062E-07));
#5734 = ( GEOMETRIC_REPRESENTATION_CONTEXT(2) 
PARAMETRIC_REPRESENTATION_CONTEXT() REPRESENTATION_CONTEXT('2D SPACE',''
  ) );
#5735 = PCURVE('',#3963,#5736);
#5736 = DEFINITIONAL_REPRESENTATION('',(#5737),#5740);
#5737 = B_SPLINE_CURVE_WITH_KNOTS('',1,(#5738,#5739),.UNSPECIFIED.,.F.,
  .F.,(2,2),(-3.5000006,5.999999999062E-07),.PIECEWISE_BEZIER_KNOTS.);
#5738 = CARTESIAN_POINT('',(0.560931620928,-3.5000006));
#5739 = CARTESIAN_POINT('',(0.560931620928,5.999999999062E-07));
#5740 = ( GEOMETRIC_REPRESENTATION_CONTEXT(2) 
PARAMETRIC_REPRESENTATION_CONTEXT() REPRESENTATION_CONTEXT('2D SPACE',''
  ) );
#5741 = ADVANCED_FACE('',(#5742),#1331,.F.);
#5742 = FACE_BOUND('',#5743,.T.);
#5743 = EDGE_LOOP('',(#5744,#5745,#5766,#5792));
#5744 = ORIENTED_EDGE('',*,*,#1310,.T.);
#5745 = ORIENTED_EDGE('',*,*,#5746,.F.);
#5746 = EDGE_CURVE('',#5747,#1311,#5749,.T.);
#5747 = VERTEX_POINT('',#5748);
#5748 = CARTESIAN_POINT('',(-5.210086028935,2.155013758878,20.75));
#5749 = SURFACE_CURVE('',#5750,(#5754,#5760),.PCURVE_S1.);
#5750 = LINE('',#5751,#5752);
#5751 = CARTESIAN_POINT('',(-5.210086028935,2.155013758878,17.75));
#5752 = VECTOR('',#5753,1.);
#5753 = DIRECTION('',(-0.,-0.,-1.));
#5754 = PCURVE('',#1331,#5755);
#5755 = DEFINITIONAL_REPRESENTATION('',(#5756),#5759);
#5756 = B_SPLINE_CURVE_WITH_KNOTS('',1,(#5757,#5758),.UNSPECIFIED.,.F.,
  .F.,(2,2),(-3.5000006,5.999999999062E-07),.PIECEWISE_BEZIER_KNOTS.);
#5757 = CARTESIAN_POINT('',(-1.34725878348,-3.5000006));
#5758 = CARTESIAN_POINT('',(-1.34725878348,5.999999999062E-07));
#5759 = ( GEOMETRIC_REPRESENTATION_CONTEXT(2) 
PARAMETRIC_REPRESENTATION_CONTEXT() REPRESENTATION_CONTEXT('2D SPACE',''
  ) );
#5760 = PCURVE('',#1358,#5761);
#5761 = DEFINITIONAL_REPRESENTATION('',(#5762),#5765);
#5762 = B_SPLINE_CURVE_WITH_KNOTS('',1,(#5763,#5764),.UNSPECIFIED.,.F.,
  .F.,(2,2),(-3.5000006,5.999999999062E-07),.PIECEWISE_BEZIER_KNOTS.);
#5763 = CARTESIAN_POINT('',(0.359068379072,-3.5000006));
#5764 = CARTESIAN_POINT('',(0.359068379072,5.999999999062E-07));
#5765 = ( GEOMETRIC_REPRESENTATION_CONTEXT(2) 
PARAMETRIC_REPRESENTATION_CONTEXT() REPRESENTATION_CONTEXT('2D SPACE',''
  ) );
#5766 = ORIENTED_EDGE('',*,*,#5767,.F.);
#5767 = EDGE_CURVE('',#5650,#5747,#5768,.T.);
#5768 = SURFACE_CURVE('',#5769,(#5774,#5781),.PCURVE_S1.);
#5769 = CIRCLE('',#5770,2.21);
#5770 = AXIS2_PLACEMENT_3D('',#5771,#5772,#5773);
#5771 = CARTESIAN_POINT('',(-5.7,0.,20.75));
#5772 = DIRECTION('',(0.,0.,-1.));
#5773 = DIRECTION('',(1.,0.,0.));
#5774 = PCURVE('',#1331,#5775);
#5775 = DEFINITIONAL_REPRESENTATION('',(#5776),#5780);
#5776 = LINE('',#5777,#5778);
#5777 = CARTESIAN_POINT('',(-6.28318530718,-3.));
#5778 = VECTOR('',#5779,1.);
#5779 = DIRECTION('',(1.,-0.));
#5780 = ( GEOMETRIC_REPRESENTATION_CONTEXT(2) 
PARAMETRIC_REPRESENTATION_CONTEXT() REPRESENTATION_CONTEXT('2D SPACE',''
  ) );
#5781 = PCURVE('',#4486,#5782);
#5782 = DEFINITIONAL_REPRESENTATION('',(#5783),#5791);
#5783 = ( BOUNDED_CURVE() B_SPLINE_CURVE(2,(#5784,#5785,#5786,#5787,
#5788,#5789,#5790),.UNSPECIFIED.,.T.,.F.) B_SPLINE_CURVE_WITH_KNOTS((1,2
    ,2,2,2,1),(-2.094395102393,0.,2.094395102393,4.188790204786,
6.28318530718,8.377580409573),.UNSPECIFIED.) CURVE() 
GEOMETRIC_REPRESENTATION_ITEM() RATIONAL_B_SPLINE_CURVE((1.,0.5,1.,0.5,
1.,0.5,1.)) REPRESENTATION_ITEM('') );
#5784 = CARTESIAN_POINT('',(2.21,-2.924450111184E-17));
#5785 = CARTESIAN_POINT('',(2.21,-3.827832284727));
#5786 = CARTESIAN_POINT('',(-1.105,-1.913916142364));
#5787 = CARTESIAN_POINT('',(-4.42,-5.70538386335E-16));
#5788 = CARTESIAN_POINT('',(-1.105,1.913916142364));
#5789 = CARTESIAN_POINT('',(2.21,3.827832284727));
#5790 = CARTESIAN_POINT('',(2.21,-2.924450111184E-17));
#5791 = ( GEOMETRIC_REPRESENTATION_CONTEXT(2) 
PARAMETRIC_REPRESENTATION_CONTEXT() REPRESENTATION_CONTEXT('2D SPACE',''
  ) );
#5792 = ORIENTED_EDGE('',*,*,#5649,.T.);
#5793 = ADVANCED_FACE('',(#5794),#3963,.T.);
#5794 = FACE_BOUND('',#5795,.T.);
#5795 = EDGE_LOOP('',(#5796,#5797,#5798,#5819));
#5796 = ORIENTED_EDGE('',*,*,#3948,.T.);
#5797 = ORIENTED_EDGE('',*,*,#5723,.F.);
#5798 = ORIENTED_EDGE('',*,*,#5799,.F.);
#5799 = EDGE_CURVE('',#5800,#5696,#5802,.T.);
#5800 = VERTEX_POINT('',#5801);
#5801 = CARTESIAN_POINT('',(-5.983238715194,2.552131624783,20.75));
#5802 = SURFACE_CURVE('',#5803,(#5807,#5813),.PCURVE_S1.);
#5803 = LINE('',#5804,#5805);
#5804 = CARTESIAN_POINT('',(-5.657195227815,0.842951808515,20.75));
#5805 = VECTOR('',#5806,1.);
#5806 = DIRECTION('',(0.187381314586,-0.982287250729,0.));
#5807 = PCURVE('',#3963,#5808);
#5808 = DEFINITIONAL_REPRESENTATION('',(#5809),#5812);
#5809 = B_SPLINE_CURVE_WITH_KNOTS('',1,(#5810,#5811),.UNSPECIFIED.,.F.,
  .F.,(2,2),(-1.74,-1.380931620928),.PIECEWISE_BEZIER_KNOTS.);
#5810 = CARTESIAN_POINT('',(0.92,-3.));
#5811 = CARTESIAN_POINT('',(0.560931620928,-3.));
#5812 = ( GEOMETRIC_REPRESENTATION_CONTEXT(2) 
PARAMETRIC_REPRESENTATION_CONTEXT() REPRESENTATION_CONTEXT('2D SPACE',''
  ) );
#5813 = PCURVE('',#4486,#5814);
#5814 = DEFINITIONAL_REPRESENTATION('',(#5815),#5818);
#5815 = B_SPLINE_CURVE_WITH_KNOTS('',1,(#5816,#5817),.UNSPECIFIED.,.F.,
  .F.,(2,2),(-1.74,-1.380931620928),.PIECEWISE_BEZIER_KNOTS.);
#5816 = CARTESIAN_POINT('',(-0.283238715194,2.552131624783));
#5817 = CARTESIAN_POINT('',(-0.215956010297,2.19942333388));
#5818 = ( GEOMETRIC_REPRESENTATION_CONTEXT(2) 
PARAMETRIC_REPRESENTATION_CONTEXT() REPRESENTATION_CONTEXT('2D SPACE',''
  ) );
#5819 = ORIENTED_EDGE('',*,*,#5820,.F.);
#5820 = EDGE_CURVE('',#3923,#5800,#5821,.T.);
#5821 = SURFACE_CURVE('',#5822,(#5826,#5833),.PCURVE_S1.);
#5822 = LINE('',#5823,#5824);
#5823 = CARTESIAN_POINT('',(-5.983238715194,2.552131624783,17.75));
#5824 = VECTOR('',#5825,1.);
#5825 = DIRECTION('',(0.,0.,1.));
#5826 = PCURVE('',#3963,#5827);
#5827 = DEFINITIONAL_REPRESENTATION('',(#5828),#5832);
#5828 = LINE('',#5829,#5830);
#5829 = CARTESIAN_POINT('',(0.92,0.));
#5830 = VECTOR('',#5831,1.);
#5831 = DIRECTION('',(0.,-1.));
#5832 = ( GEOMETRIC_REPRESENTATION_CONTEXT(2) 
PARAMETRIC_REPRESENTATION_CONTEXT() REPRESENTATION_CONTEXT('2D SPACE',''
  ) );
#5833 = PCURVE('',#3937,#5834);
#5834 = DEFINITIONAL_REPRESENTATION('',(#5835),#5839);
#5835 = LINE('',#5836,#5837);
#5836 = CARTESIAN_POINT('',(0.,0.));
#5837 = VECTOR('',#5838,1.);
#5838 = DIRECTION('',(0.,-1.));
#5839 = ( GEOMETRIC_REPRESENTATION_CONTEXT(2) 
PARAMETRIC_REPRESENTATION_CONTEXT() REPRESENTATION_CONTEXT('2D SPACE',''
  ) );
#5840 = ADVANCED_FACE('',(#5841),#1358,.T.);
#5841 = FACE_BOUND('',#5842,.T.);
#5842 = EDGE_LOOP('',(#5843,#5844,#5867,#5886));
#5843 = ORIENTED_EDGE('',*,*,#1343,.T.);
#5844 = ORIENTED_EDGE('',*,*,#5845,.T.);
#5845 = EDGE_CURVE('',#1344,#5846,#5848,.T.);
#5846 = VERTEX_POINT('',#5847);
#5847 = CARTESIAN_POINT('',(-5.099127797659,2.496508080591,20.75));
#5848 = SURFACE_CURVE('',#5849,(#5853,#5860),.PCURVE_S1.);
#5849 = LINE('',#5850,#5851);
#5850 = CARTESIAN_POINT('',(-5.099127797659,2.496508080591,17.75));
#5851 = VECTOR('',#5852,1.);
#5852 = DIRECTION('',(0.,0.,1.));
#5853 = PCURVE('',#1358,#5854);
#5854 = DEFINITIONAL_REPRESENTATION('',(#5855),#5859);
#5855 = LINE('',#5856,#5857);
#5856 = CARTESIAN_POINT('',(0.,0.));
#5857 = VECTOR('',#5858,1.);
#5858 = DIRECTION('',(0.,-1.));
#5859 = ( GEOMETRIC_REPRESENTATION_CONTEXT(2) 
PARAMETRIC_REPRESENTATION_CONTEXT() REPRESENTATION_CONTEXT('2D SPACE',''
  ) );
#5860 = PCURVE('',#1384,#5861);
#5861 = DEFINITIONAL_REPRESENTATION('',(#5862),#5866);
#5862 = LINE('',#5863,#5864);
#5863 = CARTESIAN_POINT('',(0.4,0.));
#5864 = VECTOR('',#5865,1.);
#5865 = DIRECTION('',(0.,-1.));
#5866 = ( GEOMETRIC_REPRESENTATION_CONTEXT(2) 
PARAMETRIC_REPRESENTATION_CONTEXT() REPRESENTATION_CONTEXT('2D SPACE',''
  ) );
#5867 = ORIENTED_EDGE('',*,*,#5868,.F.);
#5868 = EDGE_CURVE('',#5747,#5846,#5869,.T.);
#5869 = SURFACE_CURVE('',#5870,(#5874,#5880),.PCURVE_S1.);
#5870 = LINE('',#5871,#5872);
#5871 = CARTESIAN_POINT('',(-5.494669550459,1.279155739733,20.75));
#5872 = VECTOR('',#5873,1.);
#5873 = DIRECTION('',(0.309016994375,0.951056516295,-0.));
#5874 = PCURVE('',#1358,#5875);
#5875 = DEFINITIONAL_REPRESENTATION('',(#5876),#5879);
#5876 = B_SPLINE_CURVE_WITH_KNOTS('',1,(#5877,#5878),.UNSPECIFIED.,.F.,
  .F.,(2,2),(0.920931620928,1.28),.PIECEWISE_BEZIER_KNOTS.);
#5877 = CARTESIAN_POINT('',(0.359068379072,-3.));
#5878 = CARTESIAN_POINT('',(0.,-3.));
#5879 = ( GEOMETRIC_REPRESENTATION_CONTEXT(2) 
PARAMETRIC_REPRESENTATION_CONTEXT() REPRESENTATION_CONTEXT('2D SPACE',''
  ) );
#5880 = PCURVE('',#4486,#5881);
#5881 = DEFINITIONAL_REPRESENTATION('',(#5882),#5885);
#5882 = B_SPLINE_CURVE_WITH_KNOTS('',1,(#5883,#5884),.UNSPECIFIED.,.F.,
  .F.,(2,2),(0.920931620928,1.28),.PIECEWISE_BEZIER_KNOTS.);
#5883 = CARTESIAN_POINT('',(0.489913971065,2.155013758878));
#5884 = CARTESIAN_POINT('',(0.600872202341,2.496508080591));
#5885 = ( GEOMETRIC_REPRESENTATION_CONTEXT(2) 
PARAMETRIC_REPRESENTATION_CONTEXT() REPRESENTATION_CONTEXT('2D SPACE',''
  ) );
#5886 = ORIENTED_EDGE('',*,*,#5746,.T.);
#5887 = ADVANCED_FACE('',(#5888),#3937,.T.);
#5888 = FACE_BOUND('',#5889,.T.);
#5889 = EDGE_LOOP('',(#5890,#5891,#5892,#5913));
#5890 = ORIENTED_EDGE('',*,*,#3922,.T.);
#5891 = ORIENTED_EDGE('',*,*,#5820,.T.);
#5892 = ORIENTED_EDGE('',*,*,#5893,.F.);
#5893 = EDGE_CURVE('',#5894,#5800,#5896,.T.);
#5894 = VERTEX_POINT('',#5895);
#5895 = CARTESIAN_POINT('',(-6.376153615485,2.477179098948,20.75));
#5896 = SURFACE_CURVE('',#5897,(#5901,#5907),.PCURVE_S1.);
#5897 = LINE('',#5898,#5899);
#5898 = CARTESIAN_POINT('',(-6.081467440267,2.533393493324,20.75));
#5899 = VECTOR('',#5900,1.);
#5900 = DIRECTION('',(0.982287250729,0.187381314586,-0.));
#5901 = PCURVE('',#3937,#5902);
#5902 = DEFINITIONAL_REPRESENTATION('',(#5903),#5906);
#5903 = B_SPLINE_CURVE_WITH_KNOTS('',1,(#5904,#5905),.UNSPECIFIED.,.F.,
  .F.,(2,2),(-0.3,1.E-01),.PIECEWISE_BEZIER_KNOTS.);
#5904 = CARTESIAN_POINT('',(0.4,-3.));
#5905 = CARTESIAN_POINT('',(0.,-3.));
#5906 = ( GEOMETRIC_REPRESENTATION_CONTEXT(2) 
PARAMETRIC_REPRESENTATION_CONTEXT() REPRESENTATION_CONTEXT('2D SPACE',''
  ) );
#5907 = PCURVE('',#4486,#5908);
#5908 = DEFINITIONAL_REPRESENTATION('',(#5909),#5912);
#5909 = B_SPLINE_CURVE_WITH_KNOTS('',1,(#5910,#5911),.UNSPECIFIED.,.F.,
  .F.,(2,2),(-0.3,1.E-01),.PIECEWISE_BEZIER_KNOTS.);
#5910 = CARTESIAN_POINT('',(-0.676153615485,2.477179098948));
#5911 = CARTESIAN_POINT('',(-0.283238715194,2.552131624783));
#5912 = ( GEOMETRIC_REPRESENTATION_CONTEXT(2) 
PARAMETRIC_REPRESENTATION_CONTEXT() REPRESENTATION_CONTEXT('2D SPACE',''
  ) );
#5913 = ORIENTED_EDGE('',*,*,#5914,.F.);
#5914 = EDGE_CURVE('',#3897,#5894,#5915,.T.);
#5915 = SURFACE_CURVE('',#5916,(#5920,#5927),.PCURVE_S1.);
#5916 = LINE('',#5917,#5918);
#5917 = CARTESIAN_POINT('',(-6.376153615485,2.477179098948,17.75));
#5918 = VECTOR('',#5919,1.);
#5919 = DIRECTION('',(0.,0.,1.));
#5920 = PCURVE('',#3937,#5921);
#5921 = DEFINITIONAL_REPRESENTATION('',(#5922),#5926);
#5922 = LINE('',#5923,#5924);
#5923 = CARTESIAN_POINT('',(0.4,0.));
#5924 = VECTOR('',#5925,1.);
#5925 = DIRECTION('',(0.,-1.));
#5926 = ( GEOMETRIC_REPRESENTATION_CONTEXT(2) 
PARAMETRIC_REPRESENTATION_CONTEXT() REPRESENTATION_CONTEXT('2D SPACE',''
  ) );
#5927 = PCURVE('',#3911,#5928);
#5928 = DEFINITIONAL_REPRESENTATION('',(#5929),#5933);
#5929 = LINE('',#5930,#5931);
#5930 = CARTESIAN_POINT('',(0.,0.));
#5931 = VECTOR('',#5932,1.);
#5932 = DIRECTION('',(0.,-1.));
#5933 = ( GEOMETRIC_REPRESENTATION_CONTEXT(2) 
PARAMETRIC_REPRESENTATION_CONTEXT() REPRESENTATION_CONTEXT('2D SPACE',''
  ) );
#5934 = ADVANCED_FACE('',(#5935),#1384,.T.);
#5935 = FACE_BOUND('',#5936,.T.);
#5936 = EDGE_LOOP('',(#5937,#5938,#5961,#5980));
#5937 = ORIENTED_EDGE('',*,*,#1369,.T.);
#5938 = ORIENTED_EDGE('',*,*,#5939,.T.);
#5939 = EDGE_CURVE('',#1370,#5940,#5942,.T.);
#5940 = VERTEX_POINT('',#5941);
#5941 = CARTESIAN_POINT('',(-4.718705191141,2.372901282841,20.75));
#5942 = SURFACE_CURVE('',#5943,(#5947,#5954),.PCURVE_S1.);
#5943 = LINE('',#5944,#5945);
#5944 = CARTESIAN_POINT('',(-4.718705191141,2.372901282841,17.75));
#5945 = VECTOR('',#5946,1.);
#5946 = DIRECTION('',(0.,0.,1.));
#5947 = PCURVE('',#1384,#5948);
#5948 = DEFINITIONAL_REPRESENTATION('',(#5949),#5953);
#5949 = LINE('',#5950,#5951);
#5950 = CARTESIAN_POINT('',(0.,0.));
#5951 = VECTOR('',#5952,1.);
#5952 = DIRECTION('',(0.,-1.));
#5953 = ( GEOMETRIC_REPRESENTATION_CONTEXT(2) 
PARAMETRIC_REPRESENTATION_CONTEXT() REPRESENTATION_CONTEXT('2D SPACE',''
  ) );
#5954 = PCURVE('',#1410,#5955);
#5955 = DEFINITIONAL_REPRESENTATION('',(#5956),#5960);
#5956 = LINE('',#5957,#5958);
#5957 = CARTESIAN_POINT('',(0.92,0.));
#5958 = VECTOR('',#5959,1.);
#5959 = DIRECTION('',(0.,-1.));
#5960 = ( GEOMETRIC_REPRESENTATION_CONTEXT(2) 
PARAMETRIC_REPRESENTATION_CONTEXT() REPRESENTATION_CONTEXT('2D SPACE',''
  ) );
#5961 = ORIENTED_EDGE('',*,*,#5962,.F.);
#5962 = EDGE_CURVE('',#5846,#5940,#5963,.T.);
#5963 = SURFACE_CURVE('',#5964,(#5968,#5974),.PCURVE_S1.);
#5964 = LINE('',#5965,#5966);
#5965 = CARTESIAN_POINT('',(-4.813810842771,2.403802982278,20.75));
#5966 = VECTOR('',#5967,1.);
#5967 = DIRECTION('',(0.951056516295,-0.309016994375,0.));
#5968 = PCURVE('',#1384,#5969);
#5969 = DEFINITIONAL_REPRESENTATION('',(#5970),#5973);
#5970 = B_SPLINE_CURVE_WITH_KNOTS('',1,(#5971,#5972),.UNSPECIFIED.,.F.,
  .F.,(2,2),(-0.3,0.1),.PIECEWISE_BEZIER_KNOTS.);
#5971 = CARTESIAN_POINT('',(0.4,-3.));
#5972 = CARTESIAN_POINT('',(0.,-3.));
#5973 = ( GEOMETRIC_REPRESENTATION_CONTEXT(2) 
PARAMETRIC_REPRESENTATION_CONTEXT() REPRESENTATION_CONTEXT('2D SPACE',''
  ) );
#5974 = PCURVE('',#4486,#5975);
#5975 = DEFINITIONAL_REPRESENTATION('',(#5976),#5979);
#5976 = B_SPLINE_CURVE_WITH_KNOTS('',1,(#5977,#5978),.UNSPECIFIED.,.F.,
  .F.,(2,2),(-0.3,0.1),.PIECEWISE_BEZIER_KNOTS.);
#5977 = CARTESIAN_POINT('',(0.600872202341,2.496508080591));
#5978 = CARTESIAN_POINT('',(0.981294808859,2.372901282841));
#5979 = ( GEOMETRIC_REPRESENTATION_CONTEXT(2) 
PARAMETRIC_REPRESENTATION_CONTEXT() REPRESENTATION_CONTEXT('2D SPACE',''
  ) );
#5980 = ORIENTED_EDGE('',*,*,#5845,.F.);
#5981 = ADVANCED_FACE('',(#5982),#3911,.T.);
#5982 = FACE_BOUND('',#5983,.T.);
#5983 = EDGE_LOOP('',(#5984,#5985,#5986,#6007));
#5984 = ORIENTED_EDGE('',*,*,#3896,.T.);
#5985 = ORIENTED_EDGE('',*,*,#5914,.T.);
#5986 = ORIENTED_EDGE('',*,*,#5987,.F.);
#5987 = EDGE_CURVE('',#5988,#5894,#5990,.T.);
#5988 = VERTEX_POINT('',#5989);
#5989 = CARTESIAN_POINT('',(-6.308870910588,2.124470808046,20.75));
#5990 = SURFACE_CURVE('',#5991,(#5995,#6001),.PCURVE_S1.);
#5991 = LINE('',#5992,#5993);
#5992 = CARTESIAN_POINT('',(-6.136305532815,1.219851418016,20.75));
#5993 = VECTOR('',#5994,1.);
#5994 = DIRECTION('',(-0.187381314586,0.982287250729,0.));
#5995 = PCURVE('',#3911,#5996);
#5996 = DEFINITIONAL_REPRESENTATION('',(#5997),#6000);
#5997 = B_SPLINE_CURVE_WITH_KNOTS('',1,(#5998,#5999),.UNSPECIFIED.,.F.,
  .F.,(2,2),(0.920931620928,1.28),.PIECEWISE_BEZIER_KNOTS.);
#5998 = CARTESIAN_POINT('',(0.359068379072,-3.));
#5999 = CARTESIAN_POINT('',(0.,-3.));
#6000 = ( GEOMETRIC_REPRESENTATION_CONTEXT(2) 
PARAMETRIC_REPRESENTATION_CONTEXT() REPRESENTATION_CONTEXT('2D SPACE',''
  ) );
#6001 = PCURVE('',#4486,#6002);
#6002 = DEFINITIONAL_REPRESENTATION('',(#6003),#6006);
#6003 = B_SPLINE_CURVE_WITH_KNOTS('',1,(#6004,#6005),.UNSPECIFIED.,.F.,
  .F.,(2,2),(0.920931620928,1.28),.PIECEWISE_BEZIER_KNOTS.);
#6004 = CARTESIAN_POINT('',(-0.608870910588,2.124470808046));
#6005 = CARTESIAN_POINT('',(-0.676153615485,2.477179098948));
#6006 = ( GEOMETRIC_REPRESENTATION_CONTEXT(2) 
PARAMETRIC_REPRESENTATION_CONTEXT() REPRESENTATION_CONTEXT('2D SPACE',''
  ) );
#6007 = ORIENTED_EDGE('',*,*,#6008,.T.);
#6008 = EDGE_CURVE('',#5988,#3864,#6009,.T.);
#6009 = SURFACE_CURVE('',#6010,(#6014,#6020),.PCURVE_S1.);
#6010 = LINE('',#6011,#6012);
#6011 = CARTESIAN_POINT('',(-6.308870910588,2.124470808046,17.75));
#6012 = VECTOR('',#6013,1.);
#6013 = DIRECTION('',(-0.,-0.,-1.));
#6014 = PCURVE('',#3911,#6015);
#6015 = DEFINITIONAL_REPRESENTATION('',(#6016),#6019);
#6016 = B_SPLINE_CURVE_WITH_KNOTS('',1,(#6017,#6018),.UNSPECIFIED.,.F.,
  .F.,(2,2),(-3.5000006,5.999999999062E-07),.PIECEWISE_BEZIER_KNOTS.);
#6017 = CARTESIAN_POINT('',(0.359068379072,-3.5000006));
#6018 = CARTESIAN_POINT('',(0.359068379072,5.999999999062E-07));
#6019 = ( GEOMETRIC_REPRESENTATION_CONTEXT(2) 
PARAMETRIC_REPRESENTATION_CONTEXT() REPRESENTATION_CONTEXT('2D SPACE',''
  ) );
#6020 = PCURVE('',#3884,#6021);
#6021 = DEFINITIONAL_REPRESENTATION('',(#6022),#6025);
#6022 = B_SPLINE_CURVE_WITH_KNOTS('',1,(#6023,#6024),.UNSPECIFIED.,.F.,
  .F.,(2,2),(-3.5000006,5.999999999062E-07),.PIECEWISE_BEZIER_KNOTS.);
#6023 = CARTESIAN_POINT('',(-1.849913608055,-3.5000006));
#6024 = CARTESIAN_POINT('',(-1.849913608055,5.999999999062E-07));
#6025 = ( GEOMETRIC_REPRESENTATION_CONTEXT(2) 
PARAMETRIC_REPRESENTATION_CONTEXT() REPRESENTATION_CONTEXT('2D SPACE',''
  ) );
#6026 = ADVANCED_FACE('',(#6027),#1410,.T.);
#6027 = FACE_BOUND('',#6028,.T.);
#6028 = EDGE_LOOP('',(#6029,#6030,#6051,#6070));
#6029 = ORIENTED_EDGE('',*,*,#1395,.T.);
#6030 = ORIENTED_EDGE('',*,*,#6031,.F.);
#6031 = EDGE_CURVE('',#6032,#1396,#6034,.T.);
#6032 = VERTEX_POINT('',#6033);
#6033 = CARTESIAN_POINT('',(-4.829663422417,2.031406961128,20.75));
#6034 = SURFACE_CURVE('',#6035,(#6039,#6045),.PCURVE_S1.);
#6035 = LINE('',#6036,#6037);
#6036 = CARTESIAN_POINT('',(-4.829663422417,2.031406961128,17.75));
#6037 = VECTOR('',#6038,1.);
#6038 = DIRECTION('',(-0.,-0.,-1.));
#6039 = PCURVE('',#1410,#6040);
#6040 = DEFINITIONAL_REPRESENTATION('',(#6041),#6044);
#6041 = B_SPLINE_CURVE_WITH_KNOTS('',1,(#6042,#6043),.UNSPECIFIED.,.F.,
  .F.,(2,2),(-3.5000006,5.999999999062E-07),.PIECEWISE_BEZIER_KNOTS.);
#6042 = CARTESIAN_POINT('',(0.560931620928,-3.5000006));
#6043 = CARTESIAN_POINT('',(0.560931620928,5.999999999062E-07));
#6044 = ( GEOMETRIC_REPRESENTATION_CONTEXT(2) 
PARAMETRIC_REPRESENTATION_CONTEXT() REPRESENTATION_CONTEXT('2D SPACE',''
  ) );
#6045 = PCURVE('',#1442,#6046);
#6046 = DEFINITIONAL_REPRESENTATION('',(#6047),#6050);
#6047 = B_SPLINE_CURVE_WITH_KNOTS('',1,(#6048,#6049),.UNSPECIFIED.,.F.,
  .F.,(2,2),(-3.5000006,5.999999999062E-07),.PIECEWISE_BEZIER_KNOTS.);
#6048 = CARTESIAN_POINT('',(-1.166015339392,-3.5000006));
#6049 = CARTESIAN_POINT('',(-1.166015339392,5.999999999062E-07));
#6050 = ( GEOMETRIC_REPRESENTATION_CONTEXT(2) 
PARAMETRIC_REPRESENTATION_CONTEXT() REPRESENTATION_CONTEXT('2D SPACE',''
  ) );
#6051 = ORIENTED_EDGE('',*,*,#6052,.F.);
#6052 = EDGE_CURVE('',#5940,#6032,#6053,.T.);
#6053 = SURFACE_CURVE('',#6054,(#6058,#6064),.PCURVE_S1.);
#6054 = LINE('',#6055,#6056);
#6055 = CARTESIAN_POINT('',(-5.256394761354,0.718062944487,20.75));
#6056 = VECTOR('',#6057,1.);
#6057 = DIRECTION('',(-0.309016994375,-0.951056516295,0.));
#6058 = PCURVE('',#1410,#6059);
#6059 = DEFINITIONAL_REPRESENTATION('',(#6060),#6063);
#6060 = B_SPLINE_CURVE_WITH_KNOTS('',1,(#6061,#6062),.UNSPECIFIED.,.F.,
  .F.,(2,2),(-1.74,-1.380931620928),.PIECEWISE_BEZIER_KNOTS.);
#6061 = CARTESIAN_POINT('',(0.92,-3.));
#6062 = CARTESIAN_POINT('',(0.560931620928,-3.));
#6063 = ( GEOMETRIC_REPRESENTATION_CONTEXT(2) 
PARAMETRIC_REPRESENTATION_CONTEXT() REPRESENTATION_CONTEXT('2D SPACE',''
  ) );
#6064 = PCURVE('',#4486,#6065);
#6065 = DEFINITIONAL_REPRESENTATION('',(#6066),#6069);
#6066 = B_SPLINE_CURVE_WITH_KNOTS('',1,(#6067,#6068),.UNSPECIFIED.,.F.,
  .F.,(2,2),(-1.74,-1.380931620928),.PIECEWISE_BEZIER_KNOTS.);
#6067 = CARTESIAN_POINT('',(0.981294808859,2.372901282841));
#6068 = CARTESIAN_POINT('',(0.870336577583,2.031406961128));
#6069 = ( GEOMETRIC_REPRESENTATION_CONTEXT(2) 
PARAMETRIC_REPRESENTATION_CONTEXT() REPRESENTATION_CONTEXT('2D SPACE',''
  ) );
#6070 = ORIENTED_EDGE('',*,*,#5939,.F.);
#6071 = ADVANCED_FACE('',(#6072),#3884,.F.);
#6072 = FACE_BOUND('',#6073,.T.);
#6073 = EDGE_LOOP('',(#6074,#6075,#6076,#6104));
#6074 = ORIENTED_EDGE('',*,*,#3863,.T.);
#6075 = ORIENTED_EDGE('',*,*,#6008,.F.);
#6076 = ORIENTED_EDGE('',*,*,#6077,.F.);
#6077 = EDGE_CURVE('',#6078,#5988,#6080,.T.);
#6078 = VERTEX_POINT('',#6079);
#6079 = CARTESIAN_POINT('',(-6.456145695849,2.076618329556,20.75));
#6080 = SURFACE_CURVE('',#6081,(#6086,#6093),.PCURVE_S1.);
#6081 = CIRCLE('',#6082,2.21);
#6082 = AXIS2_PLACEMENT_3D('',#6083,#6084,#6085);
#6083 = CARTESIAN_POINT('',(-5.7,0.,20.75));
#6084 = DIRECTION('',(0.,0.,-1.));
#6085 = DIRECTION('',(1.,0.,0.));
#6086 = PCURVE('',#3884,#6087);
#6087 = DEFINITIONAL_REPRESENTATION('',(#6088),#6092);
#6088 = LINE('',#6089,#6090);
#6089 = CARTESIAN_POINT('',(-6.28318530718,-3.));
#6090 = VECTOR('',#6091,1.);
#6091 = DIRECTION('',(1.,-0.));
#6092 = ( GEOMETRIC_REPRESENTATION_CONTEXT(2) 
PARAMETRIC_REPRESENTATION_CONTEXT() REPRESENTATION_CONTEXT('2D SPACE',''
  ) );
#6093 = PCURVE('',#4486,#6094);
#6094 = DEFINITIONAL_REPRESENTATION('',(#6095),#6103);
#6095 = ( BOUNDED_CURVE() B_SPLINE_CURVE(2,(#6096,#6097,#6098,#6099,
#6100,#6101,#6102),.UNSPECIFIED.,.T.,.F.) B_SPLINE_CURVE_WITH_KNOTS((1,2
    ,2,2,2,1),(-2.094395102393,0.,2.094395102393,4.188790204786,
6.28318530718,8.377580409573),.UNSPECIFIED.) CURVE() 
GEOMETRIC_REPRESENTATION_ITEM() RATIONAL_B_SPLINE_CURVE((1.,0.5,1.,0.5,
1.,0.5,1.)) REPRESENTATION_ITEM('') );
#6096 = CARTESIAN_POINT('',(2.21,-2.924450111184E-17));
#6097 = CARTESIAN_POINT('',(2.21,-3.827832284727));
#6098 = CARTESIAN_POINT('',(-1.105,-1.913916142364));
#6099 = CARTESIAN_POINT('',(-4.42,-5.70538386335E-16));
#6100 = CARTESIAN_POINT('',(-1.105,1.913916142364));
#6101 = CARTESIAN_POINT('',(2.21,3.827832284727));
#6102 = CARTESIAN_POINT('',(2.21,-2.924450111184E-17));
#6103 = ( GEOMETRIC_REPRESENTATION_CONTEXT(2) 
PARAMETRIC_REPRESENTATION_CONTEXT() REPRESENTATION_CONTEXT('2D SPACE',''
  ) );
#6104 = ORIENTED_EDGE('',*,*,#6105,.T.);
#6105 = EDGE_CURVE('',#6078,#3838,#6106,.T.);
#6106 = SURFACE_CURVE('',#6107,(#6111,#6117),.PCURVE_S1.);
#6107 = LINE('',#6108,#6109);
#6108 = CARTESIAN_POINT('',(-6.456145695849,2.076618329556,17.75));
#6109 = VECTOR('',#6110,1.);
#6110 = DIRECTION('',(-0.,-0.,-1.));
#6111 = PCURVE('',#3884,#6112);
#6112 = DEFINITIONAL_REPRESENTATION('',(#6113),#6116);
#6113 = B_SPLINE_CURVE_WITH_KNOTS('',1,(#6114,#6115),.UNSPECIFIED.,.F.,
  .F.,(2,2),(-3.5000006,5.999999999062E-07),.PIECEWISE_BEZIER_KNOTS.);
#6114 = CARTESIAN_POINT('',(-1.919997576253,-3.5000006));
#6115 = CARTESIAN_POINT('',(-1.919997576253,5.999999999062E-07));
#6116 = ( GEOMETRIC_REPRESENTATION_CONTEXT(2) 
PARAMETRIC_REPRESENTATION_CONTEXT() REPRESENTATION_CONTEXT('2D SPACE',''
  ) );
#6117 = PCURVE('',#3852,#6118);
#6118 = DEFINITIONAL_REPRESENTATION('',(#6119),#6122);
#6119 = B_SPLINE_CURVE_WITH_KNOTS('',1,(#6120,#6121),.UNSPECIFIED.,.F.,
  .F.,(2,2),(-3.5000006,5.999999999062E-07),.PIECEWISE_BEZIER_KNOTS.);
#6120 = CARTESIAN_POINT('',(0.560931620928,-3.5000006));
#6121 = CARTESIAN_POINT('',(0.560931620928,5.999999999062E-07));
#6122 = ( GEOMETRIC_REPRESENTATION_CONTEXT(2) 
PARAMETRIC_REPRESENTATION_CONTEXT() REPRESENTATION_CONTEXT('2D SPACE',''
  ) );
#6123 = ADVANCED_FACE('',(#6124),#1442,.F.);
#6124 = FACE_BOUND('',#6125,.T.);
#6125 = EDGE_LOOP('',(#6126,#6127,#6148,#6174));
#6126 = ORIENTED_EDGE('',*,*,#1421,.T.);
#6127 = ORIENTED_EDGE('',*,*,#6128,.F.);
#6128 = EDGE_CURVE('',#6129,#1422,#6131,.T.);
#6129 = VERTEX_POINT('',#6130);
#6130 = CARTESIAN_POINT('',(-4.689547448691,1.965473388666,20.75));
#6131 = SURFACE_CURVE('',#6132,(#6136,#6142),.PCURVE_S1.);
#6132 = LINE('',#6133,#6134);
#6133 = CARTESIAN_POINT('',(-4.689547448691,1.965473388666,17.75));
#6134 = VECTOR('',#6135,1.);
#6135 = DIRECTION('',(-0.,-0.,-1.));
#6136 = PCURVE('',#1442,#6137);
#6137 = DEFINITIONAL_REPRESENTATION('',(#6138),#6141);
#6138 = B_SPLINE_CURVE_WITH_KNOTS('',1,(#6139,#6140),.UNSPECIFIED.,.F.,
  .F.,(2,2),(-3.5000006,5.999999999062E-07),.PIECEWISE_BEZIER_KNOTS.);
#6139 = CARTESIAN_POINT('',(-1.095931371193,-3.5000006));
#6140 = CARTESIAN_POINT('',(-1.095931371193,5.999999999062E-07));
#6141 = ( GEOMETRIC_REPRESENTATION_CONTEXT(2) 
PARAMETRIC_REPRESENTATION_CONTEXT() REPRESENTATION_CONTEXT('2D SPACE',''
  ) );
#6142 = PCURVE('',#1469,#6143);
#6143 = DEFINITIONAL_REPRESENTATION('',(#6144),#6147);
#6144 = B_SPLINE_CURVE_WITH_KNOTS('',1,(#6145,#6146),.UNSPECIFIED.,.F.,
  .F.,(2,2),(-3.5000006,5.999999999062E-07),.PIECEWISE_BEZIER_KNOTS.);
#6145 = CARTESIAN_POINT('',(0.359068379072,-3.5000006));
#6146 = CARTESIAN_POINT('',(0.359068379072,5.999999999062E-07));
#6147 = ( GEOMETRIC_REPRESENTATION_CONTEXT(2) 
PARAMETRIC_REPRESENTATION_CONTEXT() REPRESENTATION_CONTEXT('2D SPACE',''
  ) );
#6148 = ORIENTED_EDGE('',*,*,#6149,.F.);
#6149 = EDGE_CURVE('',#6032,#6129,#6150,.T.);
#6150 = SURFACE_CURVE('',#6151,(#6156,#6163),.PCURVE_S1.);
#6151 = CIRCLE('',#6152,2.21);
#6152 = AXIS2_PLACEMENT_3D('',#6153,#6154,#6155);
#6153 = CARTESIAN_POINT('',(-5.7,0.,20.75));
#6154 = DIRECTION('',(0.,0.,-1.));
#6155 = DIRECTION('',(1.,0.,0.));
#6156 = PCURVE('',#1442,#6157);
#6157 = DEFINITIONAL_REPRESENTATION('',(#6158),#6162);
#6158 = LINE('',#6159,#6160);
#6159 = CARTESIAN_POINT('',(-6.28318530718,-3.));
#6160 = VECTOR('',#6161,1.);
#6161 = DIRECTION('',(1.,-0.));
#6162 = ( GEOMETRIC_REPRESENTATION_CONTEXT(2) 
PARAMETRIC_REPRESENTATION_CONTEXT() REPRESENTATION_CONTEXT('2D SPACE',''
  ) );
#6163 = PCURVE('',#4486,#6164);
#6164 = DEFINITIONAL_REPRESENTATION('',(#6165),#6173);
#6165 = ( BOUNDED_CURVE() B_SPLINE_CURVE(2,(#6166,#6167,#6168,#6169,
#6170,#6171,#6172),.UNSPECIFIED.,.T.,.F.) B_SPLINE_CURVE_WITH_KNOTS((1,2
    ,2,2,2,1),(-2.094395102393,0.,2.094395102393,4.188790204786,
6.28318530718,8.377580409573),.UNSPECIFIED.) CURVE() 
GEOMETRIC_REPRESENTATION_ITEM() RATIONAL_B_SPLINE_CURVE((1.,0.5,1.,0.5,
1.,0.5,1.)) REPRESENTATION_ITEM('') );
#6166 = CARTESIAN_POINT('',(2.21,-2.924450111184E-17));
#6167 = CARTESIAN_POINT('',(2.21,-3.827832284727));
#6168 = CARTESIAN_POINT('',(-1.105,-1.913916142364));
#6169 = CARTESIAN_POINT('',(-4.42,-5.70538386335E-16));
#6170 = CARTESIAN_POINT('',(-1.105,1.913916142364));
#6171 = CARTESIAN_POINT('',(2.21,3.827832284727));
#6172 = CARTESIAN_POINT('',(2.21,-2.924450111184E-17));
#6173 = ( GEOMETRIC_REPRESENTATION_CONTEXT(2) 
PARAMETRIC_REPRESENTATION_CONTEXT() REPRESENTATION_CONTEXT('2D SPACE',''
  ) );
#6174 = ORIENTED_EDGE('',*,*,#6031,.T.);
#6175 = ADVANCED_FACE('',(#6176),#3852,.T.);
#6176 = FACE_BOUND('',#6177,.T.);
#6177 = EDGE_LOOP('',(#6178,#6179,#6180,#6201));
#6178 = ORIENTED_EDGE('',*,*,#3837,.T.);
#6179 = ORIENTED_EDGE('',*,*,#6105,.F.);
#6180 = ORIENTED_EDGE('',*,*,#6181,.F.);
#6181 = EDGE_CURVE('',#6182,#6078,#6184,.T.);
#6182 = VERTEX_POINT('',#6183);
#6183 = CARTESIAN_POINT('',(-6.609029575913,2.401513112626,20.75));
#6184 = SURFACE_CURVE('',#6185,(#6189,#6195),.PCURVE_S1.);
#6185 = LINE('',#6186,#6187);
#6186 = CARTESIAN_POINT('',(-5.86817360859,0.827114041335,20.75));
#6187 = VECTOR('',#6188,1.);
#6188 = DIRECTION('',(0.425779291565,-0.904827052466,0.));
#6189 = PCURVE('',#3852,#6190);
#6190 = DEFINITIONAL_REPRESENTATION('',(#6191),#6194);
#6191 = B_SPLINE_CURVE_WITH_KNOTS('',1,(#6192,#6193),.UNSPECIFIED.,.F.,
  .F.,(2,2),(-1.74,-1.380931620928),.PIECEWISE_BEZIER_KNOTS.);
#6192 = CARTESIAN_POINT('',(0.92,-3.));
#6193 = CARTESIAN_POINT('',(0.560931620928,-3.));
#6194 = ( GEOMETRIC_REPRESENTATION_CONTEXT(2) 
PARAMETRIC_REPRESENTATION_CONTEXT() REPRESENTATION_CONTEXT('2D SPACE',''
  ) );
#6195 = PCURVE('',#4486,#6196);
#6196 = DEFINITIONAL_REPRESENTATION('',(#6197),#6200);
#6197 = B_SPLINE_CURVE_WITH_KNOTS('',1,(#6198,#6199),.UNSPECIFIED.,.F.,
  .F.,(2,2),(-1.74,-1.380931620928),.PIECEWISE_BEZIER_KNOTS.);
#6198 = CARTESIAN_POINT('',(-0.909029575913,2.401513112626));
#6199 = CARTESIAN_POINT('',(-0.756145695849,2.076618329556));
#6200 = ( GEOMETRIC_REPRESENTATION_CONTEXT(2) 
PARAMETRIC_REPRESENTATION_CONTEXT() REPRESENTATION_CONTEXT('2D SPACE',''
  ) );
#6201 = ORIENTED_EDGE('',*,*,#6202,.F.);
#6202 = EDGE_CURVE('',#3812,#6182,#6203,.T.);
#6203 = SURFACE_CURVE('',#6204,(#6208,#6215),.PCURVE_S1.);
#6204 = LINE('',#6205,#6206);
#6205 = CARTESIAN_POINT('',(-6.609029575913,2.401513112626,17.75));
#6206 = VECTOR('',#6207,1.);
#6207 = DIRECTION('',(0.,0.,1.));
#6208 = PCURVE('',#3852,#6209);
#6209 = DEFINITIONAL_REPRESENTATION('',(#6210),#6214);
#6210 = LINE('',#6211,#6212);
#6211 = CARTESIAN_POINT('',(0.92,0.));
#6212 = VECTOR('',#6213,1.);
#6213 = DIRECTION('',(0.,-1.));
#6214 = ( GEOMETRIC_REPRESENTATION_CONTEXT(2) 
PARAMETRIC_REPRESENTATION_CONTEXT() REPRESENTATION_CONTEXT('2D SPACE',''
  ) );
#6215 = PCURVE('',#3826,#6216);
#6216 = DEFINITIONAL_REPRESENTATION('',(#6217),#6221);
#6217 = LINE('',#6218,#6219);
#6218 = CARTESIAN_POINT('',(0.,0.));
#6219 = VECTOR('',#6220,1.);
#6220 = DIRECTION('',(0.,-1.));
#6221 = ( GEOMETRIC_REPRESENTATION_CONTEXT(2) 
PARAMETRIC_REPRESENTATION_CONTEXT() REPRESENTATION_CONTEXT('2D SPACE',''
  ) );
#6222 = ADVANCED_FACE('',(#6223),#1469,.T.);
#6223 = FACE_BOUND('',#6224,.T.);
#6224 = EDGE_LOOP('',(#6225,#6226,#6249,#6268));
#6225 = ORIENTED_EDGE('',*,*,#1454,.T.);
#6226 = ORIENTED_EDGE('',*,*,#6227,.T.);
#6227 = EDGE_CURVE('',#1455,#6228,#6230,.T.);
#6228 = VERTEX_POINT('',#6229);
#6229 = CARTESIAN_POINT('',(-4.497148989954,2.268644848281,20.75));
#6230 = SURFACE_CURVE('',#6231,(#6235,#6242),.PCURVE_S1.);
#6231 = LINE('',#6232,#6233);
#6232 = CARTESIAN_POINT('',(-4.497148989954,2.268644848281,17.75));
#6233 = VECTOR('',#6234,1.);
#6234 = DIRECTION('',(0.,0.,1.));
#6235 = PCURVE('',#1469,#6236);
#6236 = DEFINITIONAL_REPRESENTATION('',(#6237),#6241);
#6237 = LINE('',#6238,#6239);
#6238 = CARTESIAN_POINT('',(0.,0.));
#6239 = VECTOR('',#6240,1.);
#6240 = DIRECTION('',(0.,-1.));
#6241 = ( GEOMETRIC_REPRESENTATION_CONTEXT(2) 
PARAMETRIC_REPRESENTATION_CONTEXT() REPRESENTATION_CONTEXT('2D SPACE',''
  ) );
#6242 = PCURVE('',#1495,#6243);
#6243 = DEFINITIONAL_REPRESENTATION('',(#6244),#6248);
#6244 = LINE('',#6245,#6246);
#6245 = CARTESIAN_POINT('',(0.4,0.));
#6246 = VECTOR('',#6247,1.);
#6247 = DIRECTION('',(0.,-1.));
#6248 = ( GEOMETRIC_REPRESENTATION_CONTEXT(2) 
PARAMETRIC_REPRESENTATION_CONTEXT() REPRESENTATION_CONTEXT('2D SPACE',''
  ) );
#6249 = ORIENTED_EDGE('',*,*,#6250,.F.);
#6250 = EDGE_CURVE('',#6129,#6228,#6251,.T.);
#6251 = SURFACE_CURVE('',#6252,(#6256,#6262),.PCURVE_S1.);
#6252 = LINE('',#6253,#6254);
#6253 = CARTESIAN_POINT('',(-5.183007287527,1.187905103638,20.75));
#6254 = VECTOR('',#6255,1.);
#6255 = DIRECTION('',(0.535826794979,0.844327925502,-0.));
#6256 = PCURVE('',#1469,#6257);
#6257 = DEFINITIONAL_REPRESENTATION('',(#6258),#6261);
#6258 = B_SPLINE_CURVE_WITH_KNOTS('',1,(#6259,#6260),.UNSPECIFIED.,.F.,
  .F.,(2,2),(0.920931620928,1.28),.PIECEWISE_BEZIER_KNOTS.);
#6259 = CARTESIAN_POINT('',(0.359068379072,-3.));
#6260 = CARTESIAN_POINT('',(0.,-3.));
#6261 = ( GEOMETRIC_REPRESENTATION_CONTEXT(2) 
PARAMETRIC_REPRESENTATION_CONTEXT() REPRESENTATION_CONTEXT('2D SPACE',''
  ) );
#6262 = PCURVE('',#4486,#6263);
#6263 = DEFINITIONAL_REPRESENTATION('',(#6264),#6267);
#6264 = B_SPLINE_CURVE_WITH_KNOTS('',1,(#6265,#6266),.UNSPECIFIED.,.F.,
  .F.,(2,2),(0.920931620928,1.28),.PIECEWISE_BEZIER_KNOTS.);
#6265 = CARTESIAN_POINT('',(1.010452551309,1.965473388666));
#6266 = CARTESIAN_POINT('',(1.202851010046,2.268644848281));
#6267 = ( GEOMETRIC_REPRESENTATION_CONTEXT(2) 
PARAMETRIC_REPRESENTATION_CONTEXT() REPRESENTATION_CONTEXT('2D SPACE',''
  ) );
#6268 = ORIENTED_EDGE('',*,*,#6128,.T.);
#6269 = ADVANCED_FACE('',(#6270),#3826,.T.);
#6270 = FACE_BOUND('',#6271,.T.);
#6271 = EDGE_LOOP('',(#6272,#6273,#6274,#6295));
#6272 = ORIENTED_EDGE('',*,*,#3811,.T.);
#6273 = ORIENTED_EDGE('',*,*,#6202,.T.);
#6274 = ORIENTED_EDGE('',*,*,#6275,.F.);
#6275 = EDGE_CURVE('',#6276,#6182,#6278,.T.);
#6276 = VERTEX_POINT('',#6277);
#6277 = CARTESIAN_POINT('',(-6.9709603969,2.231201396,20.75));
#6278 = SURFACE_CURVE('',#6279,(#6283,#6289),.PCURVE_S1.);
#6279 = LINE('',#6280,#6281);
#6280 = CARTESIAN_POINT('',(-6.69951228116,2.35893518347,20.75));
#6281 = VECTOR('',#6282,1.);
#6282 = DIRECTION('',(0.904827052466,0.425779291565,-0.));
#6283 = PCURVE('',#3826,#6284);
#6284 = DEFINITIONAL_REPRESENTATION('',(#6285),#6288);
#6285 = B_SPLINE_CURVE_WITH_KNOTS('',1,(#6286,#6287),.UNSPECIFIED.,.F.,
  .F.,(2,2),(-0.3,0.1),.PIECEWISE_BEZIER_KNOTS.);
#6286 = CARTESIAN_POINT('',(0.4,-3.));
#6287 = CARTESIAN_POINT('',(0.,-3.));
#6288 = ( GEOMETRIC_REPRESENTATION_CONTEXT(2) 
PARAMETRIC_REPRESENTATION_CONTEXT() REPRESENTATION_CONTEXT('2D SPACE',''
  ) );
#6289 = PCURVE('',#4486,#6290);
#6290 = DEFINITIONAL_REPRESENTATION('',(#6291),#6294);
#6291 = B_SPLINE_CURVE_WITH_KNOTS('',1,(#6292,#6293),.UNSPECIFIED.,.F.,
  .F.,(2,2),(-0.3,0.1),.PIECEWISE_BEZIER_KNOTS.);
#6292 = CARTESIAN_POINT('',(-1.2709603969,2.231201396));
#6293 = CARTESIAN_POINT('',(-0.909029575913,2.401513112626));
#6294 = ( GEOMETRIC_REPRESENTATION_CONTEXT(2) 
PARAMETRIC_REPRESENTATION_CONTEXT() REPRESENTATION_CONTEXT('2D SPACE',''
  ) );
#6295 = ORIENTED_EDGE('',*,*,#6296,.F.);
#6296 = EDGE_CURVE('',#3786,#6276,#6297,.T.);
#6297 = SURFACE_CURVE('',#6298,(#6302,#6309),.PCURVE_S1.);
#6298 = LINE('',#6299,#6300);
#6299 = CARTESIAN_POINT('',(-6.9709603969,2.231201396,17.75));
#6300 = VECTOR('',#6301,1.);
#6301 = DIRECTION('',(0.,0.,1.));
#6302 = PCURVE('',#3826,#6303);
#6303 = DEFINITIONAL_REPRESENTATION('',(#6304),#6308);
#6304 = LINE('',#6305,#6306);
#6305 = CARTESIAN_POINT('',(0.4,0.));
#6306 = VECTOR('',#6307,1.);
#6307 = DIRECTION('',(0.,-1.));
#6308 = ( GEOMETRIC_REPRESENTATION_CONTEXT(2) 
PARAMETRIC_REPRESENTATION_CONTEXT() REPRESENTATION_CONTEXT('2D SPACE',''
  ) );
#6309 = PCURVE('',#3800,#6310);
#6310 = DEFINITIONAL_REPRESENTATION('',(#6311),#6315);
#6311 = LINE('',#6312,#6313);
#6312 = CARTESIAN_POINT('',(0.,0.));
#6313 = VECTOR('',#6314,1.);
#6314 = DIRECTION('',(0.,-1.));
#6315 = ( GEOMETRIC_REPRESENTATION_CONTEXT(2) 
PARAMETRIC_REPRESENTATION_CONTEXT() REPRESENTATION_CONTEXT('2D SPACE',''
  ) );
#6316 = ADVANCED_FACE('',(#6317),#1495,.T.);
#6317 = FACE_BOUND('',#6318,.T.);
#6318 = EDGE_LOOP('',(#6319,#6320,#6343,#6362));
#6319 = ORIENTED_EDGE('',*,*,#1480,.T.);
#6320 = ORIENTED_EDGE('',*,*,#6321,.T.);
#6321 = EDGE_CURVE('',#1481,#6322,#6324,.T.);
#6322 = VERTEX_POINT('',#6323);
#6323 = CARTESIAN_POINT('',(-4.159417819753,2.054314130289,20.75));
#6324 = SURFACE_CURVE('',#6325,(#6329,#6336),.PCURVE_S1.);
#6325 = LINE('',#6326,#6327);
#6326 = CARTESIAN_POINT('',(-4.159417819753,2.054314130289,17.75));
#6327 = VECTOR('',#6328,1.);
#6328 = DIRECTION('',(0.,0.,1.));
#6329 = PCURVE('',#1495,#6330);
#6330 = DEFINITIONAL_REPRESENTATION('',(#6331),#6335);
#6331 = LINE('',#6332,#6333);
#6332 = CARTESIAN_POINT('',(0.,0.));
#6333 = VECTOR('',#6334,1.);
#6334 = DIRECTION('',(0.,-1.));
#6335 = ( GEOMETRIC_REPRESENTATION_CONTEXT(2) 
PARAMETRIC_REPRESENTATION_CONTEXT() REPRESENTATION_CONTEXT('2D SPACE',''
  ) );
#6336 = PCURVE('',#1521,#6337);
#6337 = DEFINITIONAL_REPRESENTATION('',(#6338),#6342);
#6338 = LINE('',#6339,#6340);
#6339 = CARTESIAN_POINT('',(0.92,0.));
#6340 = VECTOR('',#6341,1.);
#6341 = DIRECTION('',(0.,-1.));
#6342 = ( GEOMETRIC_REPRESENTATION_CONTEXT(2) 
PARAMETRIC_REPRESENTATION_CONTEXT() REPRESENTATION_CONTEXT('2D SPACE',''
  ) );
#6343 = ORIENTED_EDGE('',*,*,#6344,.F.);
#6344 = EDGE_CURVE('',#6228,#6322,#6345,.T.);
#6345 = SURFACE_CURVE('',#6346,(#6350,#6356),.PCURVE_S1.);
#6346 = LINE('',#6347,#6348);
#6347 = CARTESIAN_POINT('',(-4.243850612304,2.107896809787,20.75));
#6348 = VECTOR('',#6349,1.);
#6349 = DIRECTION('',(0.844327925502,-0.535826794979,0.));
#6350 = PCURVE('',#1495,#6351);
#6351 = DEFINITIONAL_REPRESENTATION('',(#6352),#6355);
#6352 = B_SPLINE_CURVE_WITH_KNOTS('',1,(#6353,#6354),.UNSPECIFIED.,.F.,
  .F.,(2,2),(-0.3,0.1),.PIECEWISE_BEZIER_KNOTS.);
#6353 = CARTESIAN_POINT('',(0.4,-3.));
#6354 = CARTESIAN_POINT('',(0.,-3.));
#6355 = ( GEOMETRIC_REPRESENTATION_CONTEXT(2) 
PARAMETRIC_REPRESENTATION_CONTEXT() REPRESENTATION_CONTEXT('2D SPACE',''
  ) );
#6356 = PCURVE('',#4486,#6357);
#6357 = DEFINITIONAL_REPRESENTATION('',(#6358),#6361);
#6358 = B_SPLINE_CURVE_WITH_KNOTS('',1,(#6359,#6360),.UNSPECIFIED.,.F.,
  .F.,(2,2),(-0.3,0.1),.PIECEWISE_BEZIER_KNOTS.);
#6359 = CARTESIAN_POINT('',(1.202851010046,2.268644848281));
#6360 = CARTESIAN_POINT('',(1.540582180247,2.054314130289));
#6361 = ( GEOMETRIC_REPRESENTATION_CONTEXT(2) 
PARAMETRIC_REPRESENTATION_CONTEXT() REPRESENTATION_CONTEXT('2D SPACE',''
  ) );
#6362 = ORIENTED_EDGE('',*,*,#6227,.F.);
#6363 = ADVANCED_FACE('',(#6364),#3800,.T.);
#6364 = FACE_BOUND('',#6365,.T.);
#6365 = EDGE_LOOP('',(#6366,#6367,#6368,#6389));
#6366 = ORIENTED_EDGE('',*,*,#3785,.T.);
#6367 = ORIENTED_EDGE('',*,*,#6296,.T.);
#6368 = ORIENTED_EDGE('',*,*,#6369,.F.);
#6369 = EDGE_CURVE('',#6370,#6276,#6372,.T.);
#6370 = VERTEX_POINT('',#6371);
#6371 = CARTESIAN_POINT('',(-6.818076516835,1.90630661293,20.75));
#6372 = SURFACE_CURVE('',#6373,(#6377,#6383),.PCURVE_S1.);
#6373 = LINE('',#6374,#6375);
#6374 = CARTESIAN_POINT('',(-6.425962903696,1.073022768843,20.75));
#6375 = VECTOR('',#6376,1.);
#6376 = DIRECTION('',(-0.425779291565,0.904827052466,0.));
#6377 = PCURVE('',#3800,#6378);
#6378 = DEFINITIONAL_REPRESENTATION('',(#6379),#6382);
#6379 = B_SPLINE_CURVE_WITH_KNOTS('',1,(#6380,#6381),.UNSPECIFIED.,.F.,
  .F.,(2,2),(0.920931620928,1.28),.PIECEWISE_BEZIER_KNOTS.);
#6380 = CARTESIAN_POINT('',(0.359068379072,-3.));
#6381 = CARTESIAN_POINT('',(0.,-3.));
#6382 = ( GEOMETRIC_REPRESENTATION_CONTEXT(2) 
PARAMETRIC_REPRESENTATION_CONTEXT() REPRESENTATION_CONTEXT('2D SPACE',''
  ) );
#6383 = PCURVE('',#4486,#6384);
#6384 = DEFINITIONAL_REPRESENTATION('',(#6385),#6388);
#6385 = B_SPLINE_CURVE_WITH_KNOTS('',1,(#6386,#6387),.UNSPECIFIED.,.F.,
  .F.,(2,2),(0.920931620928,1.28),.PIECEWISE_BEZIER_KNOTS.);
#6386 = CARTESIAN_POINT('',(-1.118076516835,1.90630661293));
#6387 = CARTESIAN_POINT('',(-1.2709603969,2.231201396));
#6388 = ( GEOMETRIC_REPRESENTATION_CONTEXT(2) 
PARAMETRIC_REPRESENTATION_CONTEXT() REPRESENTATION_CONTEXT('2D SPACE',''
  ) );
#6389 = ORIENTED_EDGE('',*,*,#6390,.T.);
#6390 = EDGE_CURVE('',#6370,#3753,#6391,.T.);
#6391 = SURFACE_CURVE('',#6392,(#6396,#6402),.PCURVE_S1.);
#6392 = LINE('',#6393,#6394);
#6393 = CARTESIAN_POINT('',(-6.818076516835,1.90630661293,17.75));
#6394 = VECTOR('',#6395,1.);
#6395 = DIRECTION('',(-0.,-0.,-1.));
#6396 = PCURVE('',#3800,#6397);
#6397 = DEFINITIONAL_REPRESENTATION('',(#6398),#6401);
#6398 = B_SPLINE_CURVE_WITH_KNOTS('',1,(#6399,#6400),.UNSPECIFIED.,.F.,
  .F.,(2,2),(-3.5000006,5.999999999062E-07),.PIECEWISE_BEZIER_KNOTS.);
#6399 = CARTESIAN_POINT('',(0.359068379072,-3.5000006));
#6400 = CARTESIAN_POINT('',(0.359068379072,5.999999999062E-07));
#6401 = ( GEOMETRIC_REPRESENTATION_CONTEXT(2) 
PARAMETRIC_REPRESENTATION_CONTEXT() REPRESENTATION_CONTEXT('2D SPACE',''
  ) );
#6402 = PCURVE('',#3773,#6403);
#6403 = DEFINITIONAL_REPRESENTATION('',(#6404),#6407);
#6404 = B_SPLINE_CURVE_WITH_KNOTS('',1,(#6405,#6406),.UNSPECIFIED.,.F.,
  .F.,(2,2),(-3.5000006,5.999999999062E-07),.PIECEWISE_BEZIER_KNOTS.);
#6405 = CARTESIAN_POINT('',(-2.101241020342,-3.5000006));
#6406 = CARTESIAN_POINT('',(-2.101241020342,5.999999999062E-07));
#6407 = ( GEOMETRIC_REPRESENTATION_CONTEXT(2) 
PARAMETRIC_REPRESENTATION_CONTEXT() REPRESENTATION_CONTEXT('2D SPACE',''
  ) );
#6408 = ADVANCED_FACE('',(#6409),#1521,.T.);
#6409 = FACE_BOUND('',#6410,.T.);
#6410 = EDGE_LOOP('',(#6411,#6412,#6433,#6452));
#6411 = ORIENTED_EDGE('',*,*,#1506,.T.);
#6412 = ORIENTED_EDGE('',*,*,#6413,.F.);
#6413 = EDGE_CURVE('',#6414,#1507,#6416,.T.);
#6414 = VERTEX_POINT('',#6415);
#6415 = CARTESIAN_POINT('',(-4.35181627849,1.751142670674,20.75));
#6416 = SURFACE_CURVE('',#6417,(#6421,#6427),.PCURVE_S1.);
#6417 = LINE('',#6418,#6419);
#6418 = CARTESIAN_POINT('',(-4.35181627849,1.751142670674,17.75));
#6419 = VECTOR('',#6420,1.);
#6420 = DIRECTION('',(-0.,-0.,-1.));
#6421 = PCURVE('',#1521,#6422);
#6422 = DEFINITIONAL_REPRESENTATION('',(#6423),#6426);
#6423 = B_SPLINE_CURVE_WITH_KNOTS('',1,(#6424,#6425),.UNSPECIFIED.,.F.,
  .F.,(2,2),(-3.5000006,5.999999999062E-07),.PIECEWISE_BEZIER_KNOTS.);
#6424 = CARTESIAN_POINT('',(0.560931620928,-3.5000006));
#6425 = CARTESIAN_POINT('',(0.560931620928,5.999999999062E-07));
#6426 = ( GEOMETRIC_REPRESENTATION_CONTEXT(2) 
PARAMETRIC_REPRESENTATION_CONTEXT() REPRESENTATION_CONTEXT('2D SPACE',''
  ) );
#6427 = PCURVE('',#1553,#6428);
#6428 = DEFINITIONAL_REPRESENTATION('',(#6429),#6432);
#6429 = B_SPLINE_CURVE_WITH_KNOTS('',1,(#6430,#6431),.UNSPECIFIED.,.F.,
  .F.,(2,2),(-3.5000006,5.999999999062E-07),.PIECEWISE_BEZIER_KNOTS.);
#6430 = CARTESIAN_POINT('',(-0.914687927104,-3.5000006));
#6431 = CARTESIAN_POINT('',(-0.914687927104,5.999999999062E-07));
#6432 = ( GEOMETRIC_REPRESENTATION_CONTEXT(2) 
PARAMETRIC_REPRESENTATION_CONTEXT() REPRESENTATION_CONTEXT('2D SPACE',''
  ) );
#6433 = ORIENTED_EDGE('',*,*,#6434,.F.);
#6434 = EDGE_CURVE('',#6322,#6414,#6435,.T.);
#6435 = SURFACE_CURVE('',#6436,(#6440,#6446),.PCURVE_S1.);
#6436 = LINE('',#6437,#6438);
#6437 = CARTESIAN_POINT('',(-5.091756443017,0.585183539916,20.75));
#6438 = VECTOR('',#6439,1.);
#6439 = DIRECTION('',(-0.535826794979,-0.844327925502,0.));
#6440 = PCURVE('',#1521,#6441);
#6441 = DEFINITIONAL_REPRESENTATION('',(#6442),#6445);
#6442 = B_SPLINE_CURVE_WITH_KNOTS('',1,(#6443,#6444),.UNSPECIFIED.,.F.,
  .F.,(2,2),(-1.74,-1.380931620928),.PIECEWISE_BEZIER_KNOTS.);
#6443 = CARTESIAN_POINT('',(0.92,-3.));
#6444 = CARTESIAN_POINT('',(0.560931620928,-3.));
#6445 = ( GEOMETRIC_REPRESENTATION_CONTEXT(2) 
PARAMETRIC_REPRESENTATION_CONTEXT() REPRESENTATION_CONTEXT('2D SPACE',''
  ) );
#6446 = PCURVE('',#4486,#6447);
#6447 = DEFINITIONAL_REPRESENTATION('',(#6448),#6451);
#6448 = B_SPLINE_CURVE_WITH_KNOTS('',1,(#6449,#6450),.UNSPECIFIED.,.F.,
  .F.,(2,2),(-1.74,-1.380931620928),.PIECEWISE_BEZIER_KNOTS.);
#6449 = CARTESIAN_POINT('',(1.540582180247,2.054314130289));
#6450 = CARTESIAN_POINT('',(1.34818372151,1.751142670674));
#6451 = ( GEOMETRIC_REPRESENTATION_CONTEXT(2) 
PARAMETRIC_REPRESENTATION_CONTEXT() REPRESENTATION_CONTEXT('2D SPACE',''
  ) );
#6452 = ORIENTED_EDGE('',*,*,#6321,.F.);
#6453 = ADVANCED_FACE('',(#6454),#3773,.F.);
#6454 = FACE_BOUND('',#6455,.T.);
#6455 = EDGE_LOOP('',(#6456,#6457,#6458,#6486));
#6456 = ORIENTED_EDGE('',*,*,#3752,.T.);
#6457 = ORIENTED_EDGE('',*,*,#6390,.F.);
#6458 = ORIENTED_EDGE('',*,*,#6459,.F.);
#6459 = EDGE_CURVE('',#6460,#6370,#6462,.T.);
#6460 = VERTEX_POINT('',#6461);
#6461 = CARTESIAN_POINT('',(-6.948823966421,1.823331758319,20.75));
#6462 = SURFACE_CURVE('',#6463,(#6468,#6475),.PCURVE_S1.);
#6463 = CIRCLE('',#6464,2.21);
#6464 = AXIS2_PLACEMENT_3D('',#6465,#6466,#6467);
#6465 = CARTESIAN_POINT('',(-5.7,0.,20.75));
#6466 = DIRECTION('',(0.,0.,-1.));
#6467 = DIRECTION('',(1.,0.,0.));
#6468 = PCURVE('',#3773,#6469);
#6469 = DEFINITIONAL_REPRESENTATION('',(#6470),#6474);
#6470 = LINE('',#6471,#6472);
#6471 = CARTESIAN_POINT('',(-6.28318530718,-3.));
#6472 = VECTOR('',#6473,1.);
#6473 = DIRECTION('',(1.,-0.));
#6474 = ( GEOMETRIC_REPRESENTATION_CONTEXT(2) 
PARAMETRIC_REPRESENTATION_CONTEXT() REPRESENTATION_CONTEXT('2D SPACE',''
  ) );
#6475 = PCURVE('',#4486,#6476);
#6476 = DEFINITIONAL_REPRESENTATION('',(#6477),#6485);
#6477 = ( BOUNDED_CURVE() B_SPLINE_CURVE(2,(#6478,#6479,#6480,#6481,
#6482,#6483,#6484),.UNSPECIFIED.,.T.,.F.) B_SPLINE_CURVE_WITH_KNOTS((1,2
    ,2,2,2,1),(-2.094395102393,0.,2.094395102393,4.188790204786,
6.28318530718,8.377580409573),.UNSPECIFIED.) CURVE() 
GEOMETRIC_REPRESENTATION_ITEM() RATIONAL_B_SPLINE_CURVE((1.,0.5,1.,0.5,
1.,0.5,1.)) REPRESENTATION_ITEM('') );
#6478 = CARTESIAN_POINT('',(2.21,-2.924450111184E-17));
#6479 = CARTESIAN_POINT('',(2.21,-3.827832284727));
#6480 = CARTESIAN_POINT('',(-1.105,-1.913916142364));
#6481 = CARTESIAN_POINT('',(-4.42,-5.70538386335E-16));
#6482 = CARTESIAN_POINT('',(-1.105,1.913916142364));
#6483 = CARTESIAN_POINT('',(2.21,3.827832284727));
#6484 = CARTESIAN_POINT('',(2.21,-2.924450111184E-17));
#6485 = ( GEOMETRIC_REPRESENTATION_CONTEXT(2) 
PARAMETRIC_REPRESENTATION_CONTEXT() REPRESENTATION_CONTEXT('2D SPACE',''
  ) );
#6486 = ORIENTED_EDGE('',*,*,#6487,.T.);
#6487 = EDGE_CURVE('',#6460,#3727,#6488,.T.);
#6488 = SURFACE_CURVE('',#6489,(#6493,#6499),.PCURVE_S1.);
#6489 = LINE('',#6490,#6491);
#6490 = CARTESIAN_POINT('',(-6.948823966421,1.823331758319,17.75));
#6491 = VECTOR('',#6492,1.);
#6492 = DIRECTION('',(-0.,-0.,-1.));
#6493 = PCURVE('',#3773,#6494);
#6494 = DEFINITIONAL_REPRESENTATION('',(#6495),#6498);
#6495 = B_SPLINE_CURVE_WITH_KNOTS('',1,(#6496,#6497),.UNSPECIFIED.,.F.,
  .F.,(2,2),(-3.5000006,5.999999999062E-07),.PIECEWISE_BEZIER_KNOTS.);
#6496 = CARTESIAN_POINT('',(-2.17132498854,-3.5000006));
#6497 = CARTESIAN_POINT('',(-2.17132498854,5.999999999062E-07));
#6498 = ( GEOMETRIC_REPRESENTATION_CONTEXT(2) 
PARAMETRIC_REPRESENTATION_CONTEXT() REPRESENTATION_CONTEXT('2D SPACE',''
  ) );
#6499 = PCURVE('',#3741,#6500);
#6500 = DEFINITIONAL_REPRESENTATION('',(#6501),#6504);
#6501 = B_SPLINE_CURVE_WITH_KNOTS('',1,(#6502,#6503),.UNSPECIFIED.,.F.,
  .F.,(2,2),(-3.5000006,5.999999999062E-07),.PIECEWISE_BEZIER_KNOTS.);
#6502 = CARTESIAN_POINT('',(0.560931620928,-3.5000006));
#6503 = CARTESIAN_POINT('',(0.560931620928,5.999999999062E-07));
#6504 = ( GEOMETRIC_REPRESENTATION_CONTEXT(2) 
PARAMETRIC_REPRESENTATION_CONTEXT() REPRESENTATION_CONTEXT('2D SPACE',''
  ) );
#6505 = ADVANCED_FACE('',(#6506),#1553,.F.);
#6506 = FACE_BOUND('',#6507,.T.);
#6507 = EDGE_LOOP('',(#6508,#6509,#6530,#6556));
#6508 = ORIENTED_EDGE('',*,*,#1532,.T.);
#6509 = ORIENTED_EDGE('',*,*,#6510,.F.);
#6510 = EDGE_CURVE('',#6511,#1533,#6513,.T.);
#6511 = VERTEX_POINT('',#6512);
#6512 = CARTESIAN_POINT('',(-4.23249931843,1.652435096937,20.75));
#6513 = SURFACE_CURVE('',#6514,(#6518,#6524),.PCURVE_S1.);
#6514 = LINE('',#6515,#6516);
#6515 = CARTESIAN_POINT('',(-4.23249931843,1.652435096937,17.75));
#6516 = VECTOR('',#6517,1.);
#6517 = DIRECTION('',(-0.,-0.,-1.));
#6518 = PCURVE('',#1553,#6519);
#6519 = DEFINITIONAL_REPRESENTATION('',(#6520),#6523);
#6520 = B_SPLINE_CURVE_WITH_KNOTS('',1,(#6521,#6522),.UNSPECIFIED.,.F.,
  .F.,(2,2),(-3.5000006,5.999999999062E-07),.PIECEWISE_BEZIER_KNOTS.);
#6521 = CARTESIAN_POINT('',(-0.844603958906,-3.5000006));
#6522 = CARTESIAN_POINT('',(-0.844603958906,5.999999999062E-07));
#6523 = ( GEOMETRIC_REPRESENTATION_CONTEXT(2) 
PARAMETRIC_REPRESENTATION_CONTEXT() REPRESENTATION_CONTEXT('2D SPACE',''
  ) );
#6524 = PCURVE('',#1580,#6525);
#6525 = DEFINITIONAL_REPRESENTATION('',(#6526),#6529);
#6526 = B_SPLINE_CURVE_WITH_KNOTS('',1,(#6527,#6528),.UNSPECIFIED.,.F.,
  .F.,(2,2),(-3.5000006,5.999999999062E-07),.PIECEWISE_BEZIER_KNOTS.);
#6527 = CARTESIAN_POINT('',(0.359068379072,-3.5000006));
#6528 = CARTESIAN_POINT('',(0.359068379072,5.999999999062E-07));
#6529 = ( GEOMETRIC_REPRESENTATION_CONTEXT(2) 
PARAMETRIC_REPRESENTATION_CONTEXT() REPRESENTATION_CONTEXT('2D SPACE',''
  ) );
#6530 = ORIENTED_EDGE('',*,*,#6531,.F.);
#6531 = EDGE_CURVE('',#6414,#6511,#6532,.T.);
#6532 = SURFACE_CURVE('',#6533,(#6538,#6545),.PCURVE_S1.);
#6533 = CIRCLE('',#6534,2.21);
#6534 = AXIS2_PLACEMENT_3D('',#6535,#6536,#6537);
#6535 = CARTESIAN_POINT('',(-5.7,0.,20.75));
#6536 = DIRECTION('',(0.,0.,-1.));
#6537 = DIRECTION('',(1.,0.,0.));
#6538 = PCURVE('',#1553,#6539);
#6539 = DEFINITIONAL_REPRESENTATION('',(#6540),#6544);
#6540 = LINE('',#6541,#6542);
#6541 = CARTESIAN_POINT('',(-6.28318530718,-3.));
#6542 = VECTOR('',#6543,1.);
#6543 = DIRECTION('',(1.,-0.));
#6544 = ( GEOMETRIC_REPRESENTATION_CONTEXT(2) 
PARAMETRIC_REPRESENTATION_CONTEXT() REPRESENTATION_CONTEXT('2D SPACE',''
  ) );
#6545 = PCURVE('',#4486,#6546);
#6546 = DEFINITIONAL_REPRESENTATION('',(#6547),#6555);
#6547 = ( BOUNDED_CURVE() B_SPLINE_CURVE(2,(#6548,#6549,#6550,#6551,
#6552,#6553,#6554),.UNSPECIFIED.,.T.,.F.) B_SPLINE_CURVE_WITH_KNOTS((1,2
    ,2,2,2,1),(-2.094395102393,0.,2.094395102393,4.188790204786,
6.28318530718,8.377580409573),.UNSPECIFIED.) CURVE() 
GEOMETRIC_REPRESENTATION_ITEM() RATIONAL_B_SPLINE_CURVE((1.,0.5,1.,0.5,
1.,0.5,1.)) REPRESENTATION_ITEM('') );
#6548 = CARTESIAN_POINT('',(2.21,-2.924450111184E-17));
#6549 = CARTESIAN_POINT('',(2.21,-3.827832284727));
#6550 = CARTESIAN_POINT('',(-1.105,-1.913916142364));
#6551 = CARTESIAN_POINT('',(-4.42,-5.70538386335E-16));
#6552 = CARTESIAN_POINT('',(-1.105,1.913916142364));
#6553 = CARTESIAN_POINT('',(2.21,3.827832284727));
#6554 = CARTESIAN_POINT('',(2.21,-2.924450111184E-17));
#6555 = ( GEOMETRIC_REPRESENTATION_CONTEXT(2) 
PARAMETRIC_REPRESENTATION_CONTEXT() REPRESENTATION_CONTEXT('2D SPACE',''
  ) );
#6556 = ORIENTED_EDGE('',*,*,#6413,.T.);
#6557 = ADVANCED_FACE('',(#6558),#3741,.T.);
#6558 = FACE_BOUND('',#6559,.T.);
#6559 = EDGE_LOOP('',(#6560,#6561,#6562,#6583));
#6560 = ORIENTED_EDGE('',*,*,#3726,.T.);
#6561 = ORIENTED_EDGE('',*,*,#6487,.F.);
#6562 = ORIENTED_EDGE('',*,*,#6563,.F.);
#6563 = EDGE_CURVE('',#6564,#6460,#6566,.T.);
#6564 = VERTEX_POINT('',#6565);
#6565 = CARTESIAN_POINT('',(-7.177702765201,2.099998699456,20.75));
#6566 = SURFACE_CURVE('',#6567,(#6571,#6577),.PCURVE_S1.);
#6567 = LINE('',#6568,#6569);
#6568 = CARTESIAN_POINT('',(-6.068585023039,0.759305657026,20.75));
#6569 = VECTOR('',#6570,1.);
#6570 = DIRECTION('',(0.637423989749,-0.770513242776,0.));
#6571 = PCURVE('',#3741,#6572);
#6572 = DEFINITIONAL_REPRESENTATION('',(#6573),#6576);
#6573 = B_SPLINE_CURVE_WITH_KNOTS('',1,(#6574,#6575),.UNSPECIFIED.,.F.,
  .F.,(2,2),(-1.74,-1.380931620928),.PIECEWISE_BEZIER_KNOTS.);
#6574 = CARTESIAN_POINT('',(0.92,-3.));
#6575 = CARTESIAN_POINT('',(0.560931620928,-3.));
#6576 = ( GEOMETRIC_REPRESENTATION_CONTEXT(2) 
PARAMETRIC_REPRESENTATION_CONTEXT() REPRESENTATION_CONTEXT('2D SPACE',''
  ) );
#6577 = PCURVE('',#4486,#6578);
#6578 = DEFINITIONAL_REPRESENTATION('',(#6579),#6582);
#6579 = B_SPLINE_CURVE_WITH_KNOTS('',1,(#6580,#6581),.UNSPECIFIED.,.F.,
  .F.,(2,2),(-1.74,-1.380931620928),.PIECEWISE_BEZIER_KNOTS.);
#6580 = CARTESIAN_POINT('',(-1.477702765201,2.099998699456));
#6581 = CARTESIAN_POINT('',(-1.248823966421,1.823331758319));
#6582 = ( GEOMETRIC_REPRESENTATION_CONTEXT(2) 
PARAMETRIC_REPRESENTATION_CONTEXT() REPRESENTATION_CONTEXT('2D SPACE',''
  ) );
#6583 = ORIENTED_EDGE('',*,*,#6584,.F.);
#6584 = EDGE_CURVE('',#3701,#6564,#6585,.T.);
#6585 = SURFACE_CURVE('',#6586,(#6590,#6597),.PCURVE_S1.);
#6586 = LINE('',#6587,#6588);
#6587 = CARTESIAN_POINT('',(-7.177702765201,2.099998699456,17.75));
#6588 = VECTOR('',#6589,1.);
#6589 = DIRECTION('',(0.,0.,1.));
#6590 = PCURVE('',#3741,#6591);
#6591 = DEFINITIONAL_REPRESENTATION('',(#6592),#6596);
#6592 = LINE('',#6593,#6594);
#6593 = CARTESIAN_POINT('',(0.92,0.));
#6594 = VECTOR('',#6595,1.);
#6595 = DIRECTION('',(0.,-1.));
#6596 = ( GEOMETRIC_REPRESENTATION_CONTEXT(2) 
PARAMETRIC_REPRESENTATION_CONTEXT() REPRESENTATION_CONTEXT('2D SPACE',''
  ) );
#6597 = PCURVE('',#3715,#6598);
#6598 = DEFINITIONAL_REPRESENTATION('',(#6599),#6603);
#6599 = LINE('',#6600,#6601);
#6600 = CARTESIAN_POINT('',(0.,0.));
#6601 = VECTOR('',#6602,1.);
#6602 = DIRECTION('',(0.,-1.));
#6603 = ( GEOMETRIC_REPRESENTATION_CONTEXT(2) 
PARAMETRIC_REPRESENTATION_CONTEXT() REPRESENTATION_CONTEXT('2D SPACE',''
  ) );
#6604 = ADVANCED_FACE('',(#6605),#1580,.T.);
#6605 = FACE_BOUND('',#6606,.T.);
#6606 = EDGE_LOOP('',(#6607,#6608,#6631,#6650));
#6607 = ORIENTED_EDGE('',*,*,#1565,.T.);
#6608 = ORIENTED_EDGE('',*,*,#6609,.T.);
#6609 = EDGE_CURVE('',#1566,#6610,#6612,.T.);
#6610 = VERTEX_POINT('',#6611);
#6611 = CARTESIAN_POINT('',(-3.970749734987,1.898234316662,20.75));
#6612 = SURFACE_CURVE('',#6613,(#6617,#6624),.PCURVE_S1.);
#6613 = LINE('',#6614,#6615);
#6614 = CARTESIAN_POINT('',(-3.970749734987,1.898234316662,17.75));
#6615 = VECTOR('',#6616,1.);
#6616 = DIRECTION('',(0.,0.,1.));
#6617 = PCURVE('',#1580,#6618);
#6618 = DEFINITIONAL_REPRESENTATION('',(#6619),#6623);
#6619 = LINE('',#6620,#6621);
#6620 = CARTESIAN_POINT('',(0.,0.));
#6621 = VECTOR('',#6622,1.);
#6622 = DIRECTION('',(0.,-1.));
#6623 = ( GEOMETRIC_REPRESENTATION_CONTEXT(2) 
PARAMETRIC_REPRESENTATION_CONTEXT() REPRESENTATION_CONTEXT('2D SPACE',''
  ) );
#6624 = PCURVE('',#1606,#6625);
#6625 = DEFINITIONAL_REPRESENTATION('',(#6626),#6630);
#6626 = LINE('',#6627,#6628);
#6627 = CARTESIAN_POINT('',(0.4,0.));
#6628 = VECTOR('',#6629,1.);
#6629 = DIRECTION('',(0.,-1.));
#6630 = ( GEOMETRIC_REPRESENTATION_CONTEXT(2) 
PARAMETRIC_REPRESENTATION_CONTEXT() REPRESENTATION_CONTEXT('2D SPACE',''
  ) );
#6631 = ORIENTED_EDGE('',*,*,#6632,.F.);
#6632 = EDGE_CURVE('',#6511,#6610,#6633,.T.);
#6633 = SURFACE_CURVE('',#6634,(#6638,#6644),.PCURVE_S1.);
#6634 = LINE('',#6635,#6636);
#6635 = CARTESIAN_POINT('',(-4.903829578086,1.022014021073,20.75));
#6636 = VECTOR('',#6637,1.);
#6637 = DIRECTION('',(0.728968627421,0.684547105929,-0.));
#6638 = PCURVE('',#1580,#6639);
#6639 = DEFINITIONAL_REPRESENTATION('',(#6640),#6643);
#6640 = B_SPLINE_CURVE_WITH_KNOTS('',1,(#6641,#6642),.UNSPECIFIED.,.F.,
  .F.,(2,2),(0.920931620928,1.28),.PIECEWISE_BEZIER_KNOTS.);
#6641 = CARTESIAN_POINT('',(0.359068379072,-3.));
#6642 = CARTESIAN_POINT('',(0.,-3.));
#6643 = ( GEOMETRIC_REPRESENTATION_CONTEXT(2) 
PARAMETRIC_REPRESENTATION_CONTEXT() REPRESENTATION_CONTEXT('2D SPACE',''
  ) );
#6644 = PCURVE('',#4486,#6645);
#6645 = DEFINITIONAL_REPRESENTATION('',(#6646),#6649);
#6646 = B_SPLINE_CURVE_WITH_KNOTS('',1,(#6647,#6648),.UNSPECIFIED.,.F.,
  .F.,(2,2),(0.920931620928,1.28),.PIECEWISE_BEZIER_KNOTS.);
#6647 = CARTESIAN_POINT('',(1.46750068157,1.652435096937));
#6648 = CARTESIAN_POINT('',(1.729250265013,1.898234316662));
#6649 = ( GEOMETRIC_REPRESENTATION_CONTEXT(2) 
PARAMETRIC_REPRESENTATION_CONTEXT() REPRESENTATION_CONTEXT('2D SPACE',''
  ) );
#6650 = ORIENTED_EDGE('',*,*,#6510,.T.);
#6651 = ADVANCED_FACE('',(#6652),#3715,.T.);
#6652 = FACE_BOUND('',#6653,.T.);
#6653 = EDGE_LOOP('',(#6654,#6655,#6656,#6677));
#6654 = ORIENTED_EDGE('',*,*,#3700,.T.);
#6655 = ORIENTED_EDGE('',*,*,#6584,.T.);
#6656 = ORIENTED_EDGE('',*,*,#6657,.F.);
#6657 = EDGE_CURVE('',#6658,#6564,#6660,.T.);
#6658 = VERTEX_POINT('',#6659);
#6659 = CARTESIAN_POINT('',(-7.485908062312,1.845029103556,20.75));
#6660 = SURFACE_CURVE('',#6661,(#6665,#6671),.PCURVE_S1.);
#6661 = LINE('',#6662,#6663);
#6662 = CARTESIAN_POINT('',(-7.254754089479,2.036256300481,20.75));
#6663 = VECTOR('',#6664,1.);
#6664 = DIRECTION('',(0.770513242776,0.637423989749,-0.));
#6665 = PCURVE('',#3715,#6666);
#6666 = DEFINITIONAL_REPRESENTATION('',(#6667),#6670);
#6667 = B_SPLINE_CURVE_WITH_KNOTS('',1,(#6668,#6669),.UNSPECIFIED.,.F.,
  .F.,(2,2),(-0.3,1.E-01),.PIECEWISE_BEZIER_KNOTS.);
#6668 = CARTESIAN_POINT('',(0.4,-3.));
#6669 = CARTESIAN_POINT('',(0.,-3.));
#6670 = ( GEOMETRIC_REPRESENTATION_CONTEXT(2) 
PARAMETRIC_REPRESENTATION_CONTEXT() REPRESENTATION_CONTEXT('2D SPACE',''
  ) );
#6671 = PCURVE('',#4486,#6672);
#6672 = DEFINITIONAL_REPRESENTATION('',(#6673),#6676);
#6673 = B_SPLINE_CURVE_WITH_KNOTS('',1,(#6674,#6675),.UNSPECIFIED.,.F.,
  .F.,(2,2),(-0.3,1.E-01),.PIECEWISE_BEZIER_KNOTS.);
#6674 = CARTESIAN_POINT('',(-1.785908062312,1.845029103556));
#6675 = CARTESIAN_POINT('',(-1.477702765201,2.099998699456));
#6676 = ( GEOMETRIC_REPRESENTATION_CONTEXT(2) 
PARAMETRIC_REPRESENTATION_CONTEXT() REPRESENTATION_CONTEXT('2D SPACE',''
  ) );
#6677 = ORIENTED_EDGE('',*,*,#6678,.F.);
#6678 = EDGE_CURVE('',#3675,#6658,#6679,.T.);
#6679 = SURFACE_CURVE('',#6680,(#6684,#6691),.PCURVE_S1.);
#6680 = LINE('',#6681,#6682);
#6681 = CARTESIAN_POINT('',(-7.485908062312,1.845029103556,17.75));
#6682 = VECTOR('',#6683,1.);
#6683 = DIRECTION('',(0.,0.,1.));
#6684 = PCURVE('',#3715,#6685);
#6685 = DEFINITIONAL_REPRESENTATION('',(#6686),#6690);
#6686 = LINE('',#6687,#6688);
#6687 = CARTESIAN_POINT('',(0.4,0.));
#6688 = VECTOR('',#6689,1.);
#6689 = DIRECTION('',(0.,-1.));
#6690 = ( GEOMETRIC_REPRESENTATION_CONTEXT(2) 
PARAMETRIC_REPRESENTATION_CONTEXT() REPRESENTATION_CONTEXT('2D SPACE',''
  ) );
#6691 = PCURVE('',#3689,#6692);
#6692 = DEFINITIONAL_REPRESENTATION('',(#6693),#6697);
#6693 = LINE('',#6694,#6695);
#6694 = CARTESIAN_POINT('',(0.,0.));
#6695 = VECTOR('',#6696,1.);
#6696 = DIRECTION('',(0.,-1.));
#6697 = ( GEOMETRIC_REPRESENTATION_CONTEXT(2) 
PARAMETRIC_REPRESENTATION_CONTEXT() REPRESENTATION_CONTEXT('2D SPACE',''
  ) );
#6698 = ADVANCED_FACE('',(#6699),#1606,.T.);
#6699 = FACE_BOUND('',#6700,.T.);
#6700 = EDGE_LOOP('',(#6701,#6702,#6725,#6744));
#6701 = ORIENTED_EDGE('',*,*,#1591,.T.);
#6702 = ORIENTED_EDGE('',*,*,#6703,.T.);
#6703 = EDGE_CURVE('',#1592,#6704,#6706,.T.);
#6704 = VERTEX_POINT('',#6705);
#6705 = CARTESIAN_POINT('',(-3.696930892615,1.606646865693,20.75));
#6706 = SURFACE_CURVE('',#6707,(#6711,#6718),.PCURVE_S1.);
#6707 = LINE('',#6708,#6709);
#6708 = CARTESIAN_POINT('',(-3.696930892615,1.606646865693,17.75));
#6709 = VECTOR('',#6710,1.);
#6710 = DIRECTION('',(0.,0.,1.));
#6711 = PCURVE('',#1606,#6712);
#6712 = DEFINITIONAL_REPRESENTATION('',(#6713),#6717);
#6713 = LINE('',#6714,#6715);
#6714 = CARTESIAN_POINT('',(0.,0.));
#6715 = VECTOR('',#6716,1.);
#6716 = DIRECTION('',(0.,-1.));
#6717 = ( GEOMETRIC_REPRESENTATION_CONTEXT(2) 
PARAMETRIC_REPRESENTATION_CONTEXT() REPRESENTATION_CONTEXT('2D SPACE',''
  ) );
#6718 = PCURVE('',#1632,#6719);
#6719 = DEFINITIONAL_REPRESENTATION('',(#6720),#6724);
#6720 = LINE('',#6721,#6722);
#6721 = CARTESIAN_POINT('',(0.92,0.));
#6722 = VECTOR('',#6723,1.);
#6723 = DIRECTION('',(0.,-1.));
#6724 = ( GEOMETRIC_REPRESENTATION_CONTEXT(2) 
PARAMETRIC_REPRESENTATION_CONTEXT() REPRESENTATION_CONTEXT('2D SPACE',''
  ) );
#6725 = ORIENTED_EDGE('',*,*,#6726,.F.);
#6726 = EDGE_CURVE('',#6610,#6704,#6727,.T.);
#6727 = SURFACE_CURVE('',#6728,(#6732,#6738),.PCURVE_S1.);
#6728 = LINE('',#6729,#6730);
#6729 = CARTESIAN_POINT('',(-3.765385603208,1.679543728435,20.75));
#6730 = VECTOR('',#6731,1.);
#6731 = DIRECTION('',(0.684547105929,-0.728968627421,0.));
#6732 = PCURVE('',#1606,#6733);
#6733 = DEFINITIONAL_REPRESENTATION('',(#6734),#6737);
#6734 = B_SPLINE_CURVE_WITH_KNOTS('',1,(#6735,#6736),.UNSPECIFIED.,.F.,
  .F.,(2,2),(-0.3,1.E-01),.PIECEWISE_BEZIER_KNOTS.);
#6735 = CARTESIAN_POINT('',(0.4,-3.));
#6736 = CARTESIAN_POINT('',(0.,-3.));
#6737 = ( GEOMETRIC_REPRESENTATION_CONTEXT(2) 
PARAMETRIC_REPRESENTATION_CONTEXT() REPRESENTATION_CONTEXT('2D SPACE',''
  ) );
#6738 = PCURVE('',#4486,#6739);
#6739 = DEFINITIONAL_REPRESENTATION('',(#6740),#6743);
#6740 = B_SPLINE_CURVE_WITH_KNOTS('',1,(#6741,#6742),.UNSPECIFIED.,.F.,
  .F.,(2,2),(-0.3,1.E-01),.PIECEWISE_BEZIER_KNOTS.);
#6741 = CARTESIAN_POINT('',(1.729250265013,1.898234316662));
#6742 = CARTESIAN_POINT('',(2.003069107385,1.606646865693));
#6743 = ( GEOMETRIC_REPRESENTATION_CONTEXT(2) 
PARAMETRIC_REPRESENTATION_CONTEXT() REPRESENTATION_CONTEXT('2D SPACE',''
  ) );
#6744 = ORIENTED_EDGE('',*,*,#6609,.F.);
#6745 = ADVANCED_FACE('',(#6746),#3689,.T.);
#6746 = FACE_BOUND('',#6747,.T.);
#6747 = EDGE_LOOP('',(#6748,#6749,#6750,#6771));
#6748 = ORIENTED_EDGE('',*,*,#3674,.T.);
#6749 = ORIENTED_EDGE('',*,*,#6678,.T.);
#6750 = ORIENTED_EDGE('',*,*,#6751,.F.);
#6751 = EDGE_CURVE('',#6752,#6658,#6754,.T.);
#6752 = VERTEX_POINT('',#6753);
#6753 = CARTESIAN_POINT('',(-7.257029263531,1.568362162419,20.75));
#6754 = SURFACE_CURVE('',#6755,(#6759,#6765),.PCURVE_S1.);
#6755 = LINE('',#6756,#6757);
#6756 = CARTESIAN_POINT('',(-6.670005355433,0.858772152803,20.75));
#6757 = VECTOR('',#6758,1.);
#6758 = DIRECTION('',(-0.637423989749,0.770513242776,0.));
#6759 = PCURVE('',#3689,#6760);
#6760 = DEFINITIONAL_REPRESENTATION('',(#6761),#6764);
#6761 = B_SPLINE_CURVE_WITH_KNOTS('',1,(#6762,#6763),.UNSPECIFIED.,.F.,
  .F.,(2,2),(0.920931620928,1.28),.PIECEWISE_BEZIER_KNOTS.);
#6762 = CARTESIAN_POINT('',(0.359068379072,-3.));
#6763 = CARTESIAN_POINT('',(0.,-3.));
#6764 = ( GEOMETRIC_REPRESENTATION_CONTEXT(2) 
PARAMETRIC_REPRESENTATION_CONTEXT() REPRESENTATION_CONTEXT('2D SPACE',''
  ) );
#6765 = PCURVE('',#4486,#6766);
#6766 = DEFINITIONAL_REPRESENTATION('',(#6767),#6770);
#6767 = B_SPLINE_CURVE_WITH_KNOTS('',1,(#6768,#6769),.UNSPECIFIED.,.F.,
  .F.,(2,2),(0.920931620928,1.28),.PIECEWISE_BEZIER_KNOTS.);
#6768 = CARTESIAN_POINT('',(-1.557029263531,1.568362162419));
#6769 = CARTESIAN_POINT('',(-1.785908062312,1.845029103556));
#6770 = ( GEOMETRIC_REPRESENTATION_CONTEXT(2) 
PARAMETRIC_REPRESENTATION_CONTEXT() REPRESENTATION_CONTEXT('2D SPACE',''
  ) );
#6771 = ORIENTED_EDGE('',*,*,#6772,.T.);
#6772 = EDGE_CURVE('',#6752,#3642,#6773,.T.);
#6773 = SURFACE_CURVE('',#6774,(#6778,#6784),.PCURVE_S1.);
#6774 = LINE('',#6775,#6776);
#6775 = CARTESIAN_POINT('',(-7.257029263531,1.568362162419,17.75));
#6776 = VECTOR('',#6777,1.);
#6777 = DIRECTION('',(-0.,-0.,-1.));
#6778 = PCURVE('',#3689,#6779);
#6779 = DEFINITIONAL_REPRESENTATION('',(#6780),#6783);
#6780 = B_SPLINE_CURVE_WITH_KNOTS('',1,(#6781,#6782),.UNSPECIFIED.,.F.,
  .F.,(2,2),(-3.5000006,5.999999999062E-07),.PIECEWISE_BEZIER_KNOTS.);
#6781 = CARTESIAN_POINT('',(0.359068379072,-3.5000006));
#6782 = CARTESIAN_POINT('',(0.359068379072,5.999999999062E-07));
#6783 = ( GEOMETRIC_REPRESENTATION_CONTEXT(2) 
PARAMETRIC_REPRESENTATION_CONTEXT() REPRESENTATION_CONTEXT('2D SPACE',''
  ) );
#6784 = PCURVE('',#3662,#6785);
#6785 = DEFINITIONAL_REPRESENTATION('',(#6786),#6789);
#6786 = B_SPLINE_CURVE_WITH_KNOTS('',1,(#6787,#6788),.UNSPECIFIED.,.F.,
  .F.,(2,2),(-3.5000006,5.999999999062E-07),.PIECEWISE_BEZIER_KNOTS.);
#6787 = CARTESIAN_POINT('',(-2.352568432629,-3.5000006));
#6788 = CARTESIAN_POINT('',(-2.352568432629,5.999999999062E-07));
#6789 = ( GEOMETRIC_REPRESENTATION_CONTEXT(2) 
PARAMETRIC_REPRESENTATION_CONTEXT() REPRESENTATION_CONTEXT('2D SPACE',''
  ) );
#6790 = ADVANCED_FACE('',(#6791),#1632,.T.);
#6791 = FACE_BOUND('',#6792,.T.);
#6792 = EDGE_LOOP('',(#6793,#6794,#6815,#6834));
#6793 = ORIENTED_EDGE('',*,*,#1617,.T.);
#6794 = ORIENTED_EDGE('',*,*,#6795,.F.);
#6795 = EDGE_CURVE('',#6796,#1618,#6798,.T.);
#6796 = VERTEX_POINT('',#6797);
#6797 = CARTESIAN_POINT('',(-3.958680476058,1.360847645969,20.75));
#6798 = SURFACE_CURVE('',#6799,(#6803,#6809),.PCURVE_S1.);
#6799 = LINE('',#6800,#6801);
#6800 = CARTESIAN_POINT('',(-3.958680476058,1.360847645969,17.75));
#6801 = VECTOR('',#6802,1.);
#6802 = DIRECTION('',(-0.,-0.,-1.));
#6803 = PCURVE('',#1632,#6804);
#6804 = DEFINITIONAL_REPRESENTATION('',(#6805),#6808);
#6805 = B_SPLINE_CURVE_WITH_KNOTS('',1,(#6806,#6807),.UNSPECIFIED.,.F.,
  .F.,(2,2),(-3.5000006,5.999999999062E-07),.PIECEWISE_BEZIER_KNOTS.);
#6806 = CARTESIAN_POINT('',(0.560931620928,-3.5000006));
#6807 = CARTESIAN_POINT('',(0.560931620928,5.999999999062E-07));
#6808 = ( GEOMETRIC_REPRESENTATION_CONTEXT(2) 
PARAMETRIC_REPRESENTATION_CONTEXT() REPRESENTATION_CONTEXT('2D SPACE',''
  ) );
#6809 = PCURVE('',#1664,#6810);
#6810 = DEFINITIONAL_REPRESENTATION('',(#6811),#6814);
#6811 = B_SPLINE_CURVE_WITH_KNOTS('',1,(#6812,#6813),.UNSPECIFIED.,.F.,
  .F.,(2,2),(-3.5000006,5.999999999062E-07),.PIECEWISE_BEZIER_KNOTS.);
#6812 = CARTESIAN_POINT('',(-0.663360514817,-3.5000006));
#6813 = CARTESIAN_POINT('',(-0.663360514817,5.999999999062E-07));
#6814 = ( GEOMETRIC_REPRESENTATION_CONTEXT(2) 
PARAMETRIC_REPRESENTATION_CONTEXT() REPRESENTATION_CONTEXT('2D SPACE',''
  ) );
#6815 = ORIENTED_EDGE('',*,*,#6816,.F.);
#6816 = EDGE_CURVE('',#6704,#6796,#6817,.T.);
#6817 = SURFACE_CURVE('',#6818,(#6822,#6828),.PCURVE_S1.);
#6818 = LINE('',#6819,#6820);
#6819 = CARTESIAN_POINT('',(-4.965336304329,0.415534901377,20.75));
#6820 = VECTOR('',#6821,1.);
#6821 = DIRECTION('',(-0.728968627421,-0.684547105929,0.));
#6822 = PCURVE('',#1632,#6823);
#6823 = DEFINITIONAL_REPRESENTATION('',(#6824),#6827);
#6824 = B_SPLINE_CURVE_WITH_KNOTS('',1,(#6825,#6826),.UNSPECIFIED.,.F.,
  .F.,(2,2),(-1.74,-1.380931620928),.PIECEWISE_BEZIER_KNOTS.);
#6825 = CARTESIAN_POINT('',(0.92,-3.));
#6826 = CARTESIAN_POINT('',(0.560931620928,-3.));
#6827 = ( GEOMETRIC_REPRESENTATION_CONTEXT(2) 
PARAMETRIC_REPRESENTATION_CONTEXT() REPRESENTATION_CONTEXT('2D SPACE',''
  ) );
#6828 = PCURVE('',#4486,#6829);
#6829 = DEFINITIONAL_REPRESENTATION('',(#6830),#6833);
#6830 = B_SPLINE_CURVE_WITH_KNOTS('',1,(#6831,#6832),.UNSPECIFIED.,.F.,
  .F.,(2,2),(-1.74,-1.380931620928),.PIECEWISE_BEZIER_KNOTS.);
#6831 = CARTESIAN_POINT('',(2.003069107385,1.606646865693));
#6832 = CARTESIAN_POINT('',(1.741319523942,1.360847645969));
#6833 = ( GEOMETRIC_REPRESENTATION_CONTEXT(2) 
PARAMETRIC_REPRESENTATION_CONTEXT() REPRESENTATION_CONTEXT('2D SPACE',''
  ) );
#6834 = ORIENTED_EDGE('',*,*,#6703,.F.);
#6835 = ADVANCED_FACE('',(#6836),#3662,.F.);
#6836 = FACE_BOUND('',#6837,.T.);
#6837 = EDGE_LOOP('',(#6838,#6839,#6840,#6868));
#6838 = ORIENTED_EDGE('',*,*,#3641,.T.);
#6839 = ORIENTED_EDGE('',*,*,#6772,.F.);
#6840 = ORIENTED_EDGE('',*,*,#6841,.F.);
#6841 = EDGE_CURVE('',#6842,#6752,#6844,.T.);
#6842 = VERTEX_POINT('',#6843);
#6843 = CARTESIAN_POINT('',(-7.363034034329,1.455478546961,20.75));
#6844 = SURFACE_CURVE('',#6845,(#6850,#6857),.PCURVE_S1.);
#6845 = CIRCLE('',#6846,2.21);
#6846 = AXIS2_PLACEMENT_3D('',#6847,#6848,#6849);
#6847 = CARTESIAN_POINT('',(-5.7,0.,20.75));
#6848 = DIRECTION('',(0.,0.,-1.));
#6849 = DIRECTION('',(1.,0.,0.));
#6850 = PCURVE('',#3662,#6851);
#6851 = DEFINITIONAL_REPRESENTATION('',(#6852),#6856);
#6852 = LINE('',#6853,#6854);
#6853 = CARTESIAN_POINT('',(-6.28318530718,-3.));
#6854 = VECTOR('',#6855,1.);
#6855 = DIRECTION('',(1.,-0.));
#6856 = ( GEOMETRIC_REPRESENTATION_CONTEXT(2) 
PARAMETRIC_REPRESENTATION_CONTEXT() REPRESENTATION_CONTEXT('2D SPACE',''
  ) );
#6857 = PCURVE('',#4486,#6858);
#6858 = DEFINITIONAL_REPRESENTATION('',(#6859),#6867);
#6859 = ( BOUNDED_CURVE() B_SPLINE_CURVE(2,(#6860,#6861,#6862,#6863,
#6864,#6865,#6866),.UNSPECIFIED.,.T.,.F.) B_SPLINE_CURVE_WITH_KNOTS((1,2
    ,2,2,2,1),(-2.094395102393,0.,2.094395102393,4.188790204786,
6.28318530718,8.377580409573),.UNSPECIFIED.) CURVE() 
GEOMETRIC_REPRESENTATION_ITEM() RATIONAL_B_SPLINE_CURVE((1.,0.5,1.,0.5,
1.,0.5,1.)) REPRESENTATION_ITEM('') );
#6860 = CARTESIAN_POINT('',(2.21,-2.924450111184E-17));
#6861 = CARTESIAN_POINT('',(2.21,-3.827832284727));
#6862 = CARTESIAN_POINT('',(-1.105,-1.913916142364));
#6863 = CARTESIAN_POINT('',(-4.42,-5.70538386335E-16));
#6864 = CARTESIAN_POINT('',(-1.105,1.913916142364));
#6865 = CARTESIAN_POINT('',(2.21,3.827832284727));
#6866 = CARTESIAN_POINT('',(2.21,-2.924450111184E-17));
#6867 = ( GEOMETRIC_REPRESENTATION_CONTEXT(2) 
PARAMETRIC_REPRESENTATION_CONTEXT() REPRESENTATION_CONTEXT('2D SPACE',''
  ) );
#6868 = ORIENTED_EDGE('',*,*,#6869,.T.);
#6869 = EDGE_CURVE('',#6842,#3616,#6870,.T.);
#6870 = SURFACE_CURVE('',#6871,(#6875,#6881),.PCURVE_S1.);
#6871 = LINE('',#6872,#6873);
#6872 = CARTESIAN_POINT('',(-7.363034034329,1.455478546961,17.75));
#6873 = VECTOR('',#6874,1.);
#6874 = DIRECTION('',(-0.,-0.,-1.));
#6875 = PCURVE('',#3662,#6876);
#6876 = DEFINITIONAL_REPRESENTATION('',(#6877),#6880);
#6877 = B_SPLINE_CURVE_WITH_KNOTS('',1,(#6878,#6879),.UNSPECIFIED.,.F.,
  .F.,(2,2),(-3.5000006,5.999999999062E-07),.PIECEWISE_BEZIER_KNOTS.);
#6878 = CARTESIAN_POINT('',(-2.422652400828,-3.5000006));
#6879 = CARTESIAN_POINT('',(-2.422652400828,5.999999999062E-07));
#6880 = ( GEOMETRIC_REPRESENTATION_CONTEXT(2) 
PARAMETRIC_REPRESENTATION_CONTEXT() REPRESENTATION_CONTEXT('2D SPACE',''
  ) );
#6881 = PCURVE('',#3630,#6882);
#6882 = DEFINITIONAL_REPRESENTATION('',(#6883),#6886);
#6883 = B_SPLINE_CURVE_WITH_KNOTS('',1,(#6884,#6885),.UNSPECIFIED.,.F.,
  .F.,(2,2),(-3.5000006,5.999999999062E-07),.PIECEWISE_BEZIER_KNOTS.);
#6884 = CARTESIAN_POINT('',(0.560931620928,-3.5000006));
#6885 = CARTESIAN_POINT('',(0.560931620928,5.999999999062E-07));
#6886 = ( GEOMETRIC_REPRESENTATION_CONTEXT(2) 
PARAMETRIC_REPRESENTATION_CONTEXT() REPRESENTATION_CONTEXT('2D SPACE',''
  ) );
#6887 = ADVANCED_FACE('',(#6888),#1664,.F.);
#6888 = FACE_BOUND('',#6889,.T.);
#6889 = EDGE_LOOP('',(#6890,#6891,#6912,#6938));
#6890 = ORIENTED_EDGE('',*,*,#1643,.T.);
#6891 = ORIENTED_EDGE('',*,*,#6892,.F.);
#6892 = EDGE_CURVE('',#6893,#1644,#6895,.T.);
#6893 = VERTEX_POINT('',#6894);
#6894 = CARTESIAN_POINT('',(-3.867659653082,1.235568230837,20.75));
#6895 = SURFACE_CURVE('',#6896,(#6900,#6906),.PCURVE_S1.);
#6896 = LINE('',#6897,#6898);
#6897 = CARTESIAN_POINT('',(-3.867659653082,1.235568230837,17.75));
#6898 = VECTOR('',#6899,1.);
#6899 = DIRECTION('',(-0.,-0.,-1.));
#6900 = PCURVE('',#1664,#6901);
#6901 = DEFINITIONAL_REPRESENTATION('',(#6902),#6905);
#6902 = B_SPLINE_CURVE_WITH_KNOTS('',1,(#6903,#6904),.UNSPECIFIED.,.F.,
  .F.,(2,2),(-3.5000006,5.999999999062E-07),.PIECEWISE_BEZIER_KNOTS.);
#6903 = CARTESIAN_POINT('',(-0.593276546619,-3.5000006));
#6904 = CARTESIAN_POINT('',(-0.593276546619,5.999999999062E-07));
#6905 = ( GEOMETRIC_REPRESENTATION_CONTEXT(2) 
PARAMETRIC_REPRESENTATION_CONTEXT() REPRESENTATION_CONTEXT('2D SPACE',''
  ) );
#6906 = PCURVE('',#1691,#6907);
#6907 = DEFINITIONAL_REPRESENTATION('',(#6908),#6911);
#6908 = B_SPLINE_CURVE_WITH_KNOTS('',1,(#6909,#6910),.UNSPECIFIED.,.F.,
  .F.,(2,2),(-3.5000006,5.999999999062E-07),.PIECEWISE_BEZIER_KNOTS.);
#6909 = CARTESIAN_POINT('',(0.359068379072,-3.5000006));
#6910 = CARTESIAN_POINT('',(0.359068379072,5.999999999062E-07));
#6911 = ( GEOMETRIC_REPRESENTATION_CONTEXT(2) 
PARAMETRIC_REPRESENTATION_CONTEXT() REPRESENTATION_CONTEXT('2D SPACE',''
  ) );
#6912 = ORIENTED_EDGE('',*,*,#6913,.F.);
#6913 = EDGE_CURVE('',#6796,#6893,#6914,.T.);
#6914 = SURFACE_CURVE('',#6915,(#6920,#6927),.PCURVE_S1.);
#6915 = CIRCLE('',#6916,2.21);
#6916 = AXIS2_PLACEMENT_3D('',#6917,#6918,#6919);
#6917 = CARTESIAN_POINT('',(-5.7,0.,20.75));
#6918 = DIRECTION('',(0.,0.,-1.));
#6919 = DIRECTION('',(1.,0.,0.));
#6920 = PCURVE('',#1664,#6921);
#6921 = DEFINITIONAL_REPRESENTATION('',(#6922),#6926);
#6922 = LINE('',#6923,#6924);
#6923 = CARTESIAN_POINT('',(-6.28318530718,-3.));
#6924 = VECTOR('',#6925,1.);
#6925 = DIRECTION('',(1.,-0.));
#6926 = ( GEOMETRIC_REPRESENTATION_CONTEXT(2) 
PARAMETRIC_REPRESENTATION_CONTEXT() REPRESENTATION_CONTEXT('2D SPACE',''
  ) );
#6927 = PCURVE('',#4486,#6928);
#6928 = DEFINITIONAL_REPRESENTATION('',(#6929),#6937);
#6929 = ( BOUNDED_CURVE() B_SPLINE_CURVE(2,(#6930,#6931,#6932,#6933,
#6934,#6935,#6936),.UNSPECIFIED.,.T.,.F.) B_SPLINE_CURVE_WITH_KNOTS((1,2
    ,2,2,2,1),(-2.094395102393,0.,2.094395102393,4.188790204786,
6.28318530718,8.377580409573),.UNSPECIFIED.) CURVE() 
GEOMETRIC_REPRESENTATION_ITEM() RATIONAL_B_SPLINE_CURVE((1.,0.5,1.,0.5,
1.,0.5,1.)) REPRESENTATION_ITEM('') );
#6930 = CARTESIAN_POINT('',(2.21,-2.924450111184E-17));
#6931 = CARTESIAN_POINT('',(2.21,-3.827832284727));
#6932 = CARTESIAN_POINT('',(-1.105,-1.913916142364));
#6933 = CARTESIAN_POINT('',(-4.42,-5.70538386335E-16));
#6934 = CARTESIAN_POINT('',(-1.105,1.913916142364));
#6935 = CARTESIAN_POINT('',(2.21,3.827832284727));
#6936 = CARTESIAN_POINT('',(2.21,-2.924450111184E-17));
#6937 = ( GEOMETRIC_REPRESENTATION_CONTEXT(2) 
PARAMETRIC_REPRESENTATION_CONTEXT() REPRESENTATION_CONTEXT('2D SPACE',''
  ) );
#6938 = ORIENTED_EDGE('',*,*,#6795,.T.);
#6939 = ADVANCED_FACE('',(#6940),#3630,.T.);
#6940 = FACE_BOUND('',#6941,.T.);
#6941 = EDGE_LOOP('',(#6942,#6943,#6944,#6965));
#6942 = ORIENTED_EDGE('',*,*,#3615,.T.);
#6943 = ORIENTED_EDGE('',*,*,#6869,.F.);
#6944 = ORIENTED_EDGE('',*,*,#6945,.F.);
#6945 = EDGE_CURVE('',#6946,#6842,#6948,.T.);
#6946 = VERTEX_POINT('',#6947);
#6947 = CARTESIAN_POINT('',(-7.653526455141,1.666533644744,20.75));
#6948 = SURFACE_CURVE('',#6949,(#6953,#6959),.PCURVE_S1.);
#6949 = LINE('',#6950,#6951);
#6950 = CARTESIAN_POINT('',(-6.245836884929,0.643787305755,20.75));
#6951 = VECTOR('',#6952,1.);
#6952 = DIRECTION('',(0.809016994375,-0.587785252292,0.));
#6953 = PCURVE('',#3630,#6954);
#6954 = DEFINITIONAL_REPRESENTATION('',(#6955),#6958);
#6955 = B_SPLINE_CURVE_WITH_KNOTS('',1,(#6956,#6957),.UNSPECIFIED.,.F.,
  .F.,(2,2),(-1.74,-1.380931620928),.PIECEWISE_BEZIER_KNOTS.);
#6956 = CARTESIAN_POINT('',(0.92,-3.));
#6957 = CARTESIAN_POINT('',(0.560931620928,-3.));
#6958 = ( GEOMETRIC_REPRESENTATION_CONTEXT(2) 
PARAMETRIC_REPRESENTATION_CONTEXT() REPRESENTATION_CONTEXT('2D SPACE',''
  ) );
#6959 = PCURVE('',#4486,#6960);
#6960 = DEFINITIONAL_REPRESENTATION('',(#6961),#6964);
#6961 = B_SPLINE_CURVE_WITH_KNOTS('',1,(#6962,#6963),.UNSPECIFIED.,.F.,
  .F.,(2,2),(-1.74,-1.380931620928),.PIECEWISE_BEZIER_KNOTS.);
#6962 = CARTESIAN_POINT('',(-1.953526455141,1.666533644744));
#6963 = CARTESIAN_POINT('',(-1.663034034329,1.455478546961));
#6964 = ( GEOMETRIC_REPRESENTATION_CONTEXT(2) 
PARAMETRIC_REPRESENTATION_CONTEXT() REPRESENTATION_CONTEXT('2D SPACE',''
  ) );
#6965 = ORIENTED_EDGE('',*,*,#6966,.F.);
#6966 = EDGE_CURVE('',#3590,#6946,#6967,.T.);
#6967 = SURFACE_CURVE('',#6968,(#6972,#6979),.PCURVE_S1.);
#6968 = LINE('',#6969,#6970);
#6969 = CARTESIAN_POINT('',(-7.653526455141,1.666533644744,17.75));
#6970 = VECTOR('',#6971,1.);
#6971 = DIRECTION('',(0.,0.,1.));
#6972 = PCURVE('',#3630,#6973);
#6973 = DEFINITIONAL_REPRESENTATION('',(#6974),#6978);
#6974 = LINE('',#6975,#6976);
#6975 = CARTESIAN_POINT('',(0.92,0.));
#6976 = VECTOR('',#6977,1.);
#6977 = DIRECTION('',(0.,-1.));
#6978 = ( GEOMETRIC_REPRESENTATION_CONTEXT(2) 
PARAMETRIC_REPRESENTATION_CONTEXT() REPRESENTATION_CONTEXT('2D SPACE',''
  ) );
#6979 = PCURVE('',#3604,#6980);
#6980 = DEFINITIONAL_REPRESENTATION('',(#6981),#6985);
#6981 = LINE('',#6982,#6983);
#6982 = CARTESIAN_POINT('',(0.,0.));
#6983 = VECTOR('',#6984,1.);
#6984 = DIRECTION('',(0.,-1.));
#6985 = ( GEOMETRIC_REPRESENTATION_CONTEXT(2) 
PARAMETRIC_REPRESENTATION_CONTEXT() REPRESENTATION_CONTEXT('2D SPACE',''
  ) );
#6986 = ADVANCED_FACE('',(#6987),#1691,.T.);
#6987 = FACE_BOUND('',#6988,.T.);
#6988 = EDGE_LOOP('',(#6989,#6990,#7013,#7032));
#6989 = ORIENTED_EDGE('',*,*,#1676,.T.);
#6990 = ORIENTED_EDGE('',*,*,#6991,.T.);
#6991 = EDGE_CURVE('',#1677,#6992,#6994,.T.);
#6992 = VERTEX_POINT('',#6993);
#6993 = CARTESIAN_POINT('',(-3.553005633908,1.408550741709,20.75));
#6994 = SURFACE_CURVE('',#6995,(#6999,#7006),.PCURVE_S1.);
#6995 = LINE('',#6996,#6997);
#6996 = CARTESIAN_POINT('',(-3.553005633908,1.408550741709,17.75));
#6997 = VECTOR('',#6998,1.);
#6998 = DIRECTION('',(0.,0.,1.));
#6999 = PCURVE('',#1691,#7000);
#7000 = DEFINITIONAL_REPRESENTATION('',(#7001),#7005);
#7001 = LINE('',#7002,#7003);
#7002 = CARTESIAN_POINT('',(0.,0.));
#7003 = VECTOR('',#7004,1.);
#7004 = DIRECTION('',(0.,-1.));
#7005 = ( GEOMETRIC_REPRESENTATION_CONTEXT(2) 
PARAMETRIC_REPRESENTATION_CONTEXT() REPRESENTATION_CONTEXT('2D SPACE',''
  ) );
#7006 = PCURVE('',#1717,#7007);
#7007 = DEFINITIONAL_REPRESENTATION('',(#7008),#7012);
#7008 = LINE('',#7009,#7010);
#7009 = CARTESIAN_POINT('',(0.4,0.));
#7010 = VECTOR('',#7011,1.);
#7011 = DIRECTION('',(0.,-1.));
#7012 = ( GEOMETRIC_REPRESENTATION_CONTEXT(2) 
PARAMETRIC_REPRESENTATION_CONTEXT() REPRESENTATION_CONTEXT('2D SPACE',''
  ) );
#7013 = ORIENTED_EDGE('',*,*,#7014,.F.);
#7014 = EDGE_CURVE('',#6893,#6992,#7015,.T.);
#7015 = SURFACE_CURVE('',#7016,(#7020,#7026),.PCURVE_S1.);
#7016 = LINE('',#7017,#7018);
#7017 = CARTESIAN_POINT('',(-4.674678184364,0.791906038859,20.75));
#7018 = VECTOR('',#7019,1.);
#7019 = DIRECTION('',(0.876306680044,0.481753674102,-0.));
#7020 = PCURVE('',#1691,#7021);
#7021 = DEFINITIONAL_REPRESENTATION('',(#7022),#7025);
#7022 = B_SPLINE_CURVE_WITH_KNOTS('',1,(#7023,#7024),.UNSPECIFIED.,.F.,
  .F.,(2,2),(0.920931620928,1.28),.PIECEWISE_BEZIER_KNOTS.);
#7023 = CARTESIAN_POINT('',(0.359068379072,-3.));
#7024 = CARTESIAN_POINT('',(0.,-3.));
#7025 = ( GEOMETRIC_REPRESENTATION_CONTEXT(2) 
PARAMETRIC_REPRESENTATION_CONTEXT() REPRESENTATION_CONTEXT('2D SPACE',''
  ) );
#7026 = PCURVE('',#4486,#7027);
#7027 = DEFINITIONAL_REPRESENTATION('',(#7028),#7031);
#7028 = B_SPLINE_CURVE_WITH_KNOTS('',1,(#7029,#7030),.UNSPECIFIED.,.F.,
  .F.,(2,2),(0.920931620928,1.28),.PIECEWISE_BEZIER_KNOTS.);
#7029 = CARTESIAN_POINT('',(1.832340346918,1.235568230837));
#7030 = CARTESIAN_POINT('',(2.146994366092,1.408550741709));
#7031 = ( GEOMETRIC_REPRESENTATION_CONTEXT(2) 
PARAMETRIC_REPRESENTATION_CONTEXT() REPRESENTATION_CONTEXT('2D SPACE',''
  ) );
#7032 = ORIENTED_EDGE('',*,*,#6892,.T.);
#7033 = ADVANCED_FACE('',(#7034),#3604,.T.);
#7034 = FACE_BOUND('',#7035,.T.);
#7035 = EDGE_LOOP('',(#7036,#7037,#7038,#7059));
#7036 = ORIENTED_EDGE('',*,*,#3589,.T.);
#7037 = ORIENTED_EDGE('',*,*,#6966,.T.);
#7038 = ORIENTED_EDGE('',*,*,#7039,.F.);
#7039 = EDGE_CURVE('',#7040,#6946,#7042,.T.);
#7040 = VERTEX_POINT('',#7041);
#7041 = CARTESIAN_POINT('',(-7.888640556058,1.342926846994,20.75));
#7042 = SURFACE_CURVE('',#7043,(#7047,#7053),.PCURVE_S1.);
#7043 = LINE('',#7044,#7045);
#7044 = CARTESIAN_POINT('',(-7.712304980371,1.585631945306,20.75));
#7045 = VECTOR('',#7046,1.);
#7046 = DIRECTION('',(0.587785252292,0.809016994375,-0.));
#7047 = PCURVE('',#3604,#7048);
#7048 = DEFINITIONAL_REPRESENTATION('',(#7049),#7052);
#7049 = B_SPLINE_CURVE_WITH_KNOTS('',1,(#7050,#7051),.UNSPECIFIED.,.F.,
  .F.,(2,2),(-0.3,1.E-01),.PIECEWISE_BEZIER_KNOTS.);
#7050 = CARTESIAN_POINT('',(0.4,-3.));
#7051 = CARTESIAN_POINT('',(0.,-3.));
#7052 = ( GEOMETRIC_REPRESENTATION_CONTEXT(2) 
PARAMETRIC_REPRESENTATION_CONTEXT() REPRESENTATION_CONTEXT('2D SPACE',''
  ) );
#7053 = PCURVE('',#4486,#7054);
#7054 = DEFINITIONAL_REPRESENTATION('',(#7055),#7058);
#7055 = B_SPLINE_CURVE_WITH_KNOTS('',1,(#7056,#7057),.UNSPECIFIED.,.F.,
  .F.,(2,2),(-0.3,1.E-01),.PIECEWISE_BEZIER_KNOTS.);
#7056 = CARTESIAN_POINT('',(-2.188640556058,1.342926846994));
#7057 = CARTESIAN_POINT('',(-1.953526455141,1.666533644744));
#7058 = ( GEOMETRIC_REPRESENTATION_CONTEXT(2) 
PARAMETRIC_REPRESENTATION_CONTEXT() REPRESENTATION_CONTEXT('2D SPACE',''
  ) );
#7059 = ORIENTED_EDGE('',*,*,#7060,.F.);
#7060 = EDGE_CURVE('',#3564,#7040,#7061,.T.);
#7061 = SURFACE_CURVE('',#7062,(#7066,#7073),.PCURVE_S1.);
#7062 = LINE('',#7063,#7064);
#7063 = CARTESIAN_POINT('',(-7.888640556058,1.342926846994,17.75));
#7064 = VECTOR('',#7065,1.);
#7065 = DIRECTION('',(0.,0.,1.));
#7066 = PCURVE('',#3604,#7067);
#7067 = DEFINITIONAL_REPRESENTATION('',(#7068),#7072);
#7068 = LINE('',#7069,#7070);
#7069 = CARTESIAN_POINT('',(0.4,0.));
#7070 = VECTOR('',#7071,1.);
#7071 = DIRECTION('',(0.,-1.));
#7072 = ( GEOMETRIC_REPRESENTATION_CONTEXT(2) 
PARAMETRIC_REPRESENTATION_CONTEXT() REPRESENTATION_CONTEXT('2D SPACE',''
  ) );
#7073 = PCURVE('',#3578,#7074);
#7074 = DEFINITIONAL_REPRESENTATION('',(#7075),#7079);
#7075 = LINE('',#7076,#7077);
#7076 = CARTESIAN_POINT('',(0.,0.));
#7077 = VECTOR('',#7078,1.);
#7078 = DIRECTION('',(0.,-1.));
#7079 = ( GEOMETRIC_REPRESENTATION_CONTEXT(2) 
PARAMETRIC_REPRESENTATION_CONTEXT() REPRESENTATION_CONTEXT('2D SPACE',''
  ) );
#7080 = ADVANCED_FACE('',(#7081),#1717,.T.);
#7081 = FACE_BOUND('',#7082,.T.);
#7082 = EDGE_LOOP('',(#7083,#7084,#7107,#7126));
#7083 = ORIENTED_EDGE('',*,*,#1702,.T.);
#7084 = ORIENTED_EDGE('',*,*,#7085,.T.);
#7085 = EDGE_CURVE('',#1703,#7086,#7088,.T.);
#7086 = VERTEX_POINT('',#7087);
#7087 = CARTESIAN_POINT('',(-3.360304164267,1.058028069692,20.75));
#7088 = SURFACE_CURVE('',#7089,(#7093,#7100),.PCURVE_S1.);
#7089 = LINE('',#7090,#7091);
#7090 = CARTESIAN_POINT('',(-3.360304164267,1.058028069692,17.75));
#7091 = VECTOR('',#7092,1.);
#7092 = DIRECTION('',(0.,0.,1.));
#7093 = PCURVE('',#1717,#7094);
#7094 = DEFINITIONAL_REPRESENTATION('',(#7095),#7099);
#7095 = LINE('',#7096,#7097);
#7096 = CARTESIAN_POINT('',(0.,0.));
#7097 = VECTOR('',#7098,1.);
#7098 = DIRECTION('',(0.,-1.));
#7099 = ( GEOMETRIC_REPRESENTATION_CONTEXT(2) 
PARAMETRIC_REPRESENTATION_CONTEXT() REPRESENTATION_CONTEXT('2D SPACE',''
  ) );
#7100 = PCURVE('',#1743,#7101);
#7101 = DEFINITIONAL_REPRESENTATION('',(#7102),#7106);
#7102 = LINE('',#7103,#7104);
#7103 = CARTESIAN_POINT('',(0.92,0.));
#7104 = VECTOR('',#7105,1.);
#7105 = DIRECTION('',(0.,-1.));
#7106 = ( GEOMETRIC_REPRESENTATION_CONTEXT(2) 
PARAMETRIC_REPRESENTATION_CONTEXT() REPRESENTATION_CONTEXT('2D SPACE',''
  ) );
#7107 = ORIENTED_EDGE('',*,*,#7108,.F.);
#7108 = EDGE_CURVE('',#6992,#7086,#7109,.T.);
#7109 = SURFACE_CURVE('',#7110,(#7114,#7120),.PCURVE_S1.);
#7110 = LINE('',#7111,#7112);
#7111 = CARTESIAN_POINT('',(-3.408479531678,1.145658737696,20.75));
#7112 = VECTOR('',#7113,1.);
#7113 = DIRECTION('',(0.481753674102,-0.876306680044,0.));
#7114 = PCURVE('',#1717,#7115);
#7115 = DEFINITIONAL_REPRESENTATION('',(#7116),#7119);
#7116 = B_SPLINE_CURVE_WITH_KNOTS('',1,(#7117,#7118),.UNSPECIFIED.,.F.,
  .F.,(2,2),(-0.3,1.E-01),.PIECEWISE_BEZIER_KNOTS.);
#7117 = CARTESIAN_POINT('',(0.4,-3.));
#7118 = CARTESIAN_POINT('',(0.,-3.));
#7119 = ( GEOMETRIC_REPRESENTATION_CONTEXT(2) 
PARAMETRIC_REPRESENTATION_CONTEXT() REPRESENTATION_CONTEXT('2D SPACE',''
  ) );
#7120 = PCURVE('',#4486,#7121);
#7121 = DEFINITIONAL_REPRESENTATION('',(#7122),#7125);
#7122 = B_SPLINE_CURVE_WITH_KNOTS('',1,(#7123,#7124),.UNSPECIFIED.,.F.,
  .F.,(2,2),(-0.3,1.E-01),.PIECEWISE_BEZIER_KNOTS.);
#7123 = CARTESIAN_POINT('',(2.146994366092,1.408550741709));
#7124 = CARTESIAN_POINT('',(2.339695835733,1.058028069692));
#7125 = ( GEOMETRIC_REPRESENTATION_CONTEXT(2) 
PARAMETRIC_REPRESENTATION_CONTEXT() REPRESENTATION_CONTEXT('2D SPACE',''
  ) );
#7126 = ORIENTED_EDGE('',*,*,#6991,.F.);
#7127 = ADVANCED_FACE('',(#7128),#3578,.T.);
#7128 = FACE_BOUND('',#7129,.T.);
#7129 = EDGE_LOOP('',(#7130,#7131,#7132,#7153));
#7130 = ORIENTED_EDGE('',*,*,#3563,.T.);
#7131 = ORIENTED_EDGE('',*,*,#7060,.T.);
#7132 = ORIENTED_EDGE('',*,*,#7133,.F.);
#7133 = EDGE_CURVE('',#7134,#7040,#7136,.T.);
#7134 = VERTEX_POINT('',#7135);
#7135 = CARTESIAN_POINT('',(-7.598148135246,1.131871749211,20.75));
#7136 = SURFACE_CURVE('',#7137,(#7141,#7147),.PCURVE_S1.);
#7137 = LINE('',#7138,#7139);
#7138 = CARTESIAN_POINT('',(-6.853098803258,0.590561724059,20.75));
#7139 = VECTOR('',#7140,1.);
#7140 = DIRECTION('',(-0.809016994375,0.587785252292,0.));
#7141 = PCURVE('',#3578,#7142);
#7142 = DEFINITIONAL_REPRESENTATION('',(#7143),#7146);
#7143 = B_SPLINE_CURVE_WITH_KNOTS('',1,(#7144,#7145),.UNSPECIFIED.,.F.,
  .F.,(2,2),(0.920931620928,1.28),.PIECEWISE_BEZIER_KNOTS.);
#7144 = CARTESIAN_POINT('',(0.359068379072,-3.));
#7145 = CARTESIAN_POINT('',(0.,-3.));
#7146 = ( GEOMETRIC_REPRESENTATION_CONTEXT(2) 
PARAMETRIC_REPRESENTATION_CONTEXT() REPRESENTATION_CONTEXT('2D SPACE',''
  ) );
#7147 = PCURVE('',#4486,#7148);
#7148 = DEFINITIONAL_REPRESENTATION('',(#7149),#7152);
#7149 = B_SPLINE_CURVE_WITH_KNOTS('',1,(#7150,#7151),.UNSPECIFIED.,.F.,
  .F.,(2,2),(0.920931620928,1.28),.PIECEWISE_BEZIER_KNOTS.);
#7150 = CARTESIAN_POINT('',(-1.898148135246,1.131871749211));
#7151 = CARTESIAN_POINT('',(-2.188640556058,1.342926846994));
#7152 = ( GEOMETRIC_REPRESENTATION_CONTEXT(2) 
PARAMETRIC_REPRESENTATION_CONTEXT() REPRESENTATION_CONTEXT('2D SPACE',''
  ) );
#7153 = ORIENTED_EDGE('',*,*,#7154,.T.);
#7154 = EDGE_CURVE('',#7134,#3531,#7155,.T.);
#7155 = SURFACE_CURVE('',#7156,(#7160,#7166),.PCURVE_S1.);
#7156 = LINE('',#7157,#7158);
#7157 = CARTESIAN_POINT('',(-7.598148135246,1.131871749211,17.75));
#7158 = VECTOR('',#7159,1.);
#7159 = DIRECTION('',(-0.,-0.,-1.));
#7160 = PCURVE('',#3578,#7161);
#7161 = DEFINITIONAL_REPRESENTATION('',(#7162),#7165);
#7162 = B_SPLINE_CURVE_WITH_KNOTS('',1,(#7163,#7164),.UNSPECIFIED.,.F.,
  .F.,(2,2),(-3.5000006,5.999999999062E-07),.PIECEWISE_BEZIER_KNOTS.);
#7163 = CARTESIAN_POINT('',(0.359068379072,-3.5000006));
#7164 = CARTESIAN_POINT('',(0.359068379072,5.999999999062E-07));
#7165 = ( GEOMETRIC_REPRESENTATION_CONTEXT(2) 
PARAMETRIC_REPRESENTATION_CONTEXT() REPRESENTATION_CONTEXT('2D SPACE',''
  ) );
#7166 = PCURVE('',#3551,#7167);
#7167 = DEFINITIONAL_REPRESENTATION('',(#7168),#7171);
#7168 = B_SPLINE_CURVE_WITH_KNOTS('',1,(#7169,#7170),.UNSPECIFIED.,.F.,
  .F.,(2,2),(-3.5000006,5.999999999062E-07),.PIECEWISE_BEZIER_KNOTS.);
#7169 = CARTESIAN_POINT('',(-2.603895844916,-3.5000006));
#7170 = CARTESIAN_POINT('',(-2.603895844916,5.999999999062E-07));
#7171 = ( GEOMETRIC_REPRESENTATION_CONTEXT(2) 
PARAMETRIC_REPRESENTATION_CONTEXT() REPRESENTATION_CONTEXT('2D SPACE',''
  ) );
#7172 = ADVANCED_FACE('',(#7173),#1743,.T.);
#7173 = FACE_BOUND('',#7174,.T.);
#7174 = EDGE_LOOP('',(#7175,#7176,#7197,#7216));
#7175 = ORIENTED_EDGE('',*,*,#1728,.T.);
#7176 = ORIENTED_EDGE('',*,*,#7177,.F.);
#7177 = EDGE_CURVE('',#7178,#1729,#7180,.T.);
#7178 = VERTEX_POINT('',#7179);
#7179 = CARTESIAN_POINT('',(-3.674958183441,0.88504555882,20.75));
#7180 = SURFACE_CURVE('',#7181,(#7185,#7191),.PCURVE_S1.);
#7181 = LINE('',#7182,#7183);
#7182 = CARTESIAN_POINT('',(-3.674958183441,0.88504555882,17.75));
#7183 = VECTOR('',#7184,1.);
#7184 = DIRECTION('',(-0.,-0.,-1.));
#7185 = PCURVE('',#1743,#7186);
#7186 = DEFINITIONAL_REPRESENTATION('',(#7187),#7190);
#7187 = B_SPLINE_CURVE_WITH_KNOTS('',1,(#7188,#7189),.UNSPECIFIED.,.F.,
  .F.,(2,2),(-3.5000006,5.999999999062E-07),.PIECEWISE_BEZIER_KNOTS.);
#7188 = CARTESIAN_POINT('',(0.560931620928,-3.5000006));
#7189 = CARTESIAN_POINT('',(0.560931620928,5.999999999062E-07));
#7190 = ( GEOMETRIC_REPRESENTATION_CONTEXT(2) 
PARAMETRIC_REPRESENTATION_CONTEXT() REPRESENTATION_CONTEXT('2D SPACE',''
  ) );
#7191 = PCURVE('',#1775,#7192);
#7192 = DEFINITIONAL_REPRESENTATION('',(#7193),#7196);
#7193 = B_SPLINE_CURVE_WITH_KNOTS('',1,(#7194,#7195),.UNSPECIFIED.,.F.,
  .F.,(2,2),(-3.5000006,5.999999999062E-07),.PIECEWISE_BEZIER_KNOTS.);
#7194 = CARTESIAN_POINT('',(-0.41203310253,-3.5000006));
#7195 = CARTESIAN_POINT('',(-0.41203310253,5.999999999062E-07));
#7196 = ( GEOMETRIC_REPRESENTATION_CONTEXT(2) 
PARAMETRIC_REPRESENTATION_CONTEXT() REPRESENTATION_CONTEXT('2D SPACE',''
  ) );
#7197 = ORIENTED_EDGE('',*,*,#7198,.F.);
#7198 = EDGE_CURVE('',#7086,#7178,#7199,.T.);
#7199 = SURFACE_CURVE('',#7200,(#7204,#7210),.PCURVE_S1.);
#7200 = LINE('',#7201,#7202);
#7201 = CARTESIAN_POINT('',(-4.885077787544,0.219776676755,20.75));
#7202 = VECTOR('',#7203,1.);
#7203 = DIRECTION('',(-0.876306680044,-0.481753674102,0.));
#7204 = PCURVE('',#1743,#7205);
#7205 = DEFINITIONAL_REPRESENTATION('',(#7206),#7209);
#7206 = B_SPLINE_CURVE_WITH_KNOTS('',1,(#7207,#7208),.UNSPECIFIED.,.F.,
  .F.,(2,2),(-1.74,-1.380931620928),.PIECEWISE_BEZIER_KNOTS.);
#7207 = CARTESIAN_POINT('',(0.92,-3.));
#7208 = CARTESIAN_POINT('',(0.560931620928,-3.));
#7209 = ( GEOMETRIC_REPRESENTATION_CONTEXT(2) 
PARAMETRIC_REPRESENTATION_CONTEXT() REPRESENTATION_CONTEXT('2D SPACE',''
  ) );
#7210 = PCURVE('',#4486,#7211);
#7211 = DEFINITIONAL_REPRESENTATION('',(#7212),#7215);
#7212 = B_SPLINE_CURVE_WITH_KNOTS('',1,(#7213,#7214),.UNSPECIFIED.,.F.,
  .F.,(2,2),(-1.74,-1.380931620928),.PIECEWISE_BEZIER_KNOTS.);
#7213 = CARTESIAN_POINT('',(2.339695835733,1.058028069692));
#7214 = CARTESIAN_POINT('',(2.025041816559,0.88504555882));
#7215 = ( GEOMETRIC_REPRESENTATION_CONTEXT(2) 
PARAMETRIC_REPRESENTATION_CONTEXT() REPRESENTATION_CONTEXT('2D SPACE',''
  ) );
#7216 = ORIENTED_EDGE('',*,*,#7085,.F.);
#7217 = ADVANCED_FACE('',(#7218),#3551,.F.);
#7218 = FACE_BOUND('',#7219,.T.);
#7219 = EDGE_LOOP('',(#7220,#7221,#7222,#7250));
#7220 = ORIENTED_EDGE('',*,*,#3530,.T.);
#7221 = ORIENTED_EDGE('',*,*,#7154,.F.);
#7222 = ORIENTED_EDGE('',*,*,#7223,.F.);
#7223 = EDGE_CURVE('',#7224,#7134,#7226,.T.);
#7224 = VERTEX_POINT('',#7225);
#7225 = CARTESIAN_POINT('',(-7.67274955765,0.996172265621,20.75));
#7226 = SURFACE_CURVE('',#7227,(#7232,#7239),.PCURVE_S1.);
#7227 = CIRCLE('',#7228,2.21);
#7228 = AXIS2_PLACEMENT_3D('',#7229,#7230,#7231);
#7229 = CARTESIAN_POINT('',(-5.7,0.,20.75));
#7230 = DIRECTION('',(0.,0.,-1.));
#7231 = DIRECTION('',(1.,0.,0.));
#7232 = PCURVE('',#3551,#7233);
#7233 = DEFINITIONAL_REPRESENTATION('',(#7234),#7238);
#7234 = LINE('',#7235,#7236);
#7235 = CARTESIAN_POINT('',(-6.28318530718,-3.));
#7236 = VECTOR('',#7237,1.);
#7237 = DIRECTION('',(1.,-0.));
#7238 = ( GEOMETRIC_REPRESENTATION_CONTEXT(2) 
PARAMETRIC_REPRESENTATION_CONTEXT() REPRESENTATION_CONTEXT('2D SPACE',''
  ) );
#7239 = PCURVE('',#4486,#7240);
#7240 = DEFINITIONAL_REPRESENTATION('',(#7241),#7249);
#7241 = ( BOUNDED_CURVE() B_SPLINE_CURVE(2,(#7242,#7243,#7244,#7245,
#7246,#7247,#7248),.UNSPECIFIED.,.T.,.F.) B_SPLINE_CURVE_WITH_KNOTS((1,2
    ,2,2,2,1),(-2.094395102393,0.,2.094395102393,4.188790204786,
6.28318530718,8.377580409573),.UNSPECIFIED.) CURVE() 
GEOMETRIC_REPRESENTATION_ITEM() RATIONAL_B_SPLINE_CURVE((1.,0.5,1.,0.5,
1.,0.5,1.)) REPRESENTATION_ITEM('') );
#7242 = CARTESIAN_POINT('',(2.21,-2.924450111184E-17));
#7243 = CARTESIAN_POINT('',(2.21,-3.827832284727));
#7244 = CARTESIAN_POINT('',(-1.105,-1.913916142364));
#7245 = CARTESIAN_POINT('',(-4.42,-5.70538386335E-16));
#7246 = CARTESIAN_POINT('',(-1.105,1.913916142364));
#7247 = CARTESIAN_POINT('',(2.21,3.827832284727));
#7248 = CARTESIAN_POINT('',(2.21,-2.924450111184E-17));
#7249 = ( GEOMETRIC_REPRESENTATION_CONTEXT(2) 
PARAMETRIC_REPRESENTATION_CONTEXT() REPRESENTATION_CONTEXT('2D SPACE',''
  ) );
#7250 = ORIENTED_EDGE('',*,*,#7251,.T.);
#7251 = EDGE_CURVE('',#7224,#3505,#7252,.T.);
#7252 = SURFACE_CURVE('',#7253,(#7257,#7263),.PCURVE_S1.);
#7253 = LINE('',#7254,#7255);
#7254 = CARTESIAN_POINT('',(-7.67274955765,0.996172265621,17.75));
#7255 = VECTOR('',#7256,1.);
#7256 = DIRECTION('',(-0.,-0.,-1.));
#7257 = PCURVE('',#3551,#7258);
#7258 = DEFINITIONAL_REPRESENTATION('',(#7259),#7262);
#7259 = B_SPLINE_CURVE_WITH_KNOTS('',1,(#7260,#7261),.UNSPECIFIED.,.F.,
  .F.,(2,2),(-3.5000006,5.999999999062E-07),.PIECEWISE_BEZIER_KNOTS.);
#7260 = CARTESIAN_POINT('',(-2.673979813115,-3.5000006));
#7261 = CARTESIAN_POINT('',(-2.673979813115,5.999999999062E-07));
#7262 = ( GEOMETRIC_REPRESENTATION_CONTEXT(2) 
PARAMETRIC_REPRESENTATION_CONTEXT() REPRESENTATION_CONTEXT('2D SPACE',''
  ) );
#7263 = PCURVE('',#3519,#7264);
#7264 = DEFINITIONAL_REPRESENTATION('',(#7265),#7268);
#7265 = B_SPLINE_CURVE_WITH_KNOTS('',1,(#7266,#7267),.UNSPECIFIED.,.F.,
  .F.,(2,2),(-3.5000006,5.999999999062E-07),.PIECEWISE_BEZIER_KNOTS.);
#7266 = CARTESIAN_POINT('',(0.560931620928,-3.5000006));
#7267 = CARTESIAN_POINT('',(0.560931620928,5.999999999062E-07));
#7268 = ( GEOMETRIC_REPRESENTATION_CONTEXT(2) 
PARAMETRIC_REPRESENTATION_CONTEXT() REPRESENTATION_CONTEXT('2D SPACE',''
  ) );
#7269 = ADVANCED_FACE('',(#7270),#1775,.F.);
#7270 = FACE_BOUND('',#7271,.T.);
#7271 = EDGE_LOOP('',(#7272,#7273,#7294,#7320));
#7272 = ORIENTED_EDGE('',*,*,#1754,.T.);
#7273 = ORIENTED_EDGE('',*,*,#7274,.F.);
#7274 = EDGE_CURVE('',#7275,#1755,#7277,.T.);
#7275 = VERTEX_POINT('',#7276);
#7276 = CARTESIAN_POINT('',(-3.617952670607,0.741066068692,20.75));
#7277 = SURFACE_CURVE('',#7278,(#7282,#7288),.PCURVE_S1.);
#7278 = LINE('',#7279,#7280);
#7279 = CARTESIAN_POINT('',(-3.617952670607,0.741066068692,17.75));
#7280 = VECTOR('',#7281,1.);
#7281 = DIRECTION('',(-0.,-0.,-1.));
#7282 = PCURVE('',#1775,#7283);
#7283 = DEFINITIONAL_REPRESENTATION('',(#7284),#7287);
#7284 = B_SPLINE_CURVE_WITH_KNOTS('',1,(#7285,#7286),.UNSPECIFIED.,.F.,
  .F.,(2,2),(-3.5000006,5.999999999062E-07),.PIECEWISE_BEZIER_KNOTS.);
#7285 = CARTESIAN_POINT('',(-0.341949134331,-3.5000006));
#7286 = CARTESIAN_POINT('',(-0.341949134331,5.999999999062E-07));
#7287 = ( GEOMETRIC_REPRESENTATION_CONTEXT(2) 
PARAMETRIC_REPRESENTATION_CONTEXT() REPRESENTATION_CONTEXT('2D SPACE',''
  ) );
#7288 = PCURVE('',#1802,#7289);
#7289 = DEFINITIONAL_REPRESENTATION('',(#7290),#7293);
#7290 = B_SPLINE_CURVE_WITH_KNOTS('',1,(#7291,#7292),.UNSPECIFIED.,.F.,
  .F.,(2,2),(-3.5000006,5.999999999062E-07),.PIECEWISE_BEZIER_KNOTS.);
#7291 = CARTESIAN_POINT('',(0.359068379072,-3.5000006));
#7292 = CARTESIAN_POINT('',(0.359068379072,5.999999999062E-07));
#7293 = ( GEOMETRIC_REPRESENTATION_CONTEXT(2) 
PARAMETRIC_REPRESENTATION_CONTEXT() REPRESENTATION_CONTEXT('2D SPACE',''
  ) );
#7294 = ORIENTED_EDGE('',*,*,#7295,.F.);
#7295 = EDGE_CURVE('',#7178,#7275,#7296,.T.);
#7296 = SURFACE_CURVE('',#7297,(#7302,#7309),.PCURVE_S1.);
#7297 = CIRCLE('',#7298,2.21);
#7298 = AXIS2_PLACEMENT_3D('',#7299,#7300,#7301);
#7299 = CARTESIAN_POINT('',(-5.7,0.,20.75));
#7300 = DIRECTION('',(0.,0.,-1.));
#7301 = DIRECTION('',(1.,0.,0.));
#7302 = PCURVE('',#1775,#7303);
#7303 = DEFINITIONAL_REPRESENTATION('',(#7304),#7308);
#7304 = LINE('',#7305,#7306);
#7305 = CARTESIAN_POINT('',(-6.28318530718,-3.));
#7306 = VECTOR('',#7307,1.);
#7307 = DIRECTION('',(1.,-0.));
#7308 = ( GEOMETRIC_REPRESENTATION_CONTEXT(2) 
PARAMETRIC_REPRESENTATION_CONTEXT() REPRESENTATION_CONTEXT('2D SPACE',''
  ) );
#7309 = PCURVE('',#4486,#7310);
#7310 = DEFINITIONAL_REPRESENTATION('',(#7311),#7319);
#7311 = ( BOUNDED_CURVE() B_SPLINE_CURVE(2,(#7312,#7313,#7314,#7315,
#7316,#7317,#7318),.UNSPECIFIED.,.T.,.F.) B_SPLINE_CURVE_WITH_KNOTS((1,2
    ,2,2,2,1),(-2.094395102393,0.,2.094395102393,4.188790204786,
6.28318530718,8.377580409573),.UNSPECIFIED.) CURVE() 
GEOMETRIC_REPRESENTATION_ITEM() RATIONAL_B_SPLINE_CURVE((1.,0.5,1.,0.5,
1.,0.5,1.)) REPRESENTATION_ITEM('') );
#7312 = CARTESIAN_POINT('',(2.21,-2.924450111184E-17));
#7313 = CARTESIAN_POINT('',(2.21,-3.827832284727));
#7314 = CARTESIAN_POINT('',(-1.105,-1.913916142364));
#7315 = CARTESIAN_POINT('',(-4.42,-5.70538386335E-16));
#7316 = CARTESIAN_POINT('',(-1.105,1.913916142364));
#7317 = CARTESIAN_POINT('',(2.21,3.827832284727));
#7318 = CARTESIAN_POINT('',(2.21,-2.924450111184E-17));
#7319 = ( GEOMETRIC_REPRESENTATION_CONTEXT(2) 
PARAMETRIC_REPRESENTATION_CONTEXT() REPRESENTATION_CONTEXT('2D SPACE',''
  ) );
#7320 = ORIENTED_EDGE('',*,*,#7177,.T.);
#7321 = ADVANCED_FACE('',(#7322),#3519,.T.);
#7322 = FACE_BOUND('',#7323,.T.);
#7323 = EDGE_LOOP('',(#7324,#7325,#7326,#7347));
#7324 = ORIENTED_EDGE('',*,*,#3504,.T.);
#7325 = ORIENTED_EDGE('',*,*,#7251,.F.);
#7326 = ORIENTED_EDGE('',*,*,#7327,.F.);
#7327 = EDGE_CURVE('',#7328,#7224,#7330,.T.);
#7328 = VERTEX_POINT('',#7329);
#7329 = CARTESIAN_POINT('',(-8.006602893337,1.12835415205,20.75));
#7330 = SURFACE_CURVE('',#7331,(#7335,#7341),.PCURVE_S1.);
#7331 = LINE('',#7332,#7333);
#7332 = CARTESIAN_POINT('',(-6.388791807891,0.487817430379,20.75));
#7333 = VECTOR('',#7334,1.);
#7334 = DIRECTION('',(0.929776485888,-0.368124552685,0.));
#7335 = PCURVE('',#3519,#7336);
#7336 = DEFINITIONAL_REPRESENTATION('',(#7337),#7340);
#7337 = B_SPLINE_CURVE_WITH_KNOTS('',1,(#7338,#7339),.UNSPECIFIED.,.F.,
  .F.,(2,2),(-1.74,-1.380931620928),.PIECEWISE_BEZIER_KNOTS.);
#7338 = CARTESIAN_POINT('',(0.92,-3.));
#7339 = CARTESIAN_POINT('',(0.560931620928,-3.));
#7340 = ( GEOMETRIC_REPRESENTATION_CONTEXT(2) 
PARAMETRIC_REPRESENTATION_CONTEXT() REPRESENTATION_CONTEXT('2D SPACE',''
  ) );
#7341 = PCURVE('',#4486,#7342);
#7342 = DEFINITIONAL_REPRESENTATION('',(#7343),#7346);
#7343 = B_SPLINE_CURVE_WITH_KNOTS('',1,(#7344,#7345),.UNSPECIFIED.,.F.,
  .F.,(2,2),(-1.74,-1.380931620928),.PIECEWISE_BEZIER_KNOTS.);
#7344 = CARTESIAN_POINT('',(-2.306602893337,1.12835415205));
#7345 = CARTESIAN_POINT('',(-1.97274955765,0.996172265621));
#7346 = ( GEOMETRIC_REPRESENTATION_CONTEXT(2) 
PARAMETRIC_REPRESENTATION_CONTEXT() REPRESENTATION_CONTEXT('2D SPACE',''
  ) );
#7347 = ORIENTED_EDGE('',*,*,#7348,.F.);
#7348 = EDGE_CURVE('',#3479,#7328,#7349,.T.);
#7349 = SURFACE_CURVE('',#7350,(#7354,#7361),.PCURVE_S1.);
#7350 = LINE('',#7351,#7352);
#7351 = CARTESIAN_POINT('',(-8.006602893337,1.12835415205,17.75));
#7352 = VECTOR('',#7353,1.);
#7353 = DIRECTION('',(0.,0.,1.));
#7354 = PCURVE('',#3519,#7355);
#7355 = DEFINITIONAL_REPRESENTATION('',(#7356),#7360);
#7356 = LINE('',#7357,#7358);
#7357 = CARTESIAN_POINT('',(0.92,0.));
#7358 = VECTOR('',#7359,1.);
#7359 = DIRECTION('',(0.,-1.));
#7360 = ( GEOMETRIC_REPRESENTATION_CONTEXT(2) 
PARAMETRIC_REPRESENTATION_CONTEXT() REPRESENTATION_CONTEXT('2D SPACE',''
  ) );
#7361 = PCURVE('',#3493,#7362);
#7362 = DEFINITIONAL_REPRESENTATION('',(#7363),#7367);
#7363 = LINE('',#7364,#7365);
#7364 = CARTESIAN_POINT('',(0.,0.));
#7365 = VECTOR('',#7366,1.);
#7366 = DIRECTION('',(0.,-1.));
#7367 = ( GEOMETRIC_REPRESENTATION_CONTEXT(2) 
PARAMETRIC_REPRESENTATION_CONTEXT() REPRESENTATION_CONTEXT('2D SPACE',''
  ) );
#7368 = ADVANCED_FACE('',(#7369),#1802,.T.);
#7369 = FACE_BOUND('',#7370,.T.);
#7370 = EDGE_LOOP('',(#7371,#7372,#7395,#7414));
#7371 = ORIENTED_EDGE('',*,*,#1787,.T.);
#7372 = ORIENTED_EDGE('',*,*,#7373,.T.);
#7373 = EDGE_CURVE('',#1788,#7374,#7376,.T.);
#7374 = VERTEX_POINT('',#7375);
#7375 = CARTESIAN_POINT('',(-3.270165084944,0.830362743368,20.75));
#7376 = SURFACE_CURVE('',#7377,(#7381,#7388),.PCURVE_S1.);
#7377 = LINE('',#7378,#7379);
#7378 = CARTESIAN_POINT('',(-3.270165084944,0.830362743368,17.75));
#7379 = VECTOR('',#7380,1.);
#7380 = DIRECTION('',(0.,0.,1.));
#7381 = PCURVE('',#1802,#7382);
#7382 = DEFINITIONAL_REPRESENTATION('',(#7383),#7387);
#7383 = LINE('',#7384,#7385);
#7384 = CARTESIAN_POINT('',(0.,0.));
#7385 = VECTOR('',#7386,1.);
#7386 = DIRECTION('',(0.,-1.));
#7387 = ( GEOMETRIC_REPRESENTATION_CONTEXT(2) 
PARAMETRIC_REPRESENTATION_CONTEXT() REPRESENTATION_CONTEXT('2D SPACE',''
  ) );
#7388 = PCURVE('',#1828,#7389);
#7389 = DEFINITIONAL_REPRESENTATION('',(#7390),#7394);
#7390 = LINE('',#7391,#7392);
#7391 = CARTESIAN_POINT('',(0.4,0.));
#7392 = VECTOR('',#7393,1.);
#7393 = DIRECTION('',(0.,-1.));
#7394 = ( GEOMETRIC_REPRESENTATION_CONTEXT(2) 
PARAMETRIC_REPRESENTATION_CONTEXT() REPRESENTATION_CONTEXT('2D SPACE',''
  ) );
#7395 = ORIENTED_EDGE('',*,*,#7396,.F.);
#7396 = EDGE_CURVE('',#7275,#7374,#7397,.T.);
#7397 = SURFACE_CURVE('',#7398,(#7402,#7408),.PCURVE_S1.);
#7398 = LINE('',#7399,#7400);
#7399 = CARTESIAN_POINT('',(-4.509951531188,0.512039687797,20.75));
#7400 = VECTOR('',#7401,1.);
#7401 = DIRECTION('',(0.968583161129,0.248689887165,-0.));
#7402 = PCURVE('',#1802,#7403);
#7403 = DEFINITIONAL_REPRESENTATION('',(#7404),#7407);
#7404 = B_SPLINE_CURVE_WITH_KNOTS('',1,(#7405,#7406),.UNSPECIFIED.,.F.,
  .F.,(2,2),(0.920931620928,1.28),.PIECEWISE_BEZIER_KNOTS.);
#7405 = CARTESIAN_POINT('',(0.359068379072,-3.));
#7406 = CARTESIAN_POINT('',(0.,-3.));
#7407 = ( GEOMETRIC_REPRESENTATION_CONTEXT(2) 
PARAMETRIC_REPRESENTATION_CONTEXT() REPRESENTATION_CONTEXT('2D SPACE',''
  ) );
#7408 = PCURVE('',#4486,#7409);
#7409 = DEFINITIONAL_REPRESENTATION('',(#7410),#7413);
#7410 = B_SPLINE_CURVE_WITH_KNOTS('',1,(#7411,#7412),.UNSPECIFIED.,.F.,
  .F.,(2,2),(0.920931620928,1.28),.PIECEWISE_BEZIER_KNOTS.);
#7411 = CARTESIAN_POINT('',(2.082047329393,0.741066068692));
#7412 = CARTESIAN_POINT('',(2.429834915056,0.830362743368));
#7413 = ( GEOMETRIC_REPRESENTATION_CONTEXT(2) 
PARAMETRIC_REPRESENTATION_CONTEXT() REPRESENTATION_CONTEXT('2D SPACE',''
  ) );
#7414 = ORIENTED_EDGE('',*,*,#7274,.T.);
#7415 = ADVANCED_FACE('',(#7416),#3493,.T.);
#7416 = FACE_BOUND('',#7417,.T.);
#7417 = EDGE_LOOP('',(#7418,#7419,#7420,#7441));
#7418 = ORIENTED_EDGE('',*,*,#3478,.T.);
#7419 = ORIENTED_EDGE('',*,*,#7348,.T.);
#7420 = ORIENTED_EDGE('',*,*,#7421,.F.);
#7421 = EDGE_CURVE('',#7422,#7328,#7424,.T.);
#7422 = VERTEX_POINT('',#7423);
#7423 = CARTESIAN_POINT('',(-8.153852714411,0.756443557695,20.75));
#7424 = SURFACE_CURVE('',#7425,(#7429,#7435),.PCURVE_S1.);
#7425 = LINE('',#7426,#7427);
#7426 = CARTESIAN_POINT('',(-8.043415348605,1.035376503462,20.75));
#7427 = VECTOR('',#7428,1.);
#7428 = DIRECTION('',(0.368124552685,0.929776485888,-0.));
#7429 = PCURVE('',#3493,#7430);
#7430 = DEFINITIONAL_REPRESENTATION('',(#7431),#7434);
#7431 = B_SPLINE_CURVE_WITH_KNOTS('',1,(#7432,#7433),.UNSPECIFIED.,.F.,
  .F.,(2,2),(-0.3,1.E-01),.PIECEWISE_BEZIER_KNOTS.);
#7432 = CARTESIAN_POINT('',(0.4,-3.));
#7433 = CARTESIAN_POINT('',(0.,-3.));
#7434 = ( GEOMETRIC_REPRESENTATION_CONTEXT(2) 
PARAMETRIC_REPRESENTATION_CONTEXT() REPRESENTATION_CONTEXT('2D SPACE',''
  ) );
#7435 = PCURVE('',#4486,#7436);
#7436 = DEFINITIONAL_REPRESENTATION('',(#7437),#7440);
#7437 = B_SPLINE_CURVE_WITH_KNOTS('',1,(#7438,#7439),.UNSPECIFIED.,.F.,
  .F.,(2,2),(-0.3,1.E-01),.PIECEWISE_BEZIER_KNOTS.);
#7438 = CARTESIAN_POINT('',(-2.453852714411,0.756443557695));
#7439 = CARTESIAN_POINT('',(-2.306602893337,1.12835415205));
#7440 = ( GEOMETRIC_REPRESENTATION_CONTEXT(2) 
PARAMETRIC_REPRESENTATION_CONTEXT() REPRESENTATION_CONTEXT('2D SPACE',''
  ) );
#7441 = ORIENTED_EDGE('',*,*,#7442,.F.);
#7442 = EDGE_CURVE('',#3453,#7422,#7443,.T.);
#7443 = SURFACE_CURVE('',#7444,(#7448,#7455),.PCURVE_S1.);
#7444 = LINE('',#7445,#7446);
#7445 = CARTESIAN_POINT('',(-8.153852714411,0.756443557695,17.75));
#7446 = VECTOR('',#7447,1.);
#7447 = DIRECTION('',(0.,0.,1.));
#7448 = PCURVE('',#3493,#7449);
#7449 = DEFINITIONAL_REPRESENTATION('',(#7450),#7454);
#7450 = LINE('',#7451,#7452);
#7451 = CARTESIAN_POINT('',(0.4,0.));
#7452 = VECTOR('',#7453,1.);
#7453 = DIRECTION('',(0.,-1.));
#7454 = ( GEOMETRIC_REPRESENTATION_CONTEXT(2) 
PARAMETRIC_REPRESENTATION_CONTEXT() REPRESENTATION_CONTEXT('2D SPACE',''
  ) );
#7455 = PCURVE('',#3467,#7456);
#7456 = DEFINITIONAL_REPRESENTATION('',(#7457),#7461);
#7457 = LINE('',#7458,#7459);
#7458 = CARTESIAN_POINT('',(0.,0.));
#7459 = VECTOR('',#7460,1.);
#7460 = DIRECTION('',(0.,-1.));
#7461 = ( GEOMETRIC_REPRESENTATION_CONTEXT(2) 
PARAMETRIC_REPRESENTATION_CONTEXT() REPRESENTATION_CONTEXT('2D SPACE',''
  ) );
#7462 = ADVANCED_FACE('',(#7463),#1828,.T.);
#7463 = FACE_BOUND('',#7464,.T.);
#7464 = EDGE_LOOP('',(#7465,#7466,#7489,#7508));
#7465 = ORIENTED_EDGE('',*,*,#1813,.T.);
#7466 = ORIENTED_EDGE('',*,*,#7467,.T.);
#7467 = EDGE_CURVE('',#1814,#7468,#7470,.T.);
#7468 = VERTEX_POINT('',#7469);
#7469 = CARTESIAN_POINT('',(-3.170689130078,0.442929478916,20.75));
#7470 = SURFACE_CURVE('',#7471,(#7475,#7482),.PCURVE_S1.);
#7471 = LINE('',#7472,#7473);
#7472 = CARTESIAN_POINT('',(-3.170689130078,0.442929478916,17.75));
#7473 = VECTOR('',#7474,1.);
#7474 = DIRECTION('',(0.,0.,1.));
#7475 = PCURVE('',#1828,#7476);
#7476 = DEFINITIONAL_REPRESENTATION('',(#7477),#7481);
#7477 = LINE('',#7478,#7479);
#7478 = CARTESIAN_POINT('',(0.,0.));
#7479 = VECTOR('',#7480,1.);
#7480 = DIRECTION('',(0.,-1.));
#7481 = ( GEOMETRIC_REPRESENTATION_CONTEXT(2) 
PARAMETRIC_REPRESENTATION_CONTEXT() REPRESENTATION_CONTEXT('2D SPACE',''
  ) );
#7482 = PCURVE('',#1854,#7483);
#7483 = DEFINITIONAL_REPRESENTATION('',(#7484),#7488);
#7484 = LINE('',#7485,#7486);
#7485 = CARTESIAN_POINT('',(0.92,0.));
#7486 = VECTOR('',#7487,1.);
#7487 = DIRECTION('',(0.,-1.));
#7488 = ( GEOMETRIC_REPRESENTATION_CONTEXT(2) 
PARAMETRIC_REPRESENTATION_CONTEXT() REPRESENTATION_CONTEXT('2D SPACE',''
  ) );
#7489 = ORIENTED_EDGE('',*,*,#7490,.F.);
#7490 = EDGE_CURVE('',#7374,#7468,#7491,.T.);
#7491 = SURFACE_CURVE('',#7492,(#7496,#7502),.PCURVE_S1.);
#7492 = LINE('',#7493,#7494);
#7493 = CARTESIAN_POINT('',(-3.195558118794,0.539787795029,20.75));
#7494 = VECTOR('',#7495,1.);
#7495 = DIRECTION('',(0.248689887165,-0.968583161129,0.));
#7496 = PCURVE('',#1828,#7497);
#7497 = DEFINITIONAL_REPRESENTATION('',(#7498),#7501);
#7498 = B_SPLINE_CURVE_WITH_KNOTS('',1,(#7499,#7500),.UNSPECIFIED.,.F.,
  .F.,(2,2),(-0.3,0.1),.PIECEWISE_BEZIER_KNOTS.);
#7499 = CARTESIAN_POINT('',(0.4,-3.));
#7500 = CARTESIAN_POINT('',(0.,-3.));
#7501 = ( GEOMETRIC_REPRESENTATION_CONTEXT(2) 
PARAMETRIC_REPRESENTATION_CONTEXT() REPRESENTATION_CONTEXT('2D SPACE',''
  ) );
#7502 = PCURVE('',#4486,#7503);
#7503 = DEFINITIONAL_REPRESENTATION('',(#7504),#7507);
#7504 = B_SPLINE_CURVE_WITH_KNOTS('',1,(#7505,#7506),.UNSPECIFIED.,.F.,
  .F.,(2,2),(-0.3,0.1),.PIECEWISE_BEZIER_KNOTS.);
#7505 = CARTESIAN_POINT('',(2.429834915056,0.830362743368));
#7506 = CARTESIAN_POINT('',(2.529310869922,0.442929478916));
#7507 = ( GEOMETRIC_REPRESENTATION_CONTEXT(2) 
PARAMETRIC_REPRESENTATION_CONTEXT() REPRESENTATION_CONTEXT('2D SPACE',''
  ) );
#7508 = ORIENTED_EDGE('',*,*,#7373,.F.);
#7509 = ADVANCED_FACE('',(#7510),#3467,.T.);
#7510 = FACE_BOUND('',#7511,.T.);
#7511 = EDGE_LOOP('',(#7512,#7513,#7514,#7535));
#7512 = ORIENTED_EDGE('',*,*,#3452,.T.);
#7513 = ORIENTED_EDGE('',*,*,#7442,.T.);
#7514 = ORIENTED_EDGE('',*,*,#7515,.F.);
#7515 = EDGE_CURVE('',#7516,#7422,#7518,.T.);
#7516 = VERTEX_POINT('',#7517);
#7517 = CARTESIAN_POINT('',(-7.819999378724,0.624261671266,20.75));
#7518 = SURFACE_CURVE('',#7519,(#7523,#7529),.PCURVE_S1.);
#7519 = LINE('',#7520,#7521);
#7520 = CARTESIAN_POINT('',(-6.963738812474,0.285244130259,20.75));
#7521 = VECTOR('',#7522,1.);
#7522 = DIRECTION('',(-0.929776485888,0.368124552685,0.));
#7523 = PCURVE('',#3467,#7524);
#7524 = DEFINITIONAL_REPRESENTATION('',(#7525),#7528);
#7525 = B_SPLINE_CURVE_WITH_KNOTS('',1,(#7526,#7527),.UNSPECIFIED.,.F.,
  .F.,(2,2),(0.920931620928,1.28),.PIECEWISE_BEZIER_KNOTS.);
#7526 = CARTESIAN_POINT('',(0.359068379072,-3.));
#7527 = CARTESIAN_POINT('',(0.,-3.));
#7528 = ( GEOMETRIC_REPRESENTATION_CONTEXT(2) 
PARAMETRIC_REPRESENTATION_CONTEXT() REPRESENTATION_CONTEXT('2D SPACE',''
  ) );
#7529 = PCURVE('',#4486,#7530);
#7530 = DEFINITIONAL_REPRESENTATION('',(#7531),#7534);
#7531 = B_SPLINE_CURVE_WITH_KNOTS('',1,(#7532,#7533),.UNSPECIFIED.,.F.,
  .F.,(2,2),(0.920931620928,1.28),.PIECEWISE_BEZIER_KNOTS.);
#7532 = CARTESIAN_POINT('',(-2.119999378724,0.624261671266));
#7533 = CARTESIAN_POINT('',(-2.453852714411,0.756443557695));
#7534 = ( GEOMETRIC_REPRESENTATION_CONTEXT(2) 
PARAMETRIC_REPRESENTATION_CONTEXT() REPRESENTATION_CONTEXT('2D SPACE',''
  ) );
#7535 = ORIENTED_EDGE('',*,*,#7536,.T.);
#7536 = EDGE_CURVE('',#7516,#3420,#7537,.T.);
#7537 = SURFACE_CURVE('',#7538,(#7542,#7548),.PCURVE_S1.);
#7538 = LINE('',#7539,#7540);
#7539 = CARTESIAN_POINT('',(-7.819999378724,0.624261671266,17.75));
#7540 = VECTOR('',#7541,1.);
#7541 = DIRECTION('',(-0.,-0.,-1.));
#7542 = PCURVE('',#3467,#7543);
#7543 = DEFINITIONAL_REPRESENTATION('',(#7544),#7547);
#7544 = B_SPLINE_CURVE_WITH_KNOTS('',1,(#7545,#7546),.UNSPECIFIED.,.F.,
  .F.,(2,2),(-3.5000006,5.999999999062E-07),.PIECEWISE_BEZIER_KNOTS.);
#7545 = CARTESIAN_POINT('',(0.359068379072,-3.5000006));
#7546 = CARTESIAN_POINT('',(0.359068379072,5.999999999062E-07));
#7547 = ( GEOMETRIC_REPRESENTATION_CONTEXT(2) 
PARAMETRIC_REPRESENTATION_CONTEXT() REPRESENTATION_CONTEXT('2D SPACE',''
  ) );
#7548 = PCURVE('',#3440,#7549);
#7549 = DEFINITIONAL_REPRESENTATION('',(#7550),#7553);
#7550 = B_SPLINE_CURVE_WITH_KNOTS('',1,(#7551,#7552),.UNSPECIFIED.,.F.,
  .F.,(2,2),(-3.5000006,5.999999999062E-07),.PIECEWISE_BEZIER_KNOTS.);
#7551 = CARTESIAN_POINT('',(-2.855223257203,-3.5000006));
#7552 = CARTESIAN_POINT('',(-2.855223257203,5.999999999062E-07));
#7553 = ( GEOMETRIC_REPRESENTATION_CONTEXT(2) 
PARAMETRIC_REPRESENTATION_CONTEXT() REPRESENTATION_CONTEXT('2D SPACE',''
  ) );
#7554 = ADVANCED_FACE('',(#7555),#1854,.T.);
#7555 = FACE_BOUND('',#7556,.T.);
#7556 = EDGE_LOOP('',(#7557,#7558,#7579,#7598));
#7557 = ORIENTED_EDGE('',*,*,#1839,.T.);
#7558 = ORIENTED_EDGE('',*,*,#7559,.F.);
#7559 = EDGE_CURVE('',#7560,#1840,#7562,.T.);
#7560 = VERTEX_POINT('',#7561);
#7561 = CARTESIAN_POINT('',(-3.518476715741,0.35363280424,20.75));
#7562 = SURFACE_CURVE('',#7563,(#7567,#7573),.PCURVE_S1.);
#7563 = LINE('',#7564,#7565);
#7564 = CARTESIAN_POINT('',(-3.518476715741,0.35363280424,17.75));
#7565 = VECTOR('',#7566,1.);
#7566 = DIRECTION('',(-0.,-0.,-1.));
#7567 = PCURVE('',#1854,#7568);
#7568 = DEFINITIONAL_REPRESENTATION('',(#7569),#7572);
#7569 = B_SPLINE_CURVE_WITH_KNOTS('',1,(#7570,#7571),.UNSPECIFIED.,.F.,
  .F.,(2,2),(-3.5000006,5.999999999062E-07),.PIECEWISE_BEZIER_KNOTS.);
#7570 = CARTESIAN_POINT('',(0.560931620928,-3.5000006));
#7571 = CARTESIAN_POINT('',(0.560931620928,5.999999999062E-07));
#7572 = ( GEOMETRIC_REPRESENTATION_CONTEXT(2) 
PARAMETRIC_REPRESENTATION_CONTEXT() REPRESENTATION_CONTEXT('2D SPACE',''
  ) );
#7573 = PCURVE('',#1886,#7574);
#7574 = DEFINITIONAL_REPRESENTATION('',(#7575),#7578);
#7575 = B_SPLINE_CURVE_WITH_KNOTS('',1,(#7576,#7577),.UNSPECIFIED.,.F.,
  .F.,(2,2),(-3.5000006,5.999999999062E-07),.PIECEWISE_BEZIER_KNOTS.);
#7576 = CARTESIAN_POINT('',(-0.160705690243,-3.5000006));
#7577 = CARTESIAN_POINT('',(-0.160705690243,5.999999999062E-07));
#7578 = ( GEOMETRIC_REPRESENTATION_CONTEXT(2) 
PARAMETRIC_REPRESENTATION_CONTEXT() REPRESENTATION_CONTEXT('2D SPACE',''
  ) );
#7579 = ORIENTED_EDGE('',*,*,#7580,.F.);
#7580 = EDGE_CURVE('',#7468,#7560,#7581,.T.);
#7581 = SURFACE_CURVE('',#7582,(#7586,#7592),.PCURVE_S1.);
#7582 = LINE('',#7583,#7584);
#7583 = CARTESIAN_POINT('',(-4.856023830442,1.020907524945E-02,20.75));
#7584 = VECTOR('',#7585,1.);
#7585 = DIRECTION('',(-0.968583161129,-0.248689887165,0.));
#7586 = PCURVE('',#1854,#7587);
#7587 = DEFINITIONAL_REPRESENTATION('',(#7588),#7591);
#7588 = B_SPLINE_CURVE_WITH_KNOTS('',1,(#7589,#7590),.UNSPECIFIED.,.F.,
  .F.,(2,2),(-1.74,-1.380931620928),.PIECEWISE_BEZIER_KNOTS.);
#7589 = CARTESIAN_POINT('',(0.92,-3.));
#7590 = CARTESIAN_POINT('',(0.560931620928,-3.));
#7591 = ( GEOMETRIC_REPRESENTATION_CONTEXT(2) 
PARAMETRIC_REPRESENTATION_CONTEXT() REPRESENTATION_CONTEXT('2D SPACE',''
  ) );
#7592 = PCURVE('',#4486,#7593);
#7593 = DEFINITIONAL_REPRESENTATION('',(#7594),#7597);
#7594 = B_SPLINE_CURVE_WITH_KNOTS('',1,(#7595,#7596),.UNSPECIFIED.,.F.,
  .F.,(2,2),(-1.74,-1.380931620928),.PIECEWISE_BEZIER_KNOTS.);
#7595 = CARTESIAN_POINT('',(2.529310869922,0.442929478916));
#7596 = CARTESIAN_POINT('',(2.181523284259,0.35363280424));
#7597 = ( GEOMETRIC_REPRESENTATION_CONTEXT(2) 
PARAMETRIC_REPRESENTATION_CONTEXT() REPRESENTATION_CONTEXT('2D SPACE',''
  ) );
#7598 = ORIENTED_EDGE('',*,*,#7467,.F.);
#7599 = ADVANCED_FACE('',(#7600),#3440,.F.);
#7600 = FACE_BOUND('',#7601,.T.);
#7601 = EDGE_LOOP('',(#7602,#7603,#7604,#7632));
#7602 = ORIENTED_EDGE('',*,*,#3419,.T.);
#7603 = ORIENTED_EDGE('',*,*,#7536,.F.);
#7604 = ORIENTED_EDGE('',*,*,#7605,.F.);
#7605 = EDGE_CURVE('',#7606,#7516,#7608,.T.);
#7606 = VERTEX_POINT('',#7607);
#7607 = CARTESIAN_POINT('',(-7.858509970998,0.474272817168,20.75));
#7608 = SURFACE_CURVE('',#7609,(#7614,#7621),.PCURVE_S1.);
#7609 = CIRCLE('',#7610,2.21);
#7610 = AXIS2_PLACEMENT_3D('',#7611,#7612,#7613);
#7611 = CARTESIAN_POINT('',(-5.7,0.,20.75));
#7612 = DIRECTION('',(0.,0.,-1.));
#7613 = DIRECTION('',(1.,0.,0.));
#7614 = PCURVE('',#3440,#7615);
#7615 = DEFINITIONAL_REPRESENTATION('',(#7616),#7620);
#7616 = LINE('',#7617,#7618);
#7617 = CARTESIAN_POINT('',(-6.28318530718,-3.));
#7618 = VECTOR('',#7619,1.);
#7619 = DIRECTION('',(1.,-0.));
#7620 = ( GEOMETRIC_REPRESENTATION_CONTEXT(2) 
PARAMETRIC_REPRESENTATION_CONTEXT() REPRESENTATION_CONTEXT('2D SPACE',''
  ) );
#7621 = PCURVE('',#4486,#7622);
#7622 = DEFINITIONAL_REPRESENTATION('',(#7623),#7631);
#7623 = ( BOUNDED_CURVE() B_SPLINE_CURVE(2,(#7624,#7625,#7626,#7627,
#7628,#7629,#7630),.UNSPECIFIED.,.T.,.F.) B_SPLINE_CURVE_WITH_KNOTS((1,2
    ,2,2,2,1),(-2.094395102393,0.,2.094395102393,4.188790204786,
6.28318530718,8.377580409573),.UNSPECIFIED.) CURVE() 
GEOMETRIC_REPRESENTATION_ITEM() RATIONAL_B_SPLINE_CURVE((1.,0.5,1.,0.5,
1.,0.5,1.)) REPRESENTATION_ITEM('') );
#7624 = CARTESIAN_POINT('',(2.21,-2.924450111184E-17));
#7625 = CARTESIAN_POINT('',(2.21,-3.827832284727));
#7626 = CARTESIAN_POINT('',(-1.105,-1.913916142364));
#7627 = CARTESIAN_POINT('',(-4.42,-5.70538386335E-16));
#7628 = CARTESIAN_POINT('',(-1.105,1.913916142364));
#7629 = CARTESIAN_POINT('',(2.21,3.827832284727));
#7630 = CARTESIAN_POINT('',(2.21,-2.924450111184E-17));
#7631 = ( GEOMETRIC_REPRESENTATION_CONTEXT(2) 
PARAMETRIC_REPRESENTATION_CONTEXT() REPRESENTATION_CONTEXT('2D SPACE',''
  ) );
#7632 = ORIENTED_EDGE('',*,*,#7633,.T.);
#7633 = EDGE_CURVE('',#7606,#3394,#7634,.T.);
#7634 = SURFACE_CURVE('',#7635,(#7639,#7645),.PCURVE_S1.);
#7635 = LINE('',#7636,#7637);
#7636 = CARTESIAN_POINT('',(-7.858509970998,0.474272817168,17.75));
#7637 = VECTOR('',#7638,1.);
#7638 = DIRECTION('',(-0.,-0.,-1.));
#7639 = PCURVE('',#3440,#7640);
#7640 = DEFINITIONAL_REPRESENTATION('',(#7641),#7644);
#7641 = B_SPLINE_CURVE_WITH_KNOTS('',1,(#7642,#7643),.UNSPECIFIED.,.F.,
  .F.,(2,2),(-3.5000006,5.999999999062E-07),.PIECEWISE_BEZIER_KNOTS.);
#7642 = CARTESIAN_POINT('',(-2.925307225402,-3.5000006));
#7643 = CARTESIAN_POINT('',(-2.925307225402,5.999999999062E-07));
#7644 = ( GEOMETRIC_REPRESENTATION_CONTEXT(2) 
PARAMETRIC_REPRESENTATION_CONTEXT() REPRESENTATION_CONTEXT('2D SPACE',''
  ) );
#7645 = PCURVE('',#3408,#7646);
#7646 = DEFINITIONAL_REPRESENTATION('',(#7647),#7650);
#7647 = B_SPLINE_CURVE_WITH_KNOTS('',1,(#7648,#7649),.UNSPECIFIED.,.F.,
  .F.,(2,2),(-3.5000006,5.999999999062E-07),.PIECEWISE_BEZIER_KNOTS.);
#7648 = CARTESIAN_POINT('',(0.560931620928,-3.5000006));
#7649 = CARTESIAN_POINT('',(0.560931620928,5.999999999062E-07));
#7650 = ( GEOMETRIC_REPRESENTATION_CONTEXT(2) 
PARAMETRIC_REPRESENTATION_CONTEXT() REPRESENTATION_CONTEXT('2D SPACE',''
  ) );
#7651 = ADVANCED_FACE('',(#7652),#1886,.F.);
#7652 = FACE_BOUND('',#7653,.T.);
#7653 = EDGE_LOOP('',(#7654,#7655,#7676,#7702));
#7654 = ORIENTED_EDGE('',*,*,#1865,.T.);
#7655 = ORIENTED_EDGE('',*,*,#7656,.F.);
#7656 = EDGE_CURVE('',#7657,#1866,#7659,.T.);
#7657 = VERTEX_POINT('',#7658);
#7658 = CARTESIAN_POINT('',(-3.499068379072,0.2,20.75));
#7659 = SURFACE_CURVE('',#7660,(#7664,#7670),.PCURVE_S1.);
#7660 = LINE('',#7661,#7662);
#7661 = CARTESIAN_POINT('',(-3.499068379072,0.2,17.75));
#7662 = VECTOR('',#7663,1.);
#7663 = DIRECTION('',(-0.,-0.,-1.));
#7664 = PCURVE('',#1886,#7665);
#7665 = DEFINITIONAL_REPRESENTATION('',(#7666),#7669);
#7666 = B_SPLINE_CURVE_WITH_KNOTS('',1,(#7667,#7668),.UNSPECIFIED.,.F.,
  .F.,(2,2),(-3.5000006,5.999999999062E-07),.PIECEWISE_BEZIER_KNOTS.);
#7667 = CARTESIAN_POINT('',(-9.06217220443E-02,-3.5000006));
#7668 = CARTESIAN_POINT('',(-9.06217220443E-02,5.999999999062E-07));
#7669 = ( GEOMETRIC_REPRESENTATION_CONTEXT(2) 
PARAMETRIC_REPRESENTATION_CONTEXT() REPRESENTATION_CONTEXT('2D SPACE',''
  ) );
#7670 = PCURVE('',#1913,#7671);
#7671 = DEFINITIONAL_REPRESENTATION('',(#7672),#7675);
#7672 = B_SPLINE_CURVE_WITH_KNOTS('',1,(#7673,#7674),.UNSPECIFIED.,.F.,
  .F.,(2,2),(-3.5000006,5.999999999062E-07),.PIECEWISE_BEZIER_KNOTS.);
#7673 = CARTESIAN_POINT('',(0.359068379072,-3.5000006));
#7674 = CARTESIAN_POINT('',(0.359068379072,5.999999999062E-07));
#7675 = ( GEOMETRIC_REPRESENTATION_CONTEXT(2) 
PARAMETRIC_REPRESENTATION_CONTEXT() REPRESENTATION_CONTEXT('2D SPACE',''
  ) );
#7676 = ORIENTED_EDGE('',*,*,#7677,.F.);
#7677 = EDGE_CURVE('',#7560,#7657,#7678,.T.);
#7678 = SURFACE_CURVE('',#7679,(#7684,#7691),.PCURVE_S1.);
#7679 = CIRCLE('',#7680,2.21);
#7680 = AXIS2_PLACEMENT_3D('',#7681,#7682,#7683);
#7681 = CARTESIAN_POINT('',(-5.7,0.,20.75));
#7682 = DIRECTION('',(0.,0.,-1.));
#7683 = DIRECTION('',(1.,0.,0.));
#7684 = PCURVE('',#1886,#7685);
#7685 = DEFINITIONAL_REPRESENTATION('',(#7686),#7690);
#7686 = LINE('',#7687,#7688);
#7687 = CARTESIAN_POINT('',(-6.28318530718,-3.));
#7688 = VECTOR('',#7689,1.);
#7689 = DIRECTION('',(1.,-0.));
#7690 = ( GEOMETRIC_REPRESENTATION_CONTEXT(2) 
PARAMETRIC_REPRESENTATION_CONTEXT() REPRESENTATION_CONTEXT('2D SPACE',''
  ) );
#7691 = PCURVE('',#4486,#7692);
#7692 = DEFINITIONAL_REPRESENTATION('',(#7693),#7701);
#7693 = ( BOUNDED_CURVE() B_SPLINE_CURVE(2,(#7694,#7695,#7696,#7697,
#7698,#7699,#7700),.UNSPECIFIED.,.T.,.F.) B_SPLINE_CURVE_WITH_KNOTS((1,2
    ,2,2,2,1),(-2.094395102393,0.,2.094395102393,4.188790204786,
6.28318530718,8.377580409573),.UNSPECIFIED.) CURVE() 
GEOMETRIC_REPRESENTATION_ITEM() RATIONAL_B_SPLINE_CURVE((1.,0.5,1.,0.5,
1.,0.5,1.)) REPRESENTATION_ITEM('') );
#7694 = CARTESIAN_POINT('',(2.21,-2.924450111184E-17));
#7695 = CARTESIAN_POINT('',(2.21,-3.827832284727));
#7696 = CARTESIAN_POINT('',(-1.105,-1.913916142364));
#7697 = CARTESIAN_POINT('',(-4.42,-5.70538386335E-16));
#7698 = CARTESIAN_POINT('',(-1.105,1.913916142364));
#7699 = CARTESIAN_POINT('',(2.21,3.827832284727));
#7700 = CARTESIAN_POINT('',(2.21,-2.924450111184E-17));
#7701 = ( GEOMETRIC_REPRESENTATION_CONTEXT(2) 
PARAMETRIC_REPRESENTATION_CONTEXT() REPRESENTATION_CONTEXT('2D SPACE',''
  ) );
#7702 = ORIENTED_EDGE('',*,*,#7559,.T.);
#7703 = ADVANCED_FACE('',(#7704),#3408,.T.);
#7704 = FACE_BOUND('',#7705,.T.);
#7705 = EDGE_LOOP('',(#7706,#7707,#7708,#7729));
#7706 = ORIENTED_EDGE('',*,*,#3393,.T.);
#7707 = ORIENTED_EDGE('',*,*,#7633,.F.);
#7708 = ORIENTED_EDGE('',*,*,#7709,.F.);
#7709 = EDGE_CURVE('',#7710,#7606,#7712,.T.);
#7710 = VERTEX_POINT('',#7711);
#7711 = CARTESIAN_POINT('',(-8.214746988652,0.519276018188,20.75));
#7712 = SURFACE_CURVE('',#7713,(#7717,#7723),.PCURVE_S1.);
#7713 = LINE('',#7714,#7715);
#7714 = CARTESIAN_POINT('',(-6.488467408365,0.301196191786,20.75));
#7715 = VECTOR('',#7716,1.);
#7716 = DIRECTION('',(0.992114701314,-0.125333233564,0.));
#7717 = PCURVE('',#3408,#7718);
#7718 = DEFINITIONAL_REPRESENTATION('',(#7719),#7722);
#7719 = B_SPLINE_CURVE_WITH_KNOTS('',1,(#7720,#7721),.UNSPECIFIED.,.F.,
  .F.,(2,2),(-1.74,-1.380931620928),.PIECEWISE_BEZIER_KNOTS.);
#7720 = CARTESIAN_POINT('',(0.92,-3.));
#7721 = CARTESIAN_POINT('',(0.560931620928,-3.));
#7722 = ( GEOMETRIC_REPRESENTATION_CONTEXT(2) 
PARAMETRIC_REPRESENTATION_CONTEXT() REPRESENTATION_CONTEXT('2D SPACE',''
  ) );
#7723 = PCURVE('',#4486,#7724);
#7724 = DEFINITIONAL_REPRESENTATION('',(#7725),#7728);
#7725 = B_SPLINE_CURVE_WITH_KNOTS('',1,(#7726,#7727),.UNSPECIFIED.,.F.,
  .F.,(2,2),(-1.74,-1.380931620928),.PIECEWISE_BEZIER_KNOTS.);
#7726 = CARTESIAN_POINT('',(-2.514746988652,0.519276018188));
#7727 = CARTESIAN_POINT('',(-2.158509970998,0.474272817168));
#7728 = ( GEOMETRIC_REPRESENTATION_CONTEXT(2) 
PARAMETRIC_REPRESENTATION_CONTEXT() REPRESENTATION_CONTEXT('2D SPACE',''
  ) );
#7729 = ORIENTED_EDGE('',*,*,#7730,.F.);
#7730 = EDGE_CURVE('',#3368,#7710,#7731,.T.);
#7731 = SURFACE_CURVE('',#7732,(#7736,#7743),.PCURVE_S1.);
#7732 = LINE('',#7733,#7734);
#7733 = CARTESIAN_POINT('',(-8.214746988652,0.519276018188,17.75));
#7734 = VECTOR('',#7735,1.);
#7735 = DIRECTION('',(0.,0.,1.));
#7736 = PCURVE('',#3408,#7737);
#7737 = DEFINITIONAL_REPRESENTATION('',(#7738),#7742);
#7738 = LINE('',#7739,#7740);
#7739 = CARTESIAN_POINT('',(0.92,0.));
#7740 = VECTOR('',#7741,1.);
#7741 = DIRECTION('',(0.,-1.));
#7742 = ( GEOMETRIC_REPRESENTATION_CONTEXT(2) 
PARAMETRIC_REPRESENTATION_CONTEXT() REPRESENTATION_CONTEXT('2D SPACE',''
  ) );
#7743 = PCURVE('',#3382,#7744);
#7744 = DEFINITIONAL_REPRESENTATION('',(#7745),#7749);
#7745 = LINE('',#7746,#7747);
#7746 = CARTESIAN_POINT('',(0.,0.));
#7747 = VECTOR('',#7748,1.);
#7748 = DIRECTION('',(0.,-1.));
#7749 = ( GEOMETRIC_REPRESENTATION_CONTEXT(2) 
PARAMETRIC_REPRESENTATION_CONTEXT() REPRESENTATION_CONTEXT('2D SPACE',''
  ) );
#7750 = ADVANCED_FACE('',(#7751),#1913,.T.);
#7751 = FACE_BOUND('',#7752,.T.);
#7752 = EDGE_LOOP('',(#7753,#7754,#7777,#7796));
#7753 = ORIENTED_EDGE('',*,*,#1898,.T.);
#7754 = ORIENTED_EDGE('',*,*,#7755,.T.);
#7755 = EDGE_CURVE('',#1899,#7756,#7758,.T.);
#7756 = VERTEX_POINT('',#7757);
#7757 = CARTESIAN_POINT('',(-3.14,0.2,20.75));
#7758 = SURFACE_CURVE('',#7759,(#7763,#7770),.PCURVE_S1.);
#7759 = LINE('',#7760,#7761);
#7760 = CARTESIAN_POINT('',(-3.14,0.2,17.75));
#7761 = VECTOR('',#7762,1.);
#7762 = DIRECTION('',(0.,0.,1.));
#7763 = PCURVE('',#1913,#7764);
#7764 = DEFINITIONAL_REPRESENTATION('',(#7765),#7769);
#7765 = LINE('',#7766,#7767);
#7766 = CARTESIAN_POINT('',(0.,-0.));
#7767 = VECTOR('',#7768,1.);
#7768 = DIRECTION('',(0.,-1.));
#7769 = ( GEOMETRIC_REPRESENTATION_CONTEXT(2) 
PARAMETRIC_REPRESENTATION_CONTEXT() REPRESENTATION_CONTEXT('2D SPACE',''
  ) );
#7770 = PCURVE('',#1939,#7771);
#7771 = DEFINITIONAL_REPRESENTATION('',(#7772),#7776);
#7772 = LINE('',#7773,#7774);
#7773 = CARTESIAN_POINT('',(0.4,0.));
#7774 = VECTOR('',#7775,1.);
#7775 = DIRECTION('',(0.,-1.));
#7776 = ( GEOMETRIC_REPRESENTATION_CONTEXT(2) 
PARAMETRIC_REPRESENTATION_CONTEXT() REPRESENTATION_CONTEXT('2D SPACE',''
  ) );
#7777 = ORIENTED_EDGE('',*,*,#7778,.F.);
#7778 = EDGE_CURVE('',#7657,#7756,#7779,.T.);
#7779 = SURFACE_CURVE('',#7780,(#7784,#7790),.PCURVE_S1.);
#7780 = LINE('',#7781,#7782);
#7781 = CARTESIAN_POINT('',(-4.42,0.2,20.75));
#7782 = VECTOR('',#7783,1.);
#7783 = DIRECTION('',(1.,0.,-0.));
#7784 = PCURVE('',#1913,#7785);
#7785 = DEFINITIONAL_REPRESENTATION('',(#7786),#7789);
#7786 = B_SPLINE_CURVE_WITH_KNOTS('',1,(#7787,#7788),.UNSPECIFIED.,.F.,
  .F.,(2,2),(0.920931620928,1.28),.PIECEWISE_BEZIER_KNOTS.);
#7787 = CARTESIAN_POINT('',(0.359068379072,-3.));
#7788 = CARTESIAN_POINT('',(0.,-3.));
#7789 = ( GEOMETRIC_REPRESENTATION_CONTEXT(2) 
PARAMETRIC_REPRESENTATION_CONTEXT() REPRESENTATION_CONTEXT('2D SPACE',''
  ) );
#7790 = PCURVE('',#4486,#7791);
#7791 = DEFINITIONAL_REPRESENTATION('',(#7792),#7795);
#7792 = B_SPLINE_CURVE_WITH_KNOTS('',1,(#7793,#7794),.UNSPECIFIED.,.F.,
  .F.,(2,2),(0.920931620928,1.28),.PIECEWISE_BEZIER_KNOTS.);
#7793 = CARTESIAN_POINT('',(2.200931620928,0.2));
#7794 = CARTESIAN_POINT('',(2.56,0.2));
#7795 = ( GEOMETRIC_REPRESENTATION_CONTEXT(2) 
PARAMETRIC_REPRESENTATION_CONTEXT() REPRESENTATION_CONTEXT('2D SPACE',''
  ) );
#7796 = ORIENTED_EDGE('',*,*,#7656,.T.);
#7797 = ADVANCED_FACE('',(#7798),#3382,.T.);
#7798 = FACE_BOUND('',#7799,.T.);
#7799 = EDGE_LOOP('',(#7800,#7801,#7802,#7823));
#7800 = ORIENTED_EDGE('',*,*,#3367,.T.);
#7801 = ORIENTED_EDGE('',*,*,#7730,.T.);
#7802 = ORIENTED_EDGE('',*,*,#7803,.F.);
#7803 = EDGE_CURVE('',#7804,#7710,#7806,.T.);
#7804 = VERTEX_POINT('',#7805);
#7805 = CARTESIAN_POINT('',(-8.264880282078,0.122430137662,20.75));
#7806 = SURFACE_CURVE('',#7807,(#7811,#7817),.PCURVE_S1.);
#7807 = LINE('',#7808,#7809);
#7808 = CARTESIAN_POINT('',(-8.227280312009,0.420064548056,20.75));
#7809 = VECTOR('',#7810,1.);
#7810 = DIRECTION('',(0.125333233564,0.992114701314,-0.));
#7811 = PCURVE('',#3382,#7812);
#7812 = DEFINITIONAL_REPRESENTATION('',(#7813),#7816);
#7813 = B_SPLINE_CURVE_WITH_KNOTS('',1,(#7814,#7815),.UNSPECIFIED.,.F.,
  .F.,(2,2),(-0.3,0.1),.PIECEWISE_BEZIER_KNOTS.);
#7814 = CARTESIAN_POINT('',(0.4,-3.));
#7815 = CARTESIAN_POINT('',(0.,-3.));
#7816 = ( GEOMETRIC_REPRESENTATION_CONTEXT(2) 
PARAMETRIC_REPRESENTATION_CONTEXT() REPRESENTATION_CONTEXT('2D SPACE',''
  ) );
#7817 = PCURVE('',#4486,#7818);
#7818 = DEFINITIONAL_REPRESENTATION('',(#7819),#7822);
#7819 = B_SPLINE_CURVE_WITH_KNOTS('',1,(#7820,#7821),.UNSPECIFIED.,.F.,
  .F.,(2,2),(-0.3,0.1),.PIECEWISE_BEZIER_KNOTS.);
#7820 = CARTESIAN_POINT('',(-2.564880282078,0.122430137662));
#7821 = CARTESIAN_POINT('',(-2.514746988652,0.519276018188));
#7822 = ( GEOMETRIC_REPRESENTATION_CONTEXT(2) 
PARAMETRIC_REPRESENTATION_CONTEXT() REPRESENTATION_CONTEXT('2D SPACE',''
  ) );
#7823 = ORIENTED_EDGE('',*,*,#7824,.F.);
#7824 = EDGE_CURVE('',#3342,#7804,#7825,.T.);
#7825 = SURFACE_CURVE('',#7826,(#7830,#7837),.PCURVE_S1.);
#7826 = LINE('',#7827,#7828);
#7827 = CARTESIAN_POINT('',(-8.264880282078,0.122430137662,17.75));
#7828 = VECTOR('',#7829,1.);
#7829 = DIRECTION('',(0.,0.,1.));
#7830 = PCURVE('',#3382,#7831);
#7831 = DEFINITIONAL_REPRESENTATION('',(#7832),#7836);
#7832 = LINE('',#7833,#7834);
#7833 = CARTESIAN_POINT('',(0.4,0.));
#7834 = VECTOR('',#7835,1.);
#7835 = DIRECTION('',(0.,-1.));
#7836 = ( GEOMETRIC_REPRESENTATION_CONTEXT(2) 
PARAMETRIC_REPRESENTATION_CONTEXT() REPRESENTATION_CONTEXT('2D SPACE',''
  ) );
#7837 = PCURVE('',#3356,#7838);
#7838 = DEFINITIONAL_REPRESENTATION('',(#7839),#7843);
#7839 = LINE('',#7840,#7841);
#7840 = CARTESIAN_POINT('',(0.,0.));
#7841 = VECTOR('',#7842,1.);
#7842 = DIRECTION('',(0.,-1.));
#7843 = ( GEOMETRIC_REPRESENTATION_CONTEXT(2) 
PARAMETRIC_REPRESENTATION_CONTEXT() REPRESENTATION_CONTEXT('2D SPACE',''
  ) );
#7844 = ADVANCED_FACE('',(#7845),#1939,.T.);
#7845 = FACE_BOUND('',#7846,.T.);
#7846 = EDGE_LOOP('',(#7847,#7848,#7871,#7890));
#7847 = ORIENTED_EDGE('',*,*,#1924,.T.);
#7848 = ORIENTED_EDGE('',*,*,#7849,.T.);
#7849 = EDGE_CURVE('',#1925,#7850,#7852,.T.);
#7850 = VERTEX_POINT('',#7851);
#7851 = CARTESIAN_POINT('',(-3.14,-0.2,20.75));
#7852 = SURFACE_CURVE('',#7853,(#7857,#7864),.PCURVE_S1.);
#7853 = LINE('',#7854,#7855);
#7854 = CARTESIAN_POINT('',(-3.14,-0.2,17.75));
#7855 = VECTOR('',#7856,1.);
#7856 = DIRECTION('',(0.,0.,1.));
#7857 = PCURVE('',#1939,#7858);
#7858 = DEFINITIONAL_REPRESENTATION('',(#7859),#7863);
#7859 = LINE('',#7860,#7861);
#7860 = CARTESIAN_POINT('',(0.,0.));
#7861 = VECTOR('',#7862,1.);
#7862 = DIRECTION('',(0.,-1.));
#7863 = ( GEOMETRIC_REPRESENTATION_CONTEXT(2) 
PARAMETRIC_REPRESENTATION_CONTEXT() REPRESENTATION_CONTEXT('2D SPACE',''
  ) );
#7864 = PCURVE('',#1965,#7865);
#7865 = DEFINITIONAL_REPRESENTATION('',(#7866),#7870);
#7866 = LINE('',#7867,#7868);
#7867 = CARTESIAN_POINT('',(0.92,0.));
#7868 = VECTOR('',#7869,1.);
#7869 = DIRECTION('',(0.,-1.));
#7870 = ( GEOMETRIC_REPRESENTATION_CONTEXT(2) 
PARAMETRIC_REPRESENTATION_CONTEXT() REPRESENTATION_CONTEXT('2D SPACE',''
  ) );
#7871 = ORIENTED_EDGE('',*,*,#7872,.F.);
#7872 = EDGE_CURVE('',#7756,#7850,#7873,.T.);
#7873 = SURFACE_CURVE('',#7874,(#7878,#7884),.PCURVE_S1.);
#7874 = LINE('',#7875,#7876);
#7875 = CARTESIAN_POINT('',(-3.14,-1.E-01,20.75));
#7876 = VECTOR('',#7877,1.);
#7877 = DIRECTION('',(0.,-1.,0.));
#7878 = PCURVE('',#1939,#7879);
#7879 = DEFINITIONAL_REPRESENTATION('',(#7880),#7883);
#7880 = B_SPLINE_CURVE_WITH_KNOTS('',1,(#7881,#7882),.UNSPECIFIED.,.F.,
  .F.,(2,2),(-0.3,0.1),.PIECEWISE_BEZIER_KNOTS.);
#7881 = CARTESIAN_POINT('',(0.4,-3.));
#7882 = CARTESIAN_POINT('',(0.,-3.));
#7883 = ( GEOMETRIC_REPRESENTATION_CONTEXT(2) 
PARAMETRIC_REPRESENTATION_CONTEXT() REPRESENTATION_CONTEXT('2D SPACE',''
  ) );
#7884 = PCURVE('',#4486,#7885);
#7885 = DEFINITIONAL_REPRESENTATION('',(#7886),#7889);
#7886 = B_SPLINE_CURVE_WITH_KNOTS('',1,(#7887,#7888),.UNSPECIFIED.,.F.,
  .F.,(2,2),(-0.3,0.1),.PIECEWISE_BEZIER_KNOTS.);
#7887 = CARTESIAN_POINT('',(2.56,0.2));
#7888 = CARTESIAN_POINT('',(2.56,-0.2));
#7889 = ( GEOMETRIC_REPRESENTATION_CONTEXT(2) 
PARAMETRIC_REPRESENTATION_CONTEXT() REPRESENTATION_CONTEXT('2D SPACE',''
  ) );
#7890 = ORIENTED_EDGE('',*,*,#7755,.F.);
#7891 = ADVANCED_FACE('',(#7892),#3356,.T.);
#7892 = FACE_BOUND('',#7893,.T.);
#7893 = EDGE_LOOP('',(#7894,#7895,#7896,#7917));
#7894 = ORIENTED_EDGE('',*,*,#3341,.T.);
#7895 = ORIENTED_EDGE('',*,*,#7824,.T.);
#7896 = ORIENTED_EDGE('',*,*,#7897,.F.);
#7897 = EDGE_CURVE('',#7898,#7804,#7900,.T.);
#7898 = VERTEX_POINT('',#7899);
#7899 = CARTESIAN_POINT('',(-7.908643264423,7.742693664191E-02,20.75));
#7900 = SURFACE_CURVE('',#7901,(#7905,#7911),.PCURVE_S1.);
#7901 = LINE('',#7902,#7903);
#7902 = CARTESIAN_POINT('',(-6.994973464395,-3.799640130059E-02,20.75));
#7903 = VECTOR('',#7904,1.);
#7904 = DIRECTION('',(-0.992114701314,0.125333233564,0.));
#7905 = PCURVE('',#3356,#7906);
#7906 = DEFINITIONAL_REPRESENTATION('',(#7907),#7910);
#7907 = B_SPLINE_CURVE_WITH_KNOTS('',1,(#7908,#7909),.UNSPECIFIED.,.F.,
  .F.,(2,2),(0.920931620928,1.28),.PIECEWISE_BEZIER_KNOTS.);
#7908 = CARTESIAN_POINT('',(0.359068379072,-3.));
#7909 = CARTESIAN_POINT('',(0.,-3.));
#7910 = ( GEOMETRIC_REPRESENTATION_CONTEXT(2) 
PARAMETRIC_REPRESENTATION_CONTEXT() REPRESENTATION_CONTEXT('2D SPACE',''
  ) );
#7911 = PCURVE('',#4486,#7912);
#7912 = DEFINITIONAL_REPRESENTATION('',(#7913),#7916);
#7913 = B_SPLINE_CURVE_WITH_KNOTS('',1,(#7914,#7915),.UNSPECIFIED.,.F.,
  .F.,(2,2),(0.920931620928,1.28),.PIECEWISE_BEZIER_KNOTS.);
#7914 = CARTESIAN_POINT('',(-2.208643264423,7.742693664191E-02));
#7915 = CARTESIAN_POINT('',(-2.564880282078,0.122430137662));
#7916 = ( GEOMETRIC_REPRESENTATION_CONTEXT(2) 
PARAMETRIC_REPRESENTATION_CONTEXT() REPRESENTATION_CONTEXT('2D SPACE',''
  ) );
#7917 = ORIENTED_EDGE('',*,*,#7918,.T.);
#7918 = EDGE_CURVE('',#7898,#3309,#7919,.T.);
#7919 = SURFACE_CURVE('',#7920,(#7924,#7930),.PCURVE_S1.);
#7920 = LINE('',#7921,#7922);
#7921 = CARTESIAN_POINT('',(-7.908643264423,7.742693664191E-02,17.75));
#7922 = VECTOR('',#7923,1.);
#7923 = DIRECTION('',(-0.,-0.,-1.));
#7924 = PCURVE('',#3356,#7925);
#7925 = DEFINITIONAL_REPRESENTATION('',(#7926),#7929);
#7926 = B_SPLINE_CURVE_WITH_KNOTS('',1,(#7927,#7928),.UNSPECIFIED.,.F.,
  .F.,(2,2),(-3.5000006,5.999999999062E-07),.PIECEWISE_BEZIER_KNOTS.);
#7927 = CARTESIAN_POINT('',(0.359068379072,-3.5000006));
#7928 = CARTESIAN_POINT('',(0.359068379072,5.999999999062E-07));
#7929 = ( GEOMETRIC_REPRESENTATION_CONTEXT(2) 
PARAMETRIC_REPRESENTATION_CONTEXT() REPRESENTATION_CONTEXT('2D SPACE',''
  ) );
#7930 = PCURVE('',#3329,#7931);
#7931 = DEFINITIONAL_REPRESENTATION('',(#7932),#7935);
#7932 = B_SPLINE_CURVE_WITH_KNOTS('',1,(#7933,#7934),.UNSPECIFIED.,.F.,
  .F.,(2,2),(-3.5000006,5.999999999062E-07),.PIECEWISE_BEZIER_KNOTS.);
#7933 = CARTESIAN_POINT('',(-3.10655066949,-3.5000006));
#7934 = CARTESIAN_POINT('',(-3.10655066949,5.999999999062E-07));
#7935 = ( GEOMETRIC_REPRESENTATION_CONTEXT(2) 
PARAMETRIC_REPRESENTATION_CONTEXT() REPRESENTATION_CONTEXT('2D SPACE',''
  ) );
#7936 = ADVANCED_FACE('',(#7937),#1965,.T.);
#7937 = FACE_BOUND('',#7938,.T.);
#7938 = EDGE_LOOP('',(#7939,#7940,#7961,#7980));
#7939 = ORIENTED_EDGE('',*,*,#1950,.T.);
#7940 = ORIENTED_EDGE('',*,*,#7941,.F.);
#7941 = EDGE_CURVE('',#7942,#1951,#7944,.T.);
#7942 = VERTEX_POINT('',#7943);
#7943 = CARTESIAN_POINT('',(-3.499068379072,-0.2,20.75));
#7944 = SURFACE_CURVE('',#7945,(#7949,#7955),.PCURVE_S1.);
#7945 = LINE('',#7946,#7947);
#7946 = CARTESIAN_POINT('',(-3.499068379072,-0.2,17.75));
#7947 = VECTOR('',#7948,1.);
#7948 = DIRECTION('',(-0.,-0.,-1.));
#7949 = PCURVE('',#1965,#7950);
#7950 = DEFINITIONAL_REPRESENTATION('',(#7951),#7954);
#7951 = B_SPLINE_CURVE_WITH_KNOTS('',1,(#7952,#7953),.UNSPECIFIED.,.F.,
  .F.,(2,2),(-3.5000006,5.999999999062E-07),.PIECEWISE_BEZIER_KNOTS.);
#7952 = CARTESIAN_POINT('',(0.560931620928,-3.5000006));
#7953 = CARTESIAN_POINT('',(0.560931620928,5.999999999062E-07));
#7954 = ( GEOMETRIC_REPRESENTATION_CONTEXT(2) 
PARAMETRIC_REPRESENTATION_CONTEXT() REPRESENTATION_CONTEXT('2D SPACE',''
  ) );
#7955 = PCURVE('',#1997,#7956);
#7956 = DEFINITIONAL_REPRESENTATION('',(#7957),#7960);
#7957 = B_SPLINE_CURVE_WITH_KNOTS('',1,(#7958,#7959),.UNSPECIFIED.,.F.,
  .F.,(2,2),(-3.5000006,5.999999999062E-07),.PIECEWISE_BEZIER_KNOTS.);
#7958 = CARTESIAN_POINT('',(-6.192563585135,-3.5000006));
#7959 = CARTESIAN_POINT('',(-6.192563585135,5.999999999062E-07));
#7960 = ( GEOMETRIC_REPRESENTATION_CONTEXT(2) 
PARAMETRIC_REPRESENTATION_CONTEXT() REPRESENTATION_CONTEXT('2D SPACE',''
  ) );
#7961 = ORIENTED_EDGE('',*,*,#7962,.F.);
#7962 = EDGE_CURVE('',#7850,#7942,#7963,.T.);
#7963 = SURFACE_CURVE('',#7964,(#7968,#7974),.PCURVE_S1.);
#7964 = LINE('',#7965,#7966);
#7965 = CARTESIAN_POINT('',(-4.88,-0.2,20.75));
#7966 = VECTOR('',#7967,1.);
#7967 = DIRECTION('',(-1.,0.,0.));
#7968 = PCURVE('',#1965,#7969);
#7969 = DEFINITIONAL_REPRESENTATION('',(#7970),#7973);
#7970 = B_SPLINE_CURVE_WITH_KNOTS('',1,(#7971,#7972),.UNSPECIFIED.,.F.,
  .F.,(2,2),(-1.74,-1.380931620928),.PIECEWISE_BEZIER_KNOTS.);
#7971 = CARTESIAN_POINT('',(0.92,-3.));
#7972 = CARTESIAN_POINT('',(0.560931620928,-3.));
#7973 = ( GEOMETRIC_REPRESENTATION_CONTEXT(2) 
PARAMETRIC_REPRESENTATION_CONTEXT() REPRESENTATION_CONTEXT('2D SPACE',''
  ) );
#7974 = PCURVE('',#4486,#7975);
#7975 = DEFINITIONAL_REPRESENTATION('',(#7976),#7979);
#7976 = B_SPLINE_CURVE_WITH_KNOTS('',1,(#7977,#7978),.UNSPECIFIED.,.F.,
  .F.,(2,2),(-1.74,-1.380931620928),.PIECEWISE_BEZIER_KNOTS.);
#7977 = CARTESIAN_POINT('',(2.56,-0.2));
#7978 = CARTESIAN_POINT('',(2.200931620928,-0.2));
#7979 = ( GEOMETRIC_REPRESENTATION_CONTEXT(2) 
PARAMETRIC_REPRESENTATION_CONTEXT() REPRESENTATION_CONTEXT('2D SPACE',''
  ) );
#7980 = ORIENTED_EDGE('',*,*,#7849,.F.);
#7981 = ADVANCED_FACE('',(#7982),#3329,.F.);
#7982 = FACE_BOUND('',#7983,.T.);
#7983 = EDGE_LOOP('',(#7984,#7985,#7986,#8014));
#7984 = ORIENTED_EDGE('',*,*,#3308,.T.);
#7985 = ORIENTED_EDGE('',*,*,#7918,.F.);
#7986 = ORIENTED_EDGE('',*,*,#7987,.F.);
#7987 = EDGE_CURVE('',#7988,#7898,#7990,.T.);
#7988 = VERTEX_POINT('',#7989);
#7989 = CARTESIAN_POINT('',(-7.908643264423,-7.742693664191E-02,20.75));
#7990 = SURFACE_CURVE('',#7991,(#7996,#8003),.PCURVE_S1.);
#7991 = CIRCLE('',#7992,2.21);
#7992 = AXIS2_PLACEMENT_3D('',#7993,#7994,#7995);
#7993 = CARTESIAN_POINT('',(-5.7,0.,20.75));
#7994 = DIRECTION('',(0.,0.,-1.));
#7995 = DIRECTION('',(1.,0.,0.));
#7996 = PCURVE('',#3329,#7997);
#7997 = DEFINITIONAL_REPRESENTATION('',(#7998),#8002);
#7998 = LINE('',#7999,#8000);
#7999 = CARTESIAN_POINT('',(-6.28318530718,-3.));
#8000 = VECTOR('',#8001,1.);
#8001 = DIRECTION('',(1.,-0.));
#8002 = ( GEOMETRIC_REPRESENTATION_CONTEXT(2) 
PARAMETRIC_REPRESENTATION_CONTEXT() REPRESENTATION_CONTEXT('2D SPACE',''
  ) );
#8003 = PCURVE('',#4486,#8004);
#8004 = DEFINITIONAL_REPRESENTATION('',(#8005),#8013);
#8005 = ( BOUNDED_CURVE() B_SPLINE_CURVE(2,(#8006,#8007,#8008,#8009,
#8010,#8011,#8012),.UNSPECIFIED.,.T.,.F.) B_SPLINE_CURVE_WITH_KNOTS((1,2
    ,2,2,2,1),(-2.094395102393,0.,2.094395102393,4.188790204786,
6.28318530718,8.377580409573),.UNSPECIFIED.) CURVE() 
GEOMETRIC_REPRESENTATION_ITEM() RATIONAL_B_SPLINE_CURVE((1.,0.5,1.,0.5,
1.,0.5,1.)) REPRESENTATION_ITEM('') );
#8006 = CARTESIAN_POINT('',(2.21,-2.924450111184E-17));
#8007 = CARTESIAN_POINT('',(2.21,-3.827832284727));
#8008 = CARTESIAN_POINT('',(-1.105,-1.913916142364));
#8009 = CARTESIAN_POINT('',(-4.42,-5.70538386335E-16));
#8010 = CARTESIAN_POINT('',(-1.105,1.913916142364));
#8011 = CARTESIAN_POINT('',(2.21,3.827832284727));
#8012 = CARTESIAN_POINT('',(2.21,-2.924450111184E-17));
#8013 = ( GEOMETRIC_REPRESENTATION_CONTEXT(2) 
PARAMETRIC_REPRESENTATION_CONTEXT() REPRESENTATION_CONTEXT('2D SPACE',''
  ) );
#8014 = ORIENTED_EDGE('',*,*,#8015,.T.);
#8015 = EDGE_CURVE('',#7988,#3283,#8016,.T.);
#8016 = SURFACE_CURVE('',#8017,(#8021,#8027),.PCURVE_S1.);
#8017 = LINE('',#8018,#8019);
#8018 = CARTESIAN_POINT('',(-7.908643264423,-7.742693664191E-02,17.75));
#8019 = VECTOR('',#8020,1.);
#8020 = DIRECTION('',(-0.,-0.,-1.));
#8021 = PCURVE('',#3329,#8022);
#8022 = DEFINITIONAL_REPRESENTATION('',(#8023),#8026);
#8023 = B_SPLINE_CURVE_WITH_KNOTS('',1,(#8024,#8025),.UNSPECIFIED.,.F.,
  .F.,(2,2),(-3.5000006,5.999999999062E-07),.PIECEWISE_BEZIER_KNOTS.);
#8024 = CARTESIAN_POINT('',(-3.176634637689,-3.5000006));
#8025 = CARTESIAN_POINT('',(-3.176634637689,5.999999999062E-07));
#8026 = ( GEOMETRIC_REPRESENTATION_CONTEXT(2) 
PARAMETRIC_REPRESENTATION_CONTEXT() REPRESENTATION_CONTEXT('2D SPACE',''
  ) );
#8027 = PCURVE('',#3297,#8028);
#8028 = DEFINITIONAL_REPRESENTATION('',(#8029),#8032);
#8029 = B_SPLINE_CURVE_WITH_KNOTS('',1,(#8030,#8031),.UNSPECIFIED.,.F.,
  .F.,(2,2),(-3.5000006,5.999999999062E-07),.PIECEWISE_BEZIER_KNOTS.);
#8030 = CARTESIAN_POINT('',(0.560931620928,-3.5000006));
#8031 = CARTESIAN_POINT('',(0.560931620928,5.999999999062E-07));
#8032 = ( GEOMETRIC_REPRESENTATION_CONTEXT(2) 
PARAMETRIC_REPRESENTATION_CONTEXT() REPRESENTATION_CONTEXT('2D SPACE',''
  ) );
#8033 = ADVANCED_FACE('',(#8034),#1997,.F.);
#8034 = FACE_BOUND('',#8035,.T.);
#8035 = EDGE_LOOP('',(#8036,#8037,#8058,#8084));
#8036 = ORIENTED_EDGE('',*,*,#1976,.T.);
#8037 = ORIENTED_EDGE('',*,*,#8038,.F.);
#8038 = EDGE_CURVE('',#8039,#1977,#8041,.T.);
#8039 = VERTEX_POINT('',#8040);
#8040 = CARTESIAN_POINT('',(-3.518476715741,-0.35363280424,20.75));
#8041 = SURFACE_CURVE('',#8042,(#8046,#8052),.PCURVE_S1.);
#8042 = LINE('',#8043,#8044);
#8043 = CARTESIAN_POINT('',(-3.518476715741,-0.35363280424,17.75));
#8044 = VECTOR('',#8045,1.);
#8045 = DIRECTION('',(-0.,-0.,-1.));
#8046 = PCURVE('',#1997,#8047);
#8047 = DEFINITIONAL_REPRESENTATION('',(#8048),#8051);
#8048 = B_SPLINE_CURVE_WITH_KNOTS('',1,(#8049,#8050),.UNSPECIFIED.,.F.,
  .F.,(2,2),(-3.5000006,5.999999999062E-07),.PIECEWISE_BEZIER_KNOTS.);
#8049 = CARTESIAN_POINT('',(-6.122479616937,-3.5000006));
#8050 = CARTESIAN_POINT('',(-6.122479616937,5.999999999062E-07));
#8051 = ( GEOMETRIC_REPRESENTATION_CONTEXT(2) 
PARAMETRIC_REPRESENTATION_CONTEXT() REPRESENTATION_CONTEXT('2D SPACE',''
  ) );
#8052 = PCURVE('',#2024,#8053);
#8053 = DEFINITIONAL_REPRESENTATION('',(#8054),#8057);
#8054 = B_SPLINE_CURVE_WITH_KNOTS('',1,(#8055,#8056),.UNSPECIFIED.,.F.,
  .F.,(2,2),(-3.5000006,5.999999999062E-07),.PIECEWISE_BEZIER_KNOTS.);
#8055 = CARTESIAN_POINT('',(0.359068379072,-3.5000006));
#8056 = CARTESIAN_POINT('',(0.359068379072,5.999999999062E-07));
#8057 = ( GEOMETRIC_REPRESENTATION_CONTEXT(2) 
PARAMETRIC_REPRESENTATION_CONTEXT() REPRESENTATION_CONTEXT('2D SPACE',''
  ) );
#8058 = ORIENTED_EDGE('',*,*,#8059,.F.);
#8059 = EDGE_CURVE('',#7942,#8039,#8060,.T.);
#8060 = SURFACE_CURVE('',#8061,(#8066,#8073),.PCURVE_S1.);
#8061 = CIRCLE('',#8062,2.21);
#8062 = AXIS2_PLACEMENT_3D('',#8063,#8064,#8065);
#8063 = CARTESIAN_POINT('',(-5.7,0.,20.75));
#8064 = DIRECTION('',(0.,0.,-1.));
#8065 = DIRECTION('',(1.,0.,0.));
#8066 = PCURVE('',#1997,#8067);
#8067 = DEFINITIONAL_REPRESENTATION('',(#8068),#8072);
#8068 = LINE('',#8069,#8070);
#8069 = CARTESIAN_POINT('',(-6.28318530718,-3.));
#8070 = VECTOR('',#8071,1.);
#8071 = DIRECTION('',(1.,-0.));
#8072 = ( GEOMETRIC_REPRESENTATION_CONTEXT(2) 
PARAMETRIC_REPRESENTATION_CONTEXT() REPRESENTATION_CONTEXT('2D SPACE',''
  ) );
#8073 = PCURVE('',#4486,#8074);
#8074 = DEFINITIONAL_REPRESENTATION('',(#8075),#8083);
#8075 = ( BOUNDED_CURVE() B_SPLINE_CURVE(2,(#8076,#8077,#8078,#8079,
#8080,#8081,#8082),.UNSPECIFIED.,.T.,.F.) B_SPLINE_CURVE_WITH_KNOTS((1,2
    ,2,2,2,1),(-2.094395102393,0.,2.094395102393,4.188790204786,
6.28318530718,8.377580409573),.UNSPECIFIED.) CURVE() 
GEOMETRIC_REPRESENTATION_ITEM() RATIONAL_B_SPLINE_CURVE((1.,0.5,1.,0.5,
1.,0.5,1.)) REPRESENTATION_ITEM('') );
#8076 = CARTESIAN_POINT('',(2.21,-2.924450111184E-17));
#8077 = CARTESIAN_POINT('',(2.21,-3.827832284727));
#8078 = CARTESIAN_POINT('',(-1.105,-1.913916142364));
#8079 = CARTESIAN_POINT('',(-4.42,-5.70538386335E-16));
#8080 = CARTESIAN_POINT('',(-1.105,1.913916142364));
#8081 = CARTESIAN_POINT('',(2.21,3.827832284727));
#8082 = CARTESIAN_POINT('',(2.21,-2.924450111184E-17));
#8083 = ( GEOMETRIC_REPRESENTATION_CONTEXT(2) 
PARAMETRIC_REPRESENTATION_CONTEXT() REPRESENTATION_CONTEXT('2D SPACE',''
  ) );
#8084 = ORIENTED_EDGE('',*,*,#7941,.T.);
#8085 = ADVANCED_FACE('',(#8086),#3297,.T.);
#8086 = FACE_BOUND('',#8087,.T.);
#8087 = EDGE_LOOP('',(#8088,#8089,#8090,#8111));
#8088 = ORIENTED_EDGE('',*,*,#3282,.T.);
#8089 = ORIENTED_EDGE('',*,*,#8015,.F.);
#8090 = ORIENTED_EDGE('',*,*,#8091,.F.);
#8091 = EDGE_CURVE('',#8092,#7988,#8094,.T.);
#8092 = VERTEX_POINT('',#8093);
#8093 = CARTESIAN_POINT('',(-8.264880282078,-0.122430137662,20.75));
#8094 = SURFACE_CURVE('',#8095,(#8099,#8105),.PCURVE_S1.);
#8095 = LINE('',#8096,#8097);
#8096 = CARTESIAN_POINT('',(-6.538600701791,9.564968874017E-02,20.75));
#8097 = VECTOR('',#8098,1.);
#8098 = DIRECTION('',(0.992114701314,0.125333233564,-0.));
#8099 = PCURVE('',#3297,#8100);
#8100 = DEFINITIONAL_REPRESENTATION('',(#8101),#8104);
#8101 = B_SPLINE_CURVE_WITH_KNOTS('',1,(#8102,#8103),.UNSPECIFIED.,.F.,
  .F.,(2,2),(-1.74,-1.380931620928),.PIECEWISE_BEZIER_KNOTS.);
#8102 = CARTESIAN_POINT('',(0.92,-3.));
#8103 = CARTESIAN_POINT('',(0.560931620928,-3.));
#8104 = ( GEOMETRIC_REPRESENTATION_CONTEXT(2) 
PARAMETRIC_REPRESENTATION_CONTEXT() REPRESENTATION_CONTEXT('2D SPACE',''
  ) );
#8105 = PCURVE('',#4486,#8106);
#8106 = DEFINITIONAL_REPRESENTATION('',(#8107),#8110);
#8107 = B_SPLINE_CURVE_WITH_KNOTS('',1,(#8108,#8109),.UNSPECIFIED.,.F.,
  .F.,(2,2),(-1.74,-1.380931620928),.PIECEWISE_BEZIER_KNOTS.);
#8108 = CARTESIAN_POINT('',(-2.564880282078,-0.122430137662));
#8109 = CARTESIAN_POINT('',(-2.208643264423,-7.742693664191E-02));
#8110 = ( GEOMETRIC_REPRESENTATION_CONTEXT(2) 
PARAMETRIC_REPRESENTATION_CONTEXT() REPRESENTATION_CONTEXT('2D SPACE',''
  ) );
#8111 = ORIENTED_EDGE('',*,*,#8112,.F.);
#8112 = EDGE_CURVE('',#3257,#8092,#8113,.T.);
#8113 = SURFACE_CURVE('',#8114,(#8118,#8125),.PCURVE_S1.);
#8114 = LINE('',#8115,#8116);
#8115 = CARTESIAN_POINT('',(-8.264880282078,-0.122430137662,17.75));
#8116 = VECTOR('',#8117,1.);
#8117 = DIRECTION('',(0.,0.,1.));
#8118 = PCURVE('',#3297,#8119);
#8119 = DEFINITIONAL_REPRESENTATION('',(#8120),#8124);
#8120 = LINE('',#8121,#8122);
#8121 = CARTESIAN_POINT('',(0.92,0.));
#8122 = VECTOR('',#8123,1.);
#8123 = DIRECTION('',(0.,-1.));
#8124 = ( GEOMETRIC_REPRESENTATION_CONTEXT(2) 
PARAMETRIC_REPRESENTATION_CONTEXT() REPRESENTATION_CONTEXT('2D SPACE',''
  ) );
#8125 = PCURVE('',#3271,#8126);
#8126 = DEFINITIONAL_REPRESENTATION('',(#8127),#8131);
#8127 = LINE('',#8128,#8129);
#8128 = CARTESIAN_POINT('',(0.,0.));
#8129 = VECTOR('',#8130,1.);
#8130 = DIRECTION('',(0.,-1.));
#8131 = ( GEOMETRIC_REPRESENTATION_CONTEXT(2) 
PARAMETRIC_REPRESENTATION_CONTEXT() REPRESENTATION_CONTEXT('2D SPACE',''
  ) );
#8132 = ADVANCED_FACE('',(#8133),#2024,.T.);
#8133 = FACE_BOUND('',#8134,.T.);
#8134 = EDGE_LOOP('',(#8135,#8136,#8159,#8178));
#8135 = ORIENTED_EDGE('',*,*,#2009,.T.);
#8136 = ORIENTED_EDGE('',*,*,#8137,.T.);
#8137 = EDGE_CURVE('',#2010,#8138,#8140,.T.);
#8138 = VERTEX_POINT('',#8139);
#8139 = CARTESIAN_POINT('',(-3.170689130078,-0.442929478916,20.75));
#8140 = SURFACE_CURVE('',#8141,(#8145,#8152),.PCURVE_S1.);
#8141 = LINE('',#8142,#8143);
#8142 = CARTESIAN_POINT('',(-3.170689130078,-0.442929478916,17.75));
#8143 = VECTOR('',#8144,1.);
#8144 = DIRECTION('',(0.,0.,1.));
#8145 = PCURVE('',#2024,#8146);
#8146 = DEFINITIONAL_REPRESENTATION('',(#8147),#8151);
#8147 = LINE('',#8148,#8149);
#8148 = CARTESIAN_POINT('',(0.,0.));
#8149 = VECTOR('',#8150,1.);
#8150 = DIRECTION('',(0.,-1.));
#8151 = ( GEOMETRIC_REPRESENTATION_CONTEXT(2) 
PARAMETRIC_REPRESENTATION_CONTEXT() REPRESENTATION_CONTEXT('2D SPACE',''
  ) );
#8152 = PCURVE('',#2050,#8153);
#8153 = DEFINITIONAL_REPRESENTATION('',(#8154),#8158);
#8154 = LINE('',#8155,#8156);
#8155 = CARTESIAN_POINT('',(0.4,0.));
#8156 = VECTOR('',#8157,1.);
#8157 = DIRECTION('',(0.,-1.));
#8158 = ( GEOMETRIC_REPRESENTATION_CONTEXT(2) 
PARAMETRIC_REPRESENTATION_CONTEXT() REPRESENTATION_CONTEXT('2D SPACE',''
  ) );
#8159 = ORIENTED_EDGE('',*,*,#8160,.F.);
#8160 = EDGE_CURVE('',#8039,#8138,#8161,.T.);
#8161 = SURFACE_CURVE('',#8162,(#8166,#8172),.PCURVE_S1.);
#8162 = LINE('',#8163,#8164);
#8163 = CARTESIAN_POINT('',(-4.410475576322,-0.124606423345,20.75));
#8164 = VECTOR('',#8165,1.);
#8165 = DIRECTION('',(0.968583161129,-0.248689887165,0.));
#8166 = PCURVE('',#2024,#8167);
#8167 = DEFINITIONAL_REPRESENTATION('',(#8168),#8171);
#8168 = B_SPLINE_CURVE_WITH_KNOTS('',1,(#8169,#8170),.UNSPECIFIED.,.F.,
  .F.,(2,2),(0.920931620928,1.28),.PIECEWISE_BEZIER_KNOTS.);
#8169 = CARTESIAN_POINT('',(0.359068379072,-3.));
#8170 = CARTESIAN_POINT('',(0.,-3.));
#8171 = ( GEOMETRIC_REPRESENTATION_CONTEXT(2) 
PARAMETRIC_REPRESENTATION_CONTEXT() REPRESENTATION_CONTEXT('2D SPACE',''
  ) );
#8172 = PCURVE('',#4486,#8173);
#8173 = DEFINITIONAL_REPRESENTATION('',(#8174),#8177);
#8174 = B_SPLINE_CURVE_WITH_KNOTS('',1,(#8175,#8176),.UNSPECIFIED.,.F.,
  .F.,(2,2),(0.920931620928,1.28),.PIECEWISE_BEZIER_KNOTS.);
#8175 = CARTESIAN_POINT('',(2.181523284259,-0.35363280424));
#8176 = CARTESIAN_POINT('',(2.529310869922,-0.442929478916));
#8177 = ( GEOMETRIC_REPRESENTATION_CONTEXT(2) 
PARAMETRIC_REPRESENTATION_CONTEXT() REPRESENTATION_CONTEXT('2D SPACE',''
  ) );
#8178 = ORIENTED_EDGE('',*,*,#8038,.T.);
#8179 = ADVANCED_FACE('',(#8180),#3271,.T.);
#8180 = FACE_BOUND('',#8181,.T.);
#8181 = EDGE_LOOP('',(#8182,#8183,#8184,#8205));
#8182 = ORIENTED_EDGE('',*,*,#3256,.T.);
#8183 = ORIENTED_EDGE('',*,*,#8112,.T.);
#8184 = ORIENTED_EDGE('',*,*,#8185,.F.);
#8185 = EDGE_CURVE('',#8186,#8092,#8188,.T.);
#8186 = VERTEX_POINT('',#8187);
#8187 = CARTESIAN_POINT('',(-8.214746988652,-0.519276018188,20.75));
#8188 = SURFACE_CURVE('',#8189,(#8193,#8199),.PCURVE_S1.);
#8189 = LINE('',#8190,#8191);
#8190 = CARTESIAN_POINT('',(-8.252346958721,-0.221641607793,20.75));
#8191 = VECTOR('',#8192,1.);
#8192 = DIRECTION('',(-0.125333233564,0.992114701314,0.));
#8193 = PCURVE('',#3271,#8194);
#8194 = DEFINITIONAL_REPRESENTATION('',(#8195),#8198);
#8195 = B_SPLINE_CURVE_WITH_KNOTS('',1,(#8196,#8197),.UNSPECIFIED.,.F.,
  .F.,(2,2),(-0.3,1.E-01),.PIECEWISE_BEZIER_KNOTS.);
#8196 = CARTESIAN_POINT('',(0.4,-3.));
#8197 = CARTESIAN_POINT('',(0.,-3.));
#8198 = ( GEOMETRIC_REPRESENTATION_CONTEXT(2) 
PARAMETRIC_REPRESENTATION_CONTEXT() REPRESENTATION_CONTEXT('2D SPACE',''
  ) );
#8199 = PCURVE('',#4486,#8200);
#8200 = DEFINITIONAL_REPRESENTATION('',(#8201),#8204);
#8201 = B_SPLINE_CURVE_WITH_KNOTS('',1,(#8202,#8203),.UNSPECIFIED.,.F.,
  .F.,(2,2),(-0.3,1.E-01),.PIECEWISE_BEZIER_KNOTS.);
#8202 = CARTESIAN_POINT('',(-2.514746988652,-0.519276018188));
#8203 = CARTESIAN_POINT('',(-2.564880282078,-0.122430137662));
#8204 = ( GEOMETRIC_REPRESENTATION_CONTEXT(2) 
PARAMETRIC_REPRESENTATION_CONTEXT() REPRESENTATION_CONTEXT('2D SPACE',''
  ) );
#8205 = ORIENTED_EDGE('',*,*,#8206,.F.);
#8206 = EDGE_CURVE('',#3231,#8186,#8207,.T.);
#8207 = SURFACE_CURVE('',#8208,(#8212,#8219),.PCURVE_S1.);
#8208 = LINE('',#8209,#8210);
#8209 = CARTESIAN_POINT('',(-8.214746988652,-0.519276018188,17.75));
#8210 = VECTOR('',#8211,1.);
#8211 = DIRECTION('',(0.,0.,1.));
#8212 = PCURVE('',#3271,#8213);
#8213 = DEFINITIONAL_REPRESENTATION('',(#8214),#8218);
#8214 = LINE('',#8215,#8216);
#8215 = CARTESIAN_POINT('',(0.4,0.));
#8216 = VECTOR('',#8217,1.);
#8217 = DIRECTION('',(0.,-1.));
#8218 = ( GEOMETRIC_REPRESENTATION_CONTEXT(2) 
PARAMETRIC_REPRESENTATION_CONTEXT() REPRESENTATION_CONTEXT('2D SPACE',''
  ) );
#8219 = PCURVE('',#3245,#8220);
#8220 = DEFINITIONAL_REPRESENTATION('',(#8221),#8225);
#8221 = LINE('',#8222,#8223);
#8222 = CARTESIAN_POINT('',(0.,0.));
#8223 = VECTOR('',#8224,1.);
#8224 = DIRECTION('',(0.,-1.));
#8225 = ( GEOMETRIC_REPRESENTATION_CONTEXT(2) 
PARAMETRIC_REPRESENTATION_CONTEXT() REPRESENTATION_CONTEXT('2D SPACE',''
  ) );
#8226 = ADVANCED_FACE('',(#8227),#2050,.T.);
#8227 = FACE_BOUND('',#8228,.T.);
#8228 = EDGE_LOOP('',(#8229,#8230,#8253,#8272));
#8229 = ORIENTED_EDGE('',*,*,#2035,.T.);
#8230 = ORIENTED_EDGE('',*,*,#8231,.T.);
#8231 = EDGE_CURVE('',#2036,#8232,#8234,.T.);
#8232 = VERTEX_POINT('',#8233);
#8233 = CARTESIAN_POINT('',(-3.270165084944,-0.830362743368,20.75));
#8234 = SURFACE_CURVE('',#8235,(#8239,#8246),.PCURVE_S1.);
#8235 = LINE('',#8236,#8237);
#8236 = CARTESIAN_POINT('',(-3.270165084944,-0.830362743368,17.75));
#8237 = VECTOR('',#8238,1.);
#8238 = DIRECTION('',(0.,0.,1.));
#8239 = PCURVE('',#2050,#8240);
#8240 = DEFINITIONAL_REPRESENTATION('',(#8241),#8245);
#8241 = LINE('',#8242,#8243);
#8242 = CARTESIAN_POINT('',(0.,0.));
#8243 = VECTOR('',#8244,1.);
#8244 = DIRECTION('',(0.,-1.));
#8245 = ( GEOMETRIC_REPRESENTATION_CONTEXT(2) 
PARAMETRIC_REPRESENTATION_CONTEXT() REPRESENTATION_CONTEXT('2D SPACE',''
  ) );
#8246 = PCURVE('',#2076,#8247);
#8247 = DEFINITIONAL_REPRESENTATION('',(#8248),#8252);
#8248 = LINE('',#8249,#8250);
#8249 = CARTESIAN_POINT('',(0.92,0.));
#8250 = VECTOR('',#8251,1.);
#8251 = DIRECTION('',(0.,-1.));
#8252 = ( GEOMETRIC_REPRESENTATION_CONTEXT(2) 
PARAMETRIC_REPRESENTATION_CONTEXT() REPRESENTATION_CONTEXT('2D SPACE',''
  ) );
#8253 = ORIENTED_EDGE('',*,*,#8254,.F.);
#8254 = EDGE_CURVE('',#8138,#8232,#8255,.T.);
#8255 = SURFACE_CURVE('',#8256,(#8260,#8266),.PCURVE_S1.);
#8256 = LINE('',#8257,#8258);
#8257 = CARTESIAN_POINT('',(-3.245296096227,-0.733504427255,20.75));
#8258 = VECTOR('',#8259,1.);
#8259 = DIRECTION('',(-0.248689887165,-0.968583161129,0.));
#8260 = PCURVE('',#2050,#8261);
#8261 = DEFINITIONAL_REPRESENTATION('',(#8262),#8265);
#8262 = B_SPLINE_CURVE_WITH_KNOTS('',1,(#8263,#8264),.UNSPECIFIED.,.F.,
  .F.,(2,2),(-0.3,0.1),.PIECEWISE_BEZIER_KNOTS.);
#8263 = CARTESIAN_POINT('',(0.4,-3.));
#8264 = CARTESIAN_POINT('',(0.,-3.));
#8265 = ( GEOMETRIC_REPRESENTATION_CONTEXT(2) 
PARAMETRIC_REPRESENTATION_CONTEXT() REPRESENTATION_CONTEXT('2D SPACE',''
  ) );
#8266 = PCURVE('',#4486,#8267);
#8267 = DEFINITIONAL_REPRESENTATION('',(#8268),#8271);
#8268 = B_SPLINE_CURVE_WITH_KNOTS('',1,(#8269,#8270),.UNSPECIFIED.,.F.,
  .F.,(2,2),(-0.3,0.1),.PIECEWISE_BEZIER_KNOTS.);
#8269 = CARTESIAN_POINT('',(2.529310869922,-0.442929478916));
#8270 = CARTESIAN_POINT('',(2.429834915056,-0.830362743368));
#8271 = ( GEOMETRIC_REPRESENTATION_CONTEXT(2) 
PARAMETRIC_REPRESENTATION_CONTEXT() REPRESENTATION_CONTEXT('2D SPACE',''
  ) );
#8272 = ORIENTED_EDGE('',*,*,#8137,.F.);
#8273 = ADVANCED_FACE('',(#8274),#3245,.T.);
#8274 = FACE_BOUND('',#8275,.T.);
#8275 = EDGE_LOOP('',(#8276,#8277,#8278,#8299));
#8276 = ORIENTED_EDGE('',*,*,#3230,.T.);
#8277 = ORIENTED_EDGE('',*,*,#8206,.T.);
#8278 = ORIENTED_EDGE('',*,*,#8279,.F.);
#8279 = EDGE_CURVE('',#8280,#8186,#8282,.T.);
#8280 = VERTEX_POINT('',#8281);
#8281 = CARTESIAN_POINT('',(-7.858509970998,-0.474272817168,20.75));
#8282 = SURFACE_CURVE('',#8283,(#8287,#8293),.PCURVE_S1.);
#8283 = LINE('',#8284,#8285);
#8284 = CARTESIAN_POINT('',(-6.94484017097,-0.358849479225,20.75));
#8285 = VECTOR('',#8286,1.);
#8286 = DIRECTION('',(-0.992114701314,-0.125333233564,0.));
#8287 = PCURVE('',#3245,#8288);
#8288 = DEFINITIONAL_REPRESENTATION('',(#8289),#8292);
#8289 = B_SPLINE_CURVE_WITH_KNOTS('',1,(#8290,#8291),.UNSPECIFIED.,.F.,
  .F.,(2,2),(0.920931620928,1.28),.PIECEWISE_BEZIER_KNOTS.);
#8290 = CARTESIAN_POINT('',(0.359068379072,-3.));
#8291 = CARTESIAN_POINT('',(0.,-3.));
#8292 = ( GEOMETRIC_REPRESENTATION_CONTEXT(2) 
PARAMETRIC_REPRESENTATION_CONTEXT() REPRESENTATION_CONTEXT('2D SPACE',''
  ) );
#8293 = PCURVE('',#4486,#8294);
#8294 = DEFINITIONAL_REPRESENTATION('',(#8295),#8298);
#8295 = B_SPLINE_CURVE_WITH_KNOTS('',1,(#8296,#8297),.UNSPECIFIED.,.F.,
  .F.,(2,2),(0.920931620928,1.28),.PIECEWISE_BEZIER_KNOTS.);
#8296 = CARTESIAN_POINT('',(-2.158509970998,-0.474272817168));
#8297 = CARTESIAN_POINT('',(-2.514746988652,-0.519276018188));
#8298 = ( GEOMETRIC_REPRESENTATION_CONTEXT(2) 
PARAMETRIC_REPRESENTATION_CONTEXT() REPRESENTATION_CONTEXT('2D SPACE',''
  ) );
#8299 = ORIENTED_EDGE('',*,*,#8300,.T.);
#8300 = EDGE_CURVE('',#8280,#3198,#8301,.T.);
#8301 = SURFACE_CURVE('',#8302,(#8306,#8312),.PCURVE_S1.);
#8302 = LINE('',#8303,#8304);
#8303 = CARTESIAN_POINT('',(-7.858509970998,-0.474272817168,17.75));
#8304 = VECTOR('',#8305,1.);
#8305 = DIRECTION('',(-0.,-0.,-1.));
#8306 = PCURVE('',#3245,#8307);
#8307 = DEFINITIONAL_REPRESENTATION('',(#8308),#8311);
#8308 = B_SPLINE_CURVE_WITH_KNOTS('',1,(#8309,#8310),.UNSPECIFIED.,.F.,
  .F.,(2,2),(-3.5000006,5.999999999062E-07),.PIECEWISE_BEZIER_KNOTS.);
#8309 = CARTESIAN_POINT('',(0.359068379072,-3.5000006));
#8310 = CARTESIAN_POINT('',(0.359068379072,5.999999999062E-07));
#8311 = ( GEOMETRIC_REPRESENTATION_CONTEXT(2) 
PARAMETRIC_REPRESENTATION_CONTEXT() REPRESENTATION_CONTEXT('2D SPACE',''
  ) );
#8312 = PCURVE('',#3218,#8313);
#8313 = DEFINITIONAL_REPRESENTATION('',(#8314),#8317);
#8314 = B_SPLINE_CURVE_WITH_KNOTS('',1,(#8315,#8316),.UNSPECIFIED.,.F.,
  .F.,(2,2),(-3.5000006,5.999999999062E-07),.PIECEWISE_BEZIER_KNOTS.);
#8315 = CARTESIAN_POINT('',(-3.357878081778,-3.5000006));
#8316 = CARTESIAN_POINT('',(-3.357878081778,5.999999999062E-07));
#8317 = ( GEOMETRIC_REPRESENTATION_CONTEXT(2) 
PARAMETRIC_REPRESENTATION_CONTEXT() REPRESENTATION_CONTEXT('2D SPACE',''
  ) );
#8318 = ADVANCED_FACE('',(#8319),#2076,.T.);
#8319 = FACE_BOUND('',#8320,.T.);
#8320 = EDGE_LOOP('',(#8321,#8322,#8343,#8362));
#8321 = ORIENTED_EDGE('',*,*,#2061,.T.);
#8322 = ORIENTED_EDGE('',*,*,#8323,.F.);
#8323 = EDGE_CURVE('',#8324,#2062,#8326,.T.);
#8324 = VERTEX_POINT('',#8325);
#8325 = CARTESIAN_POINT('',(-3.617952670607,-0.741066068692,20.75));
#8326 = SURFACE_CURVE('',#8327,(#8331,#8337),.PCURVE_S1.);
#8327 = LINE('',#8328,#8329);
#8328 = CARTESIAN_POINT('',(-3.617952670607,-0.741066068692,17.75));
#8329 = VECTOR('',#8330,1.);
#8330 = DIRECTION('',(-0.,-0.,-1.));
#8331 = PCURVE('',#2076,#8332);
#8332 = DEFINITIONAL_REPRESENTATION('',(#8333),#8336);
#8333 = B_SPLINE_CURVE_WITH_KNOTS('',1,(#8334,#8335),.UNSPECIFIED.,.F.,
  .F.,(2,2),(-3.5000006,5.999999999062E-07),.PIECEWISE_BEZIER_KNOTS.);
#8334 = CARTESIAN_POINT('',(0.560931620928,-3.5000006));
#8335 = CARTESIAN_POINT('',(0.560931620928,5.999999999062E-07));
#8336 = ( GEOMETRIC_REPRESENTATION_CONTEXT(2) 
PARAMETRIC_REPRESENTATION_CONTEXT() REPRESENTATION_CONTEXT('2D SPACE',''
  ) );
#8337 = PCURVE('',#2108,#8338);
#8338 = DEFINITIONAL_REPRESENTATION('',(#8339),#8342);
#8339 = B_SPLINE_CURVE_WITH_KNOTS('',1,(#8340,#8341),.UNSPECIFIED.,.F.,
  .F.,(2,2),(-3.5000006,5.999999999062E-07),.PIECEWISE_BEZIER_KNOTS.);
#8340 = CARTESIAN_POINT('',(-5.941236172848,-3.5000006));
#8341 = CARTESIAN_POINT('',(-5.941236172848,5.999999999062E-07));
#8342 = ( GEOMETRIC_REPRESENTATION_CONTEXT(2) 
PARAMETRIC_REPRESENTATION_CONTEXT() REPRESENTATION_CONTEXT('2D SPACE',''
  ) );
#8343 = ORIENTED_EDGE('',*,*,#8344,.F.);
#8344 = EDGE_CURVE('',#8232,#8324,#8345,.T.);
#8345 = SURFACE_CURVE('',#8346,(#8350,#8356),.PCURVE_S1.);
#8346 = LINE('',#8347,#8348);
#8347 = CARTESIAN_POINT('',(-4.955499785307,-0.397642339701,20.75));
#8348 = VECTOR('',#8349,1.);
#8349 = DIRECTION('',(-0.968583161129,0.248689887165,0.));
#8350 = PCURVE('',#2076,#8351);
#8351 = DEFINITIONAL_REPRESENTATION('',(#8352),#8355);
#8352 = B_SPLINE_CURVE_WITH_KNOTS('',1,(#8353,#8354),.UNSPECIFIED.,.F.,
  .F.,(2,2),(-1.74,-1.380931620928),.PIECEWISE_BEZIER_KNOTS.);
#8353 = CARTESIAN_POINT('',(0.92,-3.));
#8354 = CARTESIAN_POINT('',(0.560931620928,-3.));
#8355 = ( GEOMETRIC_REPRESENTATION_CONTEXT(2) 
PARAMETRIC_REPRESENTATION_CONTEXT() REPRESENTATION_CONTEXT('2D SPACE',''
  ) );
#8356 = PCURVE('',#4486,#8357);
#8357 = DEFINITIONAL_REPRESENTATION('',(#8358),#8361);
#8358 = B_SPLINE_CURVE_WITH_KNOTS('',1,(#8359,#8360),.UNSPECIFIED.,.F.,
  .F.,(2,2),(-1.74,-1.380931620928),.PIECEWISE_BEZIER_KNOTS.);
#8359 = CARTESIAN_POINT('',(2.429834915056,-0.830362743368));
#8360 = CARTESIAN_POINT('',(2.082047329393,-0.741066068692));
#8361 = ( GEOMETRIC_REPRESENTATION_CONTEXT(2) 
PARAMETRIC_REPRESENTATION_CONTEXT() REPRESENTATION_CONTEXT('2D SPACE',''
  ) );
#8362 = ORIENTED_EDGE('',*,*,#8231,.F.);
#8363 = ADVANCED_FACE('',(#8364),#3218,.F.);
#8364 = FACE_BOUND('',#8365,.T.);
#8365 = EDGE_LOOP('',(#8366,#8367,#8368,#8396));
#8366 = ORIENTED_EDGE('',*,*,#3197,.T.);
#8367 = ORIENTED_EDGE('',*,*,#8300,.F.);
#8368 = ORIENTED_EDGE('',*,*,#8369,.F.);
#8369 = EDGE_CURVE('',#8370,#8280,#8372,.T.);
#8370 = VERTEX_POINT('',#8371);
#8371 = CARTESIAN_POINT('',(-7.819999378724,-0.624261671266,20.75));
#8372 = SURFACE_CURVE('',#8373,(#8378,#8385),.PCURVE_S1.);
#8373 = CIRCLE('',#8374,2.21);
#8374 = AXIS2_PLACEMENT_3D('',#8375,#8376,#8377);
#8375 = CARTESIAN_POINT('',(-5.7,0.,20.75));
#8376 = DIRECTION('',(0.,0.,-1.));
#8377 = DIRECTION('',(1.,0.,0.));
#8378 = PCURVE('',#3218,#8379);
#8379 = DEFINITIONAL_REPRESENTATION('',(#8380),#8384);
#8380 = LINE('',#8381,#8382);
#8381 = CARTESIAN_POINT('',(-6.28318530718,-3.));
#8382 = VECTOR('',#8383,1.);
#8383 = DIRECTION('',(1.,-0.));
#8384 = ( GEOMETRIC_REPRESENTATION_CONTEXT(2) 
PARAMETRIC_REPRESENTATION_CONTEXT() REPRESENTATION_CONTEXT('2D SPACE',''
  ) );
#8385 = PCURVE('',#4486,#8386);
#8386 = DEFINITIONAL_REPRESENTATION('',(#8387),#8395);
#8387 = ( BOUNDED_CURVE() B_SPLINE_CURVE(2,(#8388,#8389,#8390,#8391,
#8392,#8393,#8394),.UNSPECIFIED.,.T.,.F.) B_SPLINE_CURVE_WITH_KNOTS((1,2
    ,2,2,2,1),(-2.094395102393,0.,2.094395102393,4.188790204786,
6.28318530718,8.377580409573),.UNSPECIFIED.) CURVE() 
GEOMETRIC_REPRESENTATION_ITEM() RATIONAL_B_SPLINE_CURVE((1.,0.5,1.,0.5,
1.,0.5,1.)) REPRESENTATION_ITEM('') );
#8388 = CARTESIAN_POINT('',(2.21,-2.924450111184E-17));
#8389 = CARTESIAN_POINT('',(2.21,-3.827832284727));
#8390 = CARTESIAN_POINT('',(-1.105,-1.913916142364));
#8391 = CARTESIAN_POINT('',(-4.42,-5.70538386335E-16));
#8392 = CARTESIAN_POINT('',(-1.105,1.913916142364));
#8393 = CARTESIAN_POINT('',(2.21,3.827832284727));
#8394 = CARTESIAN_POINT('',(2.21,-2.924450111184E-17));
#8395 = ( GEOMETRIC_REPRESENTATION_CONTEXT(2) 
PARAMETRIC_REPRESENTATION_CONTEXT() REPRESENTATION_CONTEXT('2D SPACE',''
  ) );
#8396 = ORIENTED_EDGE('',*,*,#8397,.T.);
#8397 = EDGE_CURVE('',#8370,#3172,#8398,.T.);
#8398 = SURFACE_CURVE('',#8399,(#8403,#8409),.PCURVE_S1.);
#8399 = LINE('',#8400,#8401);
#8400 = CARTESIAN_POINT('',(-7.819999378724,-0.624261671266,17.75));
#8401 = VECTOR('',#8402,1.);
#8402 = DIRECTION('',(-0.,-0.,-1.));
#8403 = PCURVE('',#3218,#8404);
#8404 = DEFINITIONAL_REPRESENTATION('',(#8405),#8408);
#8405 = B_SPLINE_CURVE_WITH_KNOTS('',1,(#8406,#8407),.UNSPECIFIED.,.F.,
  .F.,(2,2),(-3.5000006,5.999999999062E-07),.PIECEWISE_BEZIER_KNOTS.);
#8406 = CARTESIAN_POINT('',(-3.427962049976,-3.5000006));
#8407 = CARTESIAN_POINT('',(-3.427962049976,5.999999999062E-07));
#8408 = ( GEOMETRIC_REPRESENTATION_CONTEXT(2) 
PARAMETRIC_REPRESENTATION_CONTEXT() REPRESENTATION_CONTEXT('2D SPACE',''
  ) );
#8409 = PCURVE('',#3186,#8410);
#8410 = DEFINITIONAL_REPRESENTATION('',(#8411),#8414);
#8411 = B_SPLINE_CURVE_WITH_KNOTS('',1,(#8412,#8413),.UNSPECIFIED.,.F.,
  .F.,(2,2),(-3.5000006,5.999999999062E-07),.PIECEWISE_BEZIER_KNOTS.);
#8412 = CARTESIAN_POINT('',(0.560931620928,-3.5000006));
#8413 = CARTESIAN_POINT('',(0.560931620928,5.999999999062E-07));
#8414 = ( GEOMETRIC_REPRESENTATION_CONTEXT(2) 
PARAMETRIC_REPRESENTATION_CONTEXT() REPRESENTATION_CONTEXT('2D SPACE',''
  ) );
#8415 = ADVANCED_FACE('',(#8416),#2108,.F.);
#8416 = FACE_BOUND('',#8417,.T.);
#8417 = EDGE_LOOP('',(#8418,#8419,#8440,#8466));
#8418 = ORIENTED_EDGE('',*,*,#2087,.T.);
#8419 = ORIENTED_EDGE('',*,*,#8420,.F.);
#8420 = EDGE_CURVE('',#8421,#2088,#8423,.T.);
#8421 = VERTEX_POINT('',#8422);
#8422 = CARTESIAN_POINT('',(-3.674958183441,-0.88504555882,20.75));
#8423 = SURFACE_CURVE('',#8424,(#8428,#8434),.PCURVE_S1.);
#8424 = LINE('',#8425,#8426);
#8425 = CARTESIAN_POINT('',(-3.674958183441,-0.88504555882,17.75));
#8426 = VECTOR('',#8427,1.);
#8427 = DIRECTION('',(-0.,-0.,-1.));
#8428 = PCURVE('',#2108,#8429);
#8429 = DEFINITIONAL_REPRESENTATION('',(#8430),#8433);
#8430 = B_SPLINE_CURVE_WITH_KNOTS('',1,(#8431,#8432),.UNSPECIFIED.,.F.,
  .F.,(2,2),(-3.5000006,5.999999999062E-07),.PIECEWISE_BEZIER_KNOTS.);
#8431 = CARTESIAN_POINT('',(-5.87115220465,-3.5000006));
#8432 = CARTESIAN_POINT('',(-5.87115220465,5.999999999062E-07));
#8433 = ( GEOMETRIC_REPRESENTATION_CONTEXT(2) 
PARAMETRIC_REPRESENTATION_CONTEXT() REPRESENTATION_CONTEXT('2D SPACE',''
  ) );
#8434 = PCURVE('',#2135,#8435);
#8435 = DEFINITIONAL_REPRESENTATION('',(#8436),#8439);
#8436 = B_SPLINE_CURVE_WITH_KNOTS('',1,(#8437,#8438),.UNSPECIFIED.,.F.,
  .F.,(2,2),(-3.5000006,5.999999999062E-07),.PIECEWISE_BEZIER_KNOTS.);
#8437 = CARTESIAN_POINT('',(0.359068379072,-3.5000006));
#8438 = CARTESIAN_POINT('',(0.359068379072,5.999999999062E-07));
#8439 = ( GEOMETRIC_REPRESENTATION_CONTEXT(2) 
PARAMETRIC_REPRESENTATION_CONTEXT() REPRESENTATION_CONTEXT('2D SPACE',''
  ) );
#8440 = ORIENTED_EDGE('',*,*,#8441,.F.);
#8441 = EDGE_CURVE('',#8324,#8421,#8442,.T.);
#8442 = SURFACE_CURVE('',#8443,(#8448,#8455),.PCURVE_S1.);
#8443 = CIRCLE('',#8444,2.21);
#8444 = AXIS2_PLACEMENT_3D('',#8445,#8446,#8447);
#8445 = CARTESIAN_POINT('',(-5.7,0.,20.75));
#8446 = DIRECTION('',(0.,0.,-1.));
#8447 = DIRECTION('',(1.,0.,0.));
#8448 = PCURVE('',#2108,#8449);
#8449 = DEFINITIONAL_REPRESENTATION('',(#8450),#8454);
#8450 = LINE('',#8451,#8452);
#8451 = CARTESIAN_POINT('',(-6.28318530718,-3.));
#8452 = VECTOR('',#8453,1.);
#8453 = DIRECTION('',(1.,-0.));
#8454 = ( GEOMETRIC_REPRESENTATION_CONTEXT(2) 
PARAMETRIC_REPRESENTATION_CONTEXT() REPRESENTATION_CONTEXT('2D SPACE',''
  ) );
#8455 = PCURVE('',#4486,#8456);
#8456 = DEFINITIONAL_REPRESENTATION('',(#8457),#8465);
#8457 = ( BOUNDED_CURVE() B_SPLINE_CURVE(2,(#8458,#8459,#8460,#8461,
#8462,#8463,#8464),.UNSPECIFIED.,.T.,.F.) B_SPLINE_CURVE_WITH_KNOTS((1,2
    ,2,2,2,1),(-2.094395102393,0.,2.094395102393,4.188790204786,
6.28318530718,8.377580409573),.UNSPECIFIED.) CURVE() 
GEOMETRIC_REPRESENTATION_ITEM() RATIONAL_B_SPLINE_CURVE((1.,0.5,1.,0.5,
1.,0.5,1.)) REPRESENTATION_ITEM('') );
#8458 = CARTESIAN_POINT('',(2.21,-2.924450111184E-17));
#8459 = CARTESIAN_POINT('',(2.21,-3.827832284727));
#8460 = CARTESIAN_POINT('',(-1.105,-1.913916142364));
#8461 = CARTESIAN_POINT('',(-4.42,-5.70538386335E-16));
#8462 = CARTESIAN_POINT('',(-1.105,1.913916142364));
#8463 = CARTESIAN_POINT('',(2.21,3.827832284727));
#8464 = CARTESIAN_POINT('',(2.21,-2.924450111184E-17));
#8465 = ( GEOMETRIC_REPRESENTATION_CONTEXT(2) 
PARAMETRIC_REPRESENTATION_CONTEXT() REPRESENTATION_CONTEXT('2D SPACE',''
  ) );
#8466 = ORIENTED_EDGE('',*,*,#8323,.T.);
#8467 = ADVANCED_FACE('',(#8468),#3186,.T.);
#8468 = FACE_BOUND('',#8469,.T.);
#8469 = EDGE_LOOP('',(#8470,#8471,#8472,#8493));
#8470 = ORIENTED_EDGE('',*,*,#3171,.T.);
#8471 = ORIENTED_EDGE('',*,*,#8397,.F.);
#8472 = ORIENTED_EDGE('',*,*,#8473,.F.);
#8473 = EDGE_CURVE('',#8474,#8370,#8476,.T.);
#8474 = VERTEX_POINT('',#8475);
#8475 = CARTESIAN_POINT('',(-8.153852714411,-0.756443557695,20.75));
#8476 = SURFACE_CURVE('',#8477,(#8481,#8487),.PCURVE_S1.);
#8477 = LINE('',#8478,#8479);
#8478 = CARTESIAN_POINT('',(-6.536041628965,-0.115906836024,20.75));
#8479 = VECTOR('',#8480,1.);
#8480 = DIRECTION('',(0.929776485888,0.368124552685,-0.));
#8481 = PCURVE('',#3186,#8482);
#8482 = DEFINITIONAL_REPRESENTATION('',(#8483),#8486);
#8483 = B_SPLINE_CURVE_WITH_KNOTS('',1,(#8484,#8485),.UNSPECIFIED.,.F.,
  .F.,(2,2),(-1.74,-1.380931620928),.PIECEWISE_BEZIER_KNOTS.);
#8484 = CARTESIAN_POINT('',(0.92,-3.));
#8485 = CARTESIAN_POINT('',(0.560931620928,-3.));
#8486 = ( GEOMETRIC_REPRESENTATION_CONTEXT(2) 
PARAMETRIC_REPRESENTATION_CONTEXT() REPRESENTATION_CONTEXT('2D SPACE',''
  ) );
#8487 = PCURVE('',#4486,#8488);
#8488 = DEFINITIONAL_REPRESENTATION('',(#8489),#8492);
#8489 = B_SPLINE_CURVE_WITH_KNOTS('',1,(#8490,#8491),.UNSPECIFIED.,.F.,
  .F.,(2,2),(-1.74,-1.380931620928),.PIECEWISE_BEZIER_KNOTS.);
#8490 = CARTESIAN_POINT('',(-2.453852714411,-0.756443557695));
#8491 = CARTESIAN_POINT('',(-2.119999378724,-0.624261671266));
#8492 = ( GEOMETRIC_REPRESENTATION_CONTEXT(2) 
PARAMETRIC_REPRESENTATION_CONTEXT() REPRESENTATION_CONTEXT('2D SPACE',''
  ) );
#8493 = ORIENTED_EDGE('',*,*,#8494,.F.);
#8494 = EDGE_CURVE('',#3146,#8474,#8495,.T.);
#8495 = SURFACE_CURVE('',#8496,(#8500,#8507),.PCURVE_S1.);
#8496 = LINE('',#8497,#8498);
#8497 = CARTESIAN_POINT('',(-8.153852714411,-0.756443557695,17.75));
#8498 = VECTOR('',#8499,1.);
#8499 = DIRECTION('',(0.,0.,1.));
#8500 = PCURVE('',#3186,#8501);
#8501 = DEFINITIONAL_REPRESENTATION('',(#8502),#8506);
#8502 = LINE('',#8503,#8504);
#8503 = CARTESIAN_POINT('',(0.92,0.));
#8504 = VECTOR('',#8505,1.);
#8505 = DIRECTION('',(0.,-1.));
#8506 = ( GEOMETRIC_REPRESENTATION_CONTEXT(2) 
PARAMETRIC_REPRESENTATION_CONTEXT() REPRESENTATION_CONTEXT('2D SPACE',''
  ) );
#8507 = PCURVE('',#3160,#8508);
#8508 = DEFINITIONAL_REPRESENTATION('',(#8509),#8513);
#8509 = LINE('',#8510,#8511);
#8510 = CARTESIAN_POINT('',(0.,0.));
#8511 = VECTOR('',#8512,1.);
#8512 = DIRECTION('',(0.,-1.));
#8513 = ( GEOMETRIC_REPRESENTATION_CONTEXT(2) 
PARAMETRIC_REPRESENTATION_CONTEXT() REPRESENTATION_CONTEXT('2D SPACE',''
  ) );
#8514 = ADVANCED_FACE('',(#8515),#2135,.T.);
#8515 = FACE_BOUND('',#8516,.T.);
#8516 = EDGE_LOOP('',(#8517,#8518,#8541,#8560));
#8517 = ORIENTED_EDGE('',*,*,#2120,.T.);
#8518 = ORIENTED_EDGE('',*,*,#8519,.T.);
#8519 = EDGE_CURVE('',#2121,#8520,#8522,.T.);
#8520 = VERTEX_POINT('',#8521);
#8521 = CARTESIAN_POINT('',(-3.360304164267,-1.058028069692,20.75));
#8522 = SURFACE_CURVE('',#8523,(#8527,#8534),.PCURVE_S1.);
#8523 = LINE('',#8524,#8525);
#8524 = CARTESIAN_POINT('',(-3.360304164267,-1.058028069692,17.75));
#8525 = VECTOR('',#8526,1.);
#8526 = DIRECTION('',(0.,0.,1.));
#8527 = PCURVE('',#2135,#8528);
#8528 = DEFINITIONAL_REPRESENTATION('',(#8529),#8533);
#8529 = LINE('',#8530,#8531);
#8530 = CARTESIAN_POINT('',(0.,0.));
#8531 = VECTOR('',#8532,1.);
#8532 = DIRECTION('',(0.,-1.));
#8533 = ( GEOMETRIC_REPRESENTATION_CONTEXT(2) 
PARAMETRIC_REPRESENTATION_CONTEXT() REPRESENTATION_CONTEXT('2D SPACE',''
  ) );
#8534 = PCURVE('',#2161,#8535);
#8535 = DEFINITIONAL_REPRESENTATION('',(#8536),#8540);
#8536 = LINE('',#8537,#8538);
#8537 = CARTESIAN_POINT('',(0.4,0.));
#8538 = VECTOR('',#8539,1.);
#8539 = DIRECTION('',(0.,-1.));
#8540 = ( GEOMETRIC_REPRESENTATION_CONTEXT(2) 
PARAMETRIC_REPRESENTATION_CONTEXT() REPRESENTATION_CONTEXT('2D SPACE',''
  ) );
#8541 = ORIENTED_EDGE('',*,*,#8542,.F.);
#8542 = EDGE_CURVE('',#8421,#8520,#8543,.T.);
#8543 = SURFACE_CURVE('',#8544,(#8548,#8554),.PCURVE_S1.);
#8544 = LINE('',#8545,#8546);
#8545 = CARTESIAN_POINT('',(-4.481976714724,-0.441383366841,20.75));
#8546 = VECTOR('',#8547,1.);
#8547 = DIRECTION('',(0.876306680044,-0.481753674102,0.));
#8548 = PCURVE('',#2135,#8549);
#8549 = DEFINITIONAL_REPRESENTATION('',(#8550),#8553);
#8550 = B_SPLINE_CURVE_WITH_KNOTS('',1,(#8551,#8552),.UNSPECIFIED.,.F.,
  .F.,(2,2),(0.920931620928,1.28),.PIECEWISE_BEZIER_KNOTS.);
#8551 = CARTESIAN_POINT('',(0.359068379072,-3.));
#8552 = CARTESIAN_POINT('',(0.,-3.));
#8553 = ( GEOMETRIC_REPRESENTATION_CONTEXT(2) 
PARAMETRIC_REPRESENTATION_CONTEXT() REPRESENTATION_CONTEXT('2D SPACE',''
  ) );
#8554 = PCURVE('',#4486,#8555);
#8555 = DEFINITIONAL_REPRESENTATION('',(#8556),#8559);
#8556 = B_SPLINE_CURVE_WITH_KNOTS('',1,(#8557,#8558),.UNSPECIFIED.,.F.,
  .F.,(2,2),(0.920931620928,1.28),.PIECEWISE_BEZIER_KNOTS.);
#8557 = CARTESIAN_POINT('',(2.025041816559,-0.88504555882));
#8558 = CARTESIAN_POINT('',(2.339695835733,-1.058028069692));
#8559 = ( GEOMETRIC_REPRESENTATION_CONTEXT(2) 
PARAMETRIC_REPRESENTATION_CONTEXT() REPRESENTATION_CONTEXT('2D SPACE',''
  ) );
#8560 = ORIENTED_EDGE('',*,*,#8420,.T.);
#8561 = ADVANCED_FACE('',(#8562),#3160,.T.);
#8562 = FACE_BOUND('',#8563,.T.);
#8563 = EDGE_LOOP('',(#8564,#8565,#8566,#8587));
#8564 = ORIENTED_EDGE('',*,*,#3145,.T.);
#8565 = ORIENTED_EDGE('',*,*,#8494,.T.);
#8566 = ORIENTED_EDGE('',*,*,#8567,.F.);
#8567 = EDGE_CURVE('',#8568,#8474,#8570,.T.);
#8568 = VERTEX_POINT('',#8569);
#8569 = CARTESIAN_POINT('',(-8.006602893337,-1.12835415205,20.75));
#8570 = SURFACE_CURVE('',#8571,(#8575,#8581),.PCURVE_S1.);
#8571 = LINE('',#8572,#8573);
#8572 = CARTESIAN_POINT('',(-8.117040259142,-0.849421206284,20.75));
#8573 = VECTOR('',#8574,1.);
#8574 = DIRECTION('',(-0.368124552685,0.929776485888,0.));
#8575 = PCURVE('',#3160,#8576);
#8576 = DEFINITIONAL_REPRESENTATION('',(#8577),#8580);
#8577 = B_SPLINE_CURVE_WITH_KNOTS('',1,(#8578,#8579),.UNSPECIFIED.,.F.,
  .F.,(2,2),(-0.3,0.1),.PIECEWISE_BEZIER_KNOTS.);
#8578 = CARTESIAN_POINT('',(0.4,-3.));
#8579 = CARTESIAN_POINT('',(0.,-3.));
#8580 = ( GEOMETRIC_REPRESENTATION_CONTEXT(2) 
PARAMETRIC_REPRESENTATION_CONTEXT() REPRESENTATION_CONTEXT('2D SPACE',''
  ) );
#8581 = PCURVE('',#4486,#8582);
#8582 = DEFINITIONAL_REPRESENTATION('',(#8583),#8586);
#8583 = B_SPLINE_CURVE_WITH_KNOTS('',1,(#8584,#8585),.UNSPECIFIED.,.F.,
  .F.,(2,2),(-0.3,0.1),.PIECEWISE_BEZIER_KNOTS.);
#8584 = CARTESIAN_POINT('',(-2.306602893337,-1.12835415205));
#8585 = CARTESIAN_POINT('',(-2.453852714411,-0.756443557695));
#8586 = ( GEOMETRIC_REPRESENTATION_CONTEXT(2) 
PARAMETRIC_REPRESENTATION_CONTEXT() REPRESENTATION_CONTEXT('2D SPACE',''
  ) );
#8587 = ORIENTED_EDGE('',*,*,#8588,.F.);
#8588 = EDGE_CURVE('',#3120,#8568,#8589,.T.);
#8589 = SURFACE_CURVE('',#8590,(#8594,#8601),.PCURVE_S1.);
#8590 = LINE('',#8591,#8592);
#8591 = CARTESIAN_POINT('',(-8.006602893337,-1.12835415205,17.75));
#8592 = VECTOR('',#8593,1.);
#8593 = DIRECTION('',(0.,0.,1.));
#8594 = PCURVE('',#3160,#8595);
#8595 = DEFINITIONAL_REPRESENTATION('',(#8596),#8600);
#8596 = LINE('',#8597,#8598);
#8597 = CARTESIAN_POINT('',(0.4,0.));
#8598 = VECTOR('',#8599,1.);
#8599 = DIRECTION('',(0.,-1.));
#8600 = ( GEOMETRIC_REPRESENTATION_CONTEXT(2) 
PARAMETRIC_REPRESENTATION_CONTEXT() REPRESENTATION_CONTEXT('2D SPACE',''
  ) );
#8601 = PCURVE('',#3134,#8602);
#8602 = DEFINITIONAL_REPRESENTATION('',(#8603),#8607);
#8603 = LINE('',#8604,#8605);
#8604 = CARTESIAN_POINT('',(0.,0.));
#8605 = VECTOR('',#8606,1.);
#8606 = DIRECTION('',(0.,-1.));
#8607 = ( GEOMETRIC_REPRESENTATION_CONTEXT(2) 
PARAMETRIC_REPRESENTATION_CONTEXT() REPRESENTATION_CONTEXT('2D SPACE',''
  ) );
#8608 = ADVANCED_FACE('',(#8609),#2161,.T.);
#8609 = FACE_BOUND('',#8610,.T.);
#8610 = EDGE_LOOP('',(#8611,#8612,#8635,#8654));
#8611 = ORIENTED_EDGE('',*,*,#2146,.T.);
#8612 = ORIENTED_EDGE('',*,*,#8613,.T.);
#8613 = EDGE_CURVE('',#2147,#8614,#8616,.T.);
#8614 = VERTEX_POINT('',#8615);
#8615 = CARTESIAN_POINT('',(-3.553005633908,-1.408550741709,20.75));
#8616 = SURFACE_CURVE('',#8617,(#8621,#8628),.PCURVE_S1.);
#8617 = LINE('',#8618,#8619);
#8618 = CARTESIAN_POINT('',(-3.553005633908,-1.408550741709,17.75));
#8619 = VECTOR('',#8620,1.);
#8620 = DIRECTION('',(0.,0.,1.));
#8621 = PCURVE('',#2161,#8622);
#8622 = DEFINITIONAL_REPRESENTATION('',(#8623),#8627);
#8623 = LINE('',#8624,#8625);
#8624 = CARTESIAN_POINT('',(0.,0.));
#8625 = VECTOR('',#8626,1.);
#8626 = DIRECTION('',(0.,-1.));
#8627 = ( GEOMETRIC_REPRESENTATION_CONTEXT(2) 
PARAMETRIC_REPRESENTATION_CONTEXT() REPRESENTATION_CONTEXT('2D SPACE',''
  ) );
#8628 = PCURVE('',#2187,#8629);
#8629 = DEFINITIONAL_REPRESENTATION('',(#8630),#8634);
#8630 = LINE('',#8631,#8632);
#8631 = CARTESIAN_POINT('',(0.92,0.));
#8632 = VECTOR('',#8633,1.);
#8633 = DIRECTION('',(0.,-1.));
#8634 = ( GEOMETRIC_REPRESENTATION_CONTEXT(2) 
PARAMETRIC_REPRESENTATION_CONTEXT() REPRESENTATION_CONTEXT('2D SPACE',''
  ) );
#8635 = ORIENTED_EDGE('',*,*,#8636,.F.);
#8636 = EDGE_CURVE('',#8520,#8614,#8637,.T.);
#8637 = SURFACE_CURVE('',#8638,(#8642,#8648),.PCURVE_S1.);
#8638 = LINE('',#8639,#8640);
#8639 = CARTESIAN_POINT('',(-3.504830266498,-1.320920073705,20.75));
#8640 = VECTOR('',#8641,1.);
#8641 = DIRECTION('',(-0.481753674102,-0.876306680044,0.));
#8642 = PCURVE('',#2161,#8643);
#8643 = DEFINITIONAL_REPRESENTATION('',(#8644),#8647);
#8644 = B_SPLINE_CURVE_WITH_KNOTS('',1,(#8645,#8646),.UNSPECIFIED.,.F.,
  .F.,(2,2),(-0.3,0.1),.PIECEWISE_BEZIER_KNOTS.);
#8645 = CARTESIAN_POINT('',(0.4,-3.));
#8646 = CARTESIAN_POINT('',(0.,-3.));
#8647 = ( GEOMETRIC_REPRESENTATION_CONTEXT(2) 
PARAMETRIC_REPRESENTATION_CONTEXT() REPRESENTATION_CONTEXT('2D SPACE',''
  ) );
#8648 = PCURVE('',#4486,#8649);
#8649 = DEFINITIONAL_REPRESENTATION('',(#8650),#8653);
#8650 = B_SPLINE_CURVE_WITH_KNOTS('',1,(#8651,#8652),.UNSPECIFIED.,.F.,
  .F.,(2,2),(-0.3,0.1),.PIECEWISE_BEZIER_KNOTS.);
#8651 = CARTESIAN_POINT('',(2.339695835733,-1.058028069692));
#8652 = CARTESIAN_POINT('',(2.146994366092,-1.408550741709));
#8653 = ( GEOMETRIC_REPRESENTATION_CONTEXT(2) 
PARAMETRIC_REPRESENTATION_CONTEXT() REPRESENTATION_CONTEXT('2D SPACE',''
  ) );
#8654 = ORIENTED_EDGE('',*,*,#8519,.F.);
#8655 = ADVANCED_FACE('',(#8656),#3134,.T.);
#8656 = FACE_BOUND('',#8657,.T.);
#8657 = EDGE_LOOP('',(#8658,#8659,#8660,#8681));
#8658 = ORIENTED_EDGE('',*,*,#3119,.T.);
#8659 = ORIENTED_EDGE('',*,*,#8588,.T.);
#8660 = ORIENTED_EDGE('',*,*,#8661,.F.);
#8661 = EDGE_CURVE('',#8662,#8568,#8664,.T.);
#8662 = VERTEX_POINT('',#8663);
#8663 = CARTESIAN_POINT('',(-7.67274955765,-0.996172265621,20.75));
#8664 = SURFACE_CURVE('',#8665,(#8669,#8675),.PCURVE_S1.);
#8665 = LINE('',#8666,#8667);
#8666 = CARTESIAN_POINT('',(-6.8164889914,-0.657154724614,20.75));
#8667 = VECTOR('',#8668,1.);
#8668 = DIRECTION('',(-0.929776485888,-0.368124552685,0.));
#8669 = PCURVE('',#3134,#8670);
#8670 = DEFINITIONAL_REPRESENTATION('',(#8671),#8674);
#8671 = B_SPLINE_CURVE_WITH_KNOTS('',1,(#8672,#8673),.UNSPECIFIED.,.F.,
  .F.,(2,2),(0.920931620928,1.28),.PIECEWISE_BEZIER_KNOTS.);
#8672 = CARTESIAN_POINT('',(0.359068379072,-3.));
#8673 = CARTESIAN_POINT('',(0.,-3.));
#8674 = ( GEOMETRIC_REPRESENTATION_CONTEXT(2) 
PARAMETRIC_REPRESENTATION_CONTEXT() REPRESENTATION_CONTEXT('2D SPACE',''
  ) );
#8675 = PCURVE('',#4486,#8676);
#8676 = DEFINITIONAL_REPRESENTATION('',(#8677),#8680);
#8677 = B_SPLINE_CURVE_WITH_KNOTS('',1,(#8678,#8679),.UNSPECIFIED.,.F.,
  .F.,(2,2),(0.920931620928,1.28),.PIECEWISE_BEZIER_KNOTS.);
#8678 = CARTESIAN_POINT('',(-1.97274955765,-0.996172265621));
#8679 = CARTESIAN_POINT('',(-2.306602893337,-1.12835415205));
#8680 = ( GEOMETRIC_REPRESENTATION_CONTEXT(2) 
PARAMETRIC_REPRESENTATION_CONTEXT() REPRESENTATION_CONTEXT('2D SPACE',''
  ) );
#8681 = ORIENTED_EDGE('',*,*,#8682,.T.);
#8682 = EDGE_CURVE('',#8662,#3087,#8683,.T.);
#8683 = SURFACE_CURVE('',#8684,(#8688,#8694),.PCURVE_S1.);
#8684 = LINE('',#8685,#8686);
#8685 = CARTESIAN_POINT('',(-7.67274955765,-0.996172265621,17.75));
#8686 = VECTOR('',#8687,1.);
#8687 = DIRECTION('',(-0.,-0.,-1.));
#8688 = PCURVE('',#3134,#8689);
#8689 = DEFINITIONAL_REPRESENTATION('',(#8690),#8693);
#8690 = B_SPLINE_CURVE_WITH_KNOTS('',1,(#8691,#8692),.UNSPECIFIED.,.F.,
  .F.,(2,2),(-3.5000006,5.999999999062E-07),.PIECEWISE_BEZIER_KNOTS.);
#8691 = CARTESIAN_POINT('',(0.359068379072,-3.5000006));
#8692 = CARTESIAN_POINT('',(0.359068379072,5.999999999062E-07));
#8693 = ( GEOMETRIC_REPRESENTATION_CONTEXT(2) 
PARAMETRIC_REPRESENTATION_CONTEXT() REPRESENTATION_CONTEXT('2D SPACE',''
  ) );
#8694 = PCURVE('',#3107,#8695);
#8695 = DEFINITIONAL_REPRESENTATION('',(#8696),#8699);
#8696 = B_SPLINE_CURVE_WITH_KNOTS('',1,(#8697,#8698),.UNSPECIFIED.,.F.,
  .F.,(2,2),(-3.5000006,5.999999999062E-07),.PIECEWISE_BEZIER_KNOTS.);
#8697 = CARTESIAN_POINT('',(-3.609205494065,-3.5000006));
#8698 = CARTESIAN_POINT('',(-3.609205494065,5.999999999062E-07));
#8699 = ( GEOMETRIC_REPRESENTATION_CONTEXT(2) 
PARAMETRIC_REPRESENTATION_CONTEXT() REPRESENTATION_CONTEXT('2D SPACE',''
  ) );
#8700 = ADVANCED_FACE('',(#8701),#2187,.T.);
#8701 = FACE_BOUND('',#8702,.T.);
#8702 = EDGE_LOOP('',(#8703,#8704,#8725,#8744));
#8703 = ORIENTED_EDGE('',*,*,#2172,.T.);
#8704 = ORIENTED_EDGE('',*,*,#8705,.F.);
#8705 = EDGE_CURVE('',#8706,#2173,#8708,.T.);
#8706 = VERTEX_POINT('',#8707);
#8707 = CARTESIAN_POINT('',(-3.867659653082,-1.235568230837,20.75));
#8708 = SURFACE_CURVE('',#8709,(#8713,#8719),.PCURVE_S1.);
#8709 = LINE('',#8710,#8711);
#8710 = CARTESIAN_POINT('',(-3.867659653082,-1.235568230837,17.75));
#8711 = VECTOR('',#8712,1.);
#8712 = DIRECTION('',(-0.,-0.,-1.));
#8713 = PCURVE('',#2187,#8714);
#8714 = DEFINITIONAL_REPRESENTATION('',(#8715),#8718);
#8715 = B_SPLINE_CURVE_WITH_KNOTS('',1,(#8716,#8717),.UNSPECIFIED.,.F.,
  .F.,(2,2),(-3.5000006,5.999999999062E-07),.PIECEWISE_BEZIER_KNOTS.);
#8716 = CARTESIAN_POINT('',(0.560931620928,-3.5000006));
#8717 = CARTESIAN_POINT('',(0.560931620928,5.999999999062E-07));
#8718 = ( GEOMETRIC_REPRESENTATION_CONTEXT(2) 
PARAMETRIC_REPRESENTATION_CONTEXT() REPRESENTATION_CONTEXT('2D SPACE',''
  ) );
#8719 = PCURVE('',#2219,#8720);
#8720 = DEFINITIONAL_REPRESENTATION('',(#8721),#8724);
#8721 = B_SPLINE_CURVE_WITH_KNOTS('',1,(#8722,#8723),.UNSPECIFIED.,.F.,
  .F.,(2,2),(-3.5000006,5.999999999062E-07),.PIECEWISE_BEZIER_KNOTS.);
#8722 = CARTESIAN_POINT('',(-5.689908760561,-3.5000006));
#8723 = CARTESIAN_POINT('',(-5.689908760561,5.999999999062E-07));
#8724 = ( GEOMETRIC_REPRESENTATION_CONTEXT(2) 
PARAMETRIC_REPRESENTATION_CONTEXT() REPRESENTATION_CONTEXT('2D SPACE',''
  ) );
#8725 = ORIENTED_EDGE('',*,*,#8726,.F.);
#8726 = EDGE_CURVE('',#8614,#8706,#8727,.T.);
#8727 = SURFACE_CURVE('',#8728,(#8732,#8738),.PCURVE_S1.);
#8728 = LINE('',#8729,#8730);
#8729 = CARTESIAN_POINT('',(-5.077779257184,-0.570299348772,20.75));
#8730 = VECTOR('',#8731,1.);
#8731 = DIRECTION('',(-0.876306680044,0.481753674102,0.));
#8732 = PCURVE('',#2187,#8733);
#8733 = DEFINITIONAL_REPRESENTATION('',(#8734),#8737);
#8734 = B_SPLINE_CURVE_WITH_KNOTS('',1,(#8735,#8736),.UNSPECIFIED.,.F.,
  .F.,(2,2),(-1.74,-1.380931620928),.PIECEWISE_BEZIER_KNOTS.);
#8735 = CARTESIAN_POINT('',(0.92,-3.));
#8736 = CARTESIAN_POINT('',(0.560931620928,-3.));
#8737 = ( GEOMETRIC_REPRESENTATION_CONTEXT(2) 
PARAMETRIC_REPRESENTATION_CONTEXT() REPRESENTATION_CONTEXT('2D SPACE',''
  ) );
#8738 = PCURVE('',#4486,#8739);
#8739 = DEFINITIONAL_REPRESENTATION('',(#8740),#8743);
#8740 = B_SPLINE_CURVE_WITH_KNOTS('',1,(#8741,#8742),.UNSPECIFIED.,.F.,
  .F.,(2,2),(-1.74,-1.380931620928),.PIECEWISE_BEZIER_KNOTS.);
#8741 = CARTESIAN_POINT('',(2.146994366092,-1.408550741709));
#8742 = CARTESIAN_POINT('',(1.832340346918,-1.235568230837));
#8743 = ( GEOMETRIC_REPRESENTATION_CONTEXT(2) 
PARAMETRIC_REPRESENTATION_CONTEXT() REPRESENTATION_CONTEXT('2D SPACE',''
  ) );
#8744 = ORIENTED_EDGE('',*,*,#8613,.F.);
#8745 = ADVANCED_FACE('',(#8746),#3107,.F.);
#8746 = FACE_BOUND('',#8747,.T.);
#8747 = EDGE_LOOP('',(#8748,#8749,#8750,#8778));
#8748 = ORIENTED_EDGE('',*,*,#3086,.T.);
#8749 = ORIENTED_EDGE('',*,*,#8682,.F.);
#8750 = ORIENTED_EDGE('',*,*,#8751,.F.);
#8751 = EDGE_CURVE('',#8752,#8662,#8754,.T.);
#8752 = VERTEX_POINT('',#8753);
#8753 = CARTESIAN_POINT('',(-7.598148135246,-1.131871749211,20.75));
#8754 = SURFACE_CURVE('',#8755,(#8760,#8767),.PCURVE_S1.);
#8755 = CIRCLE('',#8756,2.21);
#8756 = AXIS2_PLACEMENT_3D('',#8757,#8758,#8759);
#8757 = CARTESIAN_POINT('',(-5.7,0.,20.75));
#8758 = DIRECTION('',(0.,0.,-1.));
#8759 = DIRECTION('',(1.,0.,0.));
#8760 = PCURVE('',#3107,#8761);
#8761 = DEFINITIONAL_REPRESENTATION('',(#8762),#8766);
#8762 = LINE('',#8763,#8764);
#8763 = CARTESIAN_POINT('',(-6.28318530718,-3.));
#8764 = VECTOR('',#8765,1.);
#8765 = DIRECTION('',(1.,-0.));
#8766 = ( GEOMETRIC_REPRESENTATION_CONTEXT(2) 
PARAMETRIC_REPRESENTATION_CONTEXT() REPRESENTATION_CONTEXT('2D SPACE',''
  ) );
#8767 = PCURVE('',#4486,#8768);
#8768 = DEFINITIONAL_REPRESENTATION('',(#8769),#8777);
#8769 = ( BOUNDED_CURVE() B_SPLINE_CURVE(2,(#8770,#8771,#8772,#8773,
#8774,#8775,#8776),.UNSPECIFIED.,.T.,.F.) B_SPLINE_CURVE_WITH_KNOTS((1,2
    ,2,2,2,1),(-2.094395102393,0.,2.094395102393,4.188790204786,
6.28318530718,8.377580409573),.UNSPECIFIED.) CURVE() 
GEOMETRIC_REPRESENTATION_ITEM() RATIONAL_B_SPLINE_CURVE((1.,0.5,1.,0.5,
1.,0.5,1.)) REPRESENTATION_ITEM('') );
#8770 = CARTESIAN_POINT('',(2.21,-2.924450111184E-17));
#8771 = CARTESIAN_POINT('',(2.21,-3.827832284727));
#8772 = CARTESIAN_POINT('',(-1.105,-1.913916142364));
#8773 = CARTESIAN_POINT('',(-4.42,-5.70538386335E-16));
#8774 = CARTESIAN_POINT('',(-1.105,1.913916142364));
#8775 = CARTESIAN_POINT('',(2.21,3.827832284727));
#8776 = CARTESIAN_POINT('',(2.21,-2.924450111184E-17));
#8777 = ( GEOMETRIC_REPRESENTATION_CONTEXT(2) 
PARAMETRIC_REPRESENTATION_CONTEXT() REPRESENTATION_CONTEXT('2D SPACE',''
  ) );
#8778 = ORIENTED_EDGE('',*,*,#8779,.T.);
#8779 = EDGE_CURVE('',#8752,#3061,#8780,.T.);
#8780 = SURFACE_CURVE('',#8781,(#8785,#8791),.PCURVE_S1.);
#8781 = LINE('',#8782,#8783);
#8782 = CARTESIAN_POINT('',(-7.598148135246,-1.131871749211,17.75));
#8783 = VECTOR('',#8784,1.);
#8784 = DIRECTION('',(-0.,-0.,-1.));
#8785 = PCURVE('',#3107,#8786);
#8786 = DEFINITIONAL_REPRESENTATION('',(#8787),#8790);
#8787 = B_SPLINE_CURVE_WITH_KNOTS('',1,(#8788,#8789),.UNSPECIFIED.,.F.,
  .F.,(2,2),(-3.5000006,5.999999999062E-07),.PIECEWISE_BEZIER_KNOTS.);
#8788 = CARTESIAN_POINT('',(-3.679289462263,-3.5000006));
#8789 = CARTESIAN_POINT('',(-3.679289462263,5.999999999062E-07));
#8790 = ( GEOMETRIC_REPRESENTATION_CONTEXT(2) 
PARAMETRIC_REPRESENTATION_CONTEXT() REPRESENTATION_CONTEXT('2D SPACE',''
  ) );
#8791 = PCURVE('',#3075,#8792);
#8792 = DEFINITIONAL_REPRESENTATION('',(#8793),#8796);
#8793 = B_SPLINE_CURVE_WITH_KNOTS('',1,(#8794,#8795),.UNSPECIFIED.,.F.,
  .F.,(2,2),(-3.5000006,5.999999999062E-07),.PIECEWISE_BEZIER_KNOTS.);
#8794 = CARTESIAN_POINT('',(0.560931620928,-3.5000006));
#8795 = CARTESIAN_POINT('',(0.560931620928,5.999999999062E-07));
#8796 = ( GEOMETRIC_REPRESENTATION_CONTEXT(2) 
PARAMETRIC_REPRESENTATION_CONTEXT() REPRESENTATION_CONTEXT('2D SPACE',''
  ) );
#8797 = ADVANCED_FACE('',(#8798),#2219,.F.);
#8798 = FACE_BOUND('',#8799,.T.);
#8799 = EDGE_LOOP('',(#8800,#8801,#8822,#8848));
#8800 = ORIENTED_EDGE('',*,*,#2198,.T.);
#8801 = ORIENTED_EDGE('',*,*,#8802,.F.);
#8802 = EDGE_CURVE('',#8803,#2199,#8805,.T.);
#8803 = VERTEX_POINT('',#8804);
#8804 = CARTESIAN_POINT('',(-3.958680476058,-1.360847645969,20.75));
#8805 = SURFACE_CURVE('',#8806,(#8810,#8816),.PCURVE_S1.);
#8806 = LINE('',#8807,#8808);
#8807 = CARTESIAN_POINT('',(-3.958680476058,-1.360847645969,17.75));
#8808 = VECTOR('',#8809,1.);
#8809 = DIRECTION('',(-0.,-0.,-1.));
#8810 = PCURVE('',#2219,#8811);
#8811 = DEFINITIONAL_REPRESENTATION('',(#8812),#8815);
#8812 = B_SPLINE_CURVE_WITH_KNOTS('',1,(#8813,#8814),.UNSPECIFIED.,.F.,
  .F.,(2,2),(-3.5000006,5.999999999062E-07),.PIECEWISE_BEZIER_KNOTS.);
#8813 = CARTESIAN_POINT('',(-5.619824792362,-3.5000006));
#8814 = CARTESIAN_POINT('',(-5.619824792362,5.999999999062E-07));
#8815 = ( GEOMETRIC_REPRESENTATION_CONTEXT(2) 
PARAMETRIC_REPRESENTATION_CONTEXT() REPRESENTATION_CONTEXT('2D SPACE',''
  ) );
#8816 = PCURVE('',#2246,#8817);
#8817 = DEFINITIONAL_REPRESENTATION('',(#8818),#8821);
#8818 = B_SPLINE_CURVE_WITH_KNOTS('',1,(#8819,#8820),.UNSPECIFIED.,.F.,
  .F.,(2,2),(-3.5000006,5.999999999062E-07),.PIECEWISE_BEZIER_KNOTS.);
#8819 = CARTESIAN_POINT('',(0.359068379072,-3.5000006));
#8820 = CARTESIAN_POINT('',(0.359068379072,5.999999999062E-07));
#8821 = ( GEOMETRIC_REPRESENTATION_CONTEXT(2) 
PARAMETRIC_REPRESENTATION_CONTEXT() REPRESENTATION_CONTEXT('2D SPACE',''
  ) );
#8822 = ORIENTED_EDGE('',*,*,#8823,.F.);
#8823 = EDGE_CURVE('',#8706,#8803,#8824,.T.);
#8824 = SURFACE_CURVE('',#8825,(#8830,#8837),.PCURVE_S1.);
#8825 = CIRCLE('',#8826,2.21);
#8826 = AXIS2_PLACEMENT_3D('',#8827,#8828,#8829);
#8827 = CARTESIAN_POINT('',(-5.7,0.,20.75));
#8828 = DIRECTION('',(0.,0.,-1.));
#8829 = DIRECTION('',(1.,0.,0.));
#8830 = PCURVE('',#2219,#8831);
#8831 = DEFINITIONAL_REPRESENTATION('',(#8832),#8836);
#8832 = LINE('',#8833,#8834);
#8833 = CARTESIAN_POINT('',(-6.28318530718,-3.));
#8834 = VECTOR('',#8835,1.);
#8835 = DIRECTION('',(1.,-0.));
#8836 = ( GEOMETRIC_REPRESENTATION_CONTEXT(2) 
PARAMETRIC_REPRESENTATION_CONTEXT() REPRESENTATION_CONTEXT('2D SPACE',''
  ) );
#8837 = PCURVE('',#4486,#8838);
#8838 = DEFINITIONAL_REPRESENTATION('',(#8839),#8847);
#8839 = ( BOUNDED_CURVE() B_SPLINE_CURVE(2,(#8840,#8841,#8842,#8843,
#8844,#8845,#8846),.UNSPECIFIED.,.T.,.F.) B_SPLINE_CURVE_WITH_KNOTS((1,2
    ,2,2,2,1),(-2.094395102393,0.,2.094395102393,4.188790204786,
6.28318530718,8.377580409573),.UNSPECIFIED.) CURVE() 
GEOMETRIC_REPRESENTATION_ITEM() RATIONAL_B_SPLINE_CURVE((1.,0.5,1.,0.5,
1.,0.5,1.)) REPRESENTATION_ITEM('') );
#8840 = CARTESIAN_POINT('',(2.21,-2.924450111184E-17));
#8841 = CARTESIAN_POINT('',(2.21,-3.827832284727));
#8842 = CARTESIAN_POINT('',(-1.105,-1.913916142364));
#8843 = CARTESIAN_POINT('',(-4.42,-5.70538386335E-16));
#8844 = CARTESIAN_POINT('',(-1.105,1.913916142364));
#8845 = CARTESIAN_POINT('',(2.21,3.827832284727));
#8846 = CARTESIAN_POINT('',(2.21,-2.924450111184E-17));
#8847 = ( GEOMETRIC_REPRESENTATION_CONTEXT(2) 
PARAMETRIC_REPRESENTATION_CONTEXT() REPRESENTATION_CONTEXT('2D SPACE',''
  ) );
#8848 = ORIENTED_EDGE('',*,*,#8705,.T.);
#8849 = ADVANCED_FACE('',(#8850),#3075,.T.);
#8850 = FACE_BOUND('',#8851,.T.);
#8851 = EDGE_LOOP('',(#8852,#8853,#8854,#8875));
#8852 = ORIENTED_EDGE('',*,*,#3060,.T.);
#8853 = ORIENTED_EDGE('',*,*,#8779,.F.);
#8854 = ORIENTED_EDGE('',*,*,#8855,.F.);
#8855 = EDGE_CURVE('',#8856,#8752,#8858,.T.);
#8856 = VERTEX_POINT('',#8857);
#8857 = CARTESIAN_POINT('',(-7.888640556058,-1.342926846994,20.75));
#8858 = SURFACE_CURVE('',#8859,(#8863,#8869),.PCURVE_S1.);
#8859 = LINE('',#8860,#8861);
#8860 = CARTESIAN_POINT('',(-6.480950985846,-0.320180508005,20.75));
#8861 = VECTOR('',#8862,1.);
#8862 = DIRECTION('',(0.809016994375,0.587785252292,-0.));
#8863 = PCURVE('',#3075,#8864);
#8864 = DEFINITIONAL_REPRESENTATION('',(#8865),#8868);
#8865 = B_SPLINE_CURVE_WITH_KNOTS('',1,(#8866,#8867),.UNSPECIFIED.,.F.,
  .F.,(2,2),(-1.74,-1.380931620928),.PIECEWISE_BEZIER_KNOTS.);
#8866 = CARTESIAN_POINT('',(0.92,-3.));
#8867 = CARTESIAN_POINT('',(0.560931620928,-3.));
#8868 = ( GEOMETRIC_REPRESENTATION_CONTEXT(2) 
PARAMETRIC_REPRESENTATION_CONTEXT() REPRESENTATION_CONTEXT('2D SPACE',''
  ) );
#8869 = PCURVE('',#4486,#8870);
#8870 = DEFINITIONAL_REPRESENTATION('',(#8871),#8874);
#8871 = B_SPLINE_CURVE_WITH_KNOTS('',1,(#8872,#8873),.UNSPECIFIED.,.F.,
  .F.,(2,2),(-1.74,-1.380931620928),.PIECEWISE_BEZIER_KNOTS.);
#8872 = CARTESIAN_POINT('',(-2.188640556058,-1.342926846994));
#8873 = CARTESIAN_POINT('',(-1.898148135246,-1.131871749211));
#8874 = ( GEOMETRIC_REPRESENTATION_CONTEXT(2) 
PARAMETRIC_REPRESENTATION_CONTEXT() REPRESENTATION_CONTEXT('2D SPACE',''
  ) );
#8875 = ORIENTED_EDGE('',*,*,#8876,.F.);
#8876 = EDGE_CURVE('',#3035,#8856,#8877,.T.);
#8877 = SURFACE_CURVE('',#8878,(#8882,#8889),.PCURVE_S1.);
#8878 = LINE('',#8879,#8880);
#8879 = CARTESIAN_POINT('',(-7.888640556058,-1.342926846994,17.75));
#8880 = VECTOR('',#8881,1.);
#8881 = DIRECTION('',(0.,0.,1.));
#8882 = PCURVE('',#3075,#8883);
#8883 = DEFINITIONAL_REPRESENTATION('',(#8884),#8888);
#8884 = LINE('',#8885,#8886);
#8885 = CARTESIAN_POINT('',(0.92,0.));
#8886 = VECTOR('',#8887,1.);
#8887 = DIRECTION('',(0.,-1.));
#8888 = ( GEOMETRIC_REPRESENTATION_CONTEXT(2) 
PARAMETRIC_REPRESENTATION_CONTEXT() REPRESENTATION_CONTEXT('2D SPACE',''
  ) );
#8889 = PCURVE('',#3049,#8890);
#8890 = DEFINITIONAL_REPRESENTATION('',(#8891),#8895);
#8891 = LINE('',#8892,#8893);
#8892 = CARTESIAN_POINT('',(0.,0.));
#8893 = VECTOR('',#8894,1.);
#8894 = DIRECTION('',(0.,-1.));
#8895 = ( GEOMETRIC_REPRESENTATION_CONTEXT(2) 
PARAMETRIC_REPRESENTATION_CONTEXT() REPRESENTATION_CONTEXT('2D SPACE',''
  ) );
#8896 = ADVANCED_FACE('',(#8897),#2246,.T.);
#8897 = FACE_BOUND('',#8898,.T.);
#8898 = EDGE_LOOP('',(#8899,#8900,#8923,#8942));
#8899 = ORIENTED_EDGE('',*,*,#2231,.T.);
#8900 = ORIENTED_EDGE('',*,*,#8901,.T.);
#8901 = EDGE_CURVE('',#2232,#8902,#8904,.T.);
#8902 = VERTEX_POINT('',#8903);
#8903 = CARTESIAN_POINT('',(-3.696930892615,-1.606646865693,20.75));
#8904 = SURFACE_CURVE('',#8905,(#8909,#8916),.PCURVE_S1.);
#8905 = LINE('',#8906,#8907);
#8906 = CARTESIAN_POINT('',(-3.696930892615,-1.606646865693,17.75));
#8907 = VECTOR('',#8908,1.);
#8908 = DIRECTION('',(0.,0.,1.));
#8909 = PCURVE('',#2246,#8910);
#8910 = DEFINITIONAL_REPRESENTATION('',(#8911),#8915);
#8911 = LINE('',#8912,#8913);
#8912 = CARTESIAN_POINT('',(0.,0.));
#8913 = VECTOR('',#8914,1.);
#8914 = DIRECTION('',(0.,-1.));
#8915 = ( GEOMETRIC_REPRESENTATION_CONTEXT(2) 
PARAMETRIC_REPRESENTATION_CONTEXT() REPRESENTATION_CONTEXT('2D SPACE',''
  ) );
#8916 = PCURVE('',#2272,#8917);
#8917 = DEFINITIONAL_REPRESENTATION('',(#8918),#8922);
#8918 = LINE('',#8919,#8920);
#8919 = CARTESIAN_POINT('',(0.4,0.));
#8920 = VECTOR('',#8921,1.);
#8921 = DIRECTION('',(0.,-1.));
#8922 = ( GEOMETRIC_REPRESENTATION_CONTEXT(2) 
PARAMETRIC_REPRESENTATION_CONTEXT() REPRESENTATION_CONTEXT('2D SPACE',''
  ) );
#8923 = ORIENTED_EDGE('',*,*,#8924,.F.);
#8924 = EDGE_CURVE('',#8803,#8902,#8925,.T.);
#8925 = SURFACE_CURVE('',#8926,(#8930,#8936),.PCURVE_S1.);
#8926 = LINE('',#8927,#8928);
#8927 = CARTESIAN_POINT('',(-4.630010735715,-0.730426570104,20.75));
#8928 = VECTOR('',#8929,1.);
#8929 = DIRECTION('',(0.728968627421,-0.684547105929,0.));
#8930 = PCURVE('',#2246,#8931);
#8931 = DEFINITIONAL_REPRESENTATION('',(#8932),#8935);
#8932 = B_SPLINE_CURVE_WITH_KNOTS('',1,(#8933,#8934),.UNSPECIFIED.,.F.,
  .F.,(2,2),(0.920931620928,1.28),.PIECEWISE_BEZIER_KNOTS.);
#8933 = CARTESIAN_POINT('',(0.359068379072,-3.));
#8934 = CARTESIAN_POINT('',(0.,-3.));
#8935 = ( GEOMETRIC_REPRESENTATION_CONTEXT(2) 
PARAMETRIC_REPRESENTATION_CONTEXT() REPRESENTATION_CONTEXT('2D SPACE',''
  ) );
#8936 = PCURVE('',#4486,#8937);
#8937 = DEFINITIONAL_REPRESENTATION('',(#8938),#8941);
#8938 = B_SPLINE_CURVE_WITH_KNOTS('',1,(#8939,#8940),.UNSPECIFIED.,.F.,
  .F.,(2,2),(0.920931620928,1.28),.PIECEWISE_BEZIER_KNOTS.);
#8939 = CARTESIAN_POINT('',(1.741319523942,-1.360847645969));
#8940 = CARTESIAN_POINT('',(2.003069107385,-1.606646865693));
#8941 = ( GEOMETRIC_REPRESENTATION_CONTEXT(2) 
PARAMETRIC_REPRESENTATION_CONTEXT() REPRESENTATION_CONTEXT('2D SPACE',''
  ) );
#8942 = ORIENTED_EDGE('',*,*,#8802,.T.);
#8943 = ADVANCED_FACE('',(#8944),#3049,.T.);
#8944 = FACE_BOUND('',#8945,.T.);
#8945 = EDGE_LOOP('',(#8946,#8947,#8948,#8969));
#8946 = ORIENTED_EDGE('',*,*,#3034,.T.);
#8947 = ORIENTED_EDGE('',*,*,#8876,.T.);
#8948 = ORIENTED_EDGE('',*,*,#8949,.F.);
#8949 = EDGE_CURVE('',#8950,#8856,#8952,.T.);
#8950 = VERTEX_POINT('',#8951);
#8951 = CARTESIAN_POINT('',(-7.653526455141,-1.666533644744,20.75));
#8952 = SURFACE_CURVE('',#8953,(#8957,#8963),.PCURVE_S1.);
#8953 = LINE('',#8954,#8955);
#8954 = CARTESIAN_POINT('',(-7.829862030829,-1.423828546431,20.75));
#8955 = VECTOR('',#8956,1.);
#8956 = DIRECTION('',(-0.587785252292,0.809016994375,0.));
#8957 = PCURVE('',#3049,#8958);
#8958 = DEFINITIONAL_REPRESENTATION('',(#8959),#8962);
#8959 = B_SPLINE_CURVE_WITH_KNOTS('',1,(#8960,#8961),.UNSPECIFIED.,.F.,
  .F.,(2,2),(-0.3,1.E-01),.PIECEWISE_BEZIER_KNOTS.);
#8960 = CARTESIAN_POINT('',(0.4,-3.));
#8961 = CARTESIAN_POINT('',(0.,-3.));
#8962 = ( GEOMETRIC_REPRESENTATION_CONTEXT(2) 
PARAMETRIC_REPRESENTATION_CONTEXT() REPRESENTATION_CONTEXT('2D SPACE',''
  ) );
#8963 = PCURVE('',#4486,#8964);
#8964 = DEFINITIONAL_REPRESENTATION('',(#8965),#8968);
#8965 = B_SPLINE_CURVE_WITH_KNOTS('',1,(#8966,#8967),.UNSPECIFIED.,.F.,
  .F.,(2,2),(-0.3,1.E-01),.PIECEWISE_BEZIER_KNOTS.);
#8966 = CARTESIAN_POINT('',(-1.953526455141,-1.666533644744));
#8967 = CARTESIAN_POINT('',(-2.188640556058,-1.342926846994));
#8968 = ( GEOMETRIC_REPRESENTATION_CONTEXT(2) 
PARAMETRIC_REPRESENTATION_CONTEXT() REPRESENTATION_CONTEXT('2D SPACE',''
  ) );
#8969 = ORIENTED_EDGE('',*,*,#8970,.F.);
#8970 = EDGE_CURVE('',#3009,#8950,#8971,.T.);
#8971 = SURFACE_CURVE('',#8972,(#8976,#8983),.PCURVE_S1.);
#8972 = LINE('',#8973,#8974);
#8973 = CARTESIAN_POINT('',(-7.653526455141,-1.666533644744,17.75));
#8974 = VECTOR('',#8975,1.);
#8975 = DIRECTION('',(0.,0.,1.));
#8976 = PCURVE('',#3049,#8977);
#8977 = DEFINITIONAL_REPRESENTATION('',(#8978),#8982);
#8978 = LINE('',#8979,#8980);
#8979 = CARTESIAN_POINT('',(0.4,0.));
#8980 = VECTOR('',#8981,1.);
#8981 = DIRECTION('',(0.,-1.));
#8982 = ( GEOMETRIC_REPRESENTATION_CONTEXT(2) 
PARAMETRIC_REPRESENTATION_CONTEXT() REPRESENTATION_CONTEXT('2D SPACE',''
  ) );
#8983 = PCURVE('',#3023,#8984);
#8984 = DEFINITIONAL_REPRESENTATION('',(#8985),#8989);
#8985 = LINE('',#8986,#8987);
#8986 = CARTESIAN_POINT('',(0.,0.));
#8987 = VECTOR('',#8988,1.);
#8988 = DIRECTION('',(0.,-1.));
#8989 = ( GEOMETRIC_REPRESENTATION_CONTEXT(2) 
PARAMETRIC_REPRESENTATION_CONTEXT() REPRESENTATION_CONTEXT('2D SPACE',''
  ) );
#8990 = ADVANCED_FACE('',(#8991),#2272,.T.);
#8991 = FACE_BOUND('',#8992,.T.);
#8992 = EDGE_LOOP('',(#8993,#8994,#9017,#9036));
#8993 = ORIENTED_EDGE('',*,*,#2257,.T.);
#8994 = ORIENTED_EDGE('',*,*,#8995,.T.);
#8995 = EDGE_CURVE('',#2258,#8996,#8998,.T.);
#8996 = VERTEX_POINT('',#8997);
#8997 = CARTESIAN_POINT('',(-3.970749734987,-1.898234316662,20.75));
#8998 = SURFACE_CURVE('',#8999,(#9003,#9010),.PCURVE_S1.);
#8999 = LINE('',#9000,#9001);
#9000 = CARTESIAN_POINT('',(-3.970749734987,-1.898234316662,17.75));
#9001 = VECTOR('',#9002,1.);
#9002 = DIRECTION('',(0.,0.,1.));
#9003 = PCURVE('',#2272,#9004);
#9004 = DEFINITIONAL_REPRESENTATION('',(#9005),#9009);
#9005 = LINE('',#9006,#9007);
#9006 = CARTESIAN_POINT('',(0.,0.));
#9007 = VECTOR('',#9008,1.);
#9008 = DIRECTION('',(0.,-1.));
#9009 = ( GEOMETRIC_REPRESENTATION_CONTEXT(2) 
PARAMETRIC_REPRESENTATION_CONTEXT() REPRESENTATION_CONTEXT('2D SPACE',''
  ) );
#9010 = PCURVE('',#2298,#9011);
#9011 = DEFINITIONAL_REPRESENTATION('',(#9012),#9016);
#9012 = LINE('',#9013,#9014);
#9013 = CARTESIAN_POINT('',(0.92,0.));
#9014 = VECTOR('',#9015,1.);
#9015 = DIRECTION('',(0.,-1.));
#9016 = ( GEOMETRIC_REPRESENTATION_CONTEXT(2) 
PARAMETRIC_REPRESENTATION_CONTEXT() REPRESENTATION_CONTEXT('2D SPACE',''
  ) );
#9017 = ORIENTED_EDGE('',*,*,#9018,.F.);
#9018 = EDGE_CURVE('',#8902,#8996,#9019,.T.);
#9019 = SURFACE_CURVE('',#9020,(#9024,#9030),.PCURVE_S1.);
#9020 = LINE('',#9021,#9022);
#9021 = CARTESIAN_POINT('',(-3.902295024394,-1.82533745392,20.75));
#9022 = VECTOR('',#9023,1.);
#9023 = DIRECTION('',(-0.684547105929,-0.728968627421,0.));
#9024 = PCURVE('',#2272,#9025);
#9025 = DEFINITIONAL_REPRESENTATION('',(#9026),#9029);
#9026 = B_SPLINE_CURVE_WITH_KNOTS('',1,(#9027,#9028),.UNSPECIFIED.,.F.,
  .F.,(2,2),(-0.3,1.E-01),.PIECEWISE_BEZIER_KNOTS.);
#9027 = CARTESIAN_POINT('',(0.4,-3.));
#9028 = CARTESIAN_POINT('',(0.,-3.));
#9029 = ( GEOMETRIC_REPRESENTATION_CONTEXT(2) 
PARAMETRIC_REPRESENTATION_CONTEXT() REPRESENTATION_CONTEXT('2D SPACE',''
  ) );
#9030 = PCURVE('',#4486,#9031);
#9031 = DEFINITIONAL_REPRESENTATION('',(#9032),#9035);
#9032 = B_SPLINE_CURVE_WITH_KNOTS('',1,(#9033,#9034),.UNSPECIFIED.,.F.,
  .F.,(2,2),(-0.3,1.E-01),.PIECEWISE_BEZIER_KNOTS.);
#9033 = CARTESIAN_POINT('',(2.003069107385,-1.606646865693));
#9034 = CARTESIAN_POINT('',(1.729250265013,-1.898234316662));
#9035 = ( GEOMETRIC_REPRESENTATION_CONTEXT(2) 
PARAMETRIC_REPRESENTATION_CONTEXT() REPRESENTATION_CONTEXT('2D SPACE',''
  ) );
#9036 = ORIENTED_EDGE('',*,*,#8901,.F.);
#9037 = ADVANCED_FACE('',(#9038),#3023,.T.);
#9038 = FACE_BOUND('',#9039,.T.);
#9039 = EDGE_LOOP('',(#9040,#9041,#9042,#9063));
#9040 = ORIENTED_EDGE('',*,*,#3008,.T.);
#9041 = ORIENTED_EDGE('',*,*,#8970,.T.);
#9042 = ORIENTED_EDGE('',*,*,#9043,.F.);
#9043 = EDGE_CURVE('',#9044,#8950,#9046,.T.);
#9044 = VERTEX_POINT('',#9045);
#9045 = CARTESIAN_POINT('',(-7.363034034329,-1.455478546961,20.75));
#9046 = SURFACE_CURVE('',#9047,(#9051,#9057),.PCURVE_S1.);
#9047 = LINE('',#9048,#9049);
#9048 = CARTESIAN_POINT('',(-6.617984702341,-0.914168521809,20.75));
#9049 = VECTOR('',#9050,1.);
#9050 = DIRECTION('',(-0.809016994375,-0.587785252292,0.));
#9051 = PCURVE('',#3023,#9052);
#9052 = DEFINITIONAL_REPRESENTATION('',(#9053),#9056);
#9053 = B_SPLINE_CURVE_WITH_KNOTS('',1,(#9054,#9055),.UNSPECIFIED.,.F.,
  .F.,(2,2),(0.920931620928,1.28),.PIECEWISE_BEZIER_KNOTS.);
#9054 = CARTESIAN_POINT('',(0.359068379072,-3.));
#9055 = CARTESIAN_POINT('',(0.,-3.));
#9056 = ( GEOMETRIC_REPRESENTATION_CONTEXT(2) 
PARAMETRIC_REPRESENTATION_CONTEXT() REPRESENTATION_CONTEXT('2D SPACE',''
  ) );
#9057 = PCURVE('',#4486,#9058);
#9058 = DEFINITIONAL_REPRESENTATION('',(#9059),#9062);
#9059 = B_SPLINE_CURVE_WITH_KNOTS('',1,(#9060,#9061),.UNSPECIFIED.,.F.,
  .F.,(2,2),(0.920931620928,1.28),.PIECEWISE_BEZIER_KNOTS.);
#9060 = CARTESIAN_POINT('',(-1.663034034329,-1.455478546961));
#9061 = CARTESIAN_POINT('',(-1.953526455141,-1.666533644744));
#9062 = ( GEOMETRIC_REPRESENTATION_CONTEXT(2) 
PARAMETRIC_REPRESENTATION_CONTEXT() REPRESENTATION_CONTEXT('2D SPACE',''
  ) );
#9063 = ORIENTED_EDGE('',*,*,#9064,.T.);
#9064 = EDGE_CURVE('',#9044,#2976,#9065,.T.);
#9065 = SURFACE_CURVE('',#9066,(#9070,#9076),.PCURVE_S1.);
#9066 = LINE('',#9067,#9068);
#9067 = CARTESIAN_POINT('',(-7.363034034329,-1.455478546961,17.75));
#9068 = VECTOR('',#9069,1.);
#9069 = DIRECTION('',(-0.,-0.,-1.));
#9070 = PCURVE('',#3023,#9071);
#9071 = DEFINITIONAL_REPRESENTATION('',(#9072),#9075);
#9072 = B_SPLINE_CURVE_WITH_KNOTS('',1,(#9073,#9074),.UNSPECIFIED.,.F.,
  .F.,(2,2),(-3.5000006,5.999999999062E-07),.PIECEWISE_BEZIER_KNOTS.);
#9073 = CARTESIAN_POINT('',(0.359068379072,-3.5000006));
#9074 = CARTESIAN_POINT('',(0.359068379072,5.999999999062E-07));
#9075 = ( GEOMETRIC_REPRESENTATION_CONTEXT(2) 
PARAMETRIC_REPRESENTATION_CONTEXT() REPRESENTATION_CONTEXT('2D SPACE',''
  ) );
#9076 = PCURVE('',#2996,#9077);
#9077 = DEFINITIONAL_REPRESENTATION('',(#9078),#9081);
#9078 = B_SPLINE_CURVE_WITH_KNOTS('',1,(#9079,#9080),.UNSPECIFIED.,.F.,
  .F.,(2,2),(-3.5000006,5.999999999062E-07),.PIECEWISE_BEZIER_KNOTS.);
#9079 = CARTESIAN_POINT('',(-3.860532906352,-3.5000006));
#9080 = CARTESIAN_POINT('',(-3.860532906352,5.999999999062E-07));
#9081 = ( GEOMETRIC_REPRESENTATION_CONTEXT(2) 
PARAMETRIC_REPRESENTATION_CONTEXT() REPRESENTATION_CONTEXT('2D SPACE',''
  ) );
#9082 = ADVANCED_FACE('',(#9083),#2298,.T.);
#9083 = FACE_BOUND('',#9084,.T.);
#9084 = EDGE_LOOP('',(#9085,#9086,#9107,#9126));
#9085 = ORIENTED_EDGE('',*,*,#2283,.T.);
#9086 = ORIENTED_EDGE('',*,*,#9087,.F.);
#9087 = EDGE_CURVE('',#9088,#2284,#9090,.T.);
#9088 = VERTEX_POINT('',#9089);
#9089 = CARTESIAN_POINT('',(-4.23249931843,-1.652435096937,20.75));
#9090 = SURFACE_CURVE('',#9091,(#9095,#9101),.PCURVE_S1.);
#9091 = LINE('',#9092,#9093);
#9092 = CARTESIAN_POINT('',(-4.23249931843,-1.652435096937,17.75));
#9093 = VECTOR('',#9094,1.);
#9094 = DIRECTION('',(-0.,-0.,-1.));
#9095 = PCURVE('',#2298,#9096);
#9096 = DEFINITIONAL_REPRESENTATION('',(#9097),#9100);
#9097 = B_SPLINE_CURVE_WITH_KNOTS('',1,(#9098,#9099),.UNSPECIFIED.,.F.,
  .F.,(2,2),(-3.5000006,5.999999999062E-07),.PIECEWISE_BEZIER_KNOTS.);
#9098 = CARTESIAN_POINT('',(0.560931620928,-3.5000006));
#9099 = CARTESIAN_POINT('',(0.560931620928,5.999999999062E-07));
#9100 = ( GEOMETRIC_REPRESENTATION_CONTEXT(2) 
PARAMETRIC_REPRESENTATION_CONTEXT() REPRESENTATION_CONTEXT('2D SPACE',''
  ) );
#9101 = PCURVE('',#2330,#9102);
#9102 = DEFINITIONAL_REPRESENTATION('',(#9103),#9106);
#9103 = B_SPLINE_CURVE_WITH_KNOTS('',1,(#9104,#9105),.UNSPECIFIED.,.F.,
  .F.,(2,2),(-3.5000006,5.999999999062E-07),.PIECEWISE_BEZIER_KNOTS.);
#9104 = CARTESIAN_POINT('',(-5.438581348274,-3.5000006));
#9105 = CARTESIAN_POINT('',(-5.438581348274,5.999999999062E-07));
#9106 = ( GEOMETRIC_REPRESENTATION_CONTEXT(2) 
PARAMETRIC_REPRESENTATION_CONTEXT() REPRESENTATION_CONTEXT('2D SPACE',''
  ) );
#9107 = ORIENTED_EDGE('',*,*,#9108,.F.);
#9108 = EDGE_CURVE('',#8996,#9088,#9109,.T.);
#9109 = SURFACE_CURVE('',#9110,(#9114,#9120),.PCURVE_S1.);
#9110 = LINE('',#9111,#9112);
#9111 = CARTESIAN_POINT('',(-5.2391551467,-0.707122352346,20.75));
#9112 = VECTOR('',#9113,1.);
#9113 = DIRECTION('',(-0.728968627421,0.684547105929,0.));
#9114 = PCURVE('',#2298,#9115);
#9115 = DEFINITIONAL_REPRESENTATION('',(#9116),#9119);
#9116 = B_SPLINE_CURVE_WITH_KNOTS('',1,(#9117,#9118),.UNSPECIFIED.,.F.,
  .F.,(2,2),(-1.74,-1.380931620928),.PIECEWISE_BEZIER_KNOTS.);
#9117 = CARTESIAN_POINT('',(0.92,-3.));
#9118 = CARTESIAN_POINT('',(0.560931620928,-3.));
#9119 = ( GEOMETRIC_REPRESENTATION_CONTEXT(2) 
PARAMETRIC_REPRESENTATION_CONTEXT() REPRESENTATION_CONTEXT('2D SPACE',''
  ) );
#9120 = PCURVE('',#4486,#9121);
#9121 = DEFINITIONAL_REPRESENTATION('',(#9122),#9125);
#9122 = B_SPLINE_CURVE_WITH_KNOTS('',1,(#9123,#9124),.UNSPECIFIED.,.F.,
  .F.,(2,2),(-1.74,-1.380931620928),.PIECEWISE_BEZIER_KNOTS.);
#9123 = CARTESIAN_POINT('',(1.729250265013,-1.898234316662));
#9124 = CARTESIAN_POINT('',(1.46750068157,-1.652435096937));
#9125 = ( GEOMETRIC_REPRESENTATION_CONTEXT(2) 
PARAMETRIC_REPRESENTATION_CONTEXT() REPRESENTATION_CONTEXT('2D SPACE',''
  ) );
#9126 = ORIENTED_EDGE('',*,*,#8995,.F.);
#9127 = ADVANCED_FACE('',(#9128),#2996,.F.);
#9128 = FACE_BOUND('',#9129,.T.);
#9129 = EDGE_LOOP('',(#9130,#9131,#9132,#9160));
#9130 = ORIENTED_EDGE('',*,*,#2975,.T.);
#9131 = ORIENTED_EDGE('',*,*,#9064,.F.);
#9132 = ORIENTED_EDGE('',*,*,#9133,.F.);
#9133 = EDGE_CURVE('',#9134,#9044,#9136,.T.);
#9134 = VERTEX_POINT('',#9135);
#9135 = CARTESIAN_POINT('',(-7.257029263531,-1.568362162419,20.75));
#9136 = SURFACE_CURVE('',#9137,(#9142,#9149),.PCURVE_S1.);
#9137 = CIRCLE('',#9138,2.21);
#9138 = AXIS2_PLACEMENT_3D('',#9139,#9140,#9141);
#9139 = CARTESIAN_POINT('',(-5.7,0.,20.75));
#9140 = DIRECTION('',(0.,0.,-1.));
#9141 = DIRECTION('',(1.,0.,0.));
#9142 = PCURVE('',#2996,#9143);
#9143 = DEFINITIONAL_REPRESENTATION('',(#9144),#9148);
#9144 = LINE('',#9145,#9146);
#9145 = CARTESIAN_POINT('',(-6.28318530718,-3.));
#9146 = VECTOR('',#9147,1.);
#9147 = DIRECTION('',(1.,-0.));
#9148 = ( GEOMETRIC_REPRESENTATION_CONTEXT(2) 
PARAMETRIC_REPRESENTATION_CONTEXT() REPRESENTATION_CONTEXT('2D SPACE',''
  ) );
#9149 = PCURVE('',#4486,#9150);
#9150 = DEFINITIONAL_REPRESENTATION('',(#9151),#9159);
#9151 = ( BOUNDED_CURVE() B_SPLINE_CURVE(2,(#9152,#9153,#9154,#9155,
#9156,#9157,#9158),.UNSPECIFIED.,.T.,.F.) B_SPLINE_CURVE_WITH_KNOTS((1,2
    ,2,2,2,1),(-2.094395102393,0.,2.094395102393,4.188790204786,
6.28318530718,8.377580409573),.UNSPECIFIED.) CURVE() 
GEOMETRIC_REPRESENTATION_ITEM() RATIONAL_B_SPLINE_CURVE((1.,0.5,1.,0.5,
1.,0.5,1.)) REPRESENTATION_ITEM('') );
#9152 = CARTESIAN_POINT('',(2.21,-2.924450111184E-17));
#9153 = CARTESIAN_POINT('',(2.21,-3.827832284727));
#9154 = CARTESIAN_POINT('',(-1.105,-1.913916142364));
#9155 = CARTESIAN_POINT('',(-4.42,-5.70538386335E-16));
#9156 = CARTESIAN_POINT('',(-1.105,1.913916142364));
#9157 = CARTESIAN_POINT('',(2.21,3.827832284727));
#9158 = CARTESIAN_POINT('',(2.21,-2.924450111184E-17));
#9159 = ( GEOMETRIC_REPRESENTATION_CONTEXT(2) 
PARAMETRIC_REPRESENTATION_CONTEXT() REPRESENTATION_CONTEXT('2D SPACE',''
  ) );
#9160 = ORIENTED_EDGE('',*,*,#9161,.T.);
#9161 = EDGE_CURVE('',#9134,#2950,#9162,.T.);
#9162 = SURFACE_CURVE('',#9163,(#9167,#9173),.PCURVE_S1.);
#9163 = LINE('',#9164,#9165);
#9164 = CARTESIAN_POINT('',(-7.257029263531,-1.568362162419,17.75));
#9165 = VECTOR('',#9166,1.);
#9166 = DIRECTION('',(-0.,-0.,-1.));
#9167 = PCURVE('',#2996,#9168);
#9168 = DEFINITIONAL_REPRESENTATION('',(#9169),#9172);
#9169 = B_SPLINE_CURVE_WITH_KNOTS('',1,(#9170,#9171),.UNSPECIFIED.,.F.,
  .F.,(2,2),(-3.5000006,5.999999999062E-07),.PIECEWISE_BEZIER_KNOTS.);
#9170 = CARTESIAN_POINT('',(-3.930616874551,-3.5000006));
#9171 = CARTESIAN_POINT('',(-3.930616874551,5.999999999062E-07));
#9172 = ( GEOMETRIC_REPRESENTATION_CONTEXT(2) 
PARAMETRIC_REPRESENTATION_CONTEXT() REPRESENTATION_CONTEXT('2D SPACE',''
  ) );
#9173 = PCURVE('',#2964,#9174);
#9174 = DEFINITIONAL_REPRESENTATION('',(#9175),#9178);
#9175 = B_SPLINE_CURVE_WITH_KNOTS('',1,(#9176,#9177),.UNSPECIFIED.,.F.,
  .F.,(2,2),(-3.5000006,5.999999999062E-07),.PIECEWISE_BEZIER_KNOTS.);
#9176 = CARTESIAN_POINT('',(0.560931620928,-3.5000006));
#9177 = CARTESIAN_POINT('',(0.560931620928,5.999999999062E-07));
#9178 = ( GEOMETRIC_REPRESENTATION_CONTEXT(2) 
PARAMETRIC_REPRESENTATION_CONTEXT() REPRESENTATION_CONTEXT('2D SPACE',''
  ) );
#9179 = ADVANCED_FACE('',(#9180),#2330,.F.);
#9180 = FACE_BOUND('',#9181,.T.);
#9181 = EDGE_LOOP('',(#9182,#9183,#9204,#9230));
#9182 = ORIENTED_EDGE('',*,*,#2309,.T.);
#9183 = ORIENTED_EDGE('',*,*,#9184,.F.);
#9184 = EDGE_CURVE('',#9185,#2310,#9187,.T.);
#9185 = VERTEX_POINT('',#9186);
#9186 = CARTESIAN_POINT('',(-4.35181627849,-1.751142670674,20.75));
#9187 = SURFACE_CURVE('',#9188,(#9192,#9198),.PCURVE_S1.);
#9188 = LINE('',#9189,#9190);
#9189 = CARTESIAN_POINT('',(-4.35181627849,-1.751142670674,17.75));
#9190 = VECTOR('',#9191,1.);
#9191 = DIRECTION('',(-0.,-0.,-1.));
#9192 = PCURVE('',#2330,#9193);
#9193 = DEFINITIONAL_REPRESENTATION('',(#9194),#9197);
#9194 = B_SPLINE_CURVE_WITH_KNOTS('',1,(#9195,#9196),.UNSPECIFIED.,.F.,
  .F.,(2,2),(-3.5000006,5.999999999062E-07),.PIECEWISE_BEZIER_KNOTS.);
#9195 = CARTESIAN_POINT('',(-5.368497380075,-3.5000006));
#9196 = CARTESIAN_POINT('',(-5.368497380075,5.999999999062E-07));
#9197 = ( GEOMETRIC_REPRESENTATION_CONTEXT(2) 
PARAMETRIC_REPRESENTATION_CONTEXT() REPRESENTATION_CONTEXT('2D SPACE',''
  ) );
#9198 = PCURVE('',#2357,#9199);
#9199 = DEFINITIONAL_REPRESENTATION('',(#9200),#9203);
#9200 = B_SPLINE_CURVE_WITH_KNOTS('',1,(#9201,#9202),.UNSPECIFIED.,.F.,
  .F.,(2,2),(-3.5000006,5.999999999062E-07),.PIECEWISE_BEZIER_KNOTS.);
#9201 = CARTESIAN_POINT('',(0.359068379072,-3.5000006));
#9202 = CARTESIAN_POINT('',(0.359068379072,5.999999999062E-07));
#9203 = ( GEOMETRIC_REPRESENTATION_CONTEXT(2) 
PARAMETRIC_REPRESENTATION_CONTEXT() REPRESENTATION_CONTEXT('2D SPACE',''
  ) );
#9204 = ORIENTED_EDGE('',*,*,#9205,.F.);
#9205 = EDGE_CURVE('',#9088,#9185,#9206,.T.);
#9206 = SURFACE_CURVE('',#9207,(#9212,#9219),.PCURVE_S1.);
#9207 = CIRCLE('',#9208,2.21);
#9208 = AXIS2_PLACEMENT_3D('',#9209,#9210,#9211);
#9209 = CARTESIAN_POINT('',(-5.7,0.,20.75));
#9210 = DIRECTION('',(0.,0.,-1.));
#9211 = DIRECTION('',(1.,0.,0.));
#9212 = PCURVE('',#2330,#9213);
#9213 = DEFINITIONAL_REPRESENTATION('',(#9214),#9218);
#9214 = LINE('',#9215,#9216);
#9215 = CARTESIAN_POINT('',(-6.28318530718,-3.));
#9216 = VECTOR('',#9217,1.);
#9217 = DIRECTION('',(1.,-0.));
#9218 = ( GEOMETRIC_REPRESENTATION_CONTEXT(2) 
PARAMETRIC_REPRESENTATION_CONTEXT() REPRESENTATION_CONTEXT('2D SPACE',''
  ) );
#9219 = PCURVE('',#4486,#9220);
#9220 = DEFINITIONAL_REPRESENTATION('',(#9221),#9229);
#9221 = ( BOUNDED_CURVE() B_SPLINE_CURVE(2,(#9222,#9223,#9224,#9225,
#9226,#9227,#9228),.UNSPECIFIED.,.T.,.F.) B_SPLINE_CURVE_WITH_KNOTS((1,2
    ,2,2,2,1),(-2.094395102393,0.,2.094395102393,4.188790204786,
6.28318530718,8.377580409573),.UNSPECIFIED.) CURVE() 
GEOMETRIC_REPRESENTATION_ITEM() RATIONAL_B_SPLINE_CURVE((1.,0.5,1.,0.5,
1.,0.5,1.)) REPRESENTATION_ITEM('') );
#9222 = CARTESIAN_POINT('',(2.21,-2.924450111184E-17));
#9223 = CARTESIAN_POINT('',(2.21,-3.827832284727));
#9224 = CARTESIAN_POINT('',(-1.105,-1.913916142364));
#9225 = CARTESIAN_POINT('',(-4.42,-5.70538386335E-16));
#9226 = CARTESIAN_POINT('',(-1.105,1.913916142364));
#9227 = CARTESIAN_POINT('',(2.21,3.827832284727));
#9228 = CARTESIAN_POINT('',(2.21,-2.924450111184E-17));
#9229 = ( GEOMETRIC_REPRESENTATION_CONTEXT(2) 
PARAMETRIC_REPRESENTATION_CONTEXT() REPRESENTATION_CONTEXT('2D SPACE',''
  ) );
#9230 = ORIENTED_EDGE('',*,*,#9087,.T.);
#9231 = ADVANCED_FACE('',(#9232),#2964,.T.);
#9232 = FACE_BOUND('',#9233,.T.);
#9233 = EDGE_LOOP('',(#9234,#9235,#9236,#9257));
#9234 = ORIENTED_EDGE('',*,*,#2949,.T.);
#9235 = ORIENTED_EDGE('',*,*,#9161,.F.);
#9236 = ORIENTED_EDGE('',*,*,#9237,.F.);
#9237 = EDGE_CURVE('',#9238,#9134,#9240,.T.);
#9238 = VERTEX_POINT('',#9239);
#9239 = CARTESIAN_POINT('',(-7.485908062312,-1.845029103556,20.75));
#9240 = SURFACE_CURVE('',#9241,(#9245,#9251),.PCURVE_S1.);
#9241 = LINE('',#9242,#9243);
#9242 = CARTESIAN_POINT('',(-6.376790320149,-0.504336061126,20.75));
#9243 = VECTOR('',#9244,1.);
#9244 = DIRECTION('',(0.637423989749,0.770513242776,-0.));
#9245 = PCURVE('',#2964,#9246);
#9246 = DEFINITIONAL_REPRESENTATION('',(#9247),#9250);
#9247 = B_SPLINE_CURVE_WITH_KNOTS('',1,(#9248,#9249),.UNSPECIFIED.,.F.,
  .F.,(2,2),(-1.74,-1.380931620928),.PIECEWISE_BEZIER_KNOTS.);
#9248 = CARTESIAN_POINT('',(0.92,-3.));
#9249 = CARTESIAN_POINT('',(0.560931620928,-3.));
#9250 = ( GEOMETRIC_REPRESENTATION_CONTEXT(2) 
PARAMETRIC_REPRESENTATION_CONTEXT() REPRESENTATION_CONTEXT('2D SPACE',''
  ) );
#9251 = PCURVE('',#4486,#9252);
#9252 = DEFINITIONAL_REPRESENTATION('',(#9253),#9256);
#9253 = B_SPLINE_CURVE_WITH_KNOTS('',1,(#9254,#9255),.UNSPECIFIED.,.F.,
  .F.,(2,2),(-1.74,-1.380931620928),.PIECEWISE_BEZIER_KNOTS.);
#9254 = CARTESIAN_POINT('',(-1.785908062312,-1.845029103556));
#9255 = CARTESIAN_POINT('',(-1.557029263531,-1.568362162419));
#9256 = ( GEOMETRIC_REPRESENTATION_CONTEXT(2) 
PARAMETRIC_REPRESENTATION_CONTEXT() REPRESENTATION_CONTEXT('2D SPACE',''
  ) );
#9257 = ORIENTED_EDGE('',*,*,#9258,.F.);
#9258 = EDGE_CURVE('',#2924,#9238,#9259,.T.);
#9259 = SURFACE_CURVE('',#9260,(#9264,#9271),.PCURVE_S1.);
#9260 = LINE('',#9261,#9262);
#9261 = CARTESIAN_POINT('',(-7.485908062312,-1.845029103556,17.75));
#9262 = VECTOR('',#9263,1.);
#9263 = DIRECTION('',(0.,0.,1.));
#9264 = PCURVE('',#2964,#9265);
#9265 = DEFINITIONAL_REPRESENTATION('',(#9266),#9270);
#9266 = LINE('',#9267,#9268);
#9267 = CARTESIAN_POINT('',(0.92,0.));
#9268 = VECTOR('',#9269,1.);
#9269 = DIRECTION('',(0.,-1.));
#9270 = ( GEOMETRIC_REPRESENTATION_CONTEXT(2) 
PARAMETRIC_REPRESENTATION_CONTEXT() REPRESENTATION_CONTEXT('2D SPACE',''
  ) );
#9271 = PCURVE('',#2938,#9272);
#9272 = DEFINITIONAL_REPRESENTATION('',(#9273),#9277);
#9273 = LINE('',#9274,#9275);
#9274 = CARTESIAN_POINT('',(0.,0.));
#9275 = VECTOR('',#9276,1.);
#9276 = DIRECTION('',(0.,-1.));
#9277 = ( GEOMETRIC_REPRESENTATION_CONTEXT(2) 
PARAMETRIC_REPRESENTATION_CONTEXT() REPRESENTATION_CONTEXT('2D SPACE',''
  ) );
#9278 = ADVANCED_FACE('',(#9279),#2357,.T.);
#9279 = FACE_BOUND('',#9280,.T.);
#9280 = EDGE_LOOP('',(#9281,#9282,#9305,#9324));
#9281 = ORIENTED_EDGE('',*,*,#2342,.T.);
#9282 = ORIENTED_EDGE('',*,*,#9283,.T.);
#9283 = EDGE_CURVE('',#2343,#9284,#9286,.T.);
#9284 = VERTEX_POINT('',#9285);
#9285 = CARTESIAN_POINT('',(-4.159417819753,-2.054314130289,20.75));
#9286 = SURFACE_CURVE('',#9287,(#9291,#9298),.PCURVE_S1.);
#9287 = LINE('',#9288,#9289);
#9288 = CARTESIAN_POINT('',(-4.159417819753,-2.054314130289,17.75));
#9289 = VECTOR('',#9290,1.);
#9290 = DIRECTION('',(0.,0.,1.));
#9291 = PCURVE('',#2357,#9292);
#9292 = DEFINITIONAL_REPRESENTATION('',(#9293),#9297);
#9293 = LINE('',#9294,#9295);
#9294 = CARTESIAN_POINT('',(0.,0.));
#9295 = VECTOR('',#9296,1.);
#9296 = DIRECTION('',(0.,-1.));
#9297 = ( GEOMETRIC_REPRESENTATION_CONTEXT(2) 
PARAMETRIC_REPRESENTATION_CONTEXT() REPRESENTATION_CONTEXT('2D SPACE',''
  ) );
#9298 = PCURVE('',#2383,#9299);
#9299 = DEFINITIONAL_REPRESENTATION('',(#9300),#9304);
#9300 = LINE('',#9301,#9302);
#9301 = CARTESIAN_POINT('',(0.4,0.));
#9302 = VECTOR('',#9303,1.);
#9303 = DIRECTION('',(0.,-1.));
#9304 = ( GEOMETRIC_REPRESENTATION_CONTEXT(2) 
PARAMETRIC_REPRESENTATION_CONTEXT() REPRESENTATION_CONTEXT('2D SPACE',''
  ) );
#9305 = ORIENTED_EDGE('',*,*,#9306,.F.);
#9306 = EDGE_CURVE('',#9185,#9284,#9307,.T.);
#9307 = SURFACE_CURVE('',#9308,(#9312,#9318),.PCURVE_S1.);
#9308 = LINE('',#9309,#9310);
#9309 = CARTESIAN_POINT('',(-4.845276117326,-0.973574385647,20.75));
#9310 = VECTOR('',#9311,1.);
#9311 = DIRECTION('',(0.535826794979,-0.844327925502,0.));
#9312 = PCURVE('',#2357,#9313);
#9313 = DEFINITIONAL_REPRESENTATION('',(#9314),#9317);
#9314 = B_SPLINE_CURVE_WITH_KNOTS('',1,(#9315,#9316),.UNSPECIFIED.,.F.,
  .F.,(2,2),(0.920931620928,1.28),.PIECEWISE_BEZIER_KNOTS.);
#9315 = CARTESIAN_POINT('',(0.359068379072,-3.));
#9316 = CARTESIAN_POINT('',(0.,-3.));
#9317 = ( GEOMETRIC_REPRESENTATION_CONTEXT(2) 
PARAMETRIC_REPRESENTATION_CONTEXT() REPRESENTATION_CONTEXT('2D SPACE',''
  ) );
#9318 = PCURVE('',#4486,#9319);
#9319 = DEFINITIONAL_REPRESENTATION('',(#9320),#9323);
#9320 = B_SPLINE_CURVE_WITH_KNOTS('',1,(#9321,#9322),.UNSPECIFIED.,.F.,
  .F.,(2,2),(0.920931620928,1.28),.PIECEWISE_BEZIER_KNOTS.);
#9321 = CARTESIAN_POINT('',(1.34818372151,-1.751142670674));
#9322 = CARTESIAN_POINT('',(1.540582180247,-2.054314130289));
#9323 = ( GEOMETRIC_REPRESENTATION_CONTEXT(2) 
PARAMETRIC_REPRESENTATION_CONTEXT() REPRESENTATION_CONTEXT('2D SPACE',''
  ) );
#9324 = ORIENTED_EDGE('',*,*,#9184,.T.);
#9325 = ADVANCED_FACE('',(#9326),#2938,.T.);
#9326 = FACE_BOUND('',#9327,.T.);
#9327 = EDGE_LOOP('',(#9328,#9329,#9330,#9351));
#9328 = ORIENTED_EDGE('',*,*,#2923,.T.);
#9329 = ORIENTED_EDGE('',*,*,#9258,.T.);
#9330 = ORIENTED_EDGE('',*,*,#9331,.F.);
#9331 = EDGE_CURVE('',#9332,#9238,#9334,.T.);
#9332 = VERTEX_POINT('',#9333);
#9333 = CARTESIAN_POINT('',(-7.177702765201,-2.099998699456,20.75));
#9334 = SURFACE_CURVE('',#9335,(#9339,#9345),.PCURVE_S1.);
#9335 = LINE('',#9336,#9337);
#9336 = CARTESIAN_POINT('',(-7.408856738034,-1.908771502531,20.75));
#9337 = VECTOR('',#9338,1.);
#9338 = DIRECTION('',(-0.770513242776,0.637423989749,0.));
#9339 = PCURVE('',#2938,#9340);
#9340 = DEFINITIONAL_REPRESENTATION('',(#9341),#9344);
#9341 = B_SPLINE_CURVE_WITH_KNOTS('',1,(#9342,#9343),.UNSPECIFIED.,.F.,
  .F.,(2,2),(-0.3,0.1),.PIECEWISE_BEZIER_KNOTS.);
#9342 = CARTESIAN_POINT('',(0.4,-3.));
#9343 = CARTESIAN_POINT('',(0.,-3.));
#9344 = ( GEOMETRIC_REPRESENTATION_CONTEXT(2) 
PARAMETRIC_REPRESENTATION_CONTEXT() REPRESENTATION_CONTEXT('2D SPACE',''
  ) );
#9345 = PCURVE('',#4486,#9346);
#9346 = DEFINITIONAL_REPRESENTATION('',(#9347),#9350);
#9347 = B_SPLINE_CURVE_WITH_KNOTS('',1,(#9348,#9349),.UNSPECIFIED.,.F.,
  .F.,(2,2),(-0.3,0.1),.PIECEWISE_BEZIER_KNOTS.);
#9348 = CARTESIAN_POINT('',(-1.477702765201,-2.099998699456));
#9349 = CARTESIAN_POINT('',(-1.785908062312,-1.845029103556));
#9350 = ( GEOMETRIC_REPRESENTATION_CONTEXT(2) 
PARAMETRIC_REPRESENTATION_CONTEXT() REPRESENTATION_CONTEXT('2D SPACE',''
  ) );
#9351 = ORIENTED_EDGE('',*,*,#9352,.F.);
#9352 = EDGE_CURVE('',#2898,#9332,#9353,.T.);
#9353 = SURFACE_CURVE('',#9354,(#9358,#9365),.PCURVE_S1.);
#9354 = LINE('',#9355,#9356);
#9355 = CARTESIAN_POINT('',(-7.177702765201,-2.099998699456,17.75));
#9356 = VECTOR('',#9357,1.);
#9357 = DIRECTION('',(0.,0.,1.));
#9358 = PCURVE('',#2938,#9359);
#9359 = DEFINITIONAL_REPRESENTATION('',(#9360),#9364);
#9360 = LINE('',#9361,#9362);
#9361 = CARTESIAN_POINT('',(0.4,0.));
#9362 = VECTOR('',#9363,1.);
#9363 = DIRECTION('',(0.,-1.));
#9364 = ( GEOMETRIC_REPRESENTATION_CONTEXT(2) 
PARAMETRIC_REPRESENTATION_CONTEXT() REPRESENTATION_CONTEXT('2D SPACE',''
  ) );
#9365 = PCURVE('',#2912,#9366);
#9366 = DEFINITIONAL_REPRESENTATION('',(#9367),#9371);
#9367 = LINE('',#9368,#9369);
#9368 = CARTESIAN_POINT('',(0.,0.));
#9369 = VECTOR('',#9370,1.);
#9370 = DIRECTION('',(0.,-1.));
#9371 = ( GEOMETRIC_REPRESENTATION_CONTEXT(2) 
PARAMETRIC_REPRESENTATION_CONTEXT() REPRESENTATION_CONTEXT('2D SPACE',''
  ) );
#9372 = ADVANCED_FACE('',(#9373),#2383,.T.);
#9373 = FACE_BOUND('',#9374,.T.);
#9374 = EDGE_LOOP('',(#9375,#9376,#9399,#9418));
#9375 = ORIENTED_EDGE('',*,*,#2368,.T.);
#9376 = ORIENTED_EDGE('',*,*,#9377,.T.);
#9377 = EDGE_CURVE('',#2369,#9378,#9380,.T.);
#9378 = VERTEX_POINT('',#9379);
#9379 = CARTESIAN_POINT('',(-4.497148989954,-2.268644848281,20.75));
#9380 = SURFACE_CURVE('',#9381,(#9385,#9392),.PCURVE_S1.);
#9381 = LINE('',#9382,#9383);
#9382 = CARTESIAN_POINT('',(-4.497148989954,-2.268644848281,17.75));
#9383 = VECTOR('',#9384,1.);
#9384 = DIRECTION('',(0.,0.,1.));
#9385 = PCURVE('',#2383,#9386);
#9386 = DEFINITIONAL_REPRESENTATION('',(#9387),#9391);
#9387 = LINE('',#9388,#9389);
#9388 = CARTESIAN_POINT('',(0.,0.));
#9389 = VECTOR('',#9390,1.);
#9390 = DIRECTION('',(0.,-1.));
#9391 = ( GEOMETRIC_REPRESENTATION_CONTEXT(2) 
PARAMETRIC_REPRESENTATION_CONTEXT() REPRESENTATION_CONTEXT('2D SPACE',''
  ) );
#9392 = PCURVE('',#2409,#9393);
#9393 = DEFINITIONAL_REPRESENTATION('',(#9394),#9398);
#9394 = LINE('',#9395,#9396);
#9395 = CARTESIAN_POINT('',(0.92,0.));
#9396 = VECTOR('',#9397,1.);
#9397 = DIRECTION('',(0.,-1.));
#9398 = ( GEOMETRIC_REPRESENTATION_CONTEXT(2) 
PARAMETRIC_REPRESENTATION_CONTEXT() REPRESENTATION_CONTEXT('2D SPACE',''
  ) );
#9399 = ORIENTED_EDGE('',*,*,#9400,.F.);
#9400 = EDGE_CURVE('',#9284,#9378,#9401,.T.);
#9401 = SURFACE_CURVE('',#9402,(#9406,#9412),.PCURVE_S1.);
#9402 = LINE('',#9403,#9404);
#9403 = CARTESIAN_POINT('',(-4.412716197404,-2.215062168783,20.75));
#9404 = VECTOR('',#9405,1.);
#9405 = DIRECTION('',(-0.844327925502,-0.535826794979,0.));
#9406 = PCURVE('',#2383,#9407);
#9407 = DEFINITIONAL_REPRESENTATION('',(#9408),#9411);
#9408 = B_SPLINE_CURVE_WITH_KNOTS('',1,(#9409,#9410),.UNSPECIFIED.,.F.,
  .F.,(2,2),(-0.3,1.E-01),.PIECEWISE_BEZIER_KNOTS.);
#9409 = CARTESIAN_POINT('',(0.4,-3.));
#9410 = CARTESIAN_POINT('',(0.,-3.));
#9411 = ( GEOMETRIC_REPRESENTATION_CONTEXT(2) 
PARAMETRIC_REPRESENTATION_CONTEXT() REPRESENTATION_CONTEXT('2D SPACE',''
  ) );
#9412 = PCURVE('',#4486,#9413);
#9413 = DEFINITIONAL_REPRESENTATION('',(#9414),#9417);
#9414 = B_SPLINE_CURVE_WITH_KNOTS('',1,(#9415,#9416),.UNSPECIFIED.,.F.,
  .F.,(2,2),(-0.3,1.E-01),.PIECEWISE_BEZIER_KNOTS.);
#9415 = CARTESIAN_POINT('',(1.540582180247,-2.054314130289));
#9416 = CARTESIAN_POINT('',(1.202851010046,-2.268644848281));
#9417 = ( GEOMETRIC_REPRESENTATION_CONTEXT(2) 
PARAMETRIC_REPRESENTATION_CONTEXT() REPRESENTATION_CONTEXT('2D SPACE',''
  ) );
#9418 = ORIENTED_EDGE('',*,*,#9283,.F.);
#9419 = ADVANCED_FACE('',(#9420),#2912,.T.);
#9420 = FACE_BOUND('',#9421,.T.);
#9421 = EDGE_LOOP('',(#9422,#9423,#9424,#9445));
#9422 = ORIENTED_EDGE('',*,*,#2897,.T.);
#9423 = ORIENTED_EDGE('',*,*,#9352,.T.);
#9424 = ORIENTED_EDGE('',*,*,#9425,.F.);
#9425 = EDGE_CURVE('',#9426,#9332,#9428,.T.);
#9426 = VERTEX_POINT('',#9427);
#9427 = CARTESIAN_POINT('',(-6.948823966421,-1.823331758319,20.75));
#9428 = SURFACE_CURVE('',#9429,(#9433,#9439),.PCURVE_S1.);
#9429 = LINE('',#9430,#9431);
#9430 = CARTESIAN_POINT('',(-6.361800058323,-1.113741748703,20.75));
#9431 = VECTOR('',#9432,1.);
#9432 = DIRECTION('',(-0.637423989749,-0.770513242776,0.));
#9433 = PCURVE('',#2912,#9434);
#9434 = DEFINITIONAL_REPRESENTATION('',(#9435),#9438);
#9435 = B_SPLINE_CURVE_WITH_KNOTS('',1,(#9436,#9437),.UNSPECIFIED.,.F.,
  .F.,(2,2),(0.920931620928,1.28),.PIECEWISE_BEZIER_KNOTS.);
#9436 = CARTESIAN_POINT('',(0.359068379072,-3.));
#9437 = CARTESIAN_POINT('',(0.,-3.));
#9438 = ( GEOMETRIC_REPRESENTATION_CONTEXT(2) 
PARAMETRIC_REPRESENTATION_CONTEXT() REPRESENTATION_CONTEXT('2D SPACE',''
  ) );
#9439 = PCURVE('',#4486,#9440);
#9440 = DEFINITIONAL_REPRESENTATION('',(#9441),#9444);
#9441 = B_SPLINE_CURVE_WITH_KNOTS('',1,(#9442,#9443),.UNSPECIFIED.,.F.,
  .F.,(2,2),(0.920931620928,1.28),.PIECEWISE_BEZIER_KNOTS.);
#9442 = CARTESIAN_POINT('',(-1.248823966421,-1.823331758319));
#9443 = CARTESIAN_POINT('',(-1.477702765201,-2.099998699456));
#9444 = ( GEOMETRIC_REPRESENTATION_CONTEXT(2) 
PARAMETRIC_REPRESENTATION_CONTEXT() REPRESENTATION_CONTEXT('2D SPACE',''
  ) );
#9445 = ORIENTED_EDGE('',*,*,#9446,.T.);
#9446 = EDGE_CURVE('',#9426,#2865,#9447,.T.);
#9447 = SURFACE_CURVE('',#9448,(#9452,#9458),.PCURVE_S1.);
#9448 = LINE('',#9449,#9450);
#9449 = CARTESIAN_POINT('',(-6.948823966421,-1.823331758319,17.75));
#9450 = VECTOR('',#9451,1.);
#9451 = DIRECTION('',(-0.,-0.,-1.));
#9452 = PCURVE('',#2912,#9453);
#9453 = DEFINITIONAL_REPRESENTATION('',(#9454),#9457);
#9454 = B_SPLINE_CURVE_WITH_KNOTS('',1,(#9455,#9456),.UNSPECIFIED.,.F.,
  .F.,(2,2),(-3.5000006,5.999999999062E-07),.PIECEWISE_BEZIER_KNOTS.);
#9455 = CARTESIAN_POINT('',(0.359068379072,-3.5000006));
#9456 = CARTESIAN_POINT('',(0.359068379072,5.999999999062E-07));
#9457 = ( GEOMETRIC_REPRESENTATION_CONTEXT(2) 
PARAMETRIC_REPRESENTATION_CONTEXT() REPRESENTATION_CONTEXT('2D SPACE',''
  ) );
#9458 = PCURVE('',#2885,#9459);
#9459 = DEFINITIONAL_REPRESENTATION('',(#9460),#9463);
#9460 = B_SPLINE_CURVE_WITH_KNOTS('',1,(#9461,#9462),.UNSPECIFIED.,.F.,
  .F.,(2,2),(-3.5000006,5.999999999062E-07),.PIECEWISE_BEZIER_KNOTS.);
#9461 = CARTESIAN_POINT('',(-4.111860318639,-3.5000006));
#9462 = CARTESIAN_POINT('',(-4.111860318639,5.999999999062E-07));
#9463 = ( GEOMETRIC_REPRESENTATION_CONTEXT(2) 
PARAMETRIC_REPRESENTATION_CONTEXT() REPRESENTATION_CONTEXT('2D SPACE',''
  ) );
#9464 = ADVANCED_FACE('',(#9465),#2409,.T.);
#9465 = FACE_BOUND('',#9466,.T.);
#9466 = EDGE_LOOP('',(#9467,#9468,#9489,#9508));
#9467 = ORIENTED_EDGE('',*,*,#2394,.T.);
#9468 = ORIENTED_EDGE('',*,*,#9469,.F.);
#9469 = EDGE_CURVE('',#9470,#2395,#9472,.T.);
#9470 = VERTEX_POINT('',#9471);
#9471 = CARTESIAN_POINT('',(-4.689547448691,-1.965473388666,20.75));
#9472 = SURFACE_CURVE('',#9473,(#9477,#9483),.PCURVE_S1.);
#9473 = LINE('',#9474,#9475);
#9474 = CARTESIAN_POINT('',(-4.689547448691,-1.965473388666,17.75));
#9475 = VECTOR('',#9476,1.);
#9476 = DIRECTION('',(-0.,-0.,-1.));
#9477 = PCURVE('',#2409,#9478);
#9478 = DEFINITIONAL_REPRESENTATION('',(#9479),#9482);
#9479 = B_SPLINE_CURVE_WITH_KNOTS('',1,(#9480,#9481),.UNSPECIFIED.,.F.,
  .F.,(2,2),(-3.5000006,5.999999999062E-07),.PIECEWISE_BEZIER_KNOTS.);
#9480 = CARTESIAN_POINT('',(0.560931620928,-3.5000006));
#9481 = CARTESIAN_POINT('',(0.560931620928,5.999999999062E-07));
#9482 = ( GEOMETRIC_REPRESENTATION_CONTEXT(2) 
PARAMETRIC_REPRESENTATION_CONTEXT() REPRESENTATION_CONTEXT('2D SPACE',''
  ) );
#9483 = PCURVE('',#2441,#9484);
#9484 = DEFINITIONAL_REPRESENTATION('',(#9485),#9488);
#9485 = B_SPLINE_CURVE_WITH_KNOTS('',1,(#9486,#9487),.UNSPECIFIED.,.F.,
  .F.,(2,2),(-3.5000006,5.999999999062E-07),.PIECEWISE_BEZIER_KNOTS.);
#9486 = CARTESIAN_POINT('',(-5.187253935987,-3.5000006));
#9487 = CARTESIAN_POINT('',(-5.187253935987,5.999999999062E-07));
#9488 = ( GEOMETRIC_REPRESENTATION_CONTEXT(2) 
PARAMETRIC_REPRESENTATION_CONTEXT() REPRESENTATION_CONTEXT('2D SPACE',''
  ) );
#9489 = ORIENTED_EDGE('',*,*,#9490,.F.);
#9490 = EDGE_CURVE('',#9378,#9470,#9491,.T.);
#9491 = SURFACE_CURVE('',#9492,(#9496,#9502),.PCURVE_S1.);
#9492 = LINE('',#9493,#9494);
#9493 = CARTESIAN_POINT('',(-5.429487613218,-0.799514257907,20.75));
#9494 = VECTOR('',#9495,1.);
#9495 = DIRECTION('',(-0.535826794979,0.844327925502,0.));
#9496 = PCURVE('',#2409,#9497);
#9497 = DEFINITIONAL_REPRESENTATION('',(#9498),#9501);
#9498 = B_SPLINE_CURVE_WITH_KNOTS('',1,(#9499,#9500),.UNSPECIFIED.,.F.,
  .F.,(2,2),(-1.74,-1.380931620928),.PIECEWISE_BEZIER_KNOTS.);
#9499 = CARTESIAN_POINT('',(0.92,-3.));
#9500 = CARTESIAN_POINT('',(0.560931620928,-3.));
#9501 = ( GEOMETRIC_REPRESENTATION_CONTEXT(2) 
PARAMETRIC_REPRESENTATION_CONTEXT() REPRESENTATION_CONTEXT('2D SPACE',''
  ) );
#9502 = PCURVE('',#4486,#9503);
#9503 = DEFINITIONAL_REPRESENTATION('',(#9504),#9507);
#9504 = B_SPLINE_CURVE_WITH_KNOTS('',1,(#9505,#9506),.UNSPECIFIED.,.F.,
  .F.,(2,2),(-1.74,-1.380931620928),.PIECEWISE_BEZIER_KNOTS.);
#9505 = CARTESIAN_POINT('',(1.202851010046,-2.268644848281));
#9506 = CARTESIAN_POINT('',(1.010452551309,-1.965473388666));
#9507 = ( GEOMETRIC_REPRESENTATION_CONTEXT(2) 
PARAMETRIC_REPRESENTATION_CONTEXT() REPRESENTATION_CONTEXT('2D SPACE',''
  ) );
#9508 = ORIENTED_EDGE('',*,*,#9377,.F.);
#9509 = ADVANCED_FACE('',(#9510),#2885,.F.);
#9510 = FACE_BOUND('',#9511,.T.);
#9511 = EDGE_LOOP('',(#9512,#9513,#9514,#9542));
#9512 = ORIENTED_EDGE('',*,*,#2864,.T.);
#9513 = ORIENTED_EDGE('',*,*,#9446,.F.);
#9514 = ORIENTED_EDGE('',*,*,#9515,.F.);
#9515 = EDGE_CURVE('',#9516,#9426,#9518,.T.);
#9516 = VERTEX_POINT('',#9517);
#9517 = CARTESIAN_POINT('',(-6.818076516835,-1.90630661293,20.75));
#9518 = SURFACE_CURVE('',#9519,(#9524,#9531),.PCURVE_S1.);
#9519 = CIRCLE('',#9520,2.21);
#9520 = AXIS2_PLACEMENT_3D('',#9521,#9522,#9523);
#9521 = CARTESIAN_POINT('',(-5.7,0.,20.75));
#9522 = DIRECTION('',(0.,0.,-1.));
#9523 = DIRECTION('',(1.,0.,0.));
#9524 = PCURVE('',#2885,#9525);
#9525 = DEFINITIONAL_REPRESENTATION('',(#9526),#9530);
#9526 = LINE('',#9527,#9528);
#9527 = CARTESIAN_POINT('',(-6.28318530718,-3.));
#9528 = VECTOR('',#9529,1.);
#9529 = DIRECTION('',(1.,-0.));
#9530 = ( GEOMETRIC_REPRESENTATION_CONTEXT(2) 
PARAMETRIC_REPRESENTATION_CONTEXT() REPRESENTATION_CONTEXT('2D SPACE',''
  ) );
#9531 = PCURVE('',#4486,#9532);
#9532 = DEFINITIONAL_REPRESENTATION('',(#9533),#9541);
#9533 = ( BOUNDED_CURVE() B_SPLINE_CURVE(2,(#9534,#9535,#9536,#9537,
#9538,#9539,#9540),.UNSPECIFIED.,.T.,.F.) B_SPLINE_CURVE_WITH_KNOTS((1,2
    ,2,2,2,1),(-2.094395102393,0.,2.094395102393,4.188790204786,
6.28318530718,8.377580409573),.UNSPECIFIED.) CURVE() 
GEOMETRIC_REPRESENTATION_ITEM() RATIONAL_B_SPLINE_CURVE((1.,0.5,1.,0.5,
1.,0.5,1.)) REPRESENTATION_ITEM('') );
#9534 = CARTESIAN_POINT('',(2.21,-2.924450111184E-17));
#9535 = CARTESIAN_POINT('',(2.21,-3.827832284727));
#9536 = CARTESIAN_POINT('',(-1.105,-1.913916142364));
#9537 = CARTESIAN_POINT('',(-4.42,-5.70538386335E-16));
#9538 = CARTESIAN_POINT('',(-1.105,1.913916142364));
#9539 = CARTESIAN_POINT('',(2.21,3.827832284727));
#9540 = CARTESIAN_POINT('',(2.21,-2.924450111184E-17));
#9541 = ( GEOMETRIC_REPRESENTATION_CONTEXT(2) 
PARAMETRIC_REPRESENTATION_CONTEXT() REPRESENTATION_CONTEXT('2D SPACE',''
  ) );
#9542 = ORIENTED_EDGE('',*,*,#9543,.T.);
#9543 = EDGE_CURVE('',#9516,#2839,#9544,.T.);
#9544 = SURFACE_CURVE('',#9545,(#9549,#9555),.PCURVE_S1.);
#9545 = LINE('',#9546,#9547);
#9546 = CARTESIAN_POINT('',(-6.818076516835,-1.90630661293,17.75));
#9547 = VECTOR('',#9548,1.);
#9548 = DIRECTION('',(-0.,-0.,-1.));
#9549 = PCURVE('',#2885,#9550);
#9550 = DEFINITIONAL_REPRESENTATION('',(#9551),#9554);
#9551 = B_SPLINE_CURVE_WITH_KNOTS('',1,(#9552,#9553),.UNSPECIFIED.,.F.,
  .F.,(2,2),(-3.5000006,5.999999999062E-07),.PIECEWISE_BEZIER_KNOTS.);
#9552 = CARTESIAN_POINT('',(-4.181944286838,-3.5000006));
#9553 = CARTESIAN_POINT('',(-4.181944286838,5.999999999062E-07));
#9554 = ( GEOMETRIC_REPRESENTATION_CONTEXT(2) 
PARAMETRIC_REPRESENTATION_CONTEXT() REPRESENTATION_CONTEXT('2D SPACE',''
  ) );
#9555 = PCURVE('',#2853,#9556);
#9556 = DEFINITIONAL_REPRESENTATION('',(#9557),#9560);
#9557 = B_SPLINE_CURVE_WITH_KNOTS('',1,(#9558,#9559),.UNSPECIFIED.,.F.,
  .F.,(2,2),(-3.5000006,5.999999999062E-07),.PIECEWISE_BEZIER_KNOTS.);
#9558 = CARTESIAN_POINT('',(0.560931620928,-3.5000006));
#9559 = CARTESIAN_POINT('',(0.560931620928,5.999999999062E-07));
#9560 = ( GEOMETRIC_REPRESENTATION_CONTEXT(2) 
PARAMETRIC_REPRESENTATION_CONTEXT() REPRESENTATION_CONTEXT('2D SPACE',''
  ) );
#9561 = ADVANCED_FACE('',(#9562),#2441,.F.);
#9562 = FACE_BOUND('',#9563,.T.);
#9563 = EDGE_LOOP('',(#9564,#9565,#9586,#9612));
#9564 = ORIENTED_EDGE('',*,*,#2420,.T.);
#9565 = ORIENTED_EDGE('',*,*,#9566,.F.);
#9566 = EDGE_CURVE('',#9567,#2421,#9569,.T.);
#9567 = VERTEX_POINT('',#9568);
#9568 = CARTESIAN_POINT('',(-4.829663422417,-2.031406961128,20.75));
#9569 = SURFACE_CURVE('',#9570,(#9574,#9580),.PCURVE_S1.);
#9570 = LINE('',#9571,#9572);
#9571 = CARTESIAN_POINT('',(-4.829663422417,-2.031406961128,17.75));
#9572 = VECTOR('',#9573,1.);
#9573 = DIRECTION('',(-0.,-0.,-1.));
#9574 = PCURVE('',#2441,#9575);
#9575 = DEFINITIONAL_REPRESENTATION('',(#9576),#9579);
#9576 = B_SPLINE_CURVE_WITH_KNOTS('',1,(#9577,#9578),.UNSPECIFIED.,.F.,
  .F.,(2,2),(-3.5000006,5.999999999062E-07),.PIECEWISE_BEZIER_KNOTS.);
#9577 = CARTESIAN_POINT('',(-5.117169967788,-3.5000006));
#9578 = CARTESIAN_POINT('',(-5.117169967788,5.999999999062E-07));
#9579 = ( GEOMETRIC_REPRESENTATION_CONTEXT(2) 
PARAMETRIC_REPRESENTATION_CONTEXT() REPRESENTATION_CONTEXT('2D SPACE',''
  ) );
#9580 = PCURVE('',#2468,#9581);
#9581 = DEFINITIONAL_REPRESENTATION('',(#9582),#9585);
#9582 = B_SPLINE_CURVE_WITH_KNOTS('',1,(#9583,#9584),.UNSPECIFIED.,.F.,
  .F.,(2,2),(-3.5000006,5.999999999062E-07),.PIECEWISE_BEZIER_KNOTS.);
#9583 = CARTESIAN_POINT('',(0.359068379072,-3.5000006));
#9584 = CARTESIAN_POINT('',(0.359068379072,5.999999999062E-07));
#9585 = ( GEOMETRIC_REPRESENTATION_CONTEXT(2) 
PARAMETRIC_REPRESENTATION_CONTEXT() REPRESENTATION_CONTEXT('2D SPACE',''
  ) );
#9586 = ORIENTED_EDGE('',*,*,#9587,.F.);
#9587 = EDGE_CURVE('',#9470,#9567,#9588,.T.);
#9588 = SURFACE_CURVE('',#9589,(#9594,#9601),.PCURVE_S1.);
#9589 = CIRCLE('',#9590,2.21);
#9590 = AXIS2_PLACEMENT_3D('',#9591,#9592,#9593);
#9591 = CARTESIAN_POINT('',(-5.7,0.,20.75));
#9592 = DIRECTION('',(0.,0.,-1.));
#9593 = DIRECTION('',(1.,0.,0.));
#9594 = PCURVE('',#2441,#9595);
#9595 = DEFINITIONAL_REPRESENTATION('',(#9596),#9600);
#9596 = LINE('',#9597,#9598);
#9597 = CARTESIAN_POINT('',(-6.28318530718,-3.));
#9598 = VECTOR('',#9599,1.);
#9599 = DIRECTION('',(1.,-0.));
#9600 = ( GEOMETRIC_REPRESENTATION_CONTEXT(2) 
PARAMETRIC_REPRESENTATION_CONTEXT() REPRESENTATION_CONTEXT('2D SPACE',''
  ) );
#9601 = PCURVE('',#4486,#9602);
#9602 = DEFINITIONAL_REPRESENTATION('',(#9603),#9611);
#9603 = ( BOUNDED_CURVE() B_SPLINE_CURVE(2,(#9604,#9605,#9606,#9607,
#9608,#9609,#9610),.UNSPECIFIED.,.T.,.F.) B_SPLINE_CURVE_WITH_KNOTS((1,2
    ,2,2,2,1),(-2.094395102393,0.,2.094395102393,4.188790204786,
6.28318530718,8.377580409573),.UNSPECIFIED.) CURVE() 
GEOMETRIC_REPRESENTATION_ITEM() RATIONAL_B_SPLINE_CURVE((1.,0.5,1.,0.5,
1.,0.5,1.)) REPRESENTATION_ITEM('') );
#9604 = CARTESIAN_POINT('',(2.21,-2.924450111184E-17));
#9605 = CARTESIAN_POINT('',(2.21,-3.827832284727));
#9606 = CARTESIAN_POINT('',(-1.105,-1.913916142364));
#9607 = CARTESIAN_POINT('',(-4.42,-5.70538386335E-16));
#9608 = CARTESIAN_POINT('',(-1.105,1.913916142364));
#9609 = CARTESIAN_POINT('',(2.21,3.827832284727));
#9610 = CARTESIAN_POINT('',(2.21,-2.924450111184E-17));
#9611 = ( GEOMETRIC_REPRESENTATION_CONTEXT(2) 
PARAMETRIC_REPRESENTATION_CONTEXT() REPRESENTATION_CONTEXT('2D SPACE',''
  ) );
#9612 = ORIENTED_EDGE('',*,*,#9469,.T.);
#9613 = ADVANCED_FACE('',(#9614),#2853,.T.);
#9614 = FACE_BOUND('',#9615,.T.);
#9615 = EDGE_LOOP('',(#9616,#9617,#9618,#9639));
#9616 = ORIENTED_EDGE('',*,*,#2838,.T.);
#9617 = ORIENTED_EDGE('',*,*,#9543,.F.);
#9618 = ORIENTED_EDGE('',*,*,#9619,.F.);
#9619 = EDGE_CURVE('',#9620,#9516,#9622,.T.);
#9620 = VERTEX_POINT('',#9621);
#9621 = CARTESIAN_POINT('',(-6.9709603969,-2.231201396,20.75));
#9622 = SURFACE_CURVE('',#9623,(#9627,#9633),.PCURVE_S1.);
#9623 = LINE('',#9624,#9625);
#9624 = CARTESIAN_POINT('',(-6.230104429577,-0.656802324709,20.75));
#9625 = VECTOR('',#9626,1.);
#9626 = DIRECTION('',(0.425779291565,0.904827052466,-0.));
#9627 = PCURVE('',#2853,#9628);
#9628 = DEFINITIONAL_REPRESENTATION('',(#9629),#9632);
#9629 = B_SPLINE_CURVE_WITH_KNOTS('',1,(#9630,#9631),.UNSPECIFIED.,.F.,
  .F.,(2,2),(-1.74,-1.380931620928),.PIECEWISE_BEZIER_KNOTS.);
#9630 = CARTESIAN_POINT('',(0.92,-3.));
#9631 = CARTESIAN_POINT('',(0.560931620928,-3.));
#9632 = ( GEOMETRIC_REPRESENTATION_CONTEXT(2) 
PARAMETRIC_REPRESENTATION_CONTEXT() REPRESENTATION_CONTEXT('2D SPACE',''
  ) );
#9633 = PCURVE('',#4486,#9634);
#9634 = DEFINITIONAL_REPRESENTATION('',(#9635),#9638);
#9635 = B_SPLINE_CURVE_WITH_KNOTS('',1,(#9636,#9637),.UNSPECIFIED.,.F.,
  .F.,(2,2),(-1.74,-1.380931620928),.PIECEWISE_BEZIER_KNOTS.);
#9636 = CARTESIAN_POINT('',(-1.2709603969,-2.231201396));
#9637 = CARTESIAN_POINT('',(-1.118076516835,-1.90630661293));
#9638 = ( GEOMETRIC_REPRESENTATION_CONTEXT(2) 
PARAMETRIC_REPRESENTATION_CONTEXT() REPRESENTATION_CONTEXT('2D SPACE',''
  ) );
#9639 = ORIENTED_EDGE('',*,*,#9640,.F.);
#9640 = EDGE_CURVE('',#2813,#9620,#9641,.T.);
#9641 = SURFACE_CURVE('',#9642,(#9646,#9653),.PCURVE_S1.);
#9642 = LINE('',#9643,#9644);
#9643 = CARTESIAN_POINT('',(-6.9709603969,-2.231201396,17.75));
#9644 = VECTOR('',#9645,1.);
#9645 = DIRECTION('',(0.,0.,1.));
#9646 = PCURVE('',#2853,#9647);
#9647 = DEFINITIONAL_REPRESENTATION('',(#9648),#9652);
#9648 = LINE('',#9649,#9650);
#9649 = CARTESIAN_POINT('',(0.92,0.));
#9650 = VECTOR('',#9651,1.);
#9651 = DIRECTION('',(0.,-1.));
#9652 = ( GEOMETRIC_REPRESENTATION_CONTEXT(2) 
PARAMETRIC_REPRESENTATION_CONTEXT() REPRESENTATION_CONTEXT('2D SPACE',''
  ) );
#9653 = PCURVE('',#2827,#9654);
#9654 = DEFINITIONAL_REPRESENTATION('',(#9655),#9659);
#9655 = LINE('',#9656,#9657);
#9656 = CARTESIAN_POINT('',(0.,0.));
#9657 = VECTOR('',#9658,1.);
#9658 = DIRECTION('',(0.,-1.));
#9659 = ( GEOMETRIC_REPRESENTATION_CONTEXT(2) 
PARAMETRIC_REPRESENTATION_CONTEXT() REPRESENTATION_CONTEXT('2D SPACE',''
  ) );
#9660 = ADVANCED_FACE('',(#9661),#2468,.T.);
#9661 = FACE_BOUND('',#9662,.T.);
#9662 = EDGE_LOOP('',(#9663,#9664,#9687,#9706));
#9663 = ORIENTED_EDGE('',*,*,#2453,.T.);
#9664 = ORIENTED_EDGE('',*,*,#9665,.T.);
#9665 = EDGE_CURVE('',#2454,#9666,#9668,.T.);
#9666 = VERTEX_POINT('',#9667);
#9667 = CARTESIAN_POINT('',(-4.718705191141,-2.372901282841,20.75));
#9668 = SURFACE_CURVE('',#9669,(#9673,#9680),.PCURVE_S1.);
#9669 = LINE('',#9670,#9671);
#9670 = CARTESIAN_POINT('',(-4.718705191141,-2.372901282841,17.75));
#9671 = VECTOR('',#9672,1.);
#9672 = DIRECTION('',(0.,0.,1.));
#9673 = PCURVE('',#2468,#9674);
#9674 = DEFINITIONAL_REPRESENTATION('',(#9675),#9679);
#9675 = LINE('',#9676,#9677);
#9676 = CARTESIAN_POINT('',(0.,0.));
#9677 = VECTOR('',#9678,1.);
#9678 = DIRECTION('',(0.,-1.));
#9679 = ( GEOMETRIC_REPRESENTATION_CONTEXT(2) 
PARAMETRIC_REPRESENTATION_CONTEXT() REPRESENTATION_CONTEXT('2D SPACE',''
  ) );
#9680 = PCURVE('',#2494,#9681);
#9681 = DEFINITIONAL_REPRESENTATION('',(#9682),#9686);
#9682 = LINE('',#9683,#9684);
#9683 = CARTESIAN_POINT('',(0.4,0.));
#9684 = VECTOR('',#9685,1.);
#9685 = DIRECTION('',(0.,-1.));
#9686 = ( GEOMETRIC_REPRESENTATION_CONTEXT(2) 
PARAMETRIC_REPRESENTATION_CONTEXT() REPRESENTATION_CONTEXT('2D SPACE',''
  ) );
#9687 = ORIENTED_EDGE('',*,*,#9688,.F.);
#9688 = EDGE_CURVE('',#9567,#9666,#9689,.T.);
#9689 = SURFACE_CURVE('',#9690,(#9694,#9700),.PCURVE_S1.);
#9690 = LINE('',#9691,#9692);
#9691 = CARTESIAN_POINT('',(-5.114246943941,-1.155548941983,20.75));
#9692 = VECTOR('',#9693,1.);
#9693 = DIRECTION('',(0.309016994375,-0.951056516295,0.));
#9694 = PCURVE('',#2468,#9695);
#9695 = DEFINITIONAL_REPRESENTATION('',(#9696),#9699);
#9696 = B_SPLINE_CURVE_WITH_KNOTS('',1,(#9697,#9698),.UNSPECIFIED.,.F.,
  .F.,(2,2),(0.920931620928,1.28),.PIECEWISE_BEZIER_KNOTS.);
#9697 = CARTESIAN_POINT('',(0.359068379072,-3.));
#9698 = CARTESIAN_POINT('',(0.,-3.));
#9699 = ( GEOMETRIC_REPRESENTATION_CONTEXT(2) 
PARAMETRIC_REPRESENTATION_CONTEXT() REPRESENTATION_CONTEXT('2D SPACE',''
  ) );
#9700 = PCURVE('',#4486,#9701);
#9701 = DEFINITIONAL_REPRESENTATION('',(#9702),#9705);
#9702 = B_SPLINE_CURVE_WITH_KNOTS('',1,(#9703,#9704),.UNSPECIFIED.,.F.,
  .F.,(2,2),(0.920931620928,1.28),.PIECEWISE_BEZIER_KNOTS.);
#9703 = CARTESIAN_POINT('',(0.870336577583,-2.031406961128));
#9704 = CARTESIAN_POINT('',(0.981294808859,-2.372901282841));
#9705 = ( GEOMETRIC_REPRESENTATION_CONTEXT(2) 
PARAMETRIC_REPRESENTATION_CONTEXT() REPRESENTATION_CONTEXT('2D SPACE',''
  ) );
#9706 = ORIENTED_EDGE('',*,*,#9566,.T.);
#9707 = ADVANCED_FACE('',(#9708),#2827,.T.);
#9708 = FACE_BOUND('',#9709,.T.);
#9709 = EDGE_LOOP('',(#9710,#9711,#9712,#9733));
#9710 = ORIENTED_EDGE('',*,*,#2812,.T.);
#9711 = ORIENTED_EDGE('',*,*,#9640,.T.);
#9712 = ORIENTED_EDGE('',*,*,#9713,.F.);
#9713 = EDGE_CURVE('',#9714,#9620,#9716,.T.);
#9714 = VERTEX_POINT('',#9715);
#9715 = CARTESIAN_POINT('',(-6.609029575913,-2.401513112626,20.75));
#9716 = SURFACE_CURVE('',#9717,(#9721,#9727),.PCURVE_S1.);
#9717 = LINE('',#9718,#9719);
#9718 = CARTESIAN_POINT('',(-6.880477691653,-2.273779325157,20.75));
#9719 = VECTOR('',#9720,1.);
#9720 = DIRECTION('',(-0.904827052466,0.425779291565,0.));
#9721 = PCURVE('',#2827,#9722);
#9722 = DEFINITIONAL_REPRESENTATION('',(#9723),#9726);
#9723 = B_SPLINE_CURVE_WITH_KNOTS('',1,(#9724,#9725),.UNSPECIFIED.,.F.,
  .F.,(2,2),(-0.3,1.E-01),.PIECEWISE_BEZIER_KNOTS.);
#9724 = CARTESIAN_POINT('',(0.4,-3.));
#9725 = CARTESIAN_POINT('',(0.,-3.));
#9726 = ( GEOMETRIC_REPRESENTATION_CONTEXT(2) 
PARAMETRIC_REPRESENTATION_CONTEXT() REPRESENTATION_CONTEXT('2D SPACE',''
  ) );
#9727 = PCURVE('',#4486,#9728);
#9728 = DEFINITIONAL_REPRESENTATION('',(#9729),#9732);
#9729 = B_SPLINE_CURVE_WITH_KNOTS('',1,(#9730,#9731),.UNSPECIFIED.,.F.,
  .F.,(2,2),(-0.3,1.E-01),.PIECEWISE_BEZIER_KNOTS.);
#9730 = CARTESIAN_POINT('',(-0.909029575913,-2.401513112626));
#9731 = CARTESIAN_POINT('',(-1.2709603969,-2.231201396));
#9732 = ( GEOMETRIC_REPRESENTATION_CONTEXT(2) 
PARAMETRIC_REPRESENTATION_CONTEXT() REPRESENTATION_CONTEXT('2D SPACE',''
  ) );
#9733 = ORIENTED_EDGE('',*,*,#9734,.F.);
#9734 = EDGE_CURVE('',#2787,#9714,#9735,.T.);
#9735 = SURFACE_CURVE('',#9736,(#9740,#9747),.PCURVE_S1.);
#9736 = LINE('',#9737,#9738);
#9737 = CARTESIAN_POINT('',(-6.609029575913,-2.401513112626,17.75));
#9738 = VECTOR('',#9739,1.);
#9739 = DIRECTION('',(0.,0.,1.));
#9740 = PCURVE('',#2827,#9741);
#9741 = DEFINITIONAL_REPRESENTATION('',(#9742),#9746);
#9742 = LINE('',#9743,#9744);
#9743 = CARTESIAN_POINT('',(0.4,0.));
#9744 = VECTOR('',#9745,1.);
#9745 = DIRECTION('',(0.,-1.));
#9746 = ( GEOMETRIC_REPRESENTATION_CONTEXT(2) 
PARAMETRIC_REPRESENTATION_CONTEXT() REPRESENTATION_CONTEXT('2D SPACE',''
  ) );
#9747 = PCURVE('',#2801,#9748);
#9748 = DEFINITIONAL_REPRESENTATION('',(#9749),#9753);
#9749 = LINE('',#9750,#9751);
#9750 = CARTESIAN_POINT('',(0.,0.));
#9751 = VECTOR('',#9752,1.);
#9752 = DIRECTION('',(0.,-1.));
#9753 = ( GEOMETRIC_REPRESENTATION_CONTEXT(2) 
PARAMETRIC_REPRESENTATION_CONTEXT() REPRESENTATION_CONTEXT('2D SPACE',''
  ) );
#9754 = ADVANCED_FACE('',(#9755),#2494,.T.);
#9755 = FACE_BOUND('',#9756,.T.);
#9756 = EDGE_LOOP('',(#9757,#9758,#9781,#9800));
#9757 = ORIENTED_EDGE('',*,*,#2479,.T.);
#9758 = ORIENTED_EDGE('',*,*,#9759,.T.);
#9759 = EDGE_CURVE('',#2480,#9760,#9762,.T.);
#9760 = VERTEX_POINT('',#9761);
#9761 = CARTESIAN_POINT('',(-5.099127797659,-2.496508080591,20.75));
#9762 = SURFACE_CURVE('',#9763,(#9767,#9774),.PCURVE_S1.);
#9763 = LINE('',#9764,#9765);
#9764 = CARTESIAN_POINT('',(-5.099127797659,-2.496508080591,17.75));
#9765 = VECTOR('',#9766,1.);
#9766 = DIRECTION('',(0.,0.,1.));
#9767 = PCURVE('',#2494,#9768);
#9768 = DEFINITIONAL_REPRESENTATION('',(#9769),#9773);
#9769 = LINE('',#9770,#9771);
#9770 = CARTESIAN_POINT('',(0.,0.));
#9771 = VECTOR('',#9772,1.);
#9772 = DIRECTION('',(0.,-1.));
#9773 = ( GEOMETRIC_REPRESENTATION_CONTEXT(2) 
PARAMETRIC_REPRESENTATION_CONTEXT() REPRESENTATION_CONTEXT('2D SPACE',''
  ) );
#9774 = PCURVE('',#2520,#9775);
#9775 = DEFINITIONAL_REPRESENTATION('',(#9776),#9780);
#9776 = LINE('',#9777,#9778);
#9777 = CARTESIAN_POINT('',(0.92,0.));
#9778 = VECTOR('',#9779,1.);
#9779 = DIRECTION('',(0.,-1.));
#9780 = ( GEOMETRIC_REPRESENTATION_CONTEXT(2) 
PARAMETRIC_REPRESENTATION_CONTEXT() REPRESENTATION_CONTEXT('2D SPACE',''
  ) );
#9781 = ORIENTED_EDGE('',*,*,#9782,.F.);
#9782 = EDGE_CURVE('',#9666,#9760,#9783,.T.);
#9783 = SURFACE_CURVE('',#9784,(#9788,#9794),.PCURVE_S1.);
#9784 = LINE('',#9785,#9786);
#9785 = CARTESIAN_POINT('',(-5.00402214603,-2.465606381153,20.75));
#9786 = VECTOR('',#9787,1.);
#9787 = DIRECTION('',(-0.951056516295,-0.309016994375,0.));
#9788 = PCURVE('',#2494,#9789);
#9789 = DEFINITIONAL_REPRESENTATION('',(#9790),#9793);
#9790 = B_SPLINE_CURVE_WITH_KNOTS('',1,(#9791,#9792),.UNSPECIFIED.,.F.,
  .F.,(2,2),(-0.3,1.E-01),.PIECEWISE_BEZIER_KNOTS.);
#9791 = CARTESIAN_POINT('',(0.4,-3.));
#9792 = CARTESIAN_POINT('',(0.,-3.));
#9793 = ( GEOMETRIC_REPRESENTATION_CONTEXT(2) 
PARAMETRIC_REPRESENTATION_CONTEXT() REPRESENTATION_CONTEXT('2D SPACE',''
  ) );
#9794 = PCURVE('',#4486,#9795);
#9795 = DEFINITIONAL_REPRESENTATION('',(#9796),#9799);
#9796 = B_SPLINE_CURVE_WITH_KNOTS('',1,(#9797,#9798),.UNSPECIFIED.,.F.,
  .F.,(2,2),(-0.3,1.E-01),.PIECEWISE_BEZIER_KNOTS.);
#9797 = CARTESIAN_POINT('',(0.981294808859,-2.372901282841));
#9798 = CARTESIAN_POINT('',(0.600872202341,-2.496508080591));
#9799 = ( GEOMETRIC_REPRESENTATION_CONTEXT(2) 
PARAMETRIC_REPRESENTATION_CONTEXT() REPRESENTATION_CONTEXT('2D SPACE',''
  ) );
#9800 = ORIENTED_EDGE('',*,*,#9665,.F.);
#9801 = ADVANCED_FACE('',(#9802),#2801,.T.);
#9802 = FACE_BOUND('',#9803,.T.);
#9803 = EDGE_LOOP('',(#9804,#9805,#9806,#9827));
#9804 = ORIENTED_EDGE('',*,*,#2786,.T.);
#9805 = ORIENTED_EDGE('',*,*,#9734,.T.);
#9806 = ORIENTED_EDGE('',*,*,#9807,.F.);
#9807 = EDGE_CURVE('',#9808,#9714,#9810,.T.);
#9808 = VERTEX_POINT('',#9809);
#9809 = CARTESIAN_POINT('',(-6.456145695849,-2.076618329556,20.75));
#9810 = SURFACE_CURVE('',#9811,(#9815,#9821),.PCURVE_S1.);
#9811 = LINE('',#9812,#9813);
#9812 = CARTESIAN_POINT('',(-6.06403208271,-1.24333448547,20.75));
#9813 = VECTOR('',#9814,1.);
#9814 = DIRECTION('',(-0.425779291565,-0.904827052466,0.));
#9815 = PCURVE('',#2801,#9816);
#9816 = DEFINITIONAL_REPRESENTATION('',(#9817),#9820);
#9817 = B_SPLINE_CURVE_WITH_KNOTS('',1,(#9818,#9819),.UNSPECIFIED.,.F.,
  .F.,(2,2),(0.920931620928,1.28),.PIECEWISE_BEZIER_KNOTS.);
#9818 = CARTESIAN_POINT('',(0.359068379072,-3.));
#9819 = CARTESIAN_POINT('',(0.,-3.));
#9820 = ( GEOMETRIC_REPRESENTATION_CONTEXT(2) 
PARAMETRIC_REPRESENTATION_CONTEXT() REPRESENTATION_CONTEXT('2D SPACE',''
  ) );
#9821 = PCURVE('',#4486,#9822);
#9822 = DEFINITIONAL_REPRESENTATION('',(#9823),#9826);
#9823 = B_SPLINE_CURVE_WITH_KNOTS('',1,(#9824,#9825),.UNSPECIFIED.,.F.,
  .F.,(2,2),(0.920931620928,1.28),.PIECEWISE_BEZIER_KNOTS.);
#9824 = CARTESIAN_POINT('',(-0.756145695849,-2.076618329556));
#9825 = CARTESIAN_POINT('',(-0.909029575913,-2.401513112626));
#9826 = ( GEOMETRIC_REPRESENTATION_CONTEXT(2) 
PARAMETRIC_REPRESENTATION_CONTEXT() REPRESENTATION_CONTEXT('2D SPACE',''
  ) );
#9827 = ORIENTED_EDGE('',*,*,#9828,.T.);
#9828 = EDGE_CURVE('',#9808,#2754,#9829,.T.);
#9829 = SURFACE_CURVE('',#9830,(#9834,#9840),.PCURVE_S1.);
#9830 = LINE('',#9831,#9832);
#9831 = CARTESIAN_POINT('',(-6.456145695849,-2.076618329556,17.75));
#9832 = VECTOR('',#9833,1.);
#9833 = DIRECTION('',(-0.,-0.,-1.));
#9834 = PCURVE('',#2801,#9835);
#9835 = DEFINITIONAL_REPRESENTATION('',(#9836),#9839);
#9836 = B_SPLINE_CURVE_WITH_KNOTS('',1,(#9837,#9838),.UNSPECIFIED.,.F.,
  .F.,(2,2),(-3.5000006,5.999999999062E-07),.PIECEWISE_BEZIER_KNOTS.);
#9837 = CARTESIAN_POINT('',(0.359068379072,-3.5000006));
#9838 = CARTESIAN_POINT('',(0.359068379072,5.999999999062E-07));
#9839 = ( GEOMETRIC_REPRESENTATION_CONTEXT(2) 
PARAMETRIC_REPRESENTATION_CONTEXT() REPRESENTATION_CONTEXT('2D SPACE',''
  ) );
#9840 = PCURVE('',#2774,#9841);
#9841 = DEFINITIONAL_REPRESENTATION('',(#9842),#9845);
#9842 = B_SPLINE_CURVE_WITH_KNOTS('',1,(#9843,#9844),.UNSPECIFIED.,.F.,
  .F.,(2,2),(-3.5000006,5.999999999062E-07),.PIECEWISE_BEZIER_KNOTS.);
#9843 = CARTESIAN_POINT('',(-4.363187730926,-3.5000006));
#9844 = CARTESIAN_POINT('',(-4.363187730926,5.999999999062E-07));
#9845 = ( GEOMETRIC_REPRESENTATION_CONTEXT(2) 
PARAMETRIC_REPRESENTATION_CONTEXT() REPRESENTATION_CONTEXT('2D SPACE',''
  ) );
#9846 = ADVANCED_FACE('',(#9847),#2520,.T.);
#9847 = FACE_BOUND('',#9848,.T.);
#9848 = EDGE_LOOP('',(#9849,#9850,#9871,#9890));
#9849 = ORIENTED_EDGE('',*,*,#2505,.T.);
#9850 = ORIENTED_EDGE('',*,*,#9851,.F.);
#9851 = EDGE_CURVE('',#9852,#2506,#9854,.T.);
#9852 = VERTEX_POINT('',#9853);
#9853 = CARTESIAN_POINT('',(-5.210086028935,-2.155013758878,20.75));
#9854 = SURFACE_CURVE('',#9855,(#9859,#9865),.PCURVE_S1.);
#9855 = LINE('',#9856,#9857);
#9856 = CARTESIAN_POINT('',(-5.210086028935,-2.155013758878,17.75));
#9857 = VECTOR('',#9858,1.);
#9858 = DIRECTION('',(-0.,-0.,-1.));
#9859 = PCURVE('',#2520,#9860);
#9860 = DEFINITIONAL_REPRESENTATION('',(#9861),#9864);
#9861 = B_SPLINE_CURVE_WITH_KNOTS('',1,(#9862,#9863),.UNSPECIFIED.,.F.,
  .F.,(2,2),(-3.5000006,5.999999999062E-07),.PIECEWISE_BEZIER_KNOTS.);
#9862 = CARTESIAN_POINT('',(0.560931620928,-3.5000006));
#9863 = CARTESIAN_POINT('',(0.560931620928,5.999999999062E-07));
#9864 = ( GEOMETRIC_REPRESENTATION_CONTEXT(2) 
PARAMETRIC_REPRESENTATION_CONTEXT() REPRESENTATION_CONTEXT('2D SPACE',''
  ) );
#9865 = PCURVE('',#2552,#9866);
#9866 = DEFINITIONAL_REPRESENTATION('',(#9867),#9870);
#9867 = B_SPLINE_CURVE_WITH_KNOTS('',1,(#9868,#9869),.UNSPECIFIED.,.F.,
  .F.,(2,2),(-3.5000006,5.999999999062E-07),.PIECEWISE_BEZIER_KNOTS.);
#9868 = CARTESIAN_POINT('',(-4.935926523699,-3.5000006));
#9869 = CARTESIAN_POINT('',(-4.935926523699,5.999999999062E-07));
#9870 = ( GEOMETRIC_REPRESENTATION_CONTEXT(2) 
PARAMETRIC_REPRESENTATION_CONTEXT() REPRESENTATION_CONTEXT('2D SPACE',''
  ) );
#9871 = ORIENTED_EDGE('',*,*,#9872,.F.);
#9872 = EDGE_CURVE('',#9760,#9852,#9873,.T.);
#9873 = SURFACE_CURVE('',#9874,(#9878,#9884),.PCURVE_S1.);
#9874 = LINE('',#9875,#9876);
#9875 = CARTESIAN_POINT('',(-5.636817367872,-0.841669742237,20.75));
#9876 = VECTOR('',#9877,1.);
#9877 = DIRECTION('',(-0.309016994375,0.951056516295,0.));
#9878 = PCURVE('',#2520,#9879);
#9879 = DEFINITIONAL_REPRESENTATION('',(#9880),#9883);
#9880 = B_SPLINE_CURVE_WITH_KNOTS('',1,(#9881,#9882),.UNSPECIFIED.,.F.,
  .F.,(2,2),(-1.74,-1.380931620928),.PIECEWISE_BEZIER_KNOTS.);
#9881 = CARTESIAN_POINT('',(0.92,-3.));
#9882 = CARTESIAN_POINT('',(0.560931620928,-3.));
#9883 = ( GEOMETRIC_REPRESENTATION_CONTEXT(2) 
PARAMETRIC_REPRESENTATION_CONTEXT() REPRESENTATION_CONTEXT('2D SPACE',''
  ) );
#9884 = PCURVE('',#4486,#9885);
#9885 = DEFINITIONAL_REPRESENTATION('',(#9886),#9889);
#9886 = B_SPLINE_CURVE_WITH_KNOTS('',1,(#9887,#9888),.UNSPECIFIED.,.F.,
  .F.,(2,2),(-1.74,-1.380931620928),.PIECEWISE_BEZIER_KNOTS.);
#9887 = CARTESIAN_POINT('',(0.600872202341,-2.496508080591));
#9888 = CARTESIAN_POINT('',(0.489913971065,-2.155013758878));
#9889 = ( GEOMETRIC_REPRESENTATION_CONTEXT(2) 
PARAMETRIC_REPRESENTATION_CONTEXT() REPRESENTATION_CONTEXT('2D SPACE',''
  ) );
#9890 = ORIENTED_EDGE('',*,*,#9759,.F.);
#9891 = ADVANCED_FACE('',(#9892),#2774,.F.);
#9892 = FACE_BOUND('',#9893,.T.);
#9893 = EDGE_LOOP('',(#9894,#9895,#9896,#9924));
#9894 = ORIENTED_EDGE('',*,*,#2753,.T.);
#9895 = ORIENTED_EDGE('',*,*,#9828,.F.);
#9896 = ORIENTED_EDGE('',*,*,#9897,.F.);
#9897 = EDGE_CURVE('',#9898,#9808,#9900,.T.);
#9898 = VERTEX_POINT('',#9899);
#9899 = CARTESIAN_POINT('',(-6.308870910588,-2.124470808046,20.75));
#9900 = SURFACE_CURVE('',#9901,(#9906,#9913),.PCURVE_S1.);
#9901 = CIRCLE('',#9902,2.21);
#9902 = AXIS2_PLACEMENT_3D('',#9903,#9904,#9905);
#9903 = CARTESIAN_POINT('',(-5.7,0.,20.75));
#9904 = DIRECTION('',(0.,0.,-1.));
#9905 = DIRECTION('',(1.,0.,0.));
#9906 = PCURVE('',#2774,#9907);
#9907 = DEFINITIONAL_REPRESENTATION('',(#9908),#9912);
#9908 = LINE('',#9909,#9910);
#9909 = CARTESIAN_POINT('',(-6.28318530718,-3.));
#9910 = VECTOR('',#9911,1.);
#9911 = DIRECTION('',(1.,-0.));
#9912 = ( GEOMETRIC_REPRESENTATION_CONTEXT(2) 
PARAMETRIC_REPRESENTATION_CONTEXT() REPRESENTATION_CONTEXT('2D SPACE',''
  ) );
#9913 = PCURVE('',#4486,#9914);
#9914 = DEFINITIONAL_REPRESENTATION('',(#9915),#9923);
#9915 = ( BOUNDED_CURVE() B_SPLINE_CURVE(2,(#9916,#9917,#9918,#9919,
#9920,#9921,#9922),.UNSPECIFIED.,.T.,.F.) B_SPLINE_CURVE_WITH_KNOTS((1,2
    ,2,2,2,1),(-2.094395102393,0.,2.094395102393,4.188790204786,
6.28318530718,8.377580409573),.UNSPECIFIED.) CURVE() 
GEOMETRIC_REPRESENTATION_ITEM() RATIONAL_B_SPLINE_CURVE((1.,0.5,1.,0.5,
1.,0.5,1.)) REPRESENTATION_ITEM('') );
#9916 = CARTESIAN_POINT('',(2.21,-2.924450111184E-17));
#9917 = CARTESIAN_POINT('',(2.21,-3.827832284727));
#9918 = CARTESIAN_POINT('',(-1.105,-1.913916142364));
#9919 = CARTESIAN_POINT('',(-4.42,-5.70538386335E-16));
#9920 = CARTESIAN_POINT('',(-1.105,1.913916142364));
#9921 = CARTESIAN_POINT('',(2.21,3.827832284727));
#9922 = CARTESIAN_POINT('',(2.21,-2.924450111184E-17));
#9923 = ( GEOMETRIC_REPRESENTATION_CONTEXT(2) 
PARAMETRIC_REPRESENTATION_CONTEXT() REPRESENTATION_CONTEXT('2D SPACE',''
  ) );
#9924 = ORIENTED_EDGE('',*,*,#9925,.T.);
#9925 = EDGE_CURVE('',#9898,#2728,#9926,.T.);
#9926 = SURFACE_CURVE('',#9927,(#9931,#9937),.PCURVE_S1.);
#9927 = LINE('',#9928,#9929);
#9928 = CARTESIAN_POINT('',(-6.308870910588,-2.124470808046,17.75));
#9929 = VECTOR('',#9930,1.);
#9930 = DIRECTION('',(-0.,-0.,-1.));
#9931 = PCURVE('',#2774,#9932);
#9932 = DEFINITIONAL_REPRESENTATION('',(#9933),#9936);
#9933 = B_SPLINE_CURVE_WITH_KNOTS('',1,(#9934,#9935),.UNSPECIFIED.,.F.,
  .F.,(2,2),(-3.5000006,5.999999999062E-07),.PIECEWISE_BEZIER_KNOTS.);
#9934 = CARTESIAN_POINT('',(-4.433271699125,-3.5000006));
#9935 = CARTESIAN_POINT('',(-4.433271699125,5.999999999062E-07));
#9936 = ( GEOMETRIC_REPRESENTATION_CONTEXT(2) 
PARAMETRIC_REPRESENTATION_CONTEXT() REPRESENTATION_CONTEXT('2D SPACE',''
  ) );
#9937 = PCURVE('',#2742,#9938);
#9938 = DEFINITIONAL_REPRESENTATION('',(#9939),#9942);
#9939 = B_SPLINE_CURVE_WITH_KNOTS('',1,(#9940,#9941),.UNSPECIFIED.,.F.,
  .F.,(2,2),(-3.5000006,5.999999999062E-07),.PIECEWISE_BEZIER_KNOTS.);
#9940 = CARTESIAN_POINT('',(0.560931620928,-3.5000006));
#9941 = CARTESIAN_POINT('',(0.560931620928,5.999999999062E-07));
#9942 = ( GEOMETRIC_REPRESENTATION_CONTEXT(2) 
PARAMETRIC_REPRESENTATION_CONTEXT() REPRESENTATION_CONTEXT('2D SPACE',''
  ) );
#9943 = ADVANCED_FACE('',(#9944),#2552,.F.);
#9944 = FACE_BOUND('',#9945,.T.);
#9945 = EDGE_LOOP('',(#9946,#9947,#9968,#9994));
#9946 = ORIENTED_EDGE('',*,*,#2531,.T.);
#9947 = ORIENTED_EDGE('',*,*,#9948,.F.);
#9948 = EDGE_CURVE('',#9949,#2532,#9951,.T.);
#9949 = VERTEX_POINT('',#9950);
#9950 = CARTESIAN_POINT('',(-5.362197014388,-2.184030481223,20.75));
#9951 = SURFACE_CURVE('',#9952,(#9956,#9962),.PCURVE_S1.);
#9952 = LINE('',#9953,#9954);
#9953 = CARTESIAN_POINT('',(-5.362197014388,-2.184030481223,17.75));
#9954 = VECTOR('',#9955,1.);
#9955 = DIRECTION('',(-0.,-0.,-1.));
#9956 = PCURVE('',#2552,#9957);
#9957 = DEFINITIONAL_REPRESENTATION('',(#9958),#9961);
#9958 = B_SPLINE_CURVE_WITH_KNOTS('',1,(#9959,#9960),.UNSPECIFIED.,.F.,
  .F.,(2,2),(-3.5000006,5.999999999062E-07),.PIECEWISE_BEZIER_KNOTS.);
#9959 = CARTESIAN_POINT('',(-4.865842555501,-3.5000006));
#9960 = CARTESIAN_POINT('',(-4.865842555501,5.999999999062E-07));
#9961 = ( GEOMETRIC_REPRESENTATION_CONTEXT(2) 
PARAMETRIC_REPRESENTATION_CONTEXT() REPRESENTATION_CONTEXT('2D SPACE',''
  ) );
#9962 = PCURVE('',#2579,#9963);
#9963 = DEFINITIONAL_REPRESENTATION('',(#9964),#9967);
#9964 = B_SPLINE_CURVE_WITH_KNOTS('',1,(#9965,#9966),.UNSPECIFIED.,.F.,
  .F.,(2,2),(-3.5000006,5.999999999062E-07),.PIECEWISE_BEZIER_KNOTS.);
#9965 = CARTESIAN_POINT('',(0.359068379072,-3.5000006));
#9966 = CARTESIAN_POINT('',(0.359068379072,5.999999999062E-07));
#9967 = ( GEOMETRIC_REPRESENTATION_CONTEXT(2) 
PARAMETRIC_REPRESENTATION_CONTEXT() REPRESENTATION_CONTEXT('2D SPACE',''
  ) );
#9968 = ORIENTED_EDGE('',*,*,#9969,.F.);
#9969 = EDGE_CURVE('',#9852,#9949,#9970,.T.);
#9970 = SURFACE_CURVE('',#9971,(#9976,#9983),.PCURVE_S1.);
#9971 = CIRCLE('',#9972,2.21);
#9972 = AXIS2_PLACEMENT_3D('',#9973,#9974,#9975);
#9973 = CARTESIAN_POINT('',(-5.7,0.,20.75));
#9974 = DIRECTION('',(0.,0.,-1.));
#9975 = DIRECTION('',(1.,0.,0.));
#9976 = PCURVE('',#2552,#9977);
#9977 = DEFINITIONAL_REPRESENTATION('',(#9978),#9982);
#9978 = LINE('',#9979,#9980);
#9979 = CARTESIAN_POINT('',(-6.28318530718,-3.));
#9980 = VECTOR('',#9981,1.);
#9981 = DIRECTION('',(1.,-0.));
#9982 = ( GEOMETRIC_REPRESENTATION_CONTEXT(2) 
PARAMETRIC_REPRESENTATION_CONTEXT() REPRESENTATION_CONTEXT('2D SPACE',''
  ) );
#9983 = PCURVE('',#4486,#9984);
#9984 = DEFINITIONAL_REPRESENTATION('',(#9985),#9993);
#9985 = ( BOUNDED_CURVE() B_SPLINE_CURVE(2,(#9986,#9987,#9988,#9989,
#9990,#9991,#9992),.UNSPECIFIED.,.T.,.F.) B_SPLINE_CURVE_WITH_KNOTS((1,2
    ,2,2,2,1),(-2.094395102393,0.,2.094395102393,4.188790204786,
6.28318530718,8.377580409573),.UNSPECIFIED.) CURVE() 
GEOMETRIC_REPRESENTATION_ITEM() RATIONAL_B_SPLINE_CURVE((1.,0.5,1.,0.5,
1.,0.5,1.)) REPRESENTATION_ITEM('') );
#9986 = CARTESIAN_POINT('',(2.21,-2.924450111184E-17));
#9987 = CARTESIAN_POINT('',(2.21,-3.827832284727));
#9988 = CARTESIAN_POINT('',(-1.105,-1.913916142364));
#9989 = CARTESIAN_POINT('',(-4.42,-5.70538386335E-16));
#9990 = CARTESIAN_POINT('',(-1.105,1.913916142364));
#9991 = CARTESIAN_POINT('',(2.21,3.827832284727));
#9992 = CARTESIAN_POINT('',(2.21,-2.924450111184E-17));
#9993 = ( GEOMETRIC_REPRESENTATION_CONTEXT(2) 
PARAMETRIC_REPRESENTATION_CONTEXT() REPRESENTATION_CONTEXT('2D SPACE',''
  ) );
#9994 = ORIENTED_EDGE('',*,*,#9851,.T.);
#9995 = ADVANCED_FACE('',(#9996),#2742,.T.);
#9996 = FACE_BOUND('',#9997,.T.);
#9997 = EDGE_LOOP('',(#9998,#9999,#10000,#10021));
#9998 = ORIENTED_EDGE('',*,*,#2727,.T.);
#9999 = ORIENTED_EDGE('',*,*,#9925,.F.);
#10000 = ORIENTED_EDGE('',*,*,#10001,.F.);
#10001 = EDGE_CURVE('',#10002,#9898,#10004,.T.);
#10002 = VERTEX_POINT('',#10003);
#10003 = CARTESIAN_POINT('',(-6.376153615485,-2.477179098948,20.75));
#10004 = SURFACE_CURVE('',#10005,(#10009,#10015),.PCURVE_S1.);
#10005 = LINE('',#10006,#10007);
#10006 = CARTESIAN_POINT('',(-6.050110128106,-0.76799928268,20.75));
#10007 = VECTOR('',#10008,1.);
#10008 = DIRECTION('',(0.187381314586,0.982287250729,-0.));
#10009 = PCURVE('',#2742,#10010);
#10010 = DEFINITIONAL_REPRESENTATION('',(#10011),#10014);
#10011 = B_SPLINE_CURVE_WITH_KNOTS('',1,(#10012,#10013),.UNSPECIFIED.,
  .F.,.F.,(2,2),(-1.74,-1.380931620928),.PIECEWISE_BEZIER_KNOTS.);
#10012 = CARTESIAN_POINT('',(0.92,-3.));
#10013 = CARTESIAN_POINT('',(0.560931620928,-3.));
#10014 = ( GEOMETRIC_REPRESENTATION_CONTEXT(2) 
PARAMETRIC_REPRESENTATION_CONTEXT() REPRESENTATION_CONTEXT('2D SPACE',''
  ) );
#10015 = PCURVE('',#4486,#10016);
#10016 = DEFINITIONAL_REPRESENTATION('',(#10017),#10020);
#10017 = B_SPLINE_CURVE_WITH_KNOTS('',1,(#10018,#10019),.UNSPECIFIED.,
  .F.,.F.,(2,2),(-1.74,-1.380931620928),.PIECEWISE_BEZIER_KNOTS.);
#10018 = CARTESIAN_POINT('',(-0.676153615485,-2.477179098948));
#10019 = CARTESIAN_POINT('',(-0.608870910588,-2.124470808046));
#10020 = ( GEOMETRIC_REPRESENTATION_CONTEXT(2) 
PARAMETRIC_REPRESENTATION_CONTEXT() REPRESENTATION_CONTEXT('2D SPACE',''
  ) );
#10021 = ORIENTED_EDGE('',*,*,#10022,.F.);
#10022 = EDGE_CURVE('',#2702,#10002,#10023,.T.);
#10023 = SURFACE_CURVE('',#10024,(#10028,#10035),.PCURVE_S1.);
#10024 = LINE('',#10025,#10026);
#10025 = CARTESIAN_POINT('',(-6.376153615485,-2.477179098948,17.75));
#10026 = VECTOR('',#10027,1.);
#10027 = DIRECTION('',(0.,0.,1.));
#10028 = PCURVE('',#2742,#10029);
#10029 = DEFINITIONAL_REPRESENTATION('',(#10030),#10034);
#10030 = LINE('',#10031,#10032);
#10031 = CARTESIAN_POINT('',(0.92,0.));
#10032 = VECTOR('',#10033,1.);
#10033 = DIRECTION('',(0.,-1.));
#10034 = ( GEOMETRIC_REPRESENTATION_CONTEXT(2) 
PARAMETRIC_REPRESENTATION_CONTEXT() REPRESENTATION_CONTEXT('2D SPACE',''
  ) );
#10035 = PCURVE('',#2716,#10036);
#10036 = DEFINITIONAL_REPRESENTATION('',(#10037),#10041);
#10037 = LINE('',#10038,#10039);
#10038 = CARTESIAN_POINT('',(0.,0.));
#10039 = VECTOR('',#10040,1.);
#10040 = DIRECTION('',(0.,-1.));
#10041 = ( GEOMETRIC_REPRESENTATION_CONTEXT(2) 
PARAMETRIC_REPRESENTATION_CONTEXT() REPRESENTATION_CONTEXT('2D SPACE',''
  ) );
#10042 = ADVANCED_FACE('',(#10043),#2579,.T.);
#10043 = FACE_BOUND('',#10044,.T.);
#10044 = EDGE_LOOP('',(#10045,#10046,#10069,#10088));
#10045 = ORIENTED_EDGE('',*,*,#2564,.T.);
#10046 = ORIENTED_EDGE('',*,*,#10047,.T.);
#10047 = EDGE_CURVE('',#2565,#10048,#10050,.T.);
#10048 = VERTEX_POINT('',#10049);
#10049 = CARTESIAN_POINT('',(-5.339650924319,-2.542390320871,20.75));
#10050 = SURFACE_CURVE('',#10051,(#10055,#10062),.PCURVE_S1.);
#10051 = LINE('',#10052,#10053);
#10052 = CARTESIAN_POINT('',(-5.339650924319,-2.542390320871,17.75));
#10053 = VECTOR('',#10054,1.);
#10054 = DIRECTION('',(0.,0.,1.));
#10055 = PCURVE('',#2579,#10056);
#10056 = DEFINITIONAL_REPRESENTATION('',(#10057),#10061);
#10057 = LINE('',#10058,#10059);
#10058 = CARTESIAN_POINT('',(0.,0.));
#10059 = VECTOR('',#10060,1.);
#10060 = DIRECTION('',(0.,-1.));
#10061 = ( GEOMETRIC_REPRESENTATION_CONTEXT(2) 
PARAMETRIC_REPRESENTATION_CONTEXT() REPRESENTATION_CONTEXT('2D SPACE',''
  ) );
#10062 = PCURVE('',#2605,#10063);
#10063 = DEFINITIONAL_REPRESENTATION('',(#10064),#10068);
#10064 = LINE('',#10065,#10066);
#10065 = CARTESIAN_POINT('',(0.4,0.));
#10066 = VECTOR('',#10067,1.);
#10067 = DIRECTION('',(0.,-1.));
#10068 = ( GEOMETRIC_REPRESENTATION_CONTEXT(2) 
PARAMETRIC_REPRESENTATION_CONTEXT() REPRESENTATION_CONTEXT('2D SPACE',''
  ) );
#10069 = ORIENTED_EDGE('',*,*,#10070,.F.);
#10070 = EDGE_CURVE('',#9949,#10048,#10071,.T.);
#10071 = SURFACE_CURVE('',#10072,(#10076,#10082),.PCURVE_S1.);
#10072 = LINE('',#10073,#10074);
#10073 = CARTESIAN_POINT('',(-5.420022789317,-1.264916108482,20.75));
#10074 = VECTOR('',#10075,1.);
#10075 = DIRECTION('',(6.279051952931E-02,-0.998026728428,0.));
#10076 = PCURVE('',#2579,#10077);
#10077 = DEFINITIONAL_REPRESENTATION('',(#10078),#10081);
#10078 = B_SPLINE_CURVE_WITH_KNOTS('',1,(#10079,#10080),.UNSPECIFIED.,
  .F.,.F.,(2,2),(0.920931620928,1.28),.PIECEWISE_BEZIER_KNOTS.);
#10079 = CARTESIAN_POINT('',(0.359068379072,-3.));
#10080 = CARTESIAN_POINT('',(0.,-3.));
#10081 = ( GEOMETRIC_REPRESENTATION_CONTEXT(2) 
PARAMETRIC_REPRESENTATION_CONTEXT() REPRESENTATION_CONTEXT('2D SPACE',''
  ) );
#10082 = PCURVE('',#4486,#10083);
#10083 = DEFINITIONAL_REPRESENTATION('',(#10084),#10087);
#10084 = B_SPLINE_CURVE_WITH_KNOTS('',1,(#10085,#10086),.UNSPECIFIED.,
  .F.,.F.,(2,2),(0.920931620928,1.28),.PIECEWISE_BEZIER_KNOTS.);
#10085 = CARTESIAN_POINT('',(0.337802985612,-2.184030481223));
#10086 = CARTESIAN_POINT('',(0.360349075681,-2.542390320871));
#10087 = ( GEOMETRIC_REPRESENTATION_CONTEXT(2) 
PARAMETRIC_REPRESENTATION_CONTEXT() REPRESENTATION_CONTEXT('2D SPACE',''
  ) );
#10088 = ORIENTED_EDGE('',*,*,#9948,.T.);
#10089 = ADVANCED_FACE('',(#10090),#2716,.T.);
#10090 = FACE_BOUND('',#10091,.T.);
#10091 = EDGE_LOOP('',(#10092,#10093,#10094,#10115));
#10092 = ORIENTED_EDGE('',*,*,#2701,.T.);
#10093 = ORIENTED_EDGE('',*,*,#10022,.T.);
#10094 = ORIENTED_EDGE('',*,*,#10095,.F.);
#10095 = EDGE_CURVE('',#10096,#10002,#10098,.T.);
#10096 = VERTEX_POINT('',#10097);
#10097 = CARTESIAN_POINT('',(-5.983238715194,-2.552131624783,20.75));
#10098 = SURFACE_CURVE('',#10099,(#10103,#10109),.PCURVE_S1.);
#10099 = LINE('',#10100,#10101);
#10100 = CARTESIAN_POINT('',(-6.277924890412,-2.495917230407,20.75));
#10101 = VECTOR('',#10102,1.);
#10102 = DIRECTION('',(-0.982287250729,0.187381314586,0.));
#10103 = PCURVE('',#2716,#10104);
#10104 = DEFINITIONAL_REPRESENTATION('',(#10105),#10108);
#10105 = B_SPLINE_CURVE_WITH_KNOTS('',1,(#10106,#10107),.UNSPECIFIED.,
  .F.,.F.,(2,2),(-0.3,0.1),.PIECEWISE_BEZIER_KNOTS.);
#10106 = CARTESIAN_POINT('',(0.4,-3.));
#10107 = CARTESIAN_POINT('',(0.,-3.));
#10108 = ( GEOMETRIC_REPRESENTATION_CONTEXT(2) 
PARAMETRIC_REPRESENTATION_CONTEXT() REPRESENTATION_CONTEXT('2D SPACE',''
  ) );
#10109 = PCURVE('',#4486,#10110);
#10110 = DEFINITIONAL_REPRESENTATION('',(#10111),#10114);
#10111 = B_SPLINE_CURVE_WITH_KNOTS('',1,(#10112,#10113),.UNSPECIFIED.,
  .F.,.F.,(2,2),(-0.3,0.1),.PIECEWISE_BEZIER_KNOTS.);
#10112 = CARTESIAN_POINT('',(-0.283238715194,-2.552131624783));
#10113 = CARTESIAN_POINT('',(-0.676153615485,-2.477179098948));
#10114 = ( GEOMETRIC_REPRESENTATION_CONTEXT(2) 
PARAMETRIC_REPRESENTATION_CONTEXT() REPRESENTATION_CONTEXT('2D SPACE',''
  ) );
#10115 = ORIENTED_EDGE('',*,*,#10116,.F.);
#10116 = EDGE_CURVE('',#2676,#10096,#10117,.T.);
#10117 = SURFACE_CURVE('',#10118,(#10122,#10129),.PCURVE_S1.);
#10118 = LINE('',#10119,#10120);
#10119 = CARTESIAN_POINT('',(-5.983238715194,-2.552131624783,17.75));
#10120 = VECTOR('',#10121,1.);
#10121 = DIRECTION('',(0.,0.,1.));
#10122 = PCURVE('',#2716,#10123);
#10123 = DEFINITIONAL_REPRESENTATION('',(#10124),#10128);
#10124 = LINE('',#10125,#10126);
#10125 = CARTESIAN_POINT('',(0.4,0.));
#10126 = VECTOR('',#10127,1.);
#10127 = DIRECTION('',(0.,-1.));
#10128 = ( GEOMETRIC_REPRESENTATION_CONTEXT(2) 
PARAMETRIC_REPRESENTATION_CONTEXT() REPRESENTATION_CONTEXT('2D SPACE',''
  ) );
#10129 = PCURVE('',#2690,#10130);
#10130 = DEFINITIONAL_REPRESENTATION('',(#10131),#10135);
#10131 = LINE('',#10132,#10133);
#10132 = CARTESIAN_POINT('',(0.,0.));
#10133 = VECTOR('',#10134,1.);
#10134 = DIRECTION('',(0.,-1.));
#10135 = ( GEOMETRIC_REPRESENTATION_CONTEXT(2) 
PARAMETRIC_REPRESENTATION_CONTEXT() REPRESENTATION_CONTEXT('2D SPACE',''
  ) );
#10136 = ADVANCED_FACE('',(#10137),#2605,.T.);
#10137 = FACE_BOUND('',#10138,.T.);
#10138 = EDGE_LOOP('',(#10139,#10140,#10163,#10182));
#10139 = ORIENTED_EDGE('',*,*,#2590,.T.);
#10140 = ORIENTED_EDGE('',*,*,#10141,.T.);
#10141 = EDGE_CURVE('',#2591,#10142,#10144,.T.);
#10142 = VERTEX_POINT('',#10143);
#10143 = CARTESIAN_POINT('',(-5.738861615691,-2.567506528682,20.75));
#10144 = SURFACE_CURVE('',#10145,(#10149,#10156),.PCURVE_S1.);
#10145 = LINE('',#10146,#10147);
#10146 = CARTESIAN_POINT('',(-5.738861615691,-2.567506528682,17.75));
#10147 = VECTOR('',#10148,1.);
#10148 = DIRECTION('',(0.,0.,1.));
#10149 = PCURVE('',#2605,#10150);
#10150 = DEFINITIONAL_REPRESENTATION('',(#10151),#10155);
#10151 = LINE('',#10152,#10153);
#10152 = CARTESIAN_POINT('',(0.,0.));
#10153 = VECTOR('',#10154,1.);
#10154 = DIRECTION('',(0.,-1.));
#10155 = ( GEOMETRIC_REPRESENTATION_CONTEXT(2) 
PARAMETRIC_REPRESENTATION_CONTEXT() REPRESENTATION_CONTEXT('2D SPACE',''
  ) );
#10156 = PCURVE('',#2631,#10157);
#10157 = DEFINITIONAL_REPRESENTATION('',(#10158),#10162);
#10158 = LINE('',#10159,#10160);
#10159 = CARTESIAN_POINT('',(0.92,0.));
#10160 = VECTOR('',#10161,1.);
#10161 = DIRECTION('',(0.,-1.));
#10162 = ( GEOMETRIC_REPRESENTATION_CONTEXT(2) 
PARAMETRIC_REPRESENTATION_CONTEXT() REPRESENTATION_CONTEXT('2D SPACE',''
  ) );
#10163 = ORIENTED_EDGE('',*,*,#10164,.F.);
#10164 = EDGE_CURVE('',#10048,#10142,#10165,.T.);
#10165 = SURFACE_CURVE('',#10166,(#10170,#10176),.PCURVE_S1.);
#10166 = LINE('',#10167,#10168);
#10167 = CARTESIAN_POINT('',(-5.639058942848,-2.561227476729,20.75));
#10168 = VECTOR('',#10169,1.);
#10169 = DIRECTION('',(-0.998026728428,-6.279051952931E-02,0.));
#10170 = PCURVE('',#2605,#10171);
#10171 = DEFINITIONAL_REPRESENTATION('',(#10172),#10175);
#10172 = B_SPLINE_CURVE_WITH_KNOTS('',1,(#10173,#10174),.UNSPECIFIED.,
  .F.,.F.,(2,2),(-0.3,0.1),.PIECEWISE_BEZIER_KNOTS.);
#10173 = CARTESIAN_POINT('',(0.4,-3.));
#10174 = CARTESIAN_POINT('',(0.,-3.));
#10175 = ( GEOMETRIC_REPRESENTATION_CONTEXT(2) 
PARAMETRIC_REPRESENTATION_CONTEXT() REPRESENTATION_CONTEXT('2D SPACE',''
  ) );
#10176 = PCURVE('',#4486,#10177);
#10177 = DEFINITIONAL_REPRESENTATION('',(#10178),#10181);
#10178 = B_SPLINE_CURVE_WITH_KNOTS('',1,(#10179,#10180),.UNSPECIFIED.,
  .F.,.F.,(2,2),(-0.3,0.1),.PIECEWISE_BEZIER_KNOTS.);
#10179 = CARTESIAN_POINT('',(0.360349075681,-2.542390320871));
#10180 = CARTESIAN_POINT('',(-3.886161569061E-02,-2.567506528682));
#10181 = ( GEOMETRIC_REPRESENTATION_CONTEXT(2) 
PARAMETRIC_REPRESENTATION_CONTEXT() REPRESENTATION_CONTEXT('2D SPACE',''
  ) );
#10182 = ORIENTED_EDGE('',*,*,#10047,.F.);
#10183 = ADVANCED_FACE('',(#10184),#2690,.T.);
#10184 = FACE_BOUND('',#10185,.T.);
#10185 = EDGE_LOOP('',(#10186,#10187,#10188,#10209));
#10186 = ORIENTED_EDGE('',*,*,#2675,.T.);
#10187 = ORIENTED_EDGE('',*,*,#10116,.T.);
#10188 = ORIENTED_EDGE('',*,*,#10189,.F.);
#10189 = EDGE_CURVE('',#10190,#10096,#10192,.T.);
#10190 = VERTEX_POINT('',#10191);
#10191 = CARTESIAN_POINT('',(-5.915956010297,-2.19942333388,20.75));
#10192 = SURFACE_CURVE('',#10193,(#10197,#10203),.PCURVE_S1.);
#10193 = LINE('',#10194,#10195);
#10194 = CARTESIAN_POINT('',(-5.743390632524,-1.29480394385,20.75));
#10195 = VECTOR('',#10196,1.);
#10196 = DIRECTION('',(-0.187381314586,-0.982287250729,0.));
#10197 = PCURVE('',#2690,#10198);
#10198 = DEFINITIONAL_REPRESENTATION('',(#10199),#10202);
#10199 = B_SPLINE_CURVE_WITH_KNOTS('',1,(#10200,#10201),.UNSPECIFIED.,
  .F.,.F.,(2,2),(0.920931620928,1.28),.PIECEWISE_BEZIER_KNOTS.);
#10200 = CARTESIAN_POINT('',(0.359068379072,-3.));
#10201 = CARTESIAN_POINT('',(0.,-3.));
#10202 = ( GEOMETRIC_REPRESENTATION_CONTEXT(2) 
PARAMETRIC_REPRESENTATION_CONTEXT() REPRESENTATION_CONTEXT('2D SPACE',''
  ) );
#10203 = PCURVE('',#4486,#10204);
#10204 = DEFINITIONAL_REPRESENTATION('',(#10205),#10208);
#10205 = B_SPLINE_CURVE_WITH_KNOTS('',1,(#10206,#10207),.UNSPECIFIED.,
  .F.,.F.,(2,2),(0.920931620928,1.28),.PIECEWISE_BEZIER_KNOTS.);
#10206 = CARTESIAN_POINT('',(-0.215956010297,-2.19942333388));
#10207 = CARTESIAN_POINT('',(-0.283238715194,-2.552131624783));
#10208 = ( GEOMETRIC_REPRESENTATION_CONTEXT(2) 
PARAMETRIC_REPRESENTATION_CONTEXT() REPRESENTATION_CONTEXT('2D SPACE',''
  ) );
#10209 = ORIENTED_EDGE('',*,*,#10210,.T.);
#10210 = EDGE_CURVE('',#10190,#2643,#10211,.T.);
#10211 = SURFACE_CURVE('',#10212,(#10216,#10222),.PCURVE_S1.);
#10212 = LINE('',#10213,#10214);
#10213 = CARTESIAN_POINT('',(-5.915956010297,-2.19942333388,17.75));
#10214 = VECTOR('',#10215,1.);
#10215 = DIRECTION('',(-0.,-0.,-1.));
#10216 = PCURVE('',#2690,#10217);
#10217 = DEFINITIONAL_REPRESENTATION('',(#10218),#10221);
#10218 = B_SPLINE_CURVE_WITH_KNOTS('',1,(#10219,#10220),.UNSPECIFIED.,
  .F.,.F.,(2,2),(-3.5000006,5.999999999062E-07),
  .PIECEWISE_BEZIER_KNOTS.);
#10219 = CARTESIAN_POINT('',(0.359068379072,-3.5000006));
#10220 = CARTESIAN_POINT('',(0.359068379072,5.999999999062E-07));
#10221 = ( GEOMETRIC_REPRESENTATION_CONTEXT(2) 
PARAMETRIC_REPRESENTATION_CONTEXT() REPRESENTATION_CONTEXT('2D SPACE',''
  ) );
#10222 = PCURVE('',#2663,#10223);
#10223 = DEFINITIONAL_REPRESENTATION('',(#10224),#10227);
#10224 = B_SPLINE_CURVE_WITH_KNOTS('',1,(#10225,#10226),.UNSPECIFIED.,
  .F.,.F.,(2,2),(-3.5000006,5.999999999062E-07),
  .PIECEWISE_BEZIER_KNOTS.);
#10225 = CARTESIAN_POINT('',(-4.614515143214,-3.5000006));
#10226 = CARTESIAN_POINT('',(-4.614515143214,5.999999999062E-07));
#10227 = ( GEOMETRIC_REPRESENTATION_CONTEXT(2) 
PARAMETRIC_REPRESENTATION_CONTEXT() REPRESENTATION_CONTEXT('2D SPACE',''
  ) );
#10228 = ADVANCED_FACE('',(#10229),#2631,.T.);
#10229 = FACE_BOUND('',#10230,.T.);
#10230 = EDGE_LOOP('',(#10231,#10232,#10253,#10272));
#10231 = ORIENTED_EDGE('',*,*,#2616,.T.);
#10232 = ORIENTED_EDGE('',*,*,#10233,.F.);
#10233 = EDGE_CURVE('',#10234,#2617,#10236,.T.);
#10234 = VERTEX_POINT('',#10235);
#10235 = CARTESIAN_POINT('',(-5.761407705759,-2.209146689035,20.75));
#10236 = SURFACE_CURVE('',#10237,(#10241,#10247),.PCURVE_S1.);
#10237 = LINE('',#10238,#10239);
#10238 = CARTESIAN_POINT('',(-5.761407705759,-2.209146689035,17.75));
#10239 = VECTOR('',#10240,1.);
#10240 = DIRECTION('',(-0.,-0.,-1.));
#10241 = PCURVE('',#2631,#10242);
#10242 = DEFINITIONAL_REPRESENTATION('',(#10243),#10246);
#10243 = B_SPLINE_CURVE_WITH_KNOTS('',1,(#10244,#10245),.UNSPECIFIED.,
  .F.,.F.,(2,2),(-3.5000006,5.999999999062E-07),
  .PIECEWISE_BEZIER_KNOTS.);
#10244 = CARTESIAN_POINT('',(0.560931620928,-3.5000006));
#10245 = CARTESIAN_POINT('',(0.560931620928,5.999999999062E-07));
#10246 = ( GEOMETRIC_REPRESENTATION_CONTEXT(2) 
PARAMETRIC_REPRESENTATION_CONTEXT() REPRESENTATION_CONTEXT('2D SPACE',''
  ) );
#10247 = PCURVE('',#2663,#10248);
#10248 = DEFINITIONAL_REPRESENTATION('',(#10249),#10252);
#10249 = B_SPLINE_CURVE_WITH_KNOTS('',1,(#10250,#10251),.UNSPECIFIED.,
  .F.,.F.,(2,2),(-3.5000006,5.999999999062E-07),
  .PIECEWISE_BEZIER_KNOTS.);
#10250 = CARTESIAN_POINT('',(-4.684599111412,-3.5000006));
#10251 = CARTESIAN_POINT('',(-4.684599111412,5.999999999062E-07));
#10252 = ( GEOMETRIC_REPRESENTATION_CONTEXT(2) 
PARAMETRIC_REPRESENTATION_CONTEXT() REPRESENTATION_CONTEXT('2D SPACE',''
  ) );
#10253 = ORIENTED_EDGE('',*,*,#10254,.F.);
#10254 = EDGE_CURVE('',#10142,#10234,#10255,.T.);
#10255 = SURFACE_CURVE('',#10256,(#10260,#10266),.PCURVE_S1.);
#10256 = LINE('',#10257,#10258);
#10257 = CARTESIAN_POINT('',(-5.848117119672,-0.830940021217,20.75));
#10258 = VECTOR('',#10259,1.);
#10259 = DIRECTION('',(-6.279051952931E-02,0.998026728428,0.));
#10260 = PCURVE('',#2631,#10261);
#10261 = DEFINITIONAL_REPRESENTATION('',(#10262),#10265);
#10262 = B_SPLINE_CURVE_WITH_KNOTS('',1,(#10263,#10264),.UNSPECIFIED.,
  .F.,.F.,(2,2),(-1.74,-1.380931620928),.PIECEWISE_BEZIER_KNOTS.);
#10263 = CARTESIAN_POINT('',(0.92,-3.));
#10264 = CARTESIAN_POINT('',(0.560931620928,-3.));
#10265 = ( GEOMETRIC_REPRESENTATION_CONTEXT(2) 
PARAMETRIC_REPRESENTATION_CONTEXT() REPRESENTATION_CONTEXT('2D SPACE',''
  ) );
#10266 = PCURVE('',#4486,#10267);
#10267 = DEFINITIONAL_REPRESENTATION('',(#10268),#10271);
#10268 = B_SPLINE_CURVE_WITH_KNOTS('',1,(#10269,#10270),.UNSPECIFIED.,
  .F.,.F.,(2,2),(-1.74,-1.380931620928),.PIECEWISE_BEZIER_KNOTS.);
#10269 = CARTESIAN_POINT('',(-3.886161569061E-02,-2.567506528682));
#10270 = CARTESIAN_POINT('',(-6.14077057591E-02,-2.209146689035));
#10271 = ( GEOMETRIC_REPRESENTATION_CONTEXT(2) 
PARAMETRIC_REPRESENTATION_CONTEXT() REPRESENTATION_CONTEXT('2D SPACE',''
  ) );
#10272 = ORIENTED_EDGE('',*,*,#10141,.F.);
#10273 = ADVANCED_FACE('',(#10274),#2663,.F.);
#10274 = FACE_BOUND('',#10275,.T.);
#10275 = EDGE_LOOP('',(#10276,#10277,#10278,#10304));
#10276 = ORIENTED_EDGE('',*,*,#2642,.T.);
#10277 = ORIENTED_EDGE('',*,*,#10210,.F.);
#10278 = ORIENTED_EDGE('',*,*,#10279,.F.);
#10279 = EDGE_CURVE('',#10234,#10190,#10280,.T.);
#10280 = SURFACE_CURVE('',#10281,(#10286,#10293),.PCURVE_S1.);
#10281 = CIRCLE('',#10282,2.21);
#10282 = AXIS2_PLACEMENT_3D('',#10283,#10284,#10285);
#10283 = CARTESIAN_POINT('',(-5.7,0.,20.75));
#10284 = DIRECTION('',(0.,0.,-1.));
#10285 = DIRECTION('',(1.,0.,0.));
#10286 = PCURVE('',#2663,#10287);
#10287 = DEFINITIONAL_REPRESENTATION('',(#10288),#10292);
#10288 = LINE('',#10289,#10290);
#10289 = CARTESIAN_POINT('',(-6.28318530718,-3.));
#10290 = VECTOR('',#10291,1.);
#10291 = DIRECTION('',(1.,-0.));
#10292 = ( GEOMETRIC_REPRESENTATION_CONTEXT(2) 
PARAMETRIC_REPRESENTATION_CONTEXT() REPRESENTATION_CONTEXT('2D SPACE',''
  ) );
#10293 = PCURVE('',#4486,#10294);
#10294 = DEFINITIONAL_REPRESENTATION('',(#10295),#10303);
#10295 = ( BOUNDED_CURVE() B_SPLINE_CURVE(2,(#10296,#10297,#10298,#10299
    ,#10300,#10301,#10302),.UNSPECIFIED.,.T.,.F.) 
B_SPLINE_CURVE_WITH_KNOTS((1,2,2,2,2,1),(-2.094395102393,0.,
    2.094395102393,4.188790204786,6.28318530718,8.377580409573),
.UNSPECIFIED.) CURVE() GEOMETRIC_REPRESENTATION_ITEM() 
RATIONAL_B_SPLINE_CURVE((1.,0.5,1.,0.5,1.,0.5,1.)) REPRESENTATION_ITEM(
  '') );
#10296 = CARTESIAN_POINT('',(2.21,-2.924450111184E-17));
#10297 = CARTESIAN_POINT('',(2.21,-3.827832284727));
#10298 = CARTESIAN_POINT('',(-1.105,-1.913916142364));
#10299 = CARTESIAN_POINT('',(-4.42,-5.70538386335E-16));
#10300 = CARTESIAN_POINT('',(-1.105,1.913916142364));
#10301 = CARTESIAN_POINT('',(2.21,3.827832284727));
#10302 = CARTESIAN_POINT('',(2.21,-2.924450111184E-17));
#10303 = ( GEOMETRIC_REPRESENTATION_CONTEXT(2) 
PARAMETRIC_REPRESENTATION_CONTEXT() REPRESENTATION_CONTEXT('2D SPACE',''
  ) );
#10304 = ORIENTED_EDGE('',*,*,#10233,.T.);
#10305 = ADVANCED_FACE('',(#10306),#4054,.F.);
#10306 = FACE_BOUND('',#10307,.T.);
#10307 = EDGE_LOOP('',(#10308,#10309,#10332,#10358));
#10308 = ORIENTED_EDGE('',*,*,#4033,.T.);
#10309 = ORIENTED_EDGE('',*,*,#10310,.T.);
#10310 = EDGE_CURVE('',#4034,#10311,#10313,.T.);
#10311 = VERTEX_POINT('',#10312);
#10312 = CARTESIAN_POINT('',(5.1,0.,20.05));
#10313 = SEAM_CURVE('',#10314,(#10318,#10325),.PCURVE_S1.);
#10314 = LINE('',#10315,#10316);
#10315 = CARTESIAN_POINT('',(5.1,0.,17.75));
#10316 = VECTOR('',#10317,1.);
#10317 = DIRECTION('',(0.,0.,1.));
#10318 = PCURVE('',#4054,#10319);
#10319 = DEFINITIONAL_REPRESENTATION('',(#10320),#10324);
#10320 = LINE('',#10321,#10322);
#10321 = CARTESIAN_POINT('',(-6.28318530718,0.));
#10322 = VECTOR('',#10323,1.);
#10323 = DIRECTION('',(-0.,-1.));
#10324 = ( GEOMETRIC_REPRESENTATION_CONTEXT(2) 
PARAMETRIC_REPRESENTATION_CONTEXT() REPRESENTATION_CONTEXT('2D SPACE',''
  ) );
#10325 = PCURVE('',#4054,#10326);
#10326 = DEFINITIONAL_REPRESENTATION('',(#10327),#10331);
#10327 = LINE('',#10328,#10329);
#10328 = CARTESIAN_POINT('',(-0.,0.));
#10329 = VECTOR('',#10330,1.);
#10330 = DIRECTION('',(-0.,-1.));
#10331 = ( GEOMETRIC_REPRESENTATION_CONTEXT(2) 
PARAMETRIC_REPRESENTATION_CONTEXT() REPRESENTATION_CONTEXT('2D SPACE',''
  ) );
#10332 = ORIENTED_EDGE('',*,*,#10333,.F.);
#10333 = EDGE_CURVE('',#10311,#10311,#10334,.T.);
#10334 = SURFACE_CURVE('',#10335,(#10340,#10347),.PCURVE_S1.);
#10335 = CIRCLE('',#10336,0.8);
#10336 = AXIS2_PLACEMENT_3D('',#10337,#10338,#10339);
#10337 = CARTESIAN_POINT('',(4.3,0.,20.05));
#10338 = DIRECTION('',(0.,0.,-1.));
#10339 = DIRECTION('',(1.,0.,0.));
#10340 = PCURVE('',#4054,#10341);
#10341 = DEFINITIONAL_REPRESENTATION('',(#10342),#10346);
#10342 = LINE('',#10343,#10344);
#10343 = CARTESIAN_POINT('',(-6.28318530718,-2.3));
#10344 = VECTOR('',#10345,1.);
#10345 = DIRECTION('',(1.,-0.));
#10346 = ( GEOMETRIC_REPRESENTATION_CONTEXT(2) 
PARAMETRIC_REPRESENTATION_CONTEXT() REPRESENTATION_CONTEXT('2D SPACE',''
  ) );
#10347 = PCURVE('',#4432,#10348);
#10348 = DEFINITIONAL_REPRESENTATION('',(#10349),#10357);
#10349 = ( BOUNDED_CURVE() B_SPLINE_CURVE(2,(#10350,#10351,#10352,#10353
    ,#10354,#10355,#10356),.UNSPECIFIED.,.T.,.F.) 
B_SPLINE_CURVE_WITH_KNOTS((1,2,2,2,2,1),(-2.094395102393,0.,
    2.094395102393,4.188790204786,6.28318530718,8.377580409573),
.UNSPECIFIED.) CURVE() GEOMETRIC_REPRESENTATION_ITEM() 
RATIONAL_B_SPLINE_CURVE((1.,0.5,1.,0.5,1.,0.5,1.)) REPRESENTATION_ITEM(
  '') );
#10350 = CARTESIAN_POINT('',(14.55,3.75));
#10351 = CARTESIAN_POINT('',(14.55,2.364359353945));
#10352 = CARTESIAN_POINT('',(13.35,3.057179676972));
#10353 = CARTESIAN_POINT('',(12.15,3.75));
#10354 = CARTESIAN_POINT('',(13.35,4.442820323028));
#10355 = CARTESIAN_POINT('',(14.55,5.135640646055));
#10356 = CARTESIAN_POINT('',(14.55,3.75));
#10357 = ( GEOMETRIC_REPRESENTATION_CONTEXT(2) 
PARAMETRIC_REPRESENTATION_CONTEXT() REPRESENTATION_CONTEXT('2D SPACE',''
  ) );
#10358 = ORIENTED_EDGE('',*,*,#10310,.F.);
#10359 = ADVANCED_FACE('',(#10360),#4089,.F.);
#10360 = FACE_BOUND('',#10361,.T.);
#10361 = EDGE_LOOP('',(#10362,#10363,#10386,#10412));
#10362 = ORIENTED_EDGE('',*,*,#4068,.T.);
#10363 = ORIENTED_EDGE('',*,*,#10364,.T.);
#10364 = EDGE_CURVE('',#4069,#10365,#10367,.T.);
#10365 = VERTEX_POINT('',#10366);
#10366 = CARTESIAN_POINT('',(8.6,0.,20.05));
#10367 = SEAM_CURVE('',#10368,(#10372,#10379),.PCURVE_S1.);
#10368 = LINE('',#10369,#10370);
#10369 = CARTESIAN_POINT('',(8.6,0.,17.75));
#10370 = VECTOR('',#10371,1.);
#10371 = DIRECTION('',(0.,0.,1.));
#10372 = PCURVE('',#4089,#10373);
#10373 = DEFINITIONAL_REPRESENTATION('',(#10374),#10378);
#10374 = LINE('',#10375,#10376);
#10375 = CARTESIAN_POINT('',(-6.28318530718,0.));
#10376 = VECTOR('',#10377,1.);
#10377 = DIRECTION('',(-0.,-1.));
#10378 = ( GEOMETRIC_REPRESENTATION_CONTEXT(2) 
PARAMETRIC_REPRESENTATION_CONTEXT() REPRESENTATION_CONTEXT('2D SPACE',''
  ) );
#10379 = PCURVE('',#4089,#10380);
#10380 = DEFINITIONAL_REPRESENTATION('',(#10381),#10385);
#10381 = LINE('',#10382,#10383);
#10382 = CARTESIAN_POINT('',(-0.,0.));
#10383 = VECTOR('',#10384,1.);
#10384 = DIRECTION('',(-0.,-1.));
#10385 = ( GEOMETRIC_REPRESENTATION_CONTEXT(2) 
PARAMETRIC_REPRESENTATION_CONTEXT() REPRESENTATION_CONTEXT('2D SPACE',''
  ) );
#10386 = ORIENTED_EDGE('',*,*,#10387,.F.);
#10387 = EDGE_CURVE('',#10365,#10365,#10388,.T.);
#10388 = SURFACE_CURVE('',#10389,(#10394,#10401),.PCURVE_S1.);
#10389 = CIRCLE('',#10390,0.8);
#10390 = AXIS2_PLACEMENT_3D('',#10391,#10392,#10393);
#10391 = CARTESIAN_POINT('',(7.8,0.,20.05));
#10392 = DIRECTION('',(0.,0.,-1.));
#10393 = DIRECTION('',(1.,0.,0.));
#10394 = PCURVE('',#4089,#10395);
#10395 = DEFINITIONAL_REPRESENTATION('',(#10396),#10400);
#10396 = LINE('',#10397,#10398);
#10397 = CARTESIAN_POINT('',(-6.28318530718,-2.3));
#10398 = VECTOR('',#10399,1.);
#10399 = DIRECTION('',(1.,-0.));
#10400 = ( GEOMETRIC_REPRESENTATION_CONTEXT(2) 
PARAMETRIC_REPRESENTATION_CONTEXT() REPRESENTATION_CONTEXT('2D SPACE',''
  ) );
#10401 = PCURVE('',#4432,#10402);
#10402 = DEFINITIONAL_REPRESENTATION('',(#10403),#10411);
#10403 = ( BOUNDED_CURVE() B_SPLINE_CURVE(2,(#10404,#10405,#10406,#10407
    ,#10408,#10409,#10410),.UNSPECIFIED.,.T.,.F.) 
B_SPLINE_CURVE_WITH_KNOTS((1,2,2,2,2,1),(-2.094395102393,0.,
    2.094395102393,4.188790204786,6.28318530718,8.377580409573),
.UNSPECIFIED.) CURVE() GEOMETRIC_REPRESENTATION_ITEM() 
RATIONAL_B_SPLINE_CURVE((1.,0.5,1.,0.5,1.,0.5,1.)) REPRESENTATION_ITEM(
  '') );
#10404 = CARTESIAN_POINT('',(18.05,3.75));
#10405 = CARTESIAN_POINT('',(18.05,2.364359353945));
#10406 = CARTESIAN_POINT('',(16.85,3.057179676972));
#10407 = CARTESIAN_POINT('',(15.65,3.75));
#10408 = CARTESIAN_POINT('',(16.85,4.442820323028));
#10409 = CARTESIAN_POINT('',(18.05,5.135640646055));
#10410 = CARTESIAN_POINT('',(18.05,3.75));
#10411 = ( GEOMETRIC_REPRESENTATION_CONTEXT(2) 
PARAMETRIC_REPRESENTATION_CONTEXT() REPRESENTATION_CONTEXT('2D SPACE',''
  ) );
#10412 = ORIENTED_EDGE('',*,*,#10364,.F.);
#10413 = ADVANCED_FACE('',(#10414),#4124,.F.);
#10414 = FACE_BOUND('',#10415,.T.);
#10415 = EDGE_LOOP('',(#10416,#10417,#10440,#10466));
#10416 = ORIENTED_EDGE('',*,*,#4103,.T.);
#10417 = ORIENTED_EDGE('',*,*,#10418,.T.);
#10418 = EDGE_CURVE('',#4104,#10419,#10421,.T.);
#10419 = VERTEX_POINT('',#10420);
#10420 = CARTESIAN_POINT('',(12.1,0.,20.05));
#10421 = SEAM_CURVE('',#10422,(#10426,#10433),.PCURVE_S1.);
#10422 = LINE('',#10423,#10424);
#10423 = CARTESIAN_POINT('',(12.1,0.,17.75));
#10424 = VECTOR('',#10425,1.);
#10425 = DIRECTION('',(0.,0.,1.));
#10426 = PCURVE('',#4124,#10427);
#10427 = DEFINITIONAL_REPRESENTATION('',(#10428),#10432);
#10428 = LINE('',#10429,#10430);
#10429 = CARTESIAN_POINT('',(-6.28318530718,0.));
#10430 = VECTOR('',#10431,1.);
#10431 = DIRECTION('',(-0.,-1.));
#10432 = ( GEOMETRIC_REPRESENTATION_CONTEXT(2) 
PARAMETRIC_REPRESENTATION_CONTEXT() REPRESENTATION_CONTEXT('2D SPACE',''
  ) );
#10433 = PCURVE('',#4124,#10434);
#10434 = DEFINITIONAL_REPRESENTATION('',(#10435),#10439);
#10435 = LINE('',#10436,#10437);
#10436 = CARTESIAN_POINT('',(-0.,0.));
#10437 = VECTOR('',#10438,1.);
#10438 = DIRECTION('',(-0.,-1.));
#10439 = ( GEOMETRIC_REPRESENTATION_CONTEXT(2) 
PARAMETRIC_REPRESENTATION_CONTEXT() REPRESENTATION_CONTEXT('2D SPACE',''
  ) );
#10440 = ORIENTED_EDGE('',*,*,#10441,.F.);
#10441 = EDGE_CURVE('',#10419,#10419,#10442,.T.);
#10442 = SURFACE_CURVE('',#10443,(#10448,#10455),.PCURVE_S1.);
#10443 = CIRCLE('',#10444,0.8);
#10444 = AXIS2_PLACEMENT_3D('',#10445,#10446,#10447);
#10445 = CARTESIAN_POINT('',(11.3,0.,20.05));
#10446 = DIRECTION('',(0.,0.,-1.));
#10447 = DIRECTION('',(1.,0.,0.));
#10448 = PCURVE('',#4124,#10449);
#10449 = DEFINITIONAL_REPRESENTATION('',(#10450),#10454);
#10450 = LINE('',#10451,#10452);
#10451 = CARTESIAN_POINT('',(-6.28318530718,-2.3));
#10452 = VECTOR('',#10453,1.);
#10453 = DIRECTION('',(1.,-0.));
#10454 = ( GEOMETRIC_REPRESENTATION_CONTEXT(2) 
PARAMETRIC_REPRESENTATION_CONTEXT() REPRESENTATION_CONTEXT('2D SPACE',''
  ) );
#10455 = PCURVE('',#4432,#10456);
#10456 = DEFINITIONAL_REPRESENTATION('',(#10457),#10465);
#10457 = ( BOUNDED_CURVE() B_SPLINE_CURVE(2,(#10458,#10459,#10460,#10461
    ,#10462,#10463,#10464),.UNSPECIFIED.,.T.,.F.) 
B_SPLINE_CURVE_WITH_KNOTS((1,2,2,2,2,1),(-2.094395102393,0.,
    2.094395102393,4.188790204786,6.28318530718,8.377580409573),
.UNSPECIFIED.) CURVE() GEOMETRIC_REPRESENTATION_ITEM() 
RATIONAL_B_SPLINE_CURVE((1.,0.5,1.,0.5,1.,0.5,1.)) REPRESENTATION_ITEM(
  '') );
#10458 = CARTESIAN_POINT('',(21.55,3.75));
#10459 = CARTESIAN_POINT('',(21.55,2.364359353945));
#10460 = CARTESIAN_POINT('',(20.35,3.057179676972));
#10461 = CARTESIAN_POINT('',(19.15,3.75));
#10462 = CARTESIAN_POINT('',(20.35,4.442820323028));
#10463 = CARTESIAN_POINT('',(21.55,5.135640646055));
#10464 = CARTESIAN_POINT('',(21.55,3.75));
#10465 = ( GEOMETRIC_REPRESENTATION_CONTEXT(2) 
PARAMETRIC_REPRESENTATION_CONTEXT() REPRESENTATION_CONTEXT('2D SPACE',''
  ) );
#10466 = ORIENTED_EDGE('',*,*,#10418,.F.);
#10467 = ADVANCED_FACE('',(#10468),#4159,.F.);
#10468 = FACE_BOUND('',#10469,.T.);
#10469 = EDGE_LOOP('',(#10470,#10471,#10494,#10520));
#10470 = ORIENTED_EDGE('',*,*,#4138,.T.);
#10471 = ORIENTED_EDGE('',*,*,#10472,.T.);
#10472 = EDGE_CURVE('',#4139,#10473,#10475,.T.);
#10473 = VERTEX_POINT('',#10474);
#10474 = CARTESIAN_POINT('',(15.6,0.,20.05));
#10475 = SEAM_CURVE('',#10476,(#10480,#10487),.PCURVE_S1.);
#10476 = LINE('',#10477,#10478);
#10477 = CARTESIAN_POINT('',(15.6,0.,17.75));
#10478 = VECTOR('',#10479,1.);
#10479 = DIRECTION('',(0.,0.,1.));
#10480 = PCURVE('',#4159,#10481);
#10481 = DEFINITIONAL_REPRESENTATION('',(#10482),#10486);
#10482 = LINE('',#10483,#10484);
#10483 = CARTESIAN_POINT('',(-6.28318530718,0.));
#10484 = VECTOR('',#10485,1.);
#10485 = DIRECTION('',(-0.,-1.));
#10486 = ( GEOMETRIC_REPRESENTATION_CONTEXT(2) 
PARAMETRIC_REPRESENTATION_CONTEXT() REPRESENTATION_CONTEXT('2D SPACE',''
  ) );
#10487 = PCURVE('',#4159,#10488);
#10488 = DEFINITIONAL_REPRESENTATION('',(#10489),#10493);
#10489 = LINE('',#10490,#10491);
#10490 = CARTESIAN_POINT('',(-0.,0.));
#10491 = VECTOR('',#10492,1.);
#10492 = DIRECTION('',(-0.,-1.));
#10493 = ( GEOMETRIC_REPRESENTATION_CONTEXT(2) 
PARAMETRIC_REPRESENTATION_CONTEXT() REPRESENTATION_CONTEXT('2D SPACE',''
  ) );
#10494 = ORIENTED_EDGE('',*,*,#10495,.F.);
#10495 = EDGE_CURVE('',#10473,#10473,#10496,.T.);
#10496 = SURFACE_CURVE('',#10497,(#10502,#10509),.PCURVE_S1.);
#10497 = CIRCLE('',#10498,0.8);
#10498 = AXIS2_PLACEMENT_3D('',#10499,#10500,#10501);
#10499 = CARTESIAN_POINT('',(14.8,0.,20.05));
#10500 = DIRECTION('',(0.,0.,-1.));
#10501 = DIRECTION('',(1.,0.,0.));
#10502 = PCURVE('',#4159,#10503);
#10503 = DEFINITIONAL_REPRESENTATION('',(#10504),#10508);
#10504 = LINE('',#10505,#10506);
#10505 = CARTESIAN_POINT('',(-6.28318530718,-2.3));
#10506 = VECTOR('',#10507,1.);
#10507 = DIRECTION('',(1.,-0.));
#10508 = ( GEOMETRIC_REPRESENTATION_CONTEXT(2) 
PARAMETRIC_REPRESENTATION_CONTEXT() REPRESENTATION_CONTEXT('2D SPACE',''
  ) );
#10509 = PCURVE('',#4432,#10510);
#10510 = DEFINITIONAL_REPRESENTATION('',(#10511),#10519);
#10511 = ( BOUNDED_CURVE() B_SPLINE_CURVE(2,(#10512,#10513,#10514,#10515
    ,#10516,#10517,#10518),.UNSPECIFIED.,.T.,.F.) 
B_SPLINE_CURVE_WITH_KNOTS((1,2,2,2,2,1),(-2.094395102393,0.,
    2.094395102393,4.188790204786,6.28318530718,8.377580409573),
.UNSPECIFIED.) CURVE() GEOMETRIC_REPRESENTATION_ITEM() 
RATIONAL_B_SPLINE_CURVE((1.,0.5,1.,0.5,1.,0.5,1.)) REPRESENTATION_ITEM(
  '') );
#10512 = CARTESIAN_POINT('',(25.05,3.75));
#10513 = CARTESIAN_POINT('',(25.05,2.364359353945));
#10514 = CARTESIAN_POINT('',(23.85,3.057179676972));
#10515 = CARTESIAN_POINT('',(22.65,3.75));
#10516 = CARTESIAN_POINT('',(23.85,4.442820323028));
#10517 = CARTESIAN_POINT('',(25.05,5.135640646055));
#10518 = CARTESIAN_POINT('',(25.05,3.75));
#10519 = ( GEOMETRIC_REPRESENTATION_CONTEXT(2) 
PARAMETRIC_REPRESENTATION_CONTEXT() REPRESENTATION_CONTEXT('2D SPACE',''
  ) );
#10520 = ORIENTED_EDGE('',*,*,#10472,.F.);
#10521 = ADVANCED_FACE('',(#10522),#4217,.T.);
#10522 = FACE_BOUND('',#10523,.T.);
#10523 = EDGE_LOOP('',(#10524,#10525,#10526,#10527));
#10524 = ORIENTED_EDGE('',*,*,#4257,.F.);
#10525 = ORIENTED_EDGE('',*,*,#4202,.T.);
#10526 = ORIENTED_EDGE('',*,*,#4389,.T.);
#10527 = ORIENTED_EDGE('',*,*,#4720,.F.);
#10528 = ADVANCED_FACE('',(#10529),#4296,.T.);
#10529 = FACE_BOUND('',#10530,.T.);
#10530 = EDGE_LOOP('',(#10531,#10532,#10533,#10556));
#10531 = ORIENTED_EDGE('',*,*,#4280,.F.);
#10532 = ORIENTED_EDGE('',*,*,#4822,.F.);
#10533 = ORIENTED_EDGE('',*,*,#10534,.T.);
#10534 = EDGE_CURVE('',#4414,#10535,#10537,.T.);
#10535 = VERTEX_POINT('',#10536);
#10536 = CARTESIAN_POINT('',(18.15,2.95,20.05));
#10537 = SURFACE_CURVE('',#10538,(#10542,#10549),.PCURVE_S1.);
#10538 = LINE('',#10539,#10540);
#10539 = CARTESIAN_POINT('',(-9.45,2.95,20.05));
#10540 = VECTOR('',#10541,1.);
#10541 = DIRECTION('',(1.,0.,0.));
#10542 = PCURVE('',#4296,#10543);
#10543 = DEFINITIONAL_REPRESENTATION('',(#10544),#10548);
#10544 = LINE('',#10545,#10546);
#10545 = CARTESIAN_POINT('',(1.570796326795,0.));
#10546 = VECTOR('',#10547,1.);
#10547 = DIRECTION('',(0.,1.));
#10548 = ( GEOMETRIC_REPRESENTATION_CONTEXT(2) 
PARAMETRIC_REPRESENTATION_CONTEXT() REPRESENTATION_CONTEXT('2D SPACE',''
  ) );
#10549 = PCURVE('',#4432,#10550);
#10550 = DEFINITIONAL_REPRESENTATION('',(#10551),#10555);
#10551 = LINE('',#10552,#10553);
#10552 = CARTESIAN_POINT('',(0.,6.7));
#10553 = VECTOR('',#10554,1.);
#10554 = DIRECTION('',(1.,0.));
#10555 = ( GEOMETRIC_REPRESENTATION_CONTEXT(2) 
PARAMETRIC_REPRESENTATION_CONTEXT() REPRESENTATION_CONTEXT('2D SPACE',''
  ) );
#10556 = ORIENTED_EDGE('',*,*,#10557,.F.);
#10557 = EDGE_CURVE('',#4281,#10535,#10558,.T.);
#10558 = SURFACE_CURVE('',#10559,(#10564,#10571),.PCURVE_S1.);
#10559 = CIRCLE('',#10560,0.8);
#10560 = AXIS2_PLACEMENT_3D('',#10561,#10562,#10563);
#10561 = CARTESIAN_POINT('',(18.15,2.95,19.25));
#10562 = DIRECTION('',(1.,0.,7.754553812078E-17));
#10563 = DIRECTION('',(-7.754553812078E-17,0.,1.));
#10564 = PCURVE('',#4296,#10565);
#10565 = DEFINITIONAL_REPRESENTATION('',(#10566),#10570);
#10566 = LINE('',#10567,#10568);
#10567 = CARTESIAN_POINT('',(-4.712388980385,27.6));
#10568 = VECTOR('',#10569,1.);
#10569 = DIRECTION('',(1.,0.));
#10570 = ( GEOMETRIC_REPRESENTATION_CONTEXT(2) 
PARAMETRIC_REPRESENTATION_CONTEXT() REPRESENTATION_CONTEXT('2D SPACE',''
  ) );
#10571 = PCURVE('',#10572,#10577);
#10572 = SPHERICAL_SURFACE('',#10573,0.8);
#10573 = AXIS2_PLACEMENT_3D('',#10574,#10575,#10576);
#10574 = CARTESIAN_POINT('',(18.15,2.95,19.25));
#10575 = DIRECTION('',(-0.,-1.,-0.));
#10576 = DIRECTION('',(1.,-0.,1.387778780781E-16));
#10577 = DEFINITIONAL_REPRESENTATION('',(#10578),#10582);
#10578 = LINE('',#10579,#10580);
#10579 = CARTESIAN_POINT('',(1.570796326795,-6.28318530718));
#10580 = VECTOR('',#10581,1.);
#10581 = DIRECTION('',(0.,1.));
#10582 = ( GEOMETRIC_REPRESENTATION_CONTEXT(2) 
PARAMETRIC_REPRESENTATION_CONTEXT() REPRESENTATION_CONTEXT('2D SPACE',''
  ) );
#10583 = ADVANCED_FACE('',(#10584),#4324,.T.);
#10584 = FACE_BOUND('',#10585,.T.);
#10585 = EDGE_LOOP('',(#10586,#10609,#10631,#10632));
#10586 = ORIENTED_EDGE('',*,*,#10587,.F.);
#10587 = EDGE_CURVE('',#5389,#10588,#10590,.T.);
#10588 = VERTEX_POINT('',#10589);
#10589 = CARTESIAN_POINT('',(18.95,2.95,19.25));
#10590 = SURFACE_CURVE('',#10591,(#10595,#10602),.PCURVE_S1.);
#10591 = LINE('',#10592,#10593);
#10592 = CARTESIAN_POINT('',(18.95,2.95,18.25));
#10593 = VECTOR('',#10594,1.);
#10594 = DIRECTION('',(0.,0.,1.));
#10595 = PCURVE('',#4324,#10596);
#10596 = DEFINITIONAL_REPRESENTATION('',(#10597),#10601);
#10597 = LINE('',#10598,#10599);
#10598 = CARTESIAN_POINT('',(0.,0.));
#10599 = VECTOR('',#10600,1.);
#10600 = DIRECTION('',(0.,1.));
#10601 = ( GEOMETRIC_REPRESENTATION_CONTEXT(2) 
PARAMETRIC_REPRESENTATION_CONTEXT() REPRESENTATION_CONTEXT('2D SPACE',''
  ) );
#10602 = PCURVE('',#5057,#10603);
#10603 = DEFINITIONAL_REPRESENTATION('',(#10604),#10608);
#10604 = LINE('',#10605,#10606);
#10605 = CARTESIAN_POINT('',(0.,-6.7));
#10606 = VECTOR('',#10607,1.);
#10607 = DIRECTION('',(1.,0.));
#10608 = ( GEOMETRIC_REPRESENTATION_CONTEXT(2) 
PARAMETRIC_REPRESENTATION_CONTEXT() REPRESENTATION_CONTEXT('2D SPACE',''
  ) );
#10609 = ORIENTED_EDGE('',*,*,#10610,.T.);
#10610 = EDGE_CURVE('',#5389,#4309,#10611,.T.);
#10611 = SURFACE_CURVE('',#10612,(#10617,#10624),.PCURVE_S1.);
#10612 = CIRCLE('',#10613,0.8);
#10613 = AXIS2_PLACEMENT_3D('',#10614,#10615,#10616);
#10614 = CARTESIAN_POINT('',(18.15,2.95,19.05));
#10615 = DIRECTION('',(0.,0.,1.));
#10616 = DIRECTION('',(1.,0.,-0.));
#10617 = PCURVE('',#4324,#10618);
#10618 = DEFINITIONAL_REPRESENTATION('',(#10619),#10623);
#10619 = LINE('',#10620,#10621);
#10620 = CARTESIAN_POINT('',(0.,0.8));
#10621 = VECTOR('',#10622,1.);
#10622 = DIRECTION('',(1.,0.));
#10623 = ( GEOMETRIC_REPRESENTATION_CONTEXT(2) 
PARAMETRIC_REPRESENTATION_CONTEXT() REPRESENTATION_CONTEXT('2D SPACE',''
  ) );
#10624 = PCURVE('',#5405,#10625);
#10625 = DEFINITIONAL_REPRESENTATION('',(#10626),#10630);
#10626 = LINE('',#10627,#10628);
#10627 = CARTESIAN_POINT('',(0.,0.));
#10628 = VECTOR('',#10629,1.);
#10629 = DIRECTION('',(1.,0.));
#10630 = ( GEOMETRIC_REPRESENTATION_CONTEXT(2) 
PARAMETRIC_REPRESENTATION_CONTEXT() REPRESENTATION_CONTEXT('2D SPACE',''
  ) );
#10631 = ORIENTED_EDGE('',*,*,#4308,.T.);
#10632 = ORIENTED_EDGE('',*,*,#10633,.T.);
#10633 = EDGE_CURVE('',#4281,#10588,#10634,.T.);
#10634 = SURFACE_CURVE('',#10635,(#10640,#10647),.PCURVE_S1.);
#10635 = CIRCLE('',#10636,0.8);
#10636 = AXIS2_PLACEMENT_3D('',#10637,#10638,#10639);
#10637 = CARTESIAN_POINT('',(18.15,2.95,19.25));
#10638 = DIRECTION('',(1.387778780781E-16,0.,-1.));
#10639 = DIRECTION('',(1.,0.,1.387778780781E-16));
#10640 = PCURVE('',#4324,#10641);
#10641 = DEFINITIONAL_REPRESENTATION('',(#10642),#10646);
#10642 = LINE('',#10643,#10644);
#10643 = CARTESIAN_POINT('',(6.28318530718,1.));
#10644 = VECTOR('',#10645,1.);
#10645 = DIRECTION('',(-1.,-0.));
#10646 = ( GEOMETRIC_REPRESENTATION_CONTEXT(2) 
PARAMETRIC_REPRESENTATION_CONTEXT() REPRESENTATION_CONTEXT('2D SPACE',''
  ) );
#10647 = PCURVE('',#10572,#10648);
#10648 = DEFINITIONAL_REPRESENTATION('',(#10649),#10653);
#10649 = LINE('',#10650,#10651);
#10650 = CARTESIAN_POINT('',(0.,-6.28318530718));
#10651 = VECTOR('',#10652,1.);
#10652 = DIRECTION('',(0.,1.));
#10653 = ( GEOMETRIC_REPRESENTATION_CONTEXT(2) 
PARAMETRIC_REPRESENTATION_CONTEXT() REPRESENTATION_CONTEXT('2D SPACE',''
  ) );
#10654 = ADVANCED_FACE('',(#10655,#10687,#10690,#10693,#10696),#4432,.T.
  );
#10655 = FACE_BOUND('',#10656,.T.);
#10656 = EDGE_LOOP('',(#10657,#10658,#10659,#10685,#10686));
#10657 = ORIENTED_EDGE('',*,*,#4499,.T.);
#10658 = ORIENTED_EDGE('',*,*,#4986,.T.);
#10659 = ORIENTED_EDGE('',*,*,#10660,.T.);
#10660 = EDGE_CURVE('',#4987,#10535,#10661,.T.);
#10661 = SURFACE_CURVE('',#10662,(#10666,#10673),.PCURVE_S1.);
#10662 = LINE('',#10663,#10664);
#10663 = CARTESIAN_POINT('',(18.15,-3.75,20.05));
#10664 = VECTOR('',#10665,1.);
#10665 = DIRECTION('',(0.,1.,0.));
#10666 = PCURVE('',#4432,#10667);
#10667 = DEFINITIONAL_REPRESENTATION('',(#10668),#10672);
#10668 = LINE('',#10669,#10670);
#10669 = CARTESIAN_POINT('',(27.6,0.));
#10670 = VECTOR('',#10671,1.);
#10671 = DIRECTION('',(0.,1.));
#10672 = ( GEOMETRIC_REPRESENTATION_CONTEXT(2) 
PARAMETRIC_REPRESENTATION_CONTEXT() REPRESENTATION_CONTEXT('2D SPACE',''
  ) );
#10673 = PCURVE('',#10674,#10679);
#10674 = CYLINDRICAL_SURFACE('',#10675,0.8);
#10675 = AXIS2_PLACEMENT_3D('',#10676,#10677,#10678);
#10676 = CARTESIAN_POINT('',(18.15,-3.75,19.25));
#10677 = DIRECTION('',(0.,1.,0.));
#10678 = DIRECTION('',(1.,0.,-0.));
#10679 = DEFINITIONAL_REPRESENTATION('',(#10680),#10684);
#10680 = LINE('',#10681,#10682);
#10681 = CARTESIAN_POINT('',(-1.570796326795,0.));
#10682 = VECTOR('',#10683,1.);
#10683 = DIRECTION('',(-0.,1.));
#10684 = ( GEOMETRIC_REPRESENTATION_CONTEXT(2) 
PARAMETRIC_REPRESENTATION_CONTEXT() REPRESENTATION_CONTEXT('2D SPACE',''
  ) );
#10685 = ORIENTED_EDGE('',*,*,#10534,.F.);
#10686 = ORIENTED_EDGE('',*,*,#4413,.T.);
#10687 = FACE_BOUND('',#10688,.T.);
#10688 = EDGE_LOOP('',(#10689));
#10689 = ORIENTED_EDGE('',*,*,#10333,.T.);
#10690 = FACE_BOUND('',#10691,.T.);
#10691 = EDGE_LOOP('',(#10692));
#10692 = ORIENTED_EDGE('',*,*,#10387,.T.);
#10693 = FACE_BOUND('',#10694,.T.);
#10694 = EDGE_LOOP('',(#10695));
#10695 = ORIENTED_EDGE('',*,*,#10441,.T.);
#10696 = FACE_BOUND('',#10697,.T.);
#10697 = EDGE_LOOP('',(#10698));
#10698 = ORIENTED_EDGE('',*,*,#10495,.T.);
#10699 = ADVANCED_FACE('',(#10700,#10703),#4486,.T.);
#10700 = FACE_BOUND('',#10701,.T.);
#10701 = EDGE_LOOP('',(#10702));
#10702 = ORIENTED_EDGE('',*,*,#4471,.T.);
#10703 = FACE_BOUND('',#10704,.T.);
#10704 = EDGE_LOOP('',(#10705,#10706,#10707,#10708,#10709,#10710,#10711,
    #10712,#10713,#10714,#10715,#10716,#10717,#10718,#10719,#10720,
    #10721,#10722,#10723,#10724,#10725,#10726,#10727,#10728,#10729,
    #10730,#10731,#10732,#10733,#10734,#10735,#10736,#10737,#10738,
    #10739,#10740,#10741,#10742,#10743,#10744,#10745,#10746,#10747,
    #10748,#10749,#10750,#10751,#10752,#10753,#10754,#10755,#10756,
    #10757,#10758,#10759,#10760,#10761,#10762,#10763,#10764,#10765,
    #10766,#10767,#10768,#10769,#10770,#10771,#10772,#10773,#10774,
    #10775,#10776,#10777,#10778,#10779,#10780,#10781,#10782,#10783,
    #10784,#10785,#10786,#10787,#10788,#10789,#10790,#10791,#10792,
    #10793,#10794,#10795,#10796,#10797,#10798,#10799,#10800,#10801,
    #10802,#10803,#10804));
#10705 = ORIENTED_EDGE('',*,*,#5558,.T.);
#10706 = ORIENTED_EDGE('',*,*,#5670,.T.);
#10707 = ORIENTED_EDGE('',*,*,#5767,.T.);
#10708 = ORIENTED_EDGE('',*,*,#5868,.T.);
#10709 = ORIENTED_EDGE('',*,*,#5962,.T.);
#10710 = ORIENTED_EDGE('',*,*,#6052,.T.);
#10711 = ORIENTED_EDGE('',*,*,#6149,.T.);
#10712 = ORIENTED_EDGE('',*,*,#6250,.T.);
#10713 = ORIENTED_EDGE('',*,*,#6344,.T.);
#10714 = ORIENTED_EDGE('',*,*,#6434,.T.);
#10715 = ORIENTED_EDGE('',*,*,#6531,.T.);
#10716 = ORIENTED_EDGE('',*,*,#6632,.T.);
#10717 = ORIENTED_EDGE('',*,*,#6726,.T.);
#10718 = ORIENTED_EDGE('',*,*,#6816,.T.);
#10719 = ORIENTED_EDGE('',*,*,#6913,.T.);
#10720 = ORIENTED_EDGE('',*,*,#7014,.T.);
#10721 = ORIENTED_EDGE('',*,*,#7108,.T.);
#10722 = ORIENTED_EDGE('',*,*,#7198,.T.);
#10723 = ORIENTED_EDGE('',*,*,#7295,.T.);
#10724 = ORIENTED_EDGE('',*,*,#7396,.T.);
#10725 = ORIENTED_EDGE('',*,*,#7490,.T.);
#10726 = ORIENTED_EDGE('',*,*,#7580,.T.);
#10727 = ORIENTED_EDGE('',*,*,#7677,.T.);
#10728 = ORIENTED_EDGE('',*,*,#7778,.T.);
#10729 = ORIENTED_EDGE('',*,*,#7872,.T.);
#10730 = ORIENTED_EDGE('',*,*,#7962,.T.);
#10731 = ORIENTED_EDGE('',*,*,#8059,.T.);
#10732 = ORIENTED_EDGE('',*,*,#8160,.T.);
#10733 = ORIENTED_EDGE('',*,*,#8254,.T.);
#10734 = ORIENTED_EDGE('',*,*,#8344,.T.);
#10735 = ORIENTED_EDGE('',*,*,#8441,.T.);
#10736 = ORIENTED_EDGE('',*,*,#8542,.T.);
#10737 = ORIENTED_EDGE('',*,*,#8636,.T.);
#10738 = ORIENTED_EDGE('',*,*,#8726,.T.);
#10739 = ORIENTED_EDGE('',*,*,#8823,.T.);
#10740 = ORIENTED_EDGE('',*,*,#8924,.T.);
#10741 = ORIENTED_EDGE('',*,*,#9018,.T.);
#10742 = ORIENTED_EDGE('',*,*,#9108,.T.);
#10743 = ORIENTED_EDGE('',*,*,#9205,.T.);
#10744 = ORIENTED_EDGE('',*,*,#9306,.T.);
#10745 = ORIENTED_EDGE('',*,*,#9400,.T.);
#10746 = ORIENTED_EDGE('',*,*,#9490,.T.);
#10747 = ORIENTED_EDGE('',*,*,#9587,.T.);
#10748 = ORIENTED_EDGE('',*,*,#9688,.T.);
#10749 = ORIENTED_EDGE('',*,*,#9782,.T.);
#10750 = ORIENTED_EDGE('',*,*,#9872,.T.);
#10751 = ORIENTED_EDGE('',*,*,#9969,.T.);
#10752 = ORIENTED_EDGE('',*,*,#10070,.T.);
#10753 = ORIENTED_EDGE('',*,*,#10164,.T.);
#10754 = ORIENTED_EDGE('',*,*,#10254,.T.);
#10755 = ORIENTED_EDGE('',*,*,#10279,.T.);
#10756 = ORIENTED_EDGE('',*,*,#10189,.T.);
#10757 = ORIENTED_EDGE('',*,*,#10095,.T.);
#10758 = ORIENTED_EDGE('',*,*,#10001,.T.);
#10759 = ORIENTED_EDGE('',*,*,#9897,.T.);
#10760 = ORIENTED_EDGE('',*,*,#9807,.T.);
#10761 = ORIENTED_EDGE('',*,*,#9713,.T.);
#10762 = ORIENTED_EDGE('',*,*,#9619,.T.);
#10763 = ORIENTED_EDGE('',*,*,#9515,.T.);
#10764 = ORIENTED_EDGE('',*,*,#9425,.T.);
#10765 = ORIENTED_EDGE('',*,*,#9331,.T.);
#10766 = ORIENTED_EDGE('',*,*,#9237,.T.);
#10767 = ORIENTED_EDGE('',*,*,#9133,.T.);
#10768 = ORIENTED_EDGE('',*,*,#9043,.T.);
#10769 = ORIENTED_EDGE('',*,*,#8949,.T.);
#10770 = ORIENTED_EDGE('',*,*,#8855,.T.);
#10771 = ORIENTED_EDGE('',*,*,#8751,.T.);
#10772 = ORIENTED_EDGE('',*,*,#8661,.T.);
#10773 = ORIENTED_EDGE('',*,*,#8567,.T.);
#10774 = ORIENTED_EDGE('',*,*,#8473,.T.);
#10775 = ORIENTED_EDGE('',*,*,#8369,.T.);
#10776 = ORIENTED_EDGE('',*,*,#8279,.T.);
#10777 = ORIENTED_EDGE('',*,*,#8185,.T.);
#10778 = ORIENTED_EDGE('',*,*,#8091,.T.);
#10779 = ORIENTED_EDGE('',*,*,#7987,.T.);
#10780 = ORIENTED_EDGE('',*,*,#7897,.T.);
#10781 = ORIENTED_EDGE('',*,*,#7803,.T.);
#10782 = ORIENTED_EDGE('',*,*,#7709,.T.);
#10783 = ORIENTED_EDGE('',*,*,#7605,.T.);
#10784 = ORIENTED_EDGE('',*,*,#7515,.T.);
#10785 = ORIENTED_EDGE('',*,*,#7421,.T.);
#10786 = ORIENTED_EDGE('',*,*,#7327,.T.);
#10787 = ORIENTED_EDGE('',*,*,#7223,.T.);
#10788 = ORIENTED_EDGE('',*,*,#7133,.T.);
#10789 = ORIENTED_EDGE('',*,*,#7039,.T.);
#10790 = ORIENTED_EDGE('',*,*,#6945,.T.);
#10791 = ORIENTED_EDGE('',*,*,#6841,.T.);
#10792 = ORIENTED_EDGE('',*,*,#6751,.T.);
#10793 = ORIENTED_EDGE('',*,*,#6657,.T.);
#10794 = ORIENTED_EDGE('',*,*,#6563,.T.);
#10795 = ORIENTED_EDGE('',*,*,#6459,.T.);
#10796 = ORIENTED_EDGE('',*,*,#6369,.T.);
#10797 = ORIENTED_EDGE('',*,*,#6275,.T.);
#10798 = ORIENTED_EDGE('',*,*,#6181,.T.);
#10799 = ORIENTED_EDGE('',*,*,#6077,.T.);
#10800 = ORIENTED_EDGE('',*,*,#5987,.T.);
#10801 = ORIENTED_EDGE('',*,*,#5893,.T.);
#10802 = ORIENTED_EDGE('',*,*,#5799,.T.);
#10803 = ORIENTED_EDGE('',*,*,#5695,.T.);
#10804 = ORIENTED_EDGE('',*,*,#5605,.T.);
#10805 = ADVANCED_FACE('',(#10806),#5024,.T.);
#10806 = FACE_BOUND('',#10807,.T.);
#10807 = EDGE_LOOP('',(#10808,#10830,#10831));
#10808 = ORIENTED_EDGE('',*,*,#10809,.F.);
#10809 = EDGE_CURVE('',#4987,#5042,#10810,.T.);
#10810 = SURFACE_CURVE('',#10811,(#10816,#10823),.PCURVE_S1.);
#10811 = CIRCLE('',#10812,0.8);
#10812 = AXIS2_PLACEMENT_3D('',#10813,#10814,#10815);
#10813 = CARTESIAN_POINT('',(18.15,-2.95,19.25));
#10814 = DIRECTION('',(-0.,1.,0.));
#10815 = DIRECTION('',(1.,0.,0.));
#10816 = PCURVE('',#5024,#10817);
#10817 = DEFINITIONAL_REPRESENTATION('',(#10818),#10822);
#10818 = LINE('',#10819,#10820);
#10819 = CARTESIAN_POINT('',(0.,-6.28318530718));
#10820 = VECTOR('',#10821,1.);
#10821 = DIRECTION('',(0.,1.));
#10822 = ( GEOMETRIC_REPRESENTATION_CONTEXT(2) 
PARAMETRIC_REPRESENTATION_CONTEXT() REPRESENTATION_CONTEXT('2D SPACE',''
  ) );
#10823 = PCURVE('',#10674,#10824);
#10824 = DEFINITIONAL_REPRESENTATION('',(#10825),#10829);
#10825 = LINE('',#10826,#10827);
#10826 = CARTESIAN_POINT('',(-6.28318530718,0.8));
#10827 = VECTOR('',#10828,1.);
#10828 = DIRECTION('',(1.,-0.));
#10829 = ( GEOMETRIC_REPRESENTATION_CONTEXT(2) 
PARAMETRIC_REPRESENTATION_CONTEXT() REPRESENTATION_CONTEXT('2D SPACE',''
  ) );
#10830 = ORIENTED_EDGE('',*,*,#5009,.T.);
#10831 = ORIENTED_EDGE('',*,*,#5097,.F.);
#10832 = ADVANCED_FACE('',(#10833),#5057,.T.);
#10833 = FACE_BOUND('',#10834,.T.);
#10834 = EDGE_LOOP('',(#10835,#10836,#10837,#10838));
#10835 = ORIENTED_EDGE('',*,*,#5039,.F.);
#10836 = ORIENTED_EDGE('',*,*,#5417,.T.);
#10837 = ORIENTED_EDGE('',*,*,#10587,.T.);
#10838 = ORIENTED_EDGE('',*,*,#10839,.F.);
#10839 = EDGE_CURVE('',#5042,#10588,#10840,.T.);
#10840 = SURFACE_CURVE('',#10841,(#10845,#10852),.PCURVE_S1.);
#10841 = LINE('',#10842,#10843);
#10842 = CARTESIAN_POINT('',(18.95,-3.75,19.25));
#10843 = VECTOR('',#10844,1.);
#10844 = DIRECTION('',(0.,1.,0.));
#10845 = PCURVE('',#5057,#10846);
#10846 = DEFINITIONAL_REPRESENTATION('',(#10847),#10851);
#10847 = LINE('',#10848,#10849);
#10848 = CARTESIAN_POINT('',(1.,0.));
#10849 = VECTOR('',#10850,1.);
#10850 = DIRECTION('',(0.,-1.));
#10851 = ( GEOMETRIC_REPRESENTATION_CONTEXT(2) 
PARAMETRIC_REPRESENTATION_CONTEXT() REPRESENTATION_CONTEXT('2D SPACE',''
  ) );
#10852 = PCURVE('',#10674,#10853);
#10853 = DEFINITIONAL_REPRESENTATION('',(#10854),#10858);
#10854 = LINE('',#10855,#10856);
#10855 = CARTESIAN_POINT('',(-0.,0.));
#10856 = VECTOR('',#10857,1.);
#10857 = DIRECTION('',(-0.,1.));
#10858 = ( GEOMETRIC_REPRESENTATION_CONTEXT(2) 
PARAMETRIC_REPRESENTATION_CONTEXT() REPRESENTATION_CONTEXT('2D SPACE',''
  ) );
#10859 = ADVANCED_FACE('',(#10860),#5084,.T.);
#10860 = FACE_BOUND('',#10861,.F.);
#10861 = EDGE_LOOP('',(#10862,#10863,#10864));
#10862 = ORIENTED_EDGE('',*,*,#5365,.F.);
#10863 = ORIENTED_EDGE('',*,*,#5226,.T.);
#10864 = ORIENTED_EDGE('',*,*,#5069,.F.);
#10865 = ADVANCED_FACE('',(#10866),#5405,.T.);
#10866 = FACE_BOUND('',#10867,.T.);
#10867 = EDGE_LOOP('',(#10868,#10869,#10870));
#10868 = ORIENTED_EDGE('',*,*,#5388,.F.);
#10869 = ORIENTED_EDGE('',*,*,#5509,.T.);
#10870 = ORIENTED_EDGE('',*,*,#10610,.F.);
#10871 = ADVANCED_FACE('',(#10872),#10572,.T.);
#10872 = FACE_BOUND('',#10873,.T.);
#10873 = EDGE_LOOP('',(#10874,#10875,#10876));
#10874 = ORIENTED_EDGE('',*,*,#10633,.F.);
#10875 = ORIENTED_EDGE('',*,*,#10557,.T.);
#10876 = ORIENTED_EDGE('',*,*,#10877,.F.);
#10877 = EDGE_CURVE('',#10588,#10535,#10878,.T.);
#10878 = SURFACE_CURVE('',#10879,(#10884,#10891),.PCURVE_S1.);
#10879 = CIRCLE('',#10880,0.8);
#10880 = AXIS2_PLACEMENT_3D('',#10881,#10882,#10883);
#10881 = CARTESIAN_POINT('',(18.15,2.95,19.25));
#10882 = DIRECTION('',(-0.,-1.,0.));
#10883 = DIRECTION('',(1.,-0.,1.387778780781E-16));
#10884 = PCURVE('',#10572,#10885);
#10885 = DEFINITIONAL_REPRESENTATION('',(#10886),#10890);
#10886 = LINE('',#10887,#10888);
#10887 = CARTESIAN_POINT('',(0.,0.));
#10888 = VECTOR('',#10889,1.);
#10889 = DIRECTION('',(1.,0.));
#10890 = ( GEOMETRIC_REPRESENTATION_CONTEXT(2) 
PARAMETRIC_REPRESENTATION_CONTEXT() REPRESENTATION_CONTEXT('2D SPACE',''
  ) );
#10891 = PCURVE('',#10674,#10892);
#10892 = DEFINITIONAL_REPRESENTATION('',(#10893),#10897);
#10893 = LINE('',#10894,#10895);
#10894 = CARTESIAN_POINT('',(-0.,6.7));
#10895 = VECTOR('',#10896,1.);
#10896 = DIRECTION('',(-1.,0.));
#10897 = ( GEOMETRIC_REPRESENTATION_CONTEXT(2) 
PARAMETRIC_REPRESENTATION_CONTEXT() REPRESENTATION_CONTEXT('2D SPACE',''
  ) );
#10898 = ADVANCED_FACE('',(#10899),#10674,.T.);
#10899 = FACE_BOUND('',#10900,.F.);
#10900 = EDGE_LOOP('',(#10901,#10902,#10903,#10904));
#10901 = ORIENTED_EDGE('',*,*,#10809,.F.);
#10902 = ORIENTED_EDGE('',*,*,#10660,.T.);
#10903 = ORIENTED_EDGE('',*,*,#10877,.F.);
#10904 = ORIENTED_EDGE('',*,*,#10839,.F.);
#10905 = ( GEOMETRIC_REPRESENTATION_CONTEXT(3) 
GLOBAL_UNCERTAINTY_ASSIGNED_CONTEXT((#10909)) 
GLOBAL_UNIT_ASSIGNED_CONTEXT((#10906,#10907,#10908)) 
REPRESENTATION_CONTEXT('Context #1',
  '3D Context with UNIT and UNCERTAINTY') );
#10906 = ( LENGTH_UNIT() NAMED_UNIT(*) SI_UNIT(.MILLI.,.METRE.) );
#10907 = ( NAMED_UNIT(*) PLANE_ANGLE_UNIT() SI_UNIT($,.RADIAN.) );
#10908 = ( NAMED_UNIT(*) SI_UNIT($,.STERADIAN.) SOLID_ANGLE_UNIT() );
#10909 = UNCERTAINTY_MEASURE_WITH_UNIT(LENGTH_MEASURE(1.E-07),#10906,
  'distance_accuracy_value','confusion accuracy');
#10910 = PRODUCT_RELATED_PRODUCT_CATEGORY('part',$,(#7));
ENDSEC;
END-ISO-10303-21;
