ISO-10303-21;
HEADER;
FILE_DESCRIPTION(('Open CASCADE Model'),'2;1');
FILE_NAME('Open CASCADE Shape Model','2026-08-28T20:09:49',('Author'),(
    'Open CASCADE'),'Open CASCADE STEP processor 7.9','Open CASCADE 7.9'
  ,'Unknown');
FILE_SCHEMA(('AUTOMOTIVE_DESIGN { 1 0 10303 214 1 1 1 1 }'));
ENDSEC;
DATA;
#1 = APPLICATION_PROTOCOL_DEFINITION('international standard',
  'automotive_design',2000,#2);
#2 = APPLICATION_CONTEXT(
  'core data for automotive mechanical design processes');
#3 = SHAPE_DEFINITION_REPRESENTATION(#4,#10);
#4 = PRODUCT_DEFINITION_SHAPE('','',#5);
#5 = PRODUCT_DEFINITION('design','',#6,#9);
#6 = PRODUCT_DEFINITION_FORMATION('','',#7);
#7 = PRODUCT('Open CASCADE STEP translator 7.9 1',
  'Open CASCADE STEP translator 7.9 1','',(#8));
#8 = PRODUCT_CONTEXT('',#2,'mechanical');
#9 = PRODUCT_DEFINITION_CONTEXT('part definition',#2,'design');
#10 = ADVANCED_BREP_SHAPE_REPRESENTATION('',(#11,#15),#15933);
#11 = AXIS2_PLACEMENT_3D('',#12,#13,#14);
#12 = CARTESIAN_POINT('',(0.,0.,0.));
#13 = DIRECTION('',(0.,0.,1.));
#14 = DIRECTION('',(1.,0.,-0.));
#15 = MANIFOLD_SOLID_BREP('',#16);
#16 = CLOSED_SHELL('',(#17,#243,#331,#414,#563,#641,#710,#757,#804,#829,
    #861,#973,#1218,#1703,#1730,#1842,#1954,#2014,#2104,#2559,#2993,
    #3081,#3185,#3240,#3294,#3349,#3431,#3509,#3696,#3800,#3847,#3923,
    #4017,#4064,#4140,#4211,#4314,#4361,#4433,#4531,#4578,#4650,#4945,
    #5409,#5459,#5509,#5558,#5585,#5656,#5778,#6266,#6321,#6375,#6430,
    #6594,#6650,#6655,#6711,#6716,#6772,#6799,#6850,#6905,#6954,#6960,
    #6966,#6991,#7016,#7128,#7213,#7296,#7346,#7373,#7423,#7450,#7505,
    #7555,#7656,#7662,#7687,#7712,#8540,#9039,#9533,#9587,#9642,#9695,
    #9830,#9919,#9969,#10024,#10078,#10133,#10227,#10294,#10339,#10408,
    #10534,#10589,#10643,#10676,#10782,#10829,#10918,#10996,#11068,
    #11075,#11082,#11107,#11195,#11245,#11323,#11350,#11377,#11427,
    #11454,#11504,#11531,#11563,#11592,#11619,#11646,#11673,#11700,
    #11725,#11732,#11789,#11846,#11874,#11931,#11988,#12076,#12159,
    #12242,#12320,#12375,#12430,#12518,#12601,#12684,#12762,#12817,
    #12872,#12878,#12926,#12932,#12959,#13034,#13059,#13086,#13136,
    #13163,#13190,#13240,#13267,#13315,#13321,#13346,#13353,#13360,
    #13367,#13374,#13381,#13420,#13459,#13498,#13537,#13569,#13650,
    #13677,#13758,#13785,#13866,#13893,#13969,#14008,#14047,#14079,
    #14160,#14187,#14268,#14295,#14376,#14403,#14479,#14518,#14557,
    #14612,#14667,#14722,#14777,#14810,#14893,#14921,#14997,#15025,
    #15101,#15129,#15198,#15253,#15308,#15341,#15424,#15452,#15528,
    #15556,#15632,#15660,#15729,#15784,#15839,#15843,#15847,#15851,
    #15855,#15861,#15868,#15874,#15880,#15886,#15890,#15894,#15900,
    #15907,#15913,#15919,#15925,#15929));
#17 = ADVANCED_FACE('',(#18,#137),#32,.F.);
#18 = FACE_BOUND('',#19,.F.);
#19 = EDGE_LOOP('',(#20,#55,#83,#111));
#20 = ORIENTED_EDGE('',*,*,#21,.F.);
#21 = EDGE_CURVE('',#22,#24,#26,.T.);
#22 = VERTEX_POINT('',#23);
#23 = CARTESIAN_POINT('',(-70.,-16.,-13.));
#24 = VERTEX_POINT('',#25);
#25 = CARTESIAN_POINT('',(-70.,-16.,10.));
#26 = SURFACE_CURVE('',#27,(#31,#43),.PCURVE_S1.);
#27 = LINE('',#28,#29);
#28 = CARTESIAN_POINT('',(-70.,-16.,-17.));
#29 = VECTOR('',#30,1.);
#30 = DIRECTION('',(0.,0.,1.));
#31 = PCURVE('',#32,#37);
#32 = PLANE('',#33);
#33 = AXIS2_PLACEMENT_3D('',#34,#35,#36);
#34 = CARTESIAN_POINT('',(-70.,-20.,-17.));
#35 = DIRECTION('',(1.,0.,0.));
#36 = DIRECTION('',(0.,0.,1.));
#37 = DEFINITIONAL_REPRESENTATION('',(#38),#42);
#38 = LINE('',#39,#40);
#39 = CARTESIAN_POINT('',(0.,-4.));
#40 = VECTOR('',#41,1.);
#41 = DIRECTION('',(1.,0.));
#42 = ( GEOMETRIC_REPRESENTATION_CONTEXT(2) 
PARAMETRIC_REPRESENTATION_CONTEXT() REPRESENTATION_CONTEXT('2D SPACE',''
  ) );
#43 = PCURVE('',#44,#49);
#44 = CYLINDRICAL_SURFACE('',#45,4.);
#45 = AXIS2_PLACEMENT_3D('',#46,#47,#48);
#46 = CARTESIAN_POINT('',(-66.,-16.,-17.));
#47 = DIRECTION('',(0.,0.,1.));
#48 = DIRECTION('',(-1.,-0.,0.));
#49 = DEFINITIONAL_REPRESENTATION('',(#50),#54);
#50 = LINE('',#51,#52);
#51 = CARTESIAN_POINT('',(0.,0.));
#52 = VECTOR('',#53,1.);
#53 = DIRECTION('',(0.,1.));
#54 = ( GEOMETRIC_REPRESENTATION_CONTEXT(2) 
PARAMETRIC_REPRESENTATION_CONTEXT() REPRESENTATION_CONTEXT('2D SPACE',''
  ) );
#55 = ORIENTED_EDGE('',*,*,#56,.T.);
#56 = EDGE_CURVE('',#22,#57,#59,.T.);
#57 = VERTEX_POINT('',#58);
#58 = CARTESIAN_POINT('',(-70.,16.,-13.));
#59 = SURFACE_CURVE('',#60,(#64,#71),.PCURVE_S1.);
#60 = LINE('',#61,#62);
#61 = CARTESIAN_POINT('',(-70.,-20.,-13.));
#62 = VECTOR('',#63,1.);
#63 = DIRECTION('',(0.,1.,0.));
#64 = PCURVE('',#32,#65);
#65 = DEFINITIONAL_REPRESENTATION('',(#66),#70);
#66 = LINE('',#67,#68);
#67 = CARTESIAN_POINT('',(4.,0.));
#68 = VECTOR('',#69,1.);
#69 = DIRECTION('',(0.,-1.));
#70 = ( GEOMETRIC_REPRESENTATION_CONTEXT(2) 
PARAMETRIC_REPRESENTATION_CONTEXT() REPRESENTATION_CONTEXT('2D SPACE',''
  ) );
#71 = PCURVE('',#72,#77);
#72 = CYLINDRICAL_SURFACE('',#73,4.);
#73 = AXIS2_PLACEMENT_3D('',#74,#75,#76);
#74 = CARTESIAN_POINT('',(-66.,-20.,-13.));
#75 = DIRECTION('',(0.,1.,0.));
#76 = DIRECTION('',(-1.,0.,0.));
#77 = DEFINITIONAL_REPRESENTATION('',(#78),#82);
#78 = LINE('',#79,#80);
#79 = CARTESIAN_POINT('',(-0.,0.));
#80 = VECTOR('',#81,1.);
#81 = DIRECTION('',(-0.,1.));
#82 = ( GEOMETRIC_REPRESENTATION_CONTEXT(2) 
PARAMETRIC_REPRESENTATION_CONTEXT() REPRESENTATION_CONTEXT('2D SPACE',''
  ) );
#83 = ORIENTED_EDGE('',*,*,#84,.T.);
#84 = EDGE_CURVE('',#57,#85,#87,.T.);
#85 = VERTEX_POINT('',#86);
#86 = CARTESIAN_POINT('',(-70.,16.,10.));
#87 = SURFACE_CURVE('',#88,(#92,#99),.PCURVE_S1.);
#88 = LINE('',#89,#90);
#89 = CARTESIAN_POINT('',(-70.,16.,-17.));
#90 = VECTOR('',#91,1.);
#91 = DIRECTION('',(0.,0.,1.));
#92 = PCURVE('',#32,#93);
#93 = DEFINITIONAL_REPRESENTATION('',(#94),#98);
#94 = LINE('',#95,#96);
#95 = CARTESIAN_POINT('',(0.,-36.));
#96 = VECTOR('',#97,1.);
#97 = DIRECTION('',(1.,0.));
#98 = ( GEOMETRIC_REPRESENTATION_CONTEXT(2) 
PARAMETRIC_REPRESENTATION_CONTEXT() REPRESENTATION_CONTEXT('2D SPACE',''
  ) );
#99 = PCURVE('',#100,#105);
#100 = CYLINDRICAL_SURFACE('',#101,4.);
#101 = AXIS2_PLACEMENT_3D('',#102,#103,#104);
#102 = CARTESIAN_POINT('',(-66.,16.,-17.));
#103 = DIRECTION('',(0.,0.,1.));
#104 = DIRECTION('',(-1.,-0.,0.));
#105 = DEFINITIONAL_REPRESENTATION('',(#106),#110);
#106 = LINE('',#107,#108);
#107 = CARTESIAN_POINT('',(-0.,0.));
#108 = VECTOR('',#109,1.);
#109 = DIRECTION('',(-0.,1.));
#110 = ( GEOMETRIC_REPRESENTATION_CONTEXT(2) 
PARAMETRIC_REPRESENTATION_CONTEXT() REPRESENTATION_CONTEXT('2D SPACE',''
  ) );
#111 = ORIENTED_EDGE('',*,*,#112,.F.);
#112 = EDGE_CURVE('',#24,#85,#113,.T.);
#113 = SURFACE_CURVE('',#114,(#118,#125),.PCURVE_S1.);
#114 = LINE('',#115,#116);
#115 = CARTESIAN_POINT('',(-70.,-20.,10.));
#116 = VECTOR('',#117,1.);
#117 = DIRECTION('',(0.,1.,0.));
#118 = PCURVE('',#32,#119);
#119 = DEFINITIONAL_REPRESENTATION('',(#120),#124);
#120 = LINE('',#121,#122);
#121 = CARTESIAN_POINT('',(27.,0.));
#122 = VECTOR('',#123,1.);
#123 = DIRECTION('',(0.,-1.));
#124 = ( GEOMETRIC_REPRESENTATION_CONTEXT(2) 
PARAMETRIC_REPRESENTATION_CONTEXT() REPRESENTATION_CONTEXT('2D SPACE',''
  ) );
#125 = PCURVE('',#126,#131);
#126 = CYLINDRICAL_SURFACE('',#127,4.);
#127 = AXIS2_PLACEMENT_3D('',#128,#129,#130);
#128 = CARTESIAN_POINT('',(-66.,-20.,10.));
#129 = DIRECTION('',(0.,1.,0.));
#130 = DIRECTION('',(-1.,0.,0.));
#131 = DEFINITIONAL_REPRESENTATION('',(#132),#136);
#132 = LINE('',#133,#134);
#133 = CARTESIAN_POINT('',(0.,0.));
#134 = VECTOR('',#135,1.);
#135 = DIRECTION('',(0.,1.));
#136 = ( GEOMETRIC_REPRESENTATION_CONTEXT(2) 
PARAMETRIC_REPRESENTATION_CONTEXT() REPRESENTATION_CONTEXT('2D SPACE',''
  ) );
#137 = FACE_BOUND('',#138,.F.);
#138 = EDGE_LOOP('',(#139,#167,#193,#219));
#139 = ORIENTED_EDGE('',*,*,#140,.T.);
#140 = EDGE_CURVE('',#141,#143,#145,.T.);
#141 = VERTEX_POINT('',#142);
#142 = CARTESIAN_POINT('',(-70.,10.,3.));
#143 = VERTEX_POINT('',#144);
#144 = CARTESIAN_POINT('',(-70.,10.,-9.));
#145 = SURFACE_CURVE('',#146,(#150,#156),.PCURVE_S1.);
#146 = LINE('',#147,#148);
#147 = CARTESIAN_POINT('',(-70.,10.,-13.));
#148 = VECTOR('',#149,1.);
#149 = DIRECTION('',(0.,0.,-1.));
#150 = PCURVE('',#32,#151);
#151 = DEFINITIONAL_REPRESENTATION('',(#152),#155);
#152 = B_SPLINE_CURVE_WITH_KNOTS('',1,(#153,#154),.UNSPECIFIED.,.F.,.F.,
  (2,2),(-16.,-4.),.PIECEWISE_BEZIER_KNOTS.);
#153 = CARTESIAN_POINT('',(20.,-30.));
#154 = CARTESIAN_POINT('',(8.,-30.));
#155 = ( GEOMETRIC_REPRESENTATION_CONTEXT(2) 
PARAMETRIC_REPRESENTATION_CONTEXT() REPRESENTATION_CONTEXT('2D SPACE',''
  ) );
#156 = PCURVE('',#157,#162);
#157 = PLANE('',#158);
#158 = AXIS2_PLACEMENT_3D('',#159,#160,#161);
#159 = CARTESIAN_POINT('',(-72.,10.,-9.));
#160 = DIRECTION('',(0.,-1.,0.));
#161 = DIRECTION('',(0.,0.,1.));
#162 = DEFINITIONAL_REPRESENTATION('',(#163),#166);
#163 = B_SPLINE_CURVE_WITH_KNOTS('',1,(#164,#165),.UNSPECIFIED.,.F.,.F.,
  (2,2),(-16.,-4.),.PIECEWISE_BEZIER_KNOTS.);
#164 = CARTESIAN_POINT('',(12.,-2.));
#165 = CARTESIAN_POINT('',(0.,-2.));
#166 = ( GEOMETRIC_REPRESENTATION_CONTEXT(2) 
PARAMETRIC_REPRESENTATION_CONTEXT() REPRESENTATION_CONTEXT('2D SPACE',''
  ) );
#167 = ORIENTED_EDGE('',*,*,#168,.T.);
#168 = EDGE_CURVE('',#143,#169,#171,.T.);
#169 = VERTEX_POINT('',#170);
#170 = CARTESIAN_POINT('',(-70.,-10.,-9.));
#171 = SURFACE_CURVE('',#172,(#176,#182),.PCURVE_S1.);
#172 = LINE('',#173,#174);
#173 = CARTESIAN_POINT('',(-70.,-15.,-9.));
#174 = VECTOR('',#175,1.);
#175 = DIRECTION('',(0.,-1.,0.));
#176 = PCURVE('',#32,#177);
#177 = DEFINITIONAL_REPRESENTATION('',(#178),#181);
#178 = B_SPLINE_CURVE_WITH_KNOTS('',1,(#179,#180),.UNSPECIFIED.,.F.,.F.,
  (2,2),(-25.,-5.),.PIECEWISE_BEZIER_KNOTS.);
#179 = CARTESIAN_POINT('',(8.,-30.));
#180 = CARTESIAN_POINT('',(8.,-10.));
#181 = ( GEOMETRIC_REPRESENTATION_CONTEXT(2) 
PARAMETRIC_REPRESENTATION_CONTEXT() REPRESENTATION_CONTEXT('2D SPACE',''
  ) );
#182 = PCURVE('',#183,#188);
#183 = PLANE('',#184);
#184 = AXIS2_PLACEMENT_3D('',#185,#186,#187);
#185 = CARTESIAN_POINT('',(-72.,-10.,-9.));
#186 = DIRECTION('',(0.,0.,1.));
#187 = DIRECTION('',(0.,1.,0.));
#188 = DEFINITIONAL_REPRESENTATION('',(#189),#192);
#189 = B_SPLINE_CURVE_WITH_KNOTS('',1,(#190,#191),.UNSPECIFIED.,.F.,.F.,
  (2,2),(-25.,-5.),.PIECEWISE_BEZIER_KNOTS.);
#190 = CARTESIAN_POINT('',(20.,-2.));
#191 = CARTESIAN_POINT('',(0.,-2.));
#192 = ( GEOMETRIC_REPRESENTATION_CONTEXT(2) 
PARAMETRIC_REPRESENTATION_CONTEXT() REPRESENTATION_CONTEXT('2D SPACE',''
  ) );
#193 = ORIENTED_EDGE('',*,*,#194,.T.);
#194 = EDGE_CURVE('',#169,#195,#197,.T.);
#195 = VERTEX_POINT('',#196);
#196 = CARTESIAN_POINT('',(-70.,-10.,3.));
#197 = SURFACE_CURVE('',#198,(#202,#208),.PCURVE_S1.);
#198 = LINE('',#199,#200);
#199 = CARTESIAN_POINT('',(-70.,-10.,-7.));
#200 = VECTOR('',#201,1.);
#201 = DIRECTION('',(0.,-0.,1.));
#202 = PCURVE('',#32,#203);
#203 = DEFINITIONAL_REPRESENTATION('',(#204),#207);
#204 = B_SPLINE_CURVE_WITH_KNOTS('',1,(#205,#206),.UNSPECIFIED.,.F.,.F.,
  (2,2),(-2.,10.),.PIECEWISE_BEZIER_KNOTS.);
#205 = CARTESIAN_POINT('',(8.,-10.));
#206 = CARTESIAN_POINT('',(20.,-10.));
#207 = ( GEOMETRIC_REPRESENTATION_CONTEXT(2) 
PARAMETRIC_REPRESENTATION_CONTEXT() REPRESENTATION_CONTEXT('2D SPACE',''
  ) );
#208 = PCURVE('',#209,#214);
#209 = PLANE('',#210);
#210 = AXIS2_PLACEMENT_3D('',#211,#212,#213);
#211 = CARTESIAN_POINT('',(-72.,-10.,3.));
#212 = DIRECTION('',(-0.,1.,0.));
#213 = DIRECTION('',(0.,0.,-1.));
#214 = DEFINITIONAL_REPRESENTATION('',(#215),#218);
#215 = B_SPLINE_CURVE_WITH_KNOTS('',1,(#216,#217),.UNSPECIFIED.,.F.,.F.,
  (2,2),(-2.,10.),.PIECEWISE_BEZIER_KNOTS.);
#216 = CARTESIAN_POINT('',(12.,-2.));
#217 = CARTESIAN_POINT('',(0.,-2.));
#218 = ( GEOMETRIC_REPRESENTATION_CONTEXT(2) 
PARAMETRIC_REPRESENTATION_CONTEXT() REPRESENTATION_CONTEXT('2D SPACE',''
  ) );
#219 = ORIENTED_EDGE('',*,*,#220,.T.);
#220 = EDGE_CURVE('',#195,#141,#221,.T.);
#221 = SURFACE_CURVE('',#222,(#226,#232),.PCURVE_S1.);
#222 = LINE('',#223,#224);
#223 = CARTESIAN_POINT('',(-70.,-5.,3.));
#224 = VECTOR('',#225,1.);
#225 = DIRECTION('',(-0.,1.,0.));
#226 = PCURVE('',#32,#227);
#227 = DEFINITIONAL_REPRESENTATION('',(#228),#231);
#228 = B_SPLINE_CURVE_WITH_KNOTS('',1,(#229,#230),.UNSPECIFIED.,.F.,.F.,
  (2,2),(-5.,15.),.PIECEWISE_BEZIER_KNOTS.);
#229 = CARTESIAN_POINT('',(20.,-10.));
#230 = CARTESIAN_POINT('',(20.,-30.));
#231 = ( GEOMETRIC_REPRESENTATION_CONTEXT(2) 
PARAMETRIC_REPRESENTATION_CONTEXT() REPRESENTATION_CONTEXT('2D SPACE',''
  ) );
#232 = PCURVE('',#233,#238);
#233 = PLANE('',#234);
#234 = AXIS2_PLACEMENT_3D('',#235,#236,#237);
#235 = CARTESIAN_POINT('',(-72.,10.,3.));
#236 = DIRECTION('',(0.,0.,-1.));
#237 = DIRECTION('',(0.,-1.,0.));
#238 = DEFINITIONAL_REPRESENTATION('',(#239),#242);
#239 = B_SPLINE_CURVE_WITH_KNOTS('',1,(#240,#241),.UNSPECIFIED.,.F.,.F.,
  (2,2),(-5.,15.),.PIECEWISE_BEZIER_KNOTS.);
#240 = CARTESIAN_POINT('',(20.,-2.));
#241 = CARTESIAN_POINT('',(0.,-2.));
#242 = ( GEOMETRIC_REPRESENTATION_CONTEXT(2) 
PARAMETRIC_REPRESENTATION_CONTEXT() REPRESENTATION_CONTEXT('2D SPACE',''
  ) );
#243 = ADVANCED_FACE('',(#244),#44,.T.);
#244 = FACE_BOUND('',#245,.T.);
#245 = EDGE_LOOP('',(#246,#247,#276,#304));
#246 = ORIENTED_EDGE('',*,*,#21,.F.);
#247 = ORIENTED_EDGE('',*,*,#248,.T.);
#248 = EDGE_CURVE('',#22,#249,#251,.T.);
#249 = VERTEX_POINT('',#250);
#250 = CARTESIAN_POINT('',(-66.,-20.,-13.));
#251 = SURFACE_CURVE('',#252,(#257,#264),.PCURVE_S1.);
#252 = CIRCLE('',#253,4.);
#253 = AXIS2_PLACEMENT_3D('',#254,#255,#256);
#254 = CARTESIAN_POINT('',(-66.,-16.,-13.));
#255 = DIRECTION('',(0.,0.,1.));
#256 = DIRECTION('',(-1.,0.,0.));
#257 = PCURVE('',#44,#258);
#258 = DEFINITIONAL_REPRESENTATION('',(#259),#263);
#259 = LINE('',#260,#261);
#260 = CARTESIAN_POINT('',(0.,4.));
#261 = VECTOR('',#262,1.);
#262 = DIRECTION('',(1.,0.));
#263 = ( GEOMETRIC_REPRESENTATION_CONTEXT(2) 
PARAMETRIC_REPRESENTATION_CONTEXT() REPRESENTATION_CONTEXT('2D SPACE',''
  ) );
#264 = PCURVE('',#265,#270);
#265 = SPHERICAL_SURFACE('',#266,4.);
#266 = AXIS2_PLACEMENT_3D('',#267,#268,#269);
#267 = CARTESIAN_POINT('',(-66.,-16.,-13.));
#268 = DIRECTION('',(0.,0.,1.));
#269 = DIRECTION('',(-1.,0.,0.));
#270 = DEFINITIONAL_REPRESENTATION('',(#271),#275);
#271 = LINE('',#272,#273);
#272 = CARTESIAN_POINT('',(0.,0.));
#273 = VECTOR('',#274,1.);
#274 = DIRECTION('',(1.,0.));
#275 = ( GEOMETRIC_REPRESENTATION_CONTEXT(2) 
PARAMETRIC_REPRESENTATION_CONTEXT() REPRESENTATION_CONTEXT('2D SPACE',''
  ) );
#276 = ORIENTED_EDGE('',*,*,#277,.T.);
#277 = EDGE_CURVE('',#249,#278,#280,.T.);
#278 = VERTEX_POINT('',#279);
#279 = CARTESIAN_POINT('',(-66.,-20.,10.));
#280 = SURFACE_CURVE('',#281,(#285,#292),.PCURVE_S1.);
#281 = LINE('',#282,#283);
#282 = CARTESIAN_POINT('',(-66.,-20.,-17.));
#283 = VECTOR('',#284,1.);
#284 = DIRECTION('',(0.,0.,1.));
#285 = PCURVE('',#44,#286);
#286 = DEFINITIONAL_REPRESENTATION('',(#287),#291);
#287 = LINE('',#288,#289);
#288 = CARTESIAN_POINT('',(1.570796326795,0.));
#289 = VECTOR('',#290,1.);
#290 = DIRECTION('',(0.,1.));
#291 = ( GEOMETRIC_REPRESENTATION_CONTEXT(2) 
PARAMETRIC_REPRESENTATION_CONTEXT() REPRESENTATION_CONTEXT('2D SPACE',''
  ) );
#292 = PCURVE('',#293,#298);
#293 = PLANE('',#294);
#294 = AXIS2_PLACEMENT_3D('',#295,#296,#297);
#295 = CARTESIAN_POINT('',(-70.,-20.,-17.));
#296 = DIRECTION('',(0.,1.,0.));
#297 = DIRECTION('',(0.,0.,1.));
#298 = DEFINITIONAL_REPRESENTATION('',(#299),#303);
#299 = LINE('',#300,#301);
#300 = CARTESIAN_POINT('',(0.,4.));
#301 = VECTOR('',#302,1.);
#302 = DIRECTION('',(1.,0.));
#303 = ( GEOMETRIC_REPRESENTATION_CONTEXT(2) 
PARAMETRIC_REPRESENTATION_CONTEXT() REPRESENTATION_CONTEXT('2D SPACE',''
  ) );
#304 = ORIENTED_EDGE('',*,*,#305,.F.);
#305 = EDGE_CURVE('',#24,#278,#306,.T.);
#306 = SURFACE_CURVE('',#307,(#312,#319),.PCURVE_S1.);
#307 = CIRCLE('',#308,4.);
#308 = AXIS2_PLACEMENT_3D('',#309,#310,#311);
#309 = CARTESIAN_POINT('',(-66.,-16.,10.));
#310 = DIRECTION('',(0.,0.,1.));
#311 = DIRECTION('',(-1.,0.,0.));
#312 = PCURVE('',#44,#313);
#313 = DEFINITIONAL_REPRESENTATION('',(#314),#318);
#314 = LINE('',#315,#316);
#315 = CARTESIAN_POINT('',(0.,27.));
#316 = VECTOR('',#317,1.);
#317 = DIRECTION('',(1.,0.));
#318 = ( GEOMETRIC_REPRESENTATION_CONTEXT(2) 
PARAMETRIC_REPRESENTATION_CONTEXT() REPRESENTATION_CONTEXT('2D SPACE',''
  ) );
#319 = PCURVE('',#320,#325);
#320 = SPHERICAL_SURFACE('',#321,4.);
#321 = AXIS2_PLACEMENT_3D('',#322,#323,#324);
#322 = CARTESIAN_POINT('',(-66.,-16.,10.));
#323 = DIRECTION('',(-0.,-0.,-1.));
#324 = DIRECTION('',(-1.,0.,0.));
#325 = DEFINITIONAL_REPRESENTATION('',(#326),#330);
#326 = LINE('',#327,#328);
#327 = CARTESIAN_POINT('',(-0.,0.));
#328 = VECTOR('',#329,1.);
#329 = DIRECTION('',(-1.,0.));
#330 = ( GEOMETRIC_REPRESENTATION_CONTEXT(2) 
PARAMETRIC_REPRESENTATION_CONTEXT() REPRESENTATION_CONTEXT('2D SPACE',''
  ) );
#331 = ADVANCED_FACE('',(#332),#72,.T.);
#332 = FACE_BOUND('',#333,.F.);
#333 = EDGE_LOOP('',(#334,#358,#386,#413));
#334 = ORIENTED_EDGE('',*,*,#335,.F.);
#335 = EDGE_CURVE('',#336,#22,#338,.T.);
#336 = VERTEX_POINT('',#337);
#337 = CARTESIAN_POINT('',(-66.,-16.,-17.));
#338 = SURFACE_CURVE('',#339,(#344,#351),.PCURVE_S1.);
#339 = CIRCLE('',#340,4.);
#340 = AXIS2_PLACEMENT_3D('',#341,#342,#343);
#341 = CARTESIAN_POINT('',(-66.,-16.,-13.));
#342 = DIRECTION('',(0.,1.,-0.));
#343 = DIRECTION('',(-1.,0.,0.));
#344 = PCURVE('',#72,#345);
#345 = DEFINITIONAL_REPRESENTATION('',(#346),#350);
#346 = LINE('',#347,#348);
#347 = CARTESIAN_POINT('',(-6.28318530718,4.));
#348 = VECTOR('',#349,1.);
#349 = DIRECTION('',(1.,-0.));
#350 = ( GEOMETRIC_REPRESENTATION_CONTEXT(2) 
PARAMETRIC_REPRESENTATION_CONTEXT() REPRESENTATION_CONTEXT('2D SPACE',''
  ) );
#351 = PCURVE('',#265,#352);
#352 = DEFINITIONAL_REPRESENTATION('',(#353),#357);
#353 = LINE('',#354,#355);
#354 = CARTESIAN_POINT('',(0.,-6.28318530718));
#355 = VECTOR('',#356,1.);
#356 = DIRECTION('',(0.,1.));
#357 = ( GEOMETRIC_REPRESENTATION_CONTEXT(2) 
PARAMETRIC_REPRESENTATION_CONTEXT() REPRESENTATION_CONTEXT('2D SPACE',''
  ) );
#358 = ORIENTED_EDGE('',*,*,#359,.T.);
#359 = EDGE_CURVE('',#336,#360,#362,.T.);
#360 = VERTEX_POINT('',#361);
#361 = CARTESIAN_POINT('',(-66.,16.,-17.));
#362 = SURFACE_CURVE('',#363,(#367,#374),.PCURVE_S1.);
#363 = LINE('',#364,#365);
#364 = CARTESIAN_POINT('',(-66.,-20.,-17.));
#365 = VECTOR('',#366,1.);
#366 = DIRECTION('',(0.,1.,0.));
#367 = PCURVE('',#72,#368);
#368 = DEFINITIONAL_REPRESENTATION('',(#369),#373);
#369 = LINE('',#370,#371);
#370 = CARTESIAN_POINT('',(-1.570796326795,0.));
#371 = VECTOR('',#372,1.);
#372 = DIRECTION('',(-0.,1.));
#373 = ( GEOMETRIC_REPRESENTATION_CONTEXT(2) 
PARAMETRIC_REPRESENTATION_CONTEXT() REPRESENTATION_CONTEXT('2D SPACE',''
  ) );
#374 = PCURVE('',#375,#380);
#375 = PLANE('',#376);
#376 = AXIS2_PLACEMENT_3D('',#377,#378,#379);
#377 = CARTESIAN_POINT('',(-70.,-20.,-17.));
#378 = DIRECTION('',(0.,0.,1.));
#379 = DIRECTION('',(1.,0.,0.));
#380 = DEFINITIONAL_REPRESENTATION('',(#381),#385);
#381 = LINE('',#382,#383);
#382 = CARTESIAN_POINT('',(4.,0.));
#383 = VECTOR('',#384,1.);
#384 = DIRECTION('',(0.,1.));
#385 = ( GEOMETRIC_REPRESENTATION_CONTEXT(2) 
PARAMETRIC_REPRESENTATION_CONTEXT() REPRESENTATION_CONTEXT('2D SPACE',''
  ) );
#386 = ORIENTED_EDGE('',*,*,#387,.T.);
#387 = EDGE_CURVE('',#360,#57,#388,.T.);
#388 = SURFACE_CURVE('',#389,(#394,#401),.PCURVE_S1.);
#389 = CIRCLE('',#390,4.);
#390 = AXIS2_PLACEMENT_3D('',#391,#392,#393);
#391 = CARTESIAN_POINT('',(-66.,16.,-13.));
#392 = DIRECTION('',(0.,1.,-0.));
#393 = DIRECTION('',(-1.,0.,0.));
#394 = PCURVE('',#72,#395);
#395 = DEFINITIONAL_REPRESENTATION('',(#396),#400);
#396 = LINE('',#397,#398);
#397 = CARTESIAN_POINT('',(-6.28318530718,36.));
#398 = VECTOR('',#399,1.);
#399 = DIRECTION('',(1.,-0.));
#400 = ( GEOMETRIC_REPRESENTATION_CONTEXT(2) 
PARAMETRIC_REPRESENTATION_CONTEXT() REPRESENTATION_CONTEXT('2D SPACE',''
  ) );
#401 = PCURVE('',#402,#407);
#402 = SPHERICAL_SURFACE('',#403,4.);
#403 = AXIS2_PLACEMENT_3D('',#404,#405,#406);
#404 = CARTESIAN_POINT('',(-66.,16.,-13.));
#405 = DIRECTION('',(0.,0.,1.));
#406 = DIRECTION('',(-1.,0.,0.));
#407 = DEFINITIONAL_REPRESENTATION('',(#408),#412);
#408 = LINE('',#409,#410);
#409 = CARTESIAN_POINT('',(-0.,-6.28318530718));
#410 = VECTOR('',#411,1.);
#411 = DIRECTION('',(-0.,1.));
#412 = ( GEOMETRIC_REPRESENTATION_CONTEXT(2) 
PARAMETRIC_REPRESENTATION_CONTEXT() REPRESENTATION_CONTEXT('2D SPACE',''
  ) );
#413 = ORIENTED_EDGE('',*,*,#56,.F.);
#414 = ADVANCED_FACE('',(#415),#126,.T.);
#415 = FACE_BOUND('',#416,.T.);
#416 = EDGE_LOOP('',(#417,#441,#475,#501,#535,#562));
#417 = ORIENTED_EDGE('',*,*,#418,.F.);
#418 = EDGE_CURVE('',#419,#24,#421,.T.);
#419 = VERTEX_POINT('',#420);
#420 = CARTESIAN_POINT('',(-67.55959179422,-16.,13.68343229005));
#421 = SURFACE_CURVE('',#422,(#427,#434),.PCURVE_S1.);
#422 = CIRCLE('',#423,4.);
#423 = AXIS2_PLACEMENT_3D('',#424,#425,#426);
#424 = CARTESIAN_POINT('',(-66.,-16.,10.));
#425 = DIRECTION('',(0.,-1.,0.));
#426 = DIRECTION('',(-1.,0.,0.));
#427 = PCURVE('',#126,#428);
#428 = DEFINITIONAL_REPRESENTATION('',(#429),#433);
#429 = LINE('',#430,#431);
#430 = CARTESIAN_POINT('',(6.28318530718,4.));
#431 = VECTOR('',#432,1.);
#432 = DIRECTION('',(-1.,-0.));
#433 = ( GEOMETRIC_REPRESENTATION_CONTEXT(2) 
PARAMETRIC_REPRESENTATION_CONTEXT() REPRESENTATION_CONTEXT('2D SPACE',''
  ) );
#434 = PCURVE('',#320,#435);
#435 = DEFINITIONAL_REPRESENTATION('',(#436),#440);
#436 = LINE('',#437,#438);
#437 = CARTESIAN_POINT('',(-0.,-6.28318530718));
#438 = VECTOR('',#439,1.);
#439 = DIRECTION('',(-0.,1.));
#440 = ( GEOMETRIC_REPRESENTATION_CONTEXT(2) 
PARAMETRIC_REPRESENTATION_CONTEXT() REPRESENTATION_CONTEXT('2D SPACE',''
  ) );
#441 = ORIENTED_EDGE('',*,*,#442,.F.);
#442 = EDGE_CURVE('',#443,#419,#445,.T.);
#443 = VERTEX_POINT('',#444);
#444 = CARTESIAN_POINT('',(-67.6,-15.6,13.666060555965));
#445 = SURFACE_CURVE('',#446,(#452,#461),.PCURVE_S1.);
#446 = B_SPLINE_CURVE_WITH_KNOTS('',4,(#447,#448,#449,#450,#451),
  .UNSPECIFIED.,.F.,.F.,(5,5),(0.,1.),.PIECEWISE_BEZIER_KNOTS.);
#447 = CARTESIAN_POINT('',(-67.6,-15.6,13.666060555965));
#448 = CARTESIAN_POINT('',(-67.6,-15.70051359119,13.666060555965));
#449 = CARTESIAN_POINT('',(-67.59326491793,-15.80101888216,
    13.669000248919));
#450 = CARTESIAN_POINT('',(-67.57979567667,-15.90102174901,
    13.674877821316));
#451 = CARTESIAN_POINT('',(-67.55959167175,-16.0000006,13.683432341906)
  );
#452 = PCURVE('',#126,#453);
#453 = DEFINITIONAL_REPRESENTATION('',(#454),#460);
#454 = B_SPLINE_CURVE_WITH_KNOTS('',4,(#455,#456,#457,#458,#459),
  .UNSPECIFIED.,.F.,.F.,(5,5),(0.,1.),.PIECEWISE_BEZIER_KNOTS.);
#455 = CARTESIAN_POINT('',(1.159279480727,4.4));
#456 = CARTESIAN_POINT('',(1.159279480727,4.299486408803));
#457 = CARTESIAN_POINT('',(1.161116697696,4.198981117833));
#458 = CARTESIAN_POINT('',(1.164790489299,4.098978250983));
#459 = CARTESIAN_POINT('',(1.170275592064,3.9999994));
#460 = ( GEOMETRIC_REPRESENTATION_CONTEXT(2) 
PARAMETRIC_REPRESENTATION_CONTEXT() REPRESENTATION_CONTEXT('2D SPACE',''
  ) );
#461 = PCURVE('',#462,#467);
#462 = CYLINDRICAL_SURFACE('',#463,2.);
#463 = AXIS2_PLACEMENT_3D('',#464,#465,#466);
#464 = CARTESIAN_POINT('',(-65.6,-15.6,-14.6));
#465 = DIRECTION('',(0.,0.,1.));
#466 = DIRECTION('',(-1.,-0.,0.));
#467 = DEFINITIONAL_REPRESENTATION('',(#468),#474);
#468 = B_SPLINE_CURVE_WITH_KNOTS('',4,(#469,#470,#471,#472,#473),
  .UNSPECIFIED.,.F.,.F.,(5,5),(0.,1.),.PIECEWISE_BEZIER_KNOTS.);
#469 = CARTESIAN_POINT('',(0.,28.266060555965));
#470 = CARTESIAN_POINT('',(5.025679559832E-02,28.266060555965));
#471 = CARTESIAN_POINT('',(0.100509797227,28.269000248919));
#472 = CARTESIAN_POINT('',(0.150848290437,28.274877821316));
#473 = CARTESIAN_POINT('',(0.201358226977,28.283432341906));
#474 = ( GEOMETRIC_REPRESENTATION_CONTEXT(2) 
PARAMETRIC_REPRESENTATION_CONTEXT() REPRESENTATION_CONTEXT('2D SPACE',''
  ) );
#475 = ORIENTED_EDGE('',*,*,#476,.T.);
#476 = EDGE_CURVE('',#443,#477,#479,.T.);
#477 = VERTEX_POINT('',#478);
#478 = CARTESIAN_POINT('',(-67.6,15.6,13.666060555965));
#479 = SURFACE_CURVE('',#480,(#484,#490),.PCURVE_S1.);
#480 = LINE('',#481,#482);
#481 = CARTESIAN_POINT('',(-67.6,-20.,13.666060555965));
#482 = VECTOR('',#483,1.);
#483 = DIRECTION('',(0.,1.,0.));
#484 = PCURVE('',#126,#485);
#485 = DEFINITIONAL_REPRESENTATION('',(#486),#489);
#486 = B_SPLINE_CURVE_WITH_KNOTS('',1,(#487,#488),.UNSPECIFIED.,.F.,.F.,
  (2,2),(3.9999994,36.0000006),.PIECEWISE_BEZIER_KNOTS.);
#487 = CARTESIAN_POINT('',(1.159279480727,3.9999994));
#488 = CARTESIAN_POINT('',(1.159279480727,36.0000006));
#489 = ( GEOMETRIC_REPRESENTATION_CONTEXT(2) 
PARAMETRIC_REPRESENTATION_CONTEXT() REPRESENTATION_CONTEXT('2D SPACE',''
  ) );
#490 = PCURVE('',#491,#496);
#491 = PLANE('',#492);
#492 = AXIS2_PLACEMENT_3D('',#493,#494,#495);
#493 = CARTESIAN_POINT('',(-67.6,-17.6,-14.6));
#494 = DIRECTION('',(1.,0.,0.));
#495 = DIRECTION('',(0.,0.,1.));
#496 = DEFINITIONAL_REPRESENTATION('',(#497),#500);
#497 = B_SPLINE_CURVE_WITH_KNOTS('',1,(#498,#499),.UNSPECIFIED.,.F.,.F.,
  (2,2),(3.9999994,36.0000006),.PIECEWISE_BEZIER_KNOTS.);
#498 = CARTESIAN_POINT('',(28.266060555965,-1.5999994));
#499 = CARTESIAN_POINT('',(28.266060555965,-33.6000006));
#500 = ( GEOMETRIC_REPRESENTATION_CONTEXT(2) 
PARAMETRIC_REPRESENTATION_CONTEXT() REPRESENTATION_CONTEXT('2D SPACE',''
  ) );
#501 = ORIENTED_EDGE('',*,*,#502,.T.);
#502 = EDGE_CURVE('',#477,#503,#505,.T.);
#503 = VERTEX_POINT('',#504);
#504 = CARTESIAN_POINT('',(-67.55959179422,16.,13.68343229005));
#505 = SURFACE_CURVE('',#506,(#512,#521),.PCURVE_S1.);
#506 = B_SPLINE_CURVE_WITH_KNOTS('',4,(#507,#508,#509,#510,#511),
  .UNSPECIFIED.,.F.,.F.,(5,5),(0.,1.),.PIECEWISE_BEZIER_KNOTS.);
#507 = CARTESIAN_POINT('',(-67.6,15.6,13.666060555965));
#508 = CARTESIAN_POINT('',(-67.6,15.700513591197,13.666060555965));
#509 = CARTESIAN_POINT('',(-67.59326491793,15.801018882167,
    13.669000248919));
#510 = CARTESIAN_POINT('',(-67.57979567667,15.901021749017,
    13.674877821316));
#511 = CARTESIAN_POINT('',(-67.55959167175,16.0000006,13.683432341906));
#512 = PCURVE('',#126,#513);
#513 = DEFINITIONAL_REPRESENTATION('',(#514),#520);
#514 = B_SPLINE_CURVE_WITH_KNOTS('',4,(#515,#516,#517,#518,#519),
  .UNSPECIFIED.,.F.,.F.,(5,5),(0.,1.),.PIECEWISE_BEZIER_KNOTS.);
#515 = CARTESIAN_POINT('',(1.159279480727,35.6));
#516 = CARTESIAN_POINT('',(1.159279480727,35.700513591197));
#517 = CARTESIAN_POINT('',(1.161116697696,35.801018882167));
#518 = CARTESIAN_POINT('',(1.164790489299,35.901021749017));
#519 = CARTESIAN_POINT('',(1.170275592064,36.0000006));
#520 = ( GEOMETRIC_REPRESENTATION_CONTEXT(2) 
PARAMETRIC_REPRESENTATION_CONTEXT() REPRESENTATION_CONTEXT('2D SPACE',''
  ) );
#521 = PCURVE('',#522,#527);
#522 = CYLINDRICAL_SURFACE('',#523,2.);
#523 = AXIS2_PLACEMENT_3D('',#524,#525,#526);
#524 = CARTESIAN_POINT('',(-65.6,15.6,-14.6));
#525 = DIRECTION('',(0.,0.,1.));
#526 = DIRECTION('',(-1.,-0.,0.));
#527 = DEFINITIONAL_REPRESENTATION('',(#528),#534);
#528 = B_SPLINE_CURVE_WITH_KNOTS('',4,(#529,#530,#531,#532,#533),
  .UNSPECIFIED.,.F.,.F.,(5,5),(0.,1.),.PIECEWISE_BEZIER_KNOTS.);
#529 = CARTESIAN_POINT('',(0.,28.266060555965));
#530 = CARTESIAN_POINT('',(-5.025679559831E-02,28.266060555965));
#531 = CARTESIAN_POINT('',(-0.100509797227,28.269000248919));
#532 = CARTESIAN_POINT('',(-0.150848290437,28.274877821316));
#533 = CARTESIAN_POINT('',(-0.201358226977,28.283432341906));
#534 = ( GEOMETRIC_REPRESENTATION_CONTEXT(2) 
PARAMETRIC_REPRESENTATION_CONTEXT() REPRESENTATION_CONTEXT('2D SPACE',''
  ) );
#535 = ORIENTED_EDGE('',*,*,#536,.F.);
#536 = EDGE_CURVE('',#85,#503,#537,.T.);
#537 = SURFACE_CURVE('',#538,(#543,#550),.PCURVE_S1.);
#538 = CIRCLE('',#539,4.);
#539 = AXIS2_PLACEMENT_3D('',#540,#541,#542);
#540 = CARTESIAN_POINT('',(-66.,16.,10.));
#541 = DIRECTION('',(0.,1.,0.));
#542 = DIRECTION('',(-1.,0.,0.));
#543 = PCURVE('',#126,#544);
#544 = DEFINITIONAL_REPRESENTATION('',(#545),#549);
#545 = LINE('',#546,#547);
#546 = CARTESIAN_POINT('',(0.,36.));
#547 = VECTOR('',#548,1.);
#548 = DIRECTION('',(1.,0.));
#549 = ( GEOMETRIC_REPRESENTATION_CONTEXT(2) 
PARAMETRIC_REPRESENTATION_CONTEXT() REPRESENTATION_CONTEXT('2D SPACE',''
  ) );
#550 = PCURVE('',#551,#556);
#551 = SPHERICAL_SURFACE('',#552,4.);
#552 = AXIS2_PLACEMENT_3D('',#553,#554,#555);
#553 = CARTESIAN_POINT('',(-66.,16.,10.));
#554 = DIRECTION('',(-0.,-1.,-0.));
#555 = DIRECTION('',(-1.,0.,0.));
#556 = DEFINITIONAL_REPRESENTATION('',(#557),#561);
#557 = LINE('',#558,#559);
#558 = CARTESIAN_POINT('',(-0.,0.));
#559 = VECTOR('',#560,1.);
#560 = DIRECTION('',(-1.,0.));
#561 = ( GEOMETRIC_REPRESENTATION_CONTEXT(2) 
PARAMETRIC_REPRESENTATION_CONTEXT() REPRESENTATION_CONTEXT('2D SPACE',''
  ) );
#562 = ORIENTED_EDGE('',*,*,#112,.F.);
#563 = ADVANCED_FACE('',(#564),#100,.T.);
#564 = FACE_BOUND('',#565,.F.);
#565 = EDGE_LOOP('',(#566,#567,#591,#619));
#566 = ORIENTED_EDGE('',*,*,#84,.F.);
#567 = ORIENTED_EDGE('',*,*,#568,.T.);
#568 = EDGE_CURVE('',#57,#569,#571,.T.);
#569 = VERTEX_POINT('',#570);
#570 = CARTESIAN_POINT('',(-66.,20.,-13.));
#571 = SURFACE_CURVE('',#572,(#577,#584),.PCURVE_S1.);
#572 = CIRCLE('',#573,4.);
#573 = AXIS2_PLACEMENT_3D('',#574,#575,#576);
#574 = CARTESIAN_POINT('',(-66.,16.,-13.));
#575 = DIRECTION('',(-0.,0.,-1.));
#576 = DIRECTION('',(-1.,0.,0.));
#577 = PCURVE('',#100,#578);
#578 = DEFINITIONAL_REPRESENTATION('',(#579),#583);
#579 = LINE('',#580,#581);
#580 = CARTESIAN_POINT('',(-0.,4.));
#581 = VECTOR('',#582,1.);
#582 = DIRECTION('',(-1.,0.));
#583 = ( GEOMETRIC_REPRESENTATION_CONTEXT(2) 
PARAMETRIC_REPRESENTATION_CONTEXT() REPRESENTATION_CONTEXT('2D SPACE',''
  ) );
#584 = PCURVE('',#402,#585);
#585 = DEFINITIONAL_REPRESENTATION('',(#586),#590);
#586 = LINE('',#587,#588);
#587 = CARTESIAN_POINT('',(-0.,0.));
#588 = VECTOR('',#589,1.);
#589 = DIRECTION('',(-1.,0.));
#590 = ( GEOMETRIC_REPRESENTATION_CONTEXT(2) 
PARAMETRIC_REPRESENTATION_CONTEXT() REPRESENTATION_CONTEXT('2D SPACE',''
  ) );
#591 = ORIENTED_EDGE('',*,*,#592,.T.);
#592 = EDGE_CURVE('',#569,#593,#595,.T.);
#593 = VERTEX_POINT('',#594);
#594 = CARTESIAN_POINT('',(-66.,20.,10.));
#595 = SURFACE_CURVE('',#596,(#600,#607),.PCURVE_S1.);
#596 = LINE('',#597,#598);
#597 = CARTESIAN_POINT('',(-66.,20.,-17.));
#598 = VECTOR('',#599,1.);
#599 = DIRECTION('',(0.,0.,1.));
#600 = PCURVE('',#100,#601);
#601 = DEFINITIONAL_REPRESENTATION('',(#602),#606);
#602 = LINE('',#603,#604);
#603 = CARTESIAN_POINT('',(-1.570796326795,0.));
#604 = VECTOR('',#605,1.);
#605 = DIRECTION('',(-0.,1.));
#606 = ( GEOMETRIC_REPRESENTATION_CONTEXT(2) 
PARAMETRIC_REPRESENTATION_CONTEXT() REPRESENTATION_CONTEXT('2D SPACE',''
  ) );
#607 = PCURVE('',#608,#613);
#608 = PLANE('',#609);
#609 = AXIS2_PLACEMENT_3D('',#610,#611,#612);
#610 = CARTESIAN_POINT('',(-70.,20.,-17.));
#611 = DIRECTION('',(0.,1.,0.));
#612 = DIRECTION('',(0.,0.,1.));
#613 = DEFINITIONAL_REPRESENTATION('',(#614),#618);
#614 = LINE('',#615,#616);
#615 = CARTESIAN_POINT('',(0.,4.));
#616 = VECTOR('',#617,1.);
#617 = DIRECTION('',(1.,0.));
#618 = ( GEOMETRIC_REPRESENTATION_CONTEXT(2) 
PARAMETRIC_REPRESENTATION_CONTEXT() REPRESENTATION_CONTEXT('2D SPACE',''
  ) );
#619 = ORIENTED_EDGE('',*,*,#620,.T.);
#620 = EDGE_CURVE('',#593,#85,#621,.T.);
#621 = SURFACE_CURVE('',#622,(#627,#634),.PCURVE_S1.);
#622 = CIRCLE('',#623,4.);
#623 = AXIS2_PLACEMENT_3D('',#624,#625,#626);
#624 = CARTESIAN_POINT('',(-66.,16.,10.));
#625 = DIRECTION('',(0.,0.,1.));
#626 = DIRECTION('',(-1.,0.,0.));
#627 = PCURVE('',#100,#628);
#628 = DEFINITIONAL_REPRESENTATION('',(#629),#633);
#629 = LINE('',#630,#631);
#630 = CARTESIAN_POINT('',(-6.28318530718,27.));
#631 = VECTOR('',#632,1.);
#632 = DIRECTION('',(1.,-0.));
#633 = ( GEOMETRIC_REPRESENTATION_CONTEXT(2) 
PARAMETRIC_REPRESENTATION_CONTEXT() REPRESENTATION_CONTEXT('2D SPACE',''
  ) );
#634 = PCURVE('',#551,#635);
#635 = DEFINITIONAL_REPRESENTATION('',(#636),#640);
#636 = LINE('',#637,#638);
#637 = CARTESIAN_POINT('',(-0.,-6.28318530718));
#638 = VECTOR('',#639,1.);
#639 = DIRECTION('',(-0.,1.));
#640 = ( GEOMETRIC_REPRESENTATION_CONTEXT(2) 
PARAMETRIC_REPRESENTATION_CONTEXT() REPRESENTATION_CONTEXT('2D SPACE',''
  ) );
#641 = ADVANCED_FACE('',(#642),#157,.T.);
#642 = FACE_BOUND('',#643,.T.);
#643 = EDGE_LOOP('',(#644,#645,#668,#689));
#644 = ORIENTED_EDGE('',*,*,#140,.T.);
#645 = ORIENTED_EDGE('',*,*,#646,.T.);
#646 = EDGE_CURVE('',#143,#647,#649,.T.);
#647 = VERTEX_POINT('',#648);
#648 = CARTESIAN_POINT('',(-67.6,10.,-9.));
#649 = SURFACE_CURVE('',#650,(#654,#661),.PCURVE_S1.);
#650 = LINE('',#651,#652);
#651 = CARTESIAN_POINT('',(-72.,10.,-9.));
#652 = VECTOR('',#653,1.);
#653 = DIRECTION('',(1.,0.,0.));
#654 = PCURVE('',#157,#655);
#655 = DEFINITIONAL_REPRESENTATION('',(#656),#660);
#656 = LINE('',#657,#658);
#657 = CARTESIAN_POINT('',(0.,0.));
#658 = VECTOR('',#659,1.);
#659 = DIRECTION('',(0.,-1.));
#660 = ( GEOMETRIC_REPRESENTATION_CONTEXT(2) 
PARAMETRIC_REPRESENTATION_CONTEXT() REPRESENTATION_CONTEXT('2D SPACE',''
  ) );
#661 = PCURVE('',#183,#662);
#662 = DEFINITIONAL_REPRESENTATION('',(#663),#667);
#663 = LINE('',#664,#665);
#664 = CARTESIAN_POINT('',(20.,0.));
#665 = VECTOR('',#666,1.);
#666 = DIRECTION('',(0.,-1.));
#667 = ( GEOMETRIC_REPRESENTATION_CONTEXT(2) 
PARAMETRIC_REPRESENTATION_CONTEXT() REPRESENTATION_CONTEXT('2D SPACE',''
  ) );
#668 = ORIENTED_EDGE('',*,*,#669,.F.);
#669 = EDGE_CURVE('',#670,#647,#672,.T.);
#670 = VERTEX_POINT('',#671);
#671 = CARTESIAN_POINT('',(-67.6,10.,3.));
#672 = SURFACE_CURVE('',#673,(#677,#683),.PCURVE_S1.);
#673 = LINE('',#674,#675);
#674 = CARTESIAN_POINT('',(-67.6,10.,-11.8));
#675 = VECTOR('',#676,1.);
#676 = DIRECTION('',(0.,0.,-1.));
#677 = PCURVE('',#157,#678);
#678 = DEFINITIONAL_REPRESENTATION('',(#679),#682);
#679 = B_SPLINE_CURVE_WITH_KNOTS('',1,(#680,#681),.UNSPECIFIED.,.F.,.F.,
  (2,2),(-14.8,-2.8),.PIECEWISE_BEZIER_KNOTS.);
#680 = CARTESIAN_POINT('',(12.,-4.4));
#681 = CARTESIAN_POINT('',(0.,-4.4));
#682 = ( GEOMETRIC_REPRESENTATION_CONTEXT(2) 
PARAMETRIC_REPRESENTATION_CONTEXT() REPRESENTATION_CONTEXT('2D SPACE',''
  ) );
#683 = PCURVE('',#491,#684);
#684 = DEFINITIONAL_REPRESENTATION('',(#685),#688);
#685 = B_SPLINE_CURVE_WITH_KNOTS('',1,(#686,#687),.UNSPECIFIED.,.F.,.F.,
  (2,2),(-14.8,-2.8),.PIECEWISE_BEZIER_KNOTS.);
#686 = CARTESIAN_POINT('',(17.6,-27.6));
#687 = CARTESIAN_POINT('',(5.6,-27.6));
#688 = ( GEOMETRIC_REPRESENTATION_CONTEXT(2) 
PARAMETRIC_REPRESENTATION_CONTEXT() REPRESENTATION_CONTEXT('2D SPACE',''
  ) );
#689 = ORIENTED_EDGE('',*,*,#690,.F.);
#690 = EDGE_CURVE('',#141,#670,#691,.T.);
#691 = SURFACE_CURVE('',#692,(#696,#703),.PCURVE_S1.);
#692 = LINE('',#693,#694);
#693 = CARTESIAN_POINT('',(-72.,10.,3.));
#694 = VECTOR('',#695,1.);
#695 = DIRECTION('',(1.,0.,0.));
#696 = PCURVE('',#157,#697);
#697 = DEFINITIONAL_REPRESENTATION('',(#698),#702);
#698 = LINE('',#699,#700);
#699 = CARTESIAN_POINT('',(12.,0.));
#700 = VECTOR('',#701,1.);
#701 = DIRECTION('',(0.,-1.));
#702 = ( GEOMETRIC_REPRESENTATION_CONTEXT(2) 
PARAMETRIC_REPRESENTATION_CONTEXT() REPRESENTATION_CONTEXT('2D SPACE',''
  ) );
#703 = PCURVE('',#233,#704);
#704 = DEFINITIONAL_REPRESENTATION('',(#705),#709);
#705 = LINE('',#706,#707);
#706 = CARTESIAN_POINT('',(0.,-0.));
#707 = VECTOR('',#708,1.);
#708 = DIRECTION('',(0.,-1.));
#709 = ( GEOMETRIC_REPRESENTATION_CONTEXT(2) 
PARAMETRIC_REPRESENTATION_CONTEXT() REPRESENTATION_CONTEXT('2D SPACE',''
  ) );
#710 = ADVANCED_FACE('',(#711),#233,.T.);
#711 = FACE_BOUND('',#712,.T.);
#712 = EDGE_LOOP('',(#713,#714,#715,#736));
#713 = ORIENTED_EDGE('',*,*,#220,.T.);
#714 = ORIENTED_EDGE('',*,*,#690,.T.);
#715 = ORIENTED_EDGE('',*,*,#716,.F.);
#716 = EDGE_CURVE('',#717,#670,#719,.T.);
#717 = VERTEX_POINT('',#718);
#718 = CARTESIAN_POINT('',(-67.6,-10.,3.));
#719 = SURFACE_CURVE('',#720,(#724,#730),.PCURVE_S1.);
#720 = LINE('',#721,#722);
#721 = CARTESIAN_POINT('',(-67.6,-3.8,3.));
#722 = VECTOR('',#723,1.);
#723 = DIRECTION('',(-0.,1.,0.));
#724 = PCURVE('',#233,#725);
#725 = DEFINITIONAL_REPRESENTATION('',(#726),#729);
#726 = B_SPLINE_CURVE_WITH_KNOTS('',1,(#727,#728),.UNSPECIFIED.,.F.,.F.,
  (2,2),(-6.2,13.8),.PIECEWISE_BEZIER_KNOTS.);
#727 = CARTESIAN_POINT('',(20.,-4.4));
#728 = CARTESIAN_POINT('',(0.,-4.4));
#729 = ( GEOMETRIC_REPRESENTATION_CONTEXT(2) 
PARAMETRIC_REPRESENTATION_CONTEXT() REPRESENTATION_CONTEXT('2D SPACE',''
  ) );
#730 = PCURVE('',#491,#731);
#731 = DEFINITIONAL_REPRESENTATION('',(#732),#735);
#732 = B_SPLINE_CURVE_WITH_KNOTS('',1,(#733,#734),.UNSPECIFIED.,.F.,.F.,
  (2,2),(-6.2,13.8),.PIECEWISE_BEZIER_KNOTS.);
#733 = CARTESIAN_POINT('',(17.6,-7.6));
#734 = CARTESIAN_POINT('',(17.6,-27.6));
#735 = ( GEOMETRIC_REPRESENTATION_CONTEXT(2) 
PARAMETRIC_REPRESENTATION_CONTEXT() REPRESENTATION_CONTEXT('2D SPACE',''
  ) );
#736 = ORIENTED_EDGE('',*,*,#737,.F.);
#737 = EDGE_CURVE('',#195,#717,#738,.T.);
#738 = SURFACE_CURVE('',#739,(#743,#750),.PCURVE_S1.);
#739 = LINE('',#740,#741);
#740 = CARTESIAN_POINT('',(-72.,-10.,3.));
#741 = VECTOR('',#742,1.);
#742 = DIRECTION('',(1.,0.,0.));
#743 = PCURVE('',#233,#744);
#744 = DEFINITIONAL_REPRESENTATION('',(#745),#749);
#745 = LINE('',#746,#747);
#746 = CARTESIAN_POINT('',(20.,0.));
#747 = VECTOR('',#748,1.);
#748 = DIRECTION('',(0.,-1.));
#749 = ( GEOMETRIC_REPRESENTATION_CONTEXT(2) 
PARAMETRIC_REPRESENTATION_CONTEXT() REPRESENTATION_CONTEXT('2D SPACE',''
  ) );
#750 = PCURVE('',#209,#751);
#751 = DEFINITIONAL_REPRESENTATION('',(#752),#756);
#752 = LINE('',#753,#754);
#753 = CARTESIAN_POINT('',(0.,0.));
#754 = VECTOR('',#755,1.);
#755 = DIRECTION('',(0.,-1.));
#756 = ( GEOMETRIC_REPRESENTATION_CONTEXT(2) 
PARAMETRIC_REPRESENTATION_CONTEXT() REPRESENTATION_CONTEXT('2D SPACE',''
  ) );
#757 = ADVANCED_FACE('',(#758),#209,.T.);
#758 = FACE_BOUND('',#759,.T.);
#759 = EDGE_LOOP('',(#760,#761,#762,#783));
#760 = ORIENTED_EDGE('',*,*,#194,.T.);
#761 = ORIENTED_EDGE('',*,*,#737,.T.);
#762 = ORIENTED_EDGE('',*,*,#763,.F.);
#763 = EDGE_CURVE('',#764,#717,#766,.T.);
#764 = VERTEX_POINT('',#765);
#765 = CARTESIAN_POINT('',(-67.6,-10.,-9.));
#766 = SURFACE_CURVE('',#767,(#771,#777),.PCURVE_S1.);
#767 = LINE('',#768,#769);
#768 = CARTESIAN_POINT('',(-67.6,-10.,-5.8));
#769 = VECTOR('',#770,1.);
#770 = DIRECTION('',(0.,-0.,1.));
#771 = PCURVE('',#209,#772);
#772 = DEFINITIONAL_REPRESENTATION('',(#773),#776);
#773 = B_SPLINE_CURVE_WITH_KNOTS('',1,(#774,#775),.UNSPECIFIED.,.F.,.F.,
  (2,2),(-3.2,8.8),.PIECEWISE_BEZIER_KNOTS.);
#774 = CARTESIAN_POINT('',(12.,-4.4));
#775 = CARTESIAN_POINT('',(0.,-4.4));
#776 = ( GEOMETRIC_REPRESENTATION_CONTEXT(2) 
PARAMETRIC_REPRESENTATION_CONTEXT() REPRESENTATION_CONTEXT('2D SPACE',''
  ) );
#777 = PCURVE('',#491,#778);
#778 = DEFINITIONAL_REPRESENTATION('',(#779),#782);
#779 = B_SPLINE_CURVE_WITH_KNOTS('',1,(#780,#781),.UNSPECIFIED.,.F.,.F.,
  (2,2),(-3.2,8.8),.PIECEWISE_BEZIER_KNOTS.);
#780 = CARTESIAN_POINT('',(5.6,-7.6));
#781 = CARTESIAN_POINT('',(17.6,-7.6));
#782 = ( GEOMETRIC_REPRESENTATION_CONTEXT(2) 
PARAMETRIC_REPRESENTATION_CONTEXT() REPRESENTATION_CONTEXT('2D SPACE',''
  ) );
#783 = ORIENTED_EDGE('',*,*,#784,.F.);
#784 = EDGE_CURVE('',#169,#764,#785,.T.);
#785 = SURFACE_CURVE('',#786,(#790,#797),.PCURVE_S1.);
#786 = LINE('',#787,#788);
#787 = CARTESIAN_POINT('',(-72.,-10.,-9.));
#788 = VECTOR('',#789,1.);
#789 = DIRECTION('',(1.,0.,0.));
#790 = PCURVE('',#209,#791);
#791 = DEFINITIONAL_REPRESENTATION('',(#792),#796);
#792 = LINE('',#793,#794);
#793 = CARTESIAN_POINT('',(12.,0.));
#794 = VECTOR('',#795,1.);
#795 = DIRECTION('',(0.,-1.));
#796 = ( GEOMETRIC_REPRESENTATION_CONTEXT(2) 
PARAMETRIC_REPRESENTATION_CONTEXT() REPRESENTATION_CONTEXT('2D SPACE',''
  ) );
#797 = PCURVE('',#183,#798);
#798 = DEFINITIONAL_REPRESENTATION('',(#799),#803);
#799 = LINE('',#800,#801);
#800 = CARTESIAN_POINT('',(0.,0.));
#801 = VECTOR('',#802,1.);
#802 = DIRECTION('',(0.,-1.));
#803 = ( GEOMETRIC_REPRESENTATION_CONTEXT(2) 
PARAMETRIC_REPRESENTATION_CONTEXT() REPRESENTATION_CONTEXT('2D SPACE',''
  ) );
#804 = ADVANCED_FACE('',(#805),#183,.T.);
#805 = FACE_BOUND('',#806,.T.);
#806 = EDGE_LOOP('',(#807,#808,#809,#828));
#807 = ORIENTED_EDGE('',*,*,#168,.T.);
#808 = ORIENTED_EDGE('',*,*,#784,.T.);
#809 = ORIENTED_EDGE('',*,*,#810,.F.);
#810 = EDGE_CURVE('',#647,#764,#811,.T.);
#811 = SURFACE_CURVE('',#812,(#816,#822),.PCURVE_S1.);
#812 = LINE('',#813,#814);
#813 = CARTESIAN_POINT('',(-67.6,-13.8,-9.));
#814 = VECTOR('',#815,1.);
#815 = DIRECTION('',(0.,-1.,0.));
#816 = PCURVE('',#183,#817);
#817 = DEFINITIONAL_REPRESENTATION('',(#818),#821);
#818 = B_SPLINE_CURVE_WITH_KNOTS('',1,(#819,#820),.UNSPECIFIED.,.F.,.F.,
  (2,2),(-23.8,-3.8),.PIECEWISE_BEZIER_KNOTS.);
#819 = CARTESIAN_POINT('',(20.,-4.4));
#820 = CARTESIAN_POINT('',(0.,-4.4));
#821 = ( GEOMETRIC_REPRESENTATION_CONTEXT(2) 
PARAMETRIC_REPRESENTATION_CONTEXT() REPRESENTATION_CONTEXT('2D SPACE',''
  ) );
#822 = PCURVE('',#491,#823);
#823 = DEFINITIONAL_REPRESENTATION('',(#824),#827);
#824 = B_SPLINE_CURVE_WITH_KNOTS('',1,(#825,#826),.UNSPECIFIED.,.F.,.F.,
  (2,2),(-23.8,-3.8),.PIECEWISE_BEZIER_KNOTS.);
#825 = CARTESIAN_POINT('',(5.6,-27.6));
#826 = CARTESIAN_POINT('',(5.6,-7.6));
#827 = ( GEOMETRIC_REPRESENTATION_CONTEXT(2) 
PARAMETRIC_REPRESENTATION_CONTEXT() REPRESENTATION_CONTEXT('2D SPACE',''
  ) );
#828 = ORIENTED_EDGE('',*,*,#646,.F.);
#829 = ADVANCED_FACE('',(#830),#265,.T.);
#830 = FACE_BOUND('',#831,.T.);
#831 = EDGE_LOOP('',(#832,#833,#860));
#832 = ORIENTED_EDGE('',*,*,#335,.F.);
#833 = ORIENTED_EDGE('',*,*,#834,.T.);
#834 = EDGE_CURVE('',#336,#249,#835,.T.);
#835 = SURFACE_CURVE('',#836,(#841,#848),.PCURVE_S1.);
#836 = CIRCLE('',#837,4.);
#837 = AXIS2_PLACEMENT_3D('',#838,#839,#840);
#838 = CARTESIAN_POINT('',(-66.,-16.,-13.));
#839 = DIRECTION('',(-1.,6.123233995737E-17,0.));
#840 = DIRECTION('',(-6.123233995737E-17,-1.,0.));
#841 = PCURVE('',#265,#842);
#842 = DEFINITIONAL_REPRESENTATION('',(#843),#847);
#843 = LINE('',#844,#845);
#844 = CARTESIAN_POINT('',(1.570796326795,-6.28318530718));
#845 = VECTOR('',#846,1.);
#846 = DIRECTION('',(0.,1.));
#847 = ( GEOMETRIC_REPRESENTATION_CONTEXT(2) 
PARAMETRIC_REPRESENTATION_CONTEXT() REPRESENTATION_CONTEXT('2D SPACE',''
  ) );
#848 = PCURVE('',#849,#854);
#849 = CYLINDRICAL_SURFACE('',#850,4.);
#850 = AXIS2_PLACEMENT_3D('',#851,#852,#853);
#851 = CARTESIAN_POINT('',(-70.,-16.,-13.));
#852 = DIRECTION('',(1.,0.,0.));
#853 = DIRECTION('',(0.,-1.,0.));
#854 = DEFINITIONAL_REPRESENTATION('',(#855),#859);
#855 = LINE('',#856,#857);
#856 = CARTESIAN_POINT('',(6.28318530718,4.));
#857 = VECTOR('',#858,1.);
#858 = DIRECTION('',(-1.,-0.));
#859 = ( GEOMETRIC_REPRESENTATION_CONTEXT(2) 
PARAMETRIC_REPRESENTATION_CONTEXT() REPRESENTATION_CONTEXT('2D SPACE',''
  ) );
#860 = ORIENTED_EDGE('',*,*,#248,.F.);
#861 = ADVANCED_FACE('',(#862),#320,.T.);
#862 = FACE_BOUND('',#863,.F.);
#863 = EDGE_LOOP('',(#864,#865,#945,#972));
#864 = ORIENTED_EDGE('',*,*,#418,.F.);
#865 = ORIENTED_EDGE('',*,*,#866,.T.);
#866 = EDGE_CURVE('',#419,#867,#869,.T.);
#867 = VERTEX_POINT('',#868);
#868 = CARTESIAN_POINT('',(-66.,-17.55959179422,13.68343229005));
#869 = SURFACE_CURVE('',#870,(#893,#919),.PCURVE_S1.);
#870 = B_SPLINE_CURVE_WITH_KNOTS('',6,(#871,#872,#873,#874,#875,#876,
    #877,#878,#879,#880,#881,#882,#883,#884,#885,#886,#887,#888,#889,
    #890,#891,#892),.UNSPECIFIED.,.F.,.F.,(7,5,5,5,7),(0.,0.192169255347
    ,0.499734456832,0.815140369651,1.),.UNSPECIFIED.);
#871 = CARTESIAN_POINT('',(-67.55959179422,-16.,13.68343229005));
#872 = CARTESIAN_POINT('',(-67.54441854073,-16.0743334576,13.689856755)
  );
#873 = CARTESIAN_POINT('',(-67.5259018928,-16.14777899541,
    13.695808275648));
#874 = CARTESIAN_POINT('',(-67.50411406182,-16.22015500291,
    13.701278689252));
#875 = CARTESIAN_POINT('',(-67.47913840521,-16.29129171541,
    13.70626197213));
#876 = CARTESIAN_POINT('',(-67.45106673598,-16.36103062458,
    13.710753813916));
#877 = CARTESIAN_POINT('',(-67.37026920511,-16.53836660833,
    13.721148959958));
#878 = CARTESIAN_POINT('',(-67.31286091154,-16.64355048254,
    13.726280154501));
#879 = CARTESIAN_POINT('',(-67.24816696964,-16.74417996342,
    13.730133026906));
#880 = CARTESIAN_POINT('',(-67.17661231247,-16.83973621797,
    13.732704181221));
#881 = CARTESIAN_POINT('',(-67.0986248555,-16.92975054781,
    13.733992544541));
#882 = CARTESIAN_POINT('',(-66.92852982114,-17.09995007347,
    13.734003738043));
#883 = CARTESIAN_POINT('',(-66.83611392592,-17.17982523149,
    13.732660327802));
#884 = CARTESIAN_POINT('',(-66.73787844089,-17.25292671228,
    13.729967882737));
#885 = CARTESIAN_POINT('',(-66.63432927546,-17.31879334022,
    13.725927570335));
#886 = CARTESIAN_POINT('',(-66.52602860565,-17.3769668925,
    13.720543171614));
#887 = CARTESIAN_POINT('',(-66.34774460719,-17.456361741,13.709892258374
    ));
#888 = CARTESIAN_POINT('',(-66.28045570929,-17.48291137045,
    13.705499405779));
#889 = CARTESIAN_POINT('',(-66.21188963548,-17.50658669991,
    13.700652234536));
#890 = CARTESIAN_POINT('',(-66.14218813984,-17.52730637238,
    13.695354663213));
#891 = CARTESIAN_POINT('',(-66.07150367191,-17.54499616831,
    13.689612183315));
#892 = CARTESIAN_POINT('',(-66.,-17.55959179422,13.68343229005));
#893 = PCURVE('',#320,#894);
#894 = DEFINITIONAL_REPRESENTATION('',(#895),#918);
#895 = B_SPLINE_CURVE_WITH_KNOTS('',6,(#896,#897,#898,#899,#900,#901,
    #902,#903,#904,#905,#906,#907,#908,#909,#910,#911,#912,#913,#914,
    #915,#916,#917),.UNSPECIFIED.,.F.,.F.,(7,5,5,5,7),(0.,0.192169255347
    ,0.499734456832,0.815140369651,1.),.UNSPECIFIED.);
#896 = CARTESIAN_POINT('',(8.881784197001E-15,-1.170275558813));
#897 = CARTESIAN_POINT('',(-4.766212407525E-02,-1.174394883481));
#898 = CARTESIAN_POINT('',(-9.586776011616E-02,-1.178259051459));
#899 = CARTESIAN_POINT('',(-0.144594502333,-1.181851785155));
#900 = CARTESIAN_POINT('',(-0.193810827411,-1.185157977431));
#901 = CARTESIAN_POINT('',(-0.243475842356,-1.188164127585));
#902 = CARTESIAN_POINT('',(-0.373664727166,-1.195171540573));
#903 = CARTESIAN_POINT('',(-0.454810759149,-1.198686387192));
#904 = CARTESIAN_POINT('',(-0.536779361645,-1.201356805418));
#905 = CARTESIAN_POINT('',(-0.619320208372,-1.203149388914));
#906 = CARTESIAN_POINT('',(-0.702144341772,-1.204047627155));
#907 = CARTESIAN_POINT('',(-0.869907117465,-1.204055431233));
#908 = CARTESIAN_POINT('',(-0.954844719821,-1.203118815499));
#909 = CARTESIAN_POINT('',(-1.039479010307,-1.201241579637));
#910 = CARTESIAN_POINT('',(-1.123497898995,-1.198441893288));
#911 = CARTESIAN_POINT('',(-1.206633355444,-1.194756623186));
#912 = CARTESIAN_POINT('',(-1.336761344702,-1.187587957723));
#913 = CARTESIAN_POINT('',(-1.384470775126,-1.184652368853));
#914 = CARTESIAN_POINT('',(-1.431761077767,-1.181440549655));
#915 = CARTESIAN_POINT('',(-1.478596497855,-1.177964606507));
#916 = CARTESIAN_POINT('',(-1.524948642687,-1.174238065726));
#917 = CARTESIAN_POINT('',(-1.570796326795,-1.170275558813));
#918 = ( GEOMETRIC_REPRESENTATION_CONTEXT(2) 
PARAMETRIC_REPRESENTATION_CONTEXT() REPRESENTATION_CONTEXT('2D SPACE',''
  ) );
#919 = PCURVE('',#462,#920);
#920 = DEFINITIONAL_REPRESENTATION('',(#921),#944);
#921 = B_SPLINE_CURVE_WITH_KNOTS('',6,(#922,#923,#924,#925,#926,#927,
    #928,#929,#930,#931,#932,#933,#934,#935,#936,#937,#938,#939,#940,
    #941,#942,#943),.UNSPECIFIED.,.F.,.F.,(7,5,5,5,7),(0.,0.192169255347
    ,0.499734456832,0.815140369651,1.),.UNSPECIFIED.);
#922 = CARTESIAN_POINT('',(0.20135792079,28.28343229005));
#923 = CARTESIAN_POINT('',(0.239291054529,28.289856755));
#924 = CARTESIAN_POINT('',(0.277123526276,28.295808275648));
#925 = CARTESIAN_POINT('',(0.314857448274,28.301278689252));
#926 = CARTESIAN_POINT('',(0.352496848851,28.30626197213));
#927 = CARTESIAN_POINT('',(0.390047430192,28.310753813916));
#928 = CARTESIAN_POINT('',(0.48748496419,28.321148959958));
#929 = CARTESIAN_POINT('',(0.547244603348,28.326280154501));
#930 = CARTESIAN_POINT('',(0.606830647526,28.330133026906));
#931 = CARTESIAN_POINT('',(0.666293187209,28.332704181221));
#932 = CARTESIAN_POINT('',(0.725692076525,28.333992544541));
#933 = CARTESIAN_POINT('',(0.84600437769,28.334003738043));
#934 = CARTESIAN_POINT('',(0.906917081797,28.332660327802));
#935 = CARTESIAN_POINT('',(0.967898028267,28.329967882737));
#936 = CARTESIAN_POINT('',(1.02901166104,28.325927570335));
#937 = CARTESIAN_POINT('',(1.090311467293,28.320543171614));
#938 = CARTESIAN_POINT('',(1.187893133183,28.309892258374));
#939 = CARTESIAN_POINT('',(1.224028103441,28.305499405779));
#940 = CARTESIAN_POINT('',(1.260246126842,28.300652234536));
#941 = CARTESIAN_POINT('',(1.296552197572,28.295354663213));
#942 = CARTESIAN_POINT('',(1.332949341226,28.289612183315));
#943 = CARTESIAN_POINT('',(1.369438406005,28.28343229005));
#944 = ( GEOMETRIC_REPRESENTATION_CONTEXT(2) 
PARAMETRIC_REPRESENTATION_CONTEXT() REPRESENTATION_CONTEXT('2D SPACE',''
  ) );
#945 = ORIENTED_EDGE('',*,*,#946,.T.);
#946 = EDGE_CURVE('',#867,#278,#947,.T.);
#947 = SURFACE_CURVE('',#948,(#953,#960),.PCURVE_S1.);
#948 = CIRCLE('',#949,4.);
#949 = AXIS2_PLACEMENT_3D('',#950,#951,#952);
#950 = CARTESIAN_POINT('',(-66.,-16.,10.));
#951 = DIRECTION('',(1.,-6.123233995737E-17,0.));
#952 = DIRECTION('',(-6.123233995737E-17,-1.,0.));
#953 = PCURVE('',#320,#954);
#954 = DEFINITIONAL_REPRESENTATION('',(#955),#959);
#955 = LINE('',#956,#957);
#956 = CARTESIAN_POINT('',(-1.570796326795,-6.28318530718));
#957 = VECTOR('',#958,1.);
#958 = DIRECTION('',(-0.,1.));
#959 = ( GEOMETRIC_REPRESENTATION_CONTEXT(2) 
PARAMETRIC_REPRESENTATION_CONTEXT() REPRESENTATION_CONTEXT('2D SPACE',''
  ) );
#960 = PCURVE('',#961,#966);
#961 = CYLINDRICAL_SURFACE('',#962,4.);
#962 = AXIS2_PLACEMENT_3D('',#963,#964,#965);
#963 = CARTESIAN_POINT('',(-70.,-16.,10.));
#964 = DIRECTION('',(1.,0.,0.));
#965 = DIRECTION('',(0.,-1.,0.));
#966 = DEFINITIONAL_REPRESENTATION('',(#967),#971);
#967 = LINE('',#968,#969);
#968 = CARTESIAN_POINT('',(-6.28318530718,4.));
#969 = VECTOR('',#970,1.);
#970 = DIRECTION('',(1.,-0.));
#971 = ( GEOMETRIC_REPRESENTATION_CONTEXT(2) 
PARAMETRIC_REPRESENTATION_CONTEXT() REPRESENTATION_CONTEXT('2D SPACE',''
  ) );
#972 = ORIENTED_EDGE('',*,*,#305,.F.);
#973 = ADVANCED_FACE('',(#974),#293,.F.);
#974 = FACE_BOUND('',#975,.F.);
#975 = EDGE_LOOP('',(#976,#999,#1000,#1023,#1051,#1074,#1102,#1135,#1163
    ,#1192));
#976 = ORIENTED_EDGE('',*,*,#977,.F.);
#977 = EDGE_CURVE('',#249,#978,#980,.T.);
#978 = VERTEX_POINT('',#979);
#979 = CARTESIAN_POINT('',(39.,-20.,-13.));
#980 = SURFACE_CURVE('',#981,(#985,#992),.PCURVE_S1.);
#981 = LINE('',#982,#983);
#982 = CARTESIAN_POINT('',(-70.,-20.,-13.));
#983 = VECTOR('',#984,1.);
#984 = DIRECTION('',(1.,0.,0.));
#985 = PCURVE('',#293,#986);
#986 = DEFINITIONAL_REPRESENTATION('',(#987),#991);
#987 = LINE('',#988,#989);
#988 = CARTESIAN_POINT('',(4.,0.));
#989 = VECTOR('',#990,1.);
#990 = DIRECTION('',(0.,1.));
#991 = ( GEOMETRIC_REPRESENTATION_CONTEXT(2) 
PARAMETRIC_REPRESENTATION_CONTEXT() REPRESENTATION_CONTEXT('2D SPACE',''
  ) );
#992 = PCURVE('',#849,#993);
#993 = DEFINITIONAL_REPRESENTATION('',(#994),#998);
#994 = LINE('',#995,#996);
#995 = CARTESIAN_POINT('',(0.,0.));
#996 = VECTOR('',#997,1.);
#997 = DIRECTION('',(0.,1.));
#998 = ( GEOMETRIC_REPRESENTATION_CONTEXT(2) 
PARAMETRIC_REPRESENTATION_CONTEXT() REPRESENTATION_CONTEXT('2D SPACE',''
  ) );
#999 = ORIENTED_EDGE('',*,*,#277,.T.);
#1000 = ORIENTED_EDGE('',*,*,#1001,.T.);
#1001 = EDGE_CURVE('',#278,#1002,#1004,.T.);
#1002 = VERTEX_POINT('',#1003);
#1003 = CARTESIAN_POINT('',(66.,-20.,10.));
#1004 = SURFACE_CURVE('',#1005,(#1009,#1016),.PCURVE_S1.);
#1005 = LINE('',#1006,#1007);
#1006 = CARTESIAN_POINT('',(-70.,-20.,10.));
#1007 = VECTOR('',#1008,1.);
#1008 = DIRECTION('',(1.,0.,0.));
#1009 = PCURVE('',#293,#1010);
#1010 = DEFINITIONAL_REPRESENTATION('',(#1011),#1015);
#1011 = LINE('',#1012,#1013);
#1012 = CARTESIAN_POINT('',(27.,0.));
#1013 = VECTOR('',#1014,1.);
#1014 = DIRECTION('',(0.,1.));
#1015 = ( GEOMETRIC_REPRESENTATION_CONTEXT(2) 
PARAMETRIC_REPRESENTATION_CONTEXT() REPRESENTATION_CONTEXT('2D SPACE',''
  ) );
#1016 = PCURVE('',#961,#1017);
#1017 = DEFINITIONAL_REPRESENTATION('',(#1018),#1022);
#1018 = LINE('',#1019,#1020);
#1019 = CARTESIAN_POINT('',(-0.,0.));
#1020 = VECTOR('',#1021,1.);
#1021 = DIRECTION('',(-0.,1.));
#1022 = ( GEOMETRIC_REPRESENTATION_CONTEXT(2) 
PARAMETRIC_REPRESENTATION_CONTEXT() REPRESENTATION_CONTEXT('2D SPACE',''
  ) );
#1023 = ORIENTED_EDGE('',*,*,#1024,.F.);
#1024 = EDGE_CURVE('',#1025,#1002,#1027,.T.);
#1025 = VERTEX_POINT('',#1026);
#1026 = CARTESIAN_POINT('',(66.,-20.,-13.));
#1027 = SURFACE_CURVE('',#1028,(#1032,#1039),.PCURVE_S1.);
#1028 = LINE('',#1029,#1030);
#1029 = CARTESIAN_POINT('',(66.,-20.,-17.));
#1030 = VECTOR('',#1031,1.);
#1031 = DIRECTION('',(0.,0.,1.));
#1032 = PCURVE('',#293,#1033);
#1033 = DEFINITIONAL_REPRESENTATION('',(#1034),#1038);
#1034 = LINE('',#1035,#1036);
#1035 = CARTESIAN_POINT('',(0.,136.));
#1036 = VECTOR('',#1037,1.);
#1037 = DIRECTION('',(1.,0.));
#1038 = ( GEOMETRIC_REPRESENTATION_CONTEXT(2) 
PARAMETRIC_REPRESENTATION_CONTEXT() REPRESENTATION_CONTEXT('2D SPACE',''
  ) );
#1039 = PCURVE('',#1040,#1045);
#1040 = CYLINDRICAL_SURFACE('',#1041,4.);
#1041 = AXIS2_PLACEMENT_3D('',#1042,#1043,#1044);
#1042 = CARTESIAN_POINT('',(66.,-16.,-17.));
#1043 = DIRECTION('',(0.,0.,1.));
#1044 = DIRECTION('',(1.,0.,-0.));
#1045 = DEFINITIONAL_REPRESENTATION('',(#1046),#1050);
#1046 = LINE('',#1047,#1048);
#1047 = CARTESIAN_POINT('',(-1.570796326795,0.));
#1048 = VECTOR('',#1049,1.);
#1049 = DIRECTION('',(-0.,1.));
#1050 = ( GEOMETRIC_REPRESENTATION_CONTEXT(2) 
PARAMETRIC_REPRESENTATION_CONTEXT() REPRESENTATION_CONTEXT('2D SPACE',''
  ) );
#1051 = ORIENTED_EDGE('',*,*,#1052,.F.);
#1052 = EDGE_CURVE('',#1053,#1025,#1055,.T.);
#1053 = VERTEX_POINT('',#1054);
#1054 = CARTESIAN_POINT('',(59.,-20.,-13.));
#1055 = SURFACE_CURVE('',#1056,(#1060,#1067),.PCURVE_S1.);
#1056 = LINE('',#1057,#1058);
#1057 = CARTESIAN_POINT('',(-70.,-20.,-13.));
#1058 = VECTOR('',#1059,1.);
#1059 = DIRECTION('',(1.,0.,0.));
#1060 = PCURVE('',#293,#1061);
#1061 = DEFINITIONAL_REPRESENTATION('',(#1062),#1066);
#1062 = LINE('',#1063,#1064);
#1063 = CARTESIAN_POINT('',(4.,0.));
#1064 = VECTOR('',#1065,1.);
#1065 = DIRECTION('',(0.,1.));
#1066 = ( GEOMETRIC_REPRESENTATION_CONTEXT(2) 
PARAMETRIC_REPRESENTATION_CONTEXT() REPRESENTATION_CONTEXT('2D SPACE',''
  ) );
#1067 = PCURVE('',#849,#1068);
#1068 = DEFINITIONAL_REPRESENTATION('',(#1069),#1073);
#1069 = LINE('',#1070,#1071);
#1070 = CARTESIAN_POINT('',(0.,0.));
#1071 = VECTOR('',#1072,1.);
#1072 = DIRECTION('',(0.,1.));
#1073 = ( GEOMETRIC_REPRESENTATION_CONTEXT(2) 
PARAMETRIC_REPRESENTATION_CONTEXT() REPRESENTATION_CONTEXT('2D SPACE',''
  ) );
#1074 = ORIENTED_EDGE('',*,*,#1075,.T.);
#1075 = EDGE_CURVE('',#1053,#1076,#1078,.T.);
#1076 = VERTEX_POINT('',#1077);
#1077 = CARTESIAN_POINT('',(59.,-20.,1.));
#1078 = SURFACE_CURVE('',#1079,(#1083,#1090),.PCURVE_S1.);
#1079 = LINE('',#1080,#1081);
#1080 = CARTESIAN_POINT('',(59.,-20.,-16.));
#1081 = VECTOR('',#1082,1.);
#1082 = DIRECTION('',(0.,0.,1.));
#1083 = PCURVE('',#293,#1084);
#1084 = DEFINITIONAL_REPRESENTATION('',(#1085),#1089);
#1085 = LINE('',#1086,#1087);
#1086 = CARTESIAN_POINT('',(1.,129.));
#1087 = VECTOR('',#1088,1.);
#1088 = DIRECTION('',(1.,0.));
#1089 = ( GEOMETRIC_REPRESENTATION_CONTEXT(2) 
PARAMETRIC_REPRESENTATION_CONTEXT() REPRESENTATION_CONTEXT('2D SPACE',''
  ) );
#1090 = PCURVE('',#1091,#1096);
#1091 = PLANE('',#1092);
#1092 = AXIS2_PLACEMENT_3D('',#1093,#1094,#1095);
#1093 = CARTESIAN_POINT('',(59.,-24.,-16.));
#1094 = DIRECTION('',(1.,0.,0.));
#1095 = DIRECTION('',(0.,0.,1.));
#1096 = DEFINITIONAL_REPRESENTATION('',(#1097),#1101);
#1097 = LINE('',#1098,#1099);
#1098 = CARTESIAN_POINT('',(0.,-4.));
#1099 = VECTOR('',#1100,1.);
#1100 = DIRECTION('',(1.,0.));
#1101 = ( GEOMETRIC_REPRESENTATION_CONTEXT(2) 
PARAMETRIC_REPRESENTATION_CONTEXT() REPRESENTATION_CONTEXT('2D SPACE',''
  ) );
#1102 = ORIENTED_EDGE('',*,*,#1103,.T.);
#1103 = EDGE_CURVE('',#1076,#1104,#1106,.T.);
#1104 = VERTEX_POINT('',#1105);
#1105 = CARTESIAN_POINT('',(57.,-20.,3.));
#1106 = SURFACE_CURVE('',#1107,(#1112,#1123),.PCURVE_S1.);
#1107 = CIRCLE('',#1108,2.);
#1108 = AXIS2_PLACEMENT_3D('',#1109,#1110,#1111);
#1109 = CARTESIAN_POINT('',(57.,-20.,1.));
#1110 = DIRECTION('',(-0.,-1.,0.));
#1111 = DIRECTION('',(1.,-0.,0.));
#1112 = PCURVE('',#293,#1113);
#1113 = DEFINITIONAL_REPRESENTATION('',(#1114),#1122);
#1114 = ( BOUNDED_CURVE() B_SPLINE_CURVE(2,(#1115,#1116,#1117,#1118,
#1119,#1120,#1121),.UNSPECIFIED.,.T.,.F.) B_SPLINE_CURVE_WITH_KNOTS((1,2
    ,2,2,2,1),(-2.094395102393,0.,2.094395102393,4.188790204786,
6.28318530718,8.377580409573),.UNSPECIFIED.) CURVE() 
GEOMETRIC_REPRESENTATION_ITEM() RATIONAL_B_SPLINE_CURVE((1.,0.5,1.,0.5,
1.,0.5,1.)) REPRESENTATION_ITEM('') );
#1115 = CARTESIAN_POINT('',(18.,129.));
#1116 = CARTESIAN_POINT('',(21.464101615138,129.));
#1117 = CARTESIAN_POINT('',(19.732050807569,126.));
#1118 = CARTESIAN_POINT('',(18.,123.));
#1119 = CARTESIAN_POINT('',(16.267949192431,126.));
#1120 = CARTESIAN_POINT('',(14.535898384862,129.));
#1121 = CARTESIAN_POINT('',(18.,129.));
#1122 = ( GEOMETRIC_REPRESENTATION_CONTEXT(2) 
PARAMETRIC_REPRESENTATION_CONTEXT() REPRESENTATION_CONTEXT('2D SPACE',''
  ) );
#1123 = PCURVE('',#1124,#1129);
#1124 = CYLINDRICAL_SURFACE('',#1125,2.);
#1125 = AXIS2_PLACEMENT_3D('',#1126,#1127,#1128);
#1126 = CARTESIAN_POINT('',(57.,-24.,1.));
#1127 = DIRECTION('',(0.,1.,0.));
#1128 = DIRECTION('',(1.,0.,-0.));
#1129 = DEFINITIONAL_REPRESENTATION('',(#1130),#1134);
#1130 = LINE('',#1131,#1132);
#1131 = CARTESIAN_POINT('',(-0.,4.));
#1132 = VECTOR('',#1133,1.);
#1133 = DIRECTION('',(-1.,0.));
#1134 = ( GEOMETRIC_REPRESENTATION_CONTEXT(2) 
PARAMETRIC_REPRESENTATION_CONTEXT() REPRESENTATION_CONTEXT('2D SPACE',''
  ) );
#1135 = ORIENTED_EDGE('',*,*,#1136,.F.);
#1136 = EDGE_CURVE('',#1137,#1104,#1139,.T.);
#1137 = VERTEX_POINT('',#1138);
#1138 = CARTESIAN_POINT('',(41.,-20.,3.));
#1139 = SURFACE_CURVE('',#1140,(#1144,#1151),.PCURVE_S1.);
#1140 = LINE('',#1141,#1142);
#1141 = CARTESIAN_POINT('',(39.,-20.,3.));
#1142 = VECTOR('',#1143,1.);
#1143 = DIRECTION('',(1.,0.,0.));
#1144 = PCURVE('',#293,#1145);
#1145 = DEFINITIONAL_REPRESENTATION('',(#1146),#1150);
#1146 = LINE('',#1147,#1148);
#1147 = CARTESIAN_POINT('',(20.,109.));
#1148 = VECTOR('',#1149,1.);
#1149 = DIRECTION('',(0.,1.));
#1150 = ( GEOMETRIC_REPRESENTATION_CONTEXT(2) 
PARAMETRIC_REPRESENTATION_CONTEXT() REPRESENTATION_CONTEXT('2D SPACE',''
  ) );
#1151 = PCURVE('',#1152,#1157);
#1152 = PLANE('',#1153);
#1153 = AXIS2_PLACEMENT_3D('',#1154,#1155,#1156);
#1154 = CARTESIAN_POINT('',(39.,-24.,3.));
#1155 = DIRECTION('',(0.,0.,1.));
#1156 = DIRECTION('',(1.,0.,0.));
#1157 = DEFINITIONAL_REPRESENTATION('',(#1158),#1162);
#1158 = LINE('',#1159,#1160);
#1159 = CARTESIAN_POINT('',(0.,4.));
#1160 = VECTOR('',#1161,1.);
#1161 = DIRECTION('',(1.,0.));
#1162 = ( GEOMETRIC_REPRESENTATION_CONTEXT(2) 
PARAMETRIC_REPRESENTATION_CONTEXT() REPRESENTATION_CONTEXT('2D SPACE',''
  ) );
#1163 = ORIENTED_EDGE('',*,*,#1164,.F.);
#1164 = EDGE_CURVE('',#1165,#1137,#1167,.T.);
#1165 = VERTEX_POINT('',#1166);
#1166 = CARTESIAN_POINT('',(39.,-20.,1.));
#1167 = SURFACE_CURVE('',#1168,(#1173,#1180),.PCURVE_S1.);
#1168 = CIRCLE('',#1169,2.);
#1169 = AXIS2_PLACEMENT_3D('',#1170,#1171,#1172);
#1170 = CARTESIAN_POINT('',(41.,-20.,1.));
#1171 = DIRECTION('',(0.,1.,0.));
#1172 = DIRECTION('',(-1.,0.,0.));
#1173 = PCURVE('',#293,#1174);
#1174 = DEFINITIONAL_REPRESENTATION('',(#1175),#1179);
#1175 = CIRCLE('',#1176,2.);
#1176 = AXIS2_PLACEMENT_2D('',#1177,#1178);
#1177 = CARTESIAN_POINT('',(18.,111.));
#1178 = DIRECTION('',(0.,-1.));
#1179 = ( GEOMETRIC_REPRESENTATION_CONTEXT(2) 
PARAMETRIC_REPRESENTATION_CONTEXT() REPRESENTATION_CONTEXT('2D SPACE',''
  ) );
#1180 = PCURVE('',#1181,#1186);
#1181 = CYLINDRICAL_SURFACE('',#1182,2.);
#1182 = AXIS2_PLACEMENT_3D('',#1183,#1184,#1185);
#1183 = CARTESIAN_POINT('',(41.,-24.,1.));
#1184 = DIRECTION('',(0.,1.,0.));
#1185 = DIRECTION('',(-1.,0.,0.));
#1186 = DEFINITIONAL_REPRESENTATION('',(#1187),#1191);
#1187 = LINE('',#1188,#1189);
#1188 = CARTESIAN_POINT('',(0.,4.));
#1189 = VECTOR('',#1190,1.);
#1190 = DIRECTION('',(1.,0.));
#1191 = ( GEOMETRIC_REPRESENTATION_CONTEXT(2) 
PARAMETRIC_REPRESENTATION_CONTEXT() REPRESENTATION_CONTEXT('2D SPACE',''
  ) );
#1192 = ORIENTED_EDGE('',*,*,#1193,.F.);
#1193 = EDGE_CURVE('',#978,#1165,#1194,.T.);
#1194 = SURFACE_CURVE('',#1195,(#1199,#1206),.PCURVE_S1.);
#1195 = LINE('',#1196,#1197);
#1196 = CARTESIAN_POINT('',(39.,-20.,-16.));
#1197 = VECTOR('',#1198,1.);
#1198 = DIRECTION('',(0.,0.,1.));
#1199 = PCURVE('',#293,#1200);
#1200 = DEFINITIONAL_REPRESENTATION('',(#1201),#1205);
#1201 = LINE('',#1202,#1203);
#1202 = CARTESIAN_POINT('',(1.,109.));
#1203 = VECTOR('',#1204,1.);
#1204 = DIRECTION('',(1.,0.));
#1205 = ( GEOMETRIC_REPRESENTATION_CONTEXT(2) 
PARAMETRIC_REPRESENTATION_CONTEXT() REPRESENTATION_CONTEXT('2D SPACE',''
  ) );
#1206 = PCURVE('',#1207,#1212);
#1207 = PLANE('',#1208);
#1208 = AXIS2_PLACEMENT_3D('',#1209,#1210,#1211);
#1209 = CARTESIAN_POINT('',(39.,-24.,-16.));
#1210 = DIRECTION('',(1.,0.,0.));
#1211 = DIRECTION('',(0.,0.,1.));
#1212 = DEFINITIONAL_REPRESENTATION('',(#1213),#1217);
#1213 = LINE('',#1214,#1215);
#1214 = CARTESIAN_POINT('',(0.,-4.));
#1215 = VECTOR('',#1216,1.);
#1216 = DIRECTION('',(1.,0.));
#1217 = ( GEOMETRIC_REPRESENTATION_CONTEXT(2) 
PARAMETRIC_REPRESENTATION_CONTEXT() REPRESENTATION_CONTEXT('2D SPACE',''
  ) );
#1218 = ADVANCED_FACE('',(#1219),#375,.F.);
#1219 = FACE_BOUND('',#1220,.F.);
#1220 = EDGE_LOOP('',(#1221,#1222,#1245,#1271,#1297,#1323,#1346,#1372,
    #1398,#1424,#1447,#1475,#1503,#1529,#1555,#1581,#1604,#1630,#1656,
    #1682));
#1221 = ORIENTED_EDGE('',*,*,#359,.F.);
#1222 = ORIENTED_EDGE('',*,*,#1223,.T.);
#1223 = EDGE_CURVE('',#336,#1224,#1226,.T.);
#1224 = VERTEX_POINT('',#1225);
#1225 = CARTESIAN_POINT('',(-32.5,-16.,-17.));
#1226 = SURFACE_CURVE('',#1227,(#1231,#1238),.PCURVE_S1.);
#1227 = LINE('',#1228,#1229);
#1228 = CARTESIAN_POINT('',(-70.,-16.,-17.));
#1229 = VECTOR('',#1230,1.);
#1230 = DIRECTION('',(1.,0.,0.));
#1231 = PCURVE('',#375,#1232);
#1232 = DEFINITIONAL_REPRESENTATION('',(#1233),#1237);
#1233 = LINE('',#1234,#1235);
#1234 = CARTESIAN_POINT('',(0.,4.));
#1235 = VECTOR('',#1236,1.);
#1236 = DIRECTION('',(1.,0.));
#1237 = ( GEOMETRIC_REPRESENTATION_CONTEXT(2) 
PARAMETRIC_REPRESENTATION_CONTEXT() REPRESENTATION_CONTEXT('2D SPACE',''
  ) );
#1238 = PCURVE('',#849,#1239);
#1239 = DEFINITIONAL_REPRESENTATION('',(#1240),#1244);
#1240 = LINE('',#1241,#1242);
#1241 = CARTESIAN_POINT('',(1.570796326795,0.));
#1242 = VECTOR('',#1243,1.);
#1243 = DIRECTION('',(0.,1.));
#1244 = ( GEOMETRIC_REPRESENTATION_CONTEXT(2) 
PARAMETRIC_REPRESENTATION_CONTEXT() REPRESENTATION_CONTEXT('2D SPACE',''
  ) );
#1245 = ORIENTED_EDGE('',*,*,#1246,.T.);
#1246 = EDGE_CURVE('',#1224,#1247,#1249,.T.);
#1247 = VERTEX_POINT('',#1248);
#1248 = CARTESIAN_POINT('',(-32.5,-13.9,-17.));
#1249 = SURFACE_CURVE('',#1250,(#1254,#1260),.PCURVE_S1.);
#1250 = LINE('',#1251,#1252);
#1251 = CARTESIAN_POINT('',(-32.5,-16.95,-17.));
#1252 = VECTOR('',#1253,1.);
#1253 = DIRECTION('',(-0.,1.,0.));
#1254 = PCURVE('',#375,#1255);
#1255 = DEFINITIONAL_REPRESENTATION('',(#1256),#1259);
#1256 = B_SPLINE_CURVE_WITH_KNOTS('',1,(#1257,#1258),.UNSPECIFIED.,.F.,
  .F.,(2,2),(0.95,3.05),.PIECEWISE_BEZIER_KNOTS.);
#1257 = CARTESIAN_POINT('',(37.5,4.));
#1258 = CARTESIAN_POINT('',(37.5,6.1));
#1259 = ( GEOMETRIC_REPRESENTATION_CONTEXT(2) 
PARAMETRIC_REPRESENTATION_CONTEXT() REPRESENTATION_CONTEXT('2D SPACE',''
  ) );
#1260 = PCURVE('',#1261,#1266);
#1261 = PLANE('',#1262);
#1262 = AXIS2_PLACEMENT_3D('',#1263,#1264,#1265);
#1263 = CARTESIAN_POINT('',(-32.5,-13.9,-18.));
#1264 = DIRECTION('',(1.,0.,-0.));
#1265 = DIRECTION('',(0.,-1.,0.));
#1266 = DEFINITIONAL_REPRESENTATION('',(#1267),#1270);
#1267 = B_SPLINE_CURVE_WITH_KNOTS('',1,(#1268,#1269),.UNSPECIFIED.,.F.,
  .F.,(2,2),(0.95,3.05),.PIECEWISE_BEZIER_KNOTS.);
#1268 = CARTESIAN_POINT('',(2.1,-1.));
#1269 = CARTESIAN_POINT('',(0.,-1.));
#1270 = ( GEOMETRIC_REPRESENTATION_CONTEXT(2) 
PARAMETRIC_REPRESENTATION_CONTEXT() REPRESENTATION_CONTEXT('2D SPACE',''
  ) );
#1271 = ORIENTED_EDGE('',*,*,#1272,.T.);
#1272 = EDGE_CURVE('',#1247,#1273,#1275,.T.);
#1273 = VERTEX_POINT('',#1274);
#1274 = CARTESIAN_POINT('',(-27.5,-13.9,-17.));
#1275 = SURFACE_CURVE('',#1276,(#1280,#1286),.PCURVE_S1.);
#1276 = LINE('',#1277,#1278);
#1277 = CARTESIAN_POINT('',(-48.75,-13.9,-17.));
#1278 = VECTOR('',#1279,1.);
#1279 = DIRECTION('',(1.,0.,-0.));
#1280 = PCURVE('',#375,#1281);
#1281 = DEFINITIONAL_REPRESENTATION('',(#1282),#1285);
#1282 = B_SPLINE_CURVE_WITH_KNOTS('',1,(#1283,#1284),.UNSPECIFIED.,.F.,
  .F.,(2,2),(16.25,21.25),.PIECEWISE_BEZIER_KNOTS.);
#1283 = CARTESIAN_POINT('',(37.5,6.1));
#1284 = CARTESIAN_POINT('',(42.5,6.1));
#1285 = ( GEOMETRIC_REPRESENTATION_CONTEXT(2) 
PARAMETRIC_REPRESENTATION_CONTEXT() REPRESENTATION_CONTEXT('2D SPACE',''
  ) );
#1286 = PCURVE('',#1287,#1292);
#1287 = PLANE('',#1288);
#1288 = AXIS2_PLACEMENT_3D('',#1289,#1290,#1291);
#1289 = CARTESIAN_POINT('',(-27.5,-13.9,-18.));
#1290 = DIRECTION('',(0.,-1.,0.));
#1291 = DIRECTION('',(-1.,0.,0.));
#1292 = DEFINITIONAL_REPRESENTATION('',(#1293),#1296);
#1293 = B_SPLINE_CURVE_WITH_KNOTS('',1,(#1294,#1295),.UNSPECIFIED.,.F.,
  .F.,(2,2),(16.25,21.25),.PIECEWISE_BEZIER_KNOTS.);
#1294 = CARTESIAN_POINT('',(5.,-1.));
#1295 = CARTESIAN_POINT('',(0.,-1.));
#1296 = ( GEOMETRIC_REPRESENTATION_CONTEXT(2) 
PARAMETRIC_REPRESENTATION_CONTEXT() REPRESENTATION_CONTEXT('2D SPACE',''
  ) );
#1297 = ORIENTED_EDGE('',*,*,#1298,.T.);
#1298 = EDGE_CURVE('',#1273,#1299,#1301,.T.);
#1299 = VERTEX_POINT('',#1300);
#1300 = CARTESIAN_POINT('',(-27.5,-16.,-17.));
#1301 = SURFACE_CURVE('',#1302,(#1306,#1312),.PCURVE_S1.);
#1302 = LINE('',#1303,#1304);
#1303 = CARTESIAN_POINT('',(-27.5,-18.05,-17.));
#1304 = VECTOR('',#1305,1.);
#1305 = DIRECTION('',(0.,-1.,0.));
#1306 = PCURVE('',#375,#1307);
#1307 = DEFINITIONAL_REPRESENTATION('',(#1308),#1311);
#1308 = B_SPLINE_CURVE_WITH_KNOTS('',1,(#1309,#1310),.UNSPECIFIED.,.F.,
  .F.,(2,2),(-4.15,-2.05),.PIECEWISE_BEZIER_KNOTS.);
#1309 = CARTESIAN_POINT('',(42.5,6.1));
#1310 = CARTESIAN_POINT('',(42.5,4.));
#1311 = ( GEOMETRIC_REPRESENTATION_CONTEXT(2) 
PARAMETRIC_REPRESENTATION_CONTEXT() REPRESENTATION_CONTEXT('2D SPACE',''
  ) );
#1312 = PCURVE('',#1313,#1318);
#1313 = PLANE('',#1314);
#1314 = AXIS2_PLACEMENT_3D('',#1315,#1316,#1317);
#1315 = CARTESIAN_POINT('',(-27.5,-16.1,-18.));
#1316 = DIRECTION('',(-1.,0.,0.));
#1317 = DIRECTION('',(0.,1.,0.));
#1318 = DEFINITIONAL_REPRESENTATION('',(#1319),#1322);
#1319 = B_SPLINE_CURVE_WITH_KNOTS('',1,(#1320,#1321),.UNSPECIFIED.,.F.,
  .F.,(2,2),(-4.15,-2.05),.PIECEWISE_BEZIER_KNOTS.);
#1320 = CARTESIAN_POINT('',(2.2,-1.));
#1321 = CARTESIAN_POINT('',(0.1,-1.));
#1322 = ( GEOMETRIC_REPRESENTATION_CONTEXT(2) 
PARAMETRIC_REPRESENTATION_CONTEXT() REPRESENTATION_CONTEXT('2D SPACE',''
  ) );
#1323 = ORIENTED_EDGE('',*,*,#1324,.T.);
#1324 = EDGE_CURVE('',#1299,#1325,#1327,.T.);
#1325 = VERTEX_POINT('',#1326);
#1326 = CARTESIAN_POINT('',(-2.5,-16.,-17.));
#1327 = SURFACE_CURVE('',#1328,(#1332,#1339),.PCURVE_S1.);
#1328 = LINE('',#1329,#1330);
#1329 = CARTESIAN_POINT('',(-70.,-16.,-17.));
#1330 = VECTOR('',#1331,1.);
#1331 = DIRECTION('',(1.,0.,0.));
#1332 = PCURVE('',#375,#1333);
#1333 = DEFINITIONAL_REPRESENTATION('',(#1334),#1338);
#1334 = LINE('',#1335,#1336);
#1335 = CARTESIAN_POINT('',(0.,4.));
#1336 = VECTOR('',#1337,1.);
#1337 = DIRECTION('',(1.,0.));
#1338 = ( GEOMETRIC_REPRESENTATION_CONTEXT(2) 
PARAMETRIC_REPRESENTATION_CONTEXT() REPRESENTATION_CONTEXT('2D SPACE',''
  ) );
#1339 = PCURVE('',#849,#1340);
#1340 = DEFINITIONAL_REPRESENTATION('',(#1341),#1345);
#1341 = LINE('',#1342,#1343);
#1342 = CARTESIAN_POINT('',(1.570796326795,0.));
#1343 = VECTOR('',#1344,1.);
#1344 = DIRECTION('',(0.,1.));
#1345 = ( GEOMETRIC_REPRESENTATION_CONTEXT(2) 
PARAMETRIC_REPRESENTATION_CONTEXT() REPRESENTATION_CONTEXT('2D SPACE',''
  ) );
#1346 = ORIENTED_EDGE('',*,*,#1347,.T.);
#1347 = EDGE_CURVE('',#1325,#1348,#1350,.T.);
#1348 = VERTEX_POINT('',#1349);
#1349 = CARTESIAN_POINT('',(-2.5,-13.9,-17.));
#1350 = SURFACE_CURVE('',#1351,(#1355,#1361),.PCURVE_S1.);
#1351 = LINE('',#1352,#1353);
#1352 = CARTESIAN_POINT('',(-2.5,-16.95,-17.));
#1353 = VECTOR('',#1354,1.);
#1354 = DIRECTION('',(-0.,1.,0.));
#1355 = PCURVE('',#375,#1356);
#1356 = DEFINITIONAL_REPRESENTATION('',(#1357),#1360);
#1357 = B_SPLINE_CURVE_WITH_KNOTS('',1,(#1358,#1359),.UNSPECIFIED.,.F.,
  .F.,(2,2),(0.95,3.05),.PIECEWISE_BEZIER_KNOTS.);
#1358 = CARTESIAN_POINT('',(67.5,4.));
#1359 = CARTESIAN_POINT('',(67.5,6.1));
#1360 = ( GEOMETRIC_REPRESENTATION_CONTEXT(2) 
PARAMETRIC_REPRESENTATION_CONTEXT() REPRESENTATION_CONTEXT('2D SPACE',''
  ) );
#1361 = PCURVE('',#1362,#1367);
#1362 = PLANE('',#1363);
#1363 = AXIS2_PLACEMENT_3D('',#1364,#1365,#1366);
#1364 = CARTESIAN_POINT('',(-2.5,-13.9,-18.));
#1365 = DIRECTION('',(1.,0.,-0.));
#1366 = DIRECTION('',(0.,-1.,0.));
#1367 = DEFINITIONAL_REPRESENTATION('',(#1368),#1371);
#1368 = B_SPLINE_CURVE_WITH_KNOTS('',1,(#1369,#1370),.UNSPECIFIED.,.F.,
  .F.,(2,2),(0.95,3.05),.PIECEWISE_BEZIER_KNOTS.);
#1369 = CARTESIAN_POINT('',(2.1,-1.));
#1370 = CARTESIAN_POINT('',(0.,-1.));
#1371 = ( GEOMETRIC_REPRESENTATION_CONTEXT(2) 
PARAMETRIC_REPRESENTATION_CONTEXT() REPRESENTATION_CONTEXT('2D SPACE',''
  ) );
#1372 = ORIENTED_EDGE('',*,*,#1373,.T.);
#1373 = EDGE_CURVE('',#1348,#1374,#1376,.T.);
#1374 = VERTEX_POINT('',#1375);
#1375 = CARTESIAN_POINT('',(2.5,-13.9,-17.));
#1376 = SURFACE_CURVE('',#1377,(#1381,#1387),.PCURVE_S1.);
#1377 = LINE('',#1378,#1379);
#1378 = CARTESIAN_POINT('',(-33.75,-13.9,-17.));
#1379 = VECTOR('',#1380,1.);
#1380 = DIRECTION('',(1.,0.,-0.));
#1381 = PCURVE('',#375,#1382);
#1382 = DEFINITIONAL_REPRESENTATION('',(#1383),#1386);
#1383 = B_SPLINE_CURVE_WITH_KNOTS('',1,(#1384,#1385),.UNSPECIFIED.,.F.,
  .F.,(2,2),(31.25,36.25),.PIECEWISE_BEZIER_KNOTS.);
#1384 = CARTESIAN_POINT('',(67.5,6.1));
#1385 = CARTESIAN_POINT('',(72.5,6.1));
#1386 = ( GEOMETRIC_REPRESENTATION_CONTEXT(2) 
PARAMETRIC_REPRESENTATION_CONTEXT() REPRESENTATION_CONTEXT('2D SPACE',''
  ) );
#1387 = PCURVE('',#1388,#1393);
#1388 = PLANE('',#1389);
#1389 = AXIS2_PLACEMENT_3D('',#1390,#1391,#1392);
#1390 = CARTESIAN_POINT('',(2.5,-13.9,-18.));
#1391 = DIRECTION('',(0.,-1.,0.));
#1392 = DIRECTION('',(-1.,0.,0.));
#1393 = DEFINITIONAL_REPRESENTATION('',(#1394),#1397);
#1394 = B_SPLINE_CURVE_WITH_KNOTS('',1,(#1395,#1396),.UNSPECIFIED.,.F.,
  .F.,(2,2),(31.25,36.25),.PIECEWISE_BEZIER_KNOTS.);
#1395 = CARTESIAN_POINT('',(5.,-1.));
#1396 = CARTESIAN_POINT('',(0.,-1.));
#1397 = ( GEOMETRIC_REPRESENTATION_CONTEXT(2) 
PARAMETRIC_REPRESENTATION_CONTEXT() REPRESENTATION_CONTEXT('2D SPACE',''
  ) );
#1398 = ORIENTED_EDGE('',*,*,#1399,.T.);
#1399 = EDGE_CURVE('',#1374,#1400,#1402,.T.);
#1400 = VERTEX_POINT('',#1401);
#1401 = CARTESIAN_POINT('',(2.5,-16.,-17.));
#1402 = SURFACE_CURVE('',#1403,(#1407,#1413),.PCURVE_S1.);
#1403 = LINE('',#1404,#1405);
#1404 = CARTESIAN_POINT('',(2.5,-18.05,-17.));
#1405 = VECTOR('',#1406,1.);
#1406 = DIRECTION('',(0.,-1.,0.));
#1407 = PCURVE('',#375,#1408);
#1408 = DEFINITIONAL_REPRESENTATION('',(#1409),#1412);
#1409 = B_SPLINE_CURVE_WITH_KNOTS('',1,(#1410,#1411),.UNSPECIFIED.,.F.,
  .F.,(2,2),(-4.15,-2.05),.PIECEWISE_BEZIER_KNOTS.);
#1410 = CARTESIAN_POINT('',(72.5,6.1));
#1411 = CARTESIAN_POINT('',(72.5,4.));
#1412 = ( GEOMETRIC_REPRESENTATION_CONTEXT(2) 
PARAMETRIC_REPRESENTATION_CONTEXT() REPRESENTATION_CONTEXT('2D SPACE',''
  ) );
#1413 = PCURVE('',#1414,#1419);
#1414 = PLANE('',#1415);
#1415 = AXIS2_PLACEMENT_3D('',#1416,#1417,#1418);
#1416 = CARTESIAN_POINT('',(2.5,-16.1,-18.));
#1417 = DIRECTION('',(-1.,0.,0.));
#1418 = DIRECTION('',(0.,1.,0.));
#1419 = DEFINITIONAL_REPRESENTATION('',(#1420),#1423);
#1420 = B_SPLINE_CURVE_WITH_KNOTS('',1,(#1421,#1422),.UNSPECIFIED.,.F.,
  .F.,(2,2),(-4.15,-2.05),.PIECEWISE_BEZIER_KNOTS.);
#1421 = CARTESIAN_POINT('',(2.2,-1.));
#1422 = CARTESIAN_POINT('',(0.1,-1.));
#1423 = ( GEOMETRIC_REPRESENTATION_CONTEXT(2) 
PARAMETRIC_REPRESENTATION_CONTEXT() REPRESENTATION_CONTEXT('2D SPACE',''
  ) );
#1424 = ORIENTED_EDGE('',*,*,#1425,.T.);
#1425 = EDGE_CURVE('',#1400,#1426,#1428,.T.);
#1426 = VERTEX_POINT('',#1427);
#1427 = CARTESIAN_POINT('',(66.,-16.,-17.));
#1428 = SURFACE_CURVE('',#1429,(#1433,#1440),.PCURVE_S1.);
#1429 = LINE('',#1430,#1431);
#1430 = CARTESIAN_POINT('',(-70.,-16.,-17.));
#1431 = VECTOR('',#1432,1.);
#1432 = DIRECTION('',(1.,0.,0.));
#1433 = PCURVE('',#375,#1434);
#1434 = DEFINITIONAL_REPRESENTATION('',(#1435),#1439);
#1435 = LINE('',#1436,#1437);
#1436 = CARTESIAN_POINT('',(0.,4.));
#1437 = VECTOR('',#1438,1.);
#1438 = DIRECTION('',(1.,0.));
#1439 = ( GEOMETRIC_REPRESENTATION_CONTEXT(2) 
PARAMETRIC_REPRESENTATION_CONTEXT() REPRESENTATION_CONTEXT('2D SPACE',''
  ) );
#1440 = PCURVE('',#849,#1441);
#1441 = DEFINITIONAL_REPRESENTATION('',(#1442),#1446);
#1442 = LINE('',#1443,#1444);
#1443 = CARTESIAN_POINT('',(1.570796326795,0.));
#1444 = VECTOR('',#1445,1.);
#1445 = DIRECTION('',(0.,1.));
#1446 = ( GEOMETRIC_REPRESENTATION_CONTEXT(2) 
PARAMETRIC_REPRESENTATION_CONTEXT() REPRESENTATION_CONTEXT('2D SPACE',''
  ) );
#1447 = ORIENTED_EDGE('',*,*,#1448,.T.);
#1448 = EDGE_CURVE('',#1426,#1449,#1451,.T.);
#1449 = VERTEX_POINT('',#1450);
#1450 = CARTESIAN_POINT('',(66.,16.,-17.));
#1451 = SURFACE_CURVE('',#1452,(#1456,#1463),.PCURVE_S1.);
#1452 = LINE('',#1453,#1454);
#1453 = CARTESIAN_POINT('',(66.,-20.,-17.));
#1454 = VECTOR('',#1455,1.);
#1455 = DIRECTION('',(0.,1.,0.));
#1456 = PCURVE('',#375,#1457);
#1457 = DEFINITIONAL_REPRESENTATION('',(#1458),#1462);
#1458 = LINE('',#1459,#1460);
#1459 = CARTESIAN_POINT('',(136.,0.));
#1460 = VECTOR('',#1461,1.);
#1461 = DIRECTION('',(0.,1.));
#1462 = ( GEOMETRIC_REPRESENTATION_CONTEXT(2) 
PARAMETRIC_REPRESENTATION_CONTEXT() REPRESENTATION_CONTEXT('2D SPACE',''
  ) );
#1463 = PCURVE('',#1464,#1469);
#1464 = CYLINDRICAL_SURFACE('',#1465,4.);
#1465 = AXIS2_PLACEMENT_3D('',#1466,#1467,#1468);
#1466 = CARTESIAN_POINT('',(66.,-20.,-13.));
#1467 = DIRECTION('',(0.,1.,0.));
#1468 = DIRECTION('',(1.,0.,-0.));
#1469 = DEFINITIONAL_REPRESENTATION('',(#1470),#1474);
#1470 = LINE('',#1471,#1472);
#1471 = CARTESIAN_POINT('',(1.570796326795,0.));
#1472 = VECTOR('',#1473,1.);
#1473 = DIRECTION('',(0.,1.));
#1474 = ( GEOMETRIC_REPRESENTATION_CONTEXT(2) 
PARAMETRIC_REPRESENTATION_CONTEXT() REPRESENTATION_CONTEXT('2D SPACE',''
  ) );
#1475 = ORIENTED_EDGE('',*,*,#1476,.F.);
#1476 = EDGE_CURVE('',#1477,#1449,#1479,.T.);
#1477 = VERTEX_POINT('',#1478);
#1478 = CARTESIAN_POINT('',(2.5,16.,-17.));
#1479 = SURFACE_CURVE('',#1480,(#1484,#1491),.PCURVE_S1.);
#1480 = LINE('',#1481,#1482);
#1481 = CARTESIAN_POINT('',(-70.,16.,-17.));
#1482 = VECTOR('',#1483,1.);
#1483 = DIRECTION('',(1.,0.,0.));
#1484 = PCURVE('',#375,#1485);
#1485 = DEFINITIONAL_REPRESENTATION('',(#1486),#1490);
#1486 = LINE('',#1487,#1488);
#1487 = CARTESIAN_POINT('',(0.,36.));
#1488 = VECTOR('',#1489,1.);
#1489 = DIRECTION('',(1.,0.));
#1490 = ( GEOMETRIC_REPRESENTATION_CONTEXT(2) 
PARAMETRIC_REPRESENTATION_CONTEXT() REPRESENTATION_CONTEXT('2D SPACE',''
  ) );
#1491 = PCURVE('',#1492,#1497);
#1492 = CYLINDRICAL_SURFACE('',#1493,4.);
#1493 = AXIS2_PLACEMENT_3D('',#1494,#1495,#1496);
#1494 = CARTESIAN_POINT('',(-70.,16.,-13.));
#1495 = DIRECTION('',(1.,0.,0.));
#1496 = DIRECTION('',(-0.,1.,0.));
#1497 = DEFINITIONAL_REPRESENTATION('',(#1498),#1502);
#1498 = LINE('',#1499,#1500);
#1499 = CARTESIAN_POINT('',(-1.570796326795,0.));
#1500 = VECTOR('',#1501,1.);
#1501 = DIRECTION('',(-0.,1.));
#1502 = ( GEOMETRIC_REPRESENTATION_CONTEXT(2) 
PARAMETRIC_REPRESENTATION_CONTEXT() REPRESENTATION_CONTEXT('2D SPACE',''
  ) );
#1503 = ORIENTED_EDGE('',*,*,#1504,.T.);
#1504 = EDGE_CURVE('',#1477,#1505,#1507,.T.);
#1505 = VERTEX_POINT('',#1506);
#1506 = CARTESIAN_POINT('',(2.5,13.9,-17.));
#1507 = SURFACE_CURVE('',#1508,(#1512,#1518),.PCURVE_S1.);
#1508 = LINE('',#1509,#1510);
#1509 = CARTESIAN_POINT('',(2.5,-3.05,-17.));
#1510 = VECTOR('',#1511,1.);
#1511 = DIRECTION('',(0.,-1.,0.));
#1512 = PCURVE('',#375,#1513);
#1513 = DEFINITIONAL_REPRESENTATION('',(#1514),#1517);
#1514 = B_SPLINE_CURVE_WITH_KNOTS('',1,(#1515,#1516),.UNSPECIFIED.,.F.,
  .F.,(2,2),(-19.05,-16.95),.PIECEWISE_BEZIER_KNOTS.);
#1515 = CARTESIAN_POINT('',(72.5,36.));
#1516 = CARTESIAN_POINT('',(72.5,33.9));
#1517 = ( GEOMETRIC_REPRESENTATION_CONTEXT(2) 
PARAMETRIC_REPRESENTATION_CONTEXT() REPRESENTATION_CONTEXT('2D SPACE',''
  ) );
#1518 = PCURVE('',#1519,#1524);
#1519 = PLANE('',#1520);
#1520 = AXIS2_PLACEMENT_3D('',#1521,#1522,#1523);
#1521 = CARTESIAN_POINT('',(2.5,13.9,-18.));
#1522 = DIRECTION('',(-1.,0.,0.));
#1523 = DIRECTION('',(0.,1.,0.));
#1524 = DEFINITIONAL_REPRESENTATION('',(#1525),#1528);
#1525 = B_SPLINE_CURVE_WITH_KNOTS('',1,(#1526,#1527),.UNSPECIFIED.,.F.,
  .F.,(2,2),(-19.05,-16.95),.PIECEWISE_BEZIER_KNOTS.);
#1526 = CARTESIAN_POINT('',(2.1,-1.));
#1527 = CARTESIAN_POINT('',(0.,-1.));
#1528 = ( GEOMETRIC_REPRESENTATION_CONTEXT(2) 
PARAMETRIC_REPRESENTATION_CONTEXT() REPRESENTATION_CONTEXT('2D SPACE',''
  ) );
#1529 = ORIENTED_EDGE('',*,*,#1530,.T.);
#1530 = EDGE_CURVE('',#1505,#1531,#1533,.T.);
#1531 = VERTEX_POINT('',#1532);
#1532 = CARTESIAN_POINT('',(-2.5,13.9,-17.));
#1533 = SURFACE_CURVE('',#1534,(#1538,#1544),.PCURVE_S1.);
#1534 = LINE('',#1535,#1536);
#1535 = CARTESIAN_POINT('',(-36.25,13.9,-17.));
#1536 = VECTOR('',#1537,1.);
#1537 = DIRECTION('',(-1.,0.,0.));
#1538 = PCURVE('',#375,#1539);
#1539 = DEFINITIONAL_REPRESENTATION('',(#1540),#1543);
#1540 = B_SPLINE_CURVE_WITH_KNOTS('',1,(#1541,#1542),.UNSPECIFIED.,.F.,
  .F.,(2,2),(-38.75,-33.75),.PIECEWISE_BEZIER_KNOTS.);
#1541 = CARTESIAN_POINT('',(72.5,33.9));
#1542 = CARTESIAN_POINT('',(67.5,33.9));
#1543 = ( GEOMETRIC_REPRESENTATION_CONTEXT(2) 
PARAMETRIC_REPRESENTATION_CONTEXT() REPRESENTATION_CONTEXT('2D SPACE',''
  ) );
#1544 = PCURVE('',#1545,#1550);
#1545 = PLANE('',#1546);
#1546 = AXIS2_PLACEMENT_3D('',#1547,#1548,#1549);
#1547 = CARTESIAN_POINT('',(-2.5,13.9,-18.));
#1548 = DIRECTION('',(0.,1.,0.));
#1549 = DIRECTION('',(1.,0.,0.));
#1550 = DEFINITIONAL_REPRESENTATION('',(#1551),#1554);
#1551 = B_SPLINE_CURVE_WITH_KNOTS('',1,(#1552,#1553),.UNSPECIFIED.,.F.,
  .F.,(2,2),(-38.75,-33.75),.PIECEWISE_BEZIER_KNOTS.);
#1552 = CARTESIAN_POINT('',(5.,-1.));
#1553 = CARTESIAN_POINT('',(0.,-1.));
#1554 = ( GEOMETRIC_REPRESENTATION_CONTEXT(2) 
PARAMETRIC_REPRESENTATION_CONTEXT() REPRESENTATION_CONTEXT('2D SPACE',''
  ) );
#1555 = ORIENTED_EDGE('',*,*,#1556,.T.);
#1556 = EDGE_CURVE('',#1531,#1557,#1559,.T.);
#1557 = VERTEX_POINT('',#1558);
#1558 = CARTESIAN_POINT('',(-2.5,16.,-17.));
#1559 = SURFACE_CURVE('',#1560,(#1564,#1570),.PCURVE_S1.);
#1560 = LINE('',#1561,#1562);
#1561 = CARTESIAN_POINT('',(-2.5,-1.95,-17.));
#1562 = VECTOR('',#1563,1.);
#1563 = DIRECTION('',(-0.,1.,0.));
#1564 = PCURVE('',#375,#1565);
#1565 = DEFINITIONAL_REPRESENTATION('',(#1566),#1569);
#1566 = B_SPLINE_CURVE_WITH_KNOTS('',1,(#1567,#1568),.UNSPECIFIED.,.F.,
  .F.,(2,2),(15.85,17.95),.PIECEWISE_BEZIER_KNOTS.);
#1567 = CARTESIAN_POINT('',(67.5,33.9));
#1568 = CARTESIAN_POINT('',(67.5,36.));
#1569 = ( GEOMETRIC_REPRESENTATION_CONTEXT(2) 
PARAMETRIC_REPRESENTATION_CONTEXT() REPRESENTATION_CONTEXT('2D SPACE',''
  ) );
#1570 = PCURVE('',#1571,#1576);
#1571 = PLANE('',#1572);
#1572 = AXIS2_PLACEMENT_3D('',#1573,#1574,#1575);
#1573 = CARTESIAN_POINT('',(-2.5,16.1,-18.));
#1574 = DIRECTION('',(1.,0.,-0.));
#1575 = DIRECTION('',(0.,-1.,0.));
#1576 = DEFINITIONAL_REPRESENTATION('',(#1577),#1580);
#1577 = B_SPLINE_CURVE_WITH_KNOTS('',1,(#1578,#1579),.UNSPECIFIED.,.F.,
  .F.,(2,2),(15.85,17.95),.PIECEWISE_BEZIER_KNOTS.);
#1578 = CARTESIAN_POINT('',(2.2,-1.));
#1579 = CARTESIAN_POINT('',(0.1,-1.));
#1580 = ( GEOMETRIC_REPRESENTATION_CONTEXT(2) 
PARAMETRIC_REPRESENTATION_CONTEXT() REPRESENTATION_CONTEXT('2D SPACE',''
  ) );
#1581 = ORIENTED_EDGE('',*,*,#1582,.F.);
#1582 = EDGE_CURVE('',#1583,#1557,#1585,.T.);
#1583 = VERTEX_POINT('',#1584);
#1584 = CARTESIAN_POINT('',(-27.5,16.,-17.));
#1585 = SURFACE_CURVE('',#1586,(#1590,#1597),.PCURVE_S1.);
#1586 = LINE('',#1587,#1588);
#1587 = CARTESIAN_POINT('',(-70.,16.,-17.));
#1588 = VECTOR('',#1589,1.);
#1589 = DIRECTION('',(1.,0.,0.));
#1590 = PCURVE('',#375,#1591);
#1591 = DEFINITIONAL_REPRESENTATION('',(#1592),#1596);
#1592 = LINE('',#1593,#1594);
#1593 = CARTESIAN_POINT('',(0.,36.));
#1594 = VECTOR('',#1595,1.);
#1595 = DIRECTION('',(1.,0.));
#1596 = ( GEOMETRIC_REPRESENTATION_CONTEXT(2) 
PARAMETRIC_REPRESENTATION_CONTEXT() REPRESENTATION_CONTEXT('2D SPACE',''
  ) );
#1597 = PCURVE('',#1492,#1598);
#1598 = DEFINITIONAL_REPRESENTATION('',(#1599),#1603);
#1599 = LINE('',#1600,#1601);
#1600 = CARTESIAN_POINT('',(-1.570796326795,0.));
#1601 = VECTOR('',#1602,1.);
#1602 = DIRECTION('',(-0.,1.));
#1603 = ( GEOMETRIC_REPRESENTATION_CONTEXT(2) 
PARAMETRIC_REPRESENTATION_CONTEXT() REPRESENTATION_CONTEXT('2D SPACE',''
  ) );
#1604 = ORIENTED_EDGE('',*,*,#1605,.T.);
#1605 = EDGE_CURVE('',#1583,#1606,#1608,.T.);
#1606 = VERTEX_POINT('',#1607);
#1607 = CARTESIAN_POINT('',(-27.5,13.9,-17.));
#1608 = SURFACE_CURVE('',#1609,(#1613,#1619),.PCURVE_S1.);
#1609 = LINE('',#1610,#1611);
#1610 = CARTESIAN_POINT('',(-27.5,-3.05,-17.));
#1611 = VECTOR('',#1612,1.);
#1612 = DIRECTION('',(0.,-1.,0.));
#1613 = PCURVE('',#375,#1614);
#1614 = DEFINITIONAL_REPRESENTATION('',(#1615),#1618);
#1615 = B_SPLINE_CURVE_WITH_KNOTS('',1,(#1616,#1617),.UNSPECIFIED.,.F.,
  .F.,(2,2),(-19.05,-16.95),.PIECEWISE_BEZIER_KNOTS.);
#1616 = CARTESIAN_POINT('',(42.5,36.));
#1617 = CARTESIAN_POINT('',(42.5,33.9));
#1618 = ( GEOMETRIC_REPRESENTATION_CONTEXT(2) 
PARAMETRIC_REPRESENTATION_CONTEXT() REPRESENTATION_CONTEXT('2D SPACE',''
  ) );
#1619 = PCURVE('',#1620,#1625);
#1620 = PLANE('',#1621);
#1621 = AXIS2_PLACEMENT_3D('',#1622,#1623,#1624);
#1622 = CARTESIAN_POINT('',(-27.5,13.9,-18.));
#1623 = DIRECTION('',(-1.,0.,0.));
#1624 = DIRECTION('',(0.,1.,0.));
#1625 = DEFINITIONAL_REPRESENTATION('',(#1626),#1629);
#1626 = B_SPLINE_CURVE_WITH_KNOTS('',1,(#1627,#1628),.UNSPECIFIED.,.F.,
  .F.,(2,2),(-19.05,-16.95),.PIECEWISE_BEZIER_KNOTS.);
#1627 = CARTESIAN_POINT('',(2.1,-1.));
#1628 = CARTESIAN_POINT('',(0.,-1.));
#1629 = ( GEOMETRIC_REPRESENTATION_CONTEXT(2) 
PARAMETRIC_REPRESENTATION_CONTEXT() REPRESENTATION_CONTEXT('2D SPACE',''
  ) );
#1630 = ORIENTED_EDGE('',*,*,#1631,.T.);
#1631 = EDGE_CURVE('',#1606,#1632,#1634,.T.);
#1632 = VERTEX_POINT('',#1633);
#1633 = CARTESIAN_POINT('',(-32.5,13.9,-17.));
#1634 = SURFACE_CURVE('',#1635,(#1639,#1645),.PCURVE_S1.);
#1635 = LINE('',#1636,#1637);
#1636 = CARTESIAN_POINT('',(-51.25,13.9,-17.));
#1637 = VECTOR('',#1638,1.);
#1638 = DIRECTION('',(-1.,0.,0.));
#1639 = PCURVE('',#375,#1640);
#1640 = DEFINITIONAL_REPRESENTATION('',(#1641),#1644);
#1641 = B_SPLINE_CURVE_WITH_KNOTS('',1,(#1642,#1643),.UNSPECIFIED.,.F.,
  .F.,(2,2),(-23.75,-18.75),.PIECEWISE_BEZIER_KNOTS.);
#1642 = CARTESIAN_POINT('',(42.5,33.9));
#1643 = CARTESIAN_POINT('',(37.5,33.9));
#1644 = ( GEOMETRIC_REPRESENTATION_CONTEXT(2) 
PARAMETRIC_REPRESENTATION_CONTEXT() REPRESENTATION_CONTEXT('2D SPACE',''
  ) );
#1645 = PCURVE('',#1646,#1651);
#1646 = PLANE('',#1647);
#1647 = AXIS2_PLACEMENT_3D('',#1648,#1649,#1650);
#1648 = CARTESIAN_POINT('',(-32.5,13.9,-18.));
#1649 = DIRECTION('',(0.,1.,0.));
#1650 = DIRECTION('',(1.,0.,0.));
#1651 = DEFINITIONAL_REPRESENTATION('',(#1652),#1655);
#1652 = B_SPLINE_CURVE_WITH_KNOTS('',1,(#1653,#1654),.UNSPECIFIED.,.F.,
  .F.,(2,2),(-23.75,-18.75),.PIECEWISE_BEZIER_KNOTS.);
#1653 = CARTESIAN_POINT('',(5.,-1.));
#1654 = CARTESIAN_POINT('',(0.,-1.));
#1655 = ( GEOMETRIC_REPRESENTATION_CONTEXT(2) 
PARAMETRIC_REPRESENTATION_CONTEXT() REPRESENTATION_CONTEXT('2D SPACE',''
  ) );
#1656 = ORIENTED_EDGE('',*,*,#1657,.T.);
#1657 = EDGE_CURVE('',#1632,#1658,#1660,.T.);
#1658 = VERTEX_POINT('',#1659);
#1659 = CARTESIAN_POINT('',(-32.5,16.,-17.));
#1660 = SURFACE_CURVE('',#1661,(#1665,#1671),.PCURVE_S1.);
#1661 = LINE('',#1662,#1663);
#1662 = CARTESIAN_POINT('',(-32.5,-1.95,-17.));
#1663 = VECTOR('',#1664,1.);
#1664 = DIRECTION('',(-0.,1.,0.));
#1665 = PCURVE('',#375,#1666);
#1666 = DEFINITIONAL_REPRESENTATION('',(#1667),#1670);
#1667 = B_SPLINE_CURVE_WITH_KNOTS('',1,(#1668,#1669),.UNSPECIFIED.,.F.,
  .F.,(2,2),(15.85,17.95),.PIECEWISE_BEZIER_KNOTS.);
#1668 = CARTESIAN_POINT('',(37.5,33.9));
#1669 = CARTESIAN_POINT('',(37.5,36.));
#1670 = ( GEOMETRIC_REPRESENTATION_CONTEXT(2) 
PARAMETRIC_REPRESENTATION_CONTEXT() REPRESENTATION_CONTEXT('2D SPACE',''
  ) );
#1671 = PCURVE('',#1672,#1677);
#1672 = PLANE('',#1673);
#1673 = AXIS2_PLACEMENT_3D('',#1674,#1675,#1676);
#1674 = CARTESIAN_POINT('',(-32.5,16.1,-18.));
#1675 = DIRECTION('',(1.,0.,-0.));
#1676 = DIRECTION('',(0.,-1.,0.));
#1677 = DEFINITIONAL_REPRESENTATION('',(#1678),#1681);
#1678 = B_SPLINE_CURVE_WITH_KNOTS('',1,(#1679,#1680),.UNSPECIFIED.,.F.,
  .F.,(2,2),(15.85,17.95),.PIECEWISE_BEZIER_KNOTS.);
#1679 = CARTESIAN_POINT('',(2.2,-1.));
#1680 = CARTESIAN_POINT('',(0.1,-1.));
#1681 = ( GEOMETRIC_REPRESENTATION_CONTEXT(2) 
PARAMETRIC_REPRESENTATION_CONTEXT() REPRESENTATION_CONTEXT('2D SPACE',''
  ) );
#1682 = ORIENTED_EDGE('',*,*,#1683,.F.);
#1683 = EDGE_CURVE('',#360,#1658,#1684,.T.);
#1684 = SURFACE_CURVE('',#1685,(#1689,#1696),.PCURVE_S1.);
#1685 = LINE('',#1686,#1687);
#1686 = CARTESIAN_POINT('',(-70.,16.,-17.));
#1687 = VECTOR('',#1688,1.);
#1688 = DIRECTION('',(1.,0.,0.));
#1689 = PCURVE('',#375,#1690);
#1690 = DEFINITIONAL_REPRESENTATION('',(#1691),#1695);
#1691 = LINE('',#1692,#1693);
#1692 = CARTESIAN_POINT('',(0.,36.));
#1693 = VECTOR('',#1694,1.);
#1694 = DIRECTION('',(1.,0.));
#1695 = ( GEOMETRIC_REPRESENTATION_CONTEXT(2) 
PARAMETRIC_REPRESENTATION_CONTEXT() REPRESENTATION_CONTEXT('2D SPACE',''
  ) );
#1696 = PCURVE('',#1492,#1697);
#1697 = DEFINITIONAL_REPRESENTATION('',(#1698),#1702);
#1698 = LINE('',#1699,#1700);
#1699 = CARTESIAN_POINT('',(-1.570796326795,0.));
#1700 = VECTOR('',#1701,1.);
#1701 = DIRECTION('',(-0.,1.));
#1702 = ( GEOMETRIC_REPRESENTATION_CONTEXT(2) 
PARAMETRIC_REPRESENTATION_CONTEXT() REPRESENTATION_CONTEXT('2D SPACE',''
  ) );
#1703 = ADVANCED_FACE('',(#1704),#402,.T.);
#1704 = FACE_BOUND('',#1705,.F.);
#1705 = EDGE_LOOP('',(#1706,#1707,#1729));
#1706 = ORIENTED_EDGE('',*,*,#387,.F.);
#1707 = ORIENTED_EDGE('',*,*,#1708,.T.);
#1708 = EDGE_CURVE('',#360,#569,#1709,.T.);
#1709 = SURFACE_CURVE('',#1710,(#1715,#1722),.PCURVE_S1.);
#1710 = CIRCLE('',#1711,4.);
#1711 = AXIS2_PLACEMENT_3D('',#1712,#1713,#1714);
#1712 = CARTESIAN_POINT('',(-66.,16.,-13.));
#1713 = DIRECTION('',(1.,6.123233995737E-17,-0.));
#1714 = DIRECTION('',(-6.123233995737E-17,1.,0.));
#1715 = PCURVE('',#402,#1716);
#1716 = DEFINITIONAL_REPRESENTATION('',(#1717),#1721);
#1717 = LINE('',#1718,#1719);
#1718 = CARTESIAN_POINT('',(-1.570796326795,-6.28318530718));
#1719 = VECTOR('',#1720,1.);
#1720 = DIRECTION('',(-0.,1.));
#1721 = ( GEOMETRIC_REPRESENTATION_CONTEXT(2) 
PARAMETRIC_REPRESENTATION_CONTEXT() REPRESENTATION_CONTEXT('2D SPACE',''
  ) );
#1722 = PCURVE('',#1492,#1723);
#1723 = DEFINITIONAL_REPRESENTATION('',(#1724),#1728);
#1724 = LINE('',#1725,#1726);
#1725 = CARTESIAN_POINT('',(-6.28318530718,4.));
#1726 = VECTOR('',#1727,1.);
#1727 = DIRECTION('',(1.,-0.));
#1728 = ( GEOMETRIC_REPRESENTATION_CONTEXT(2) 
PARAMETRIC_REPRESENTATION_CONTEXT() REPRESENTATION_CONTEXT('2D SPACE',''
  ) );
#1729 = ORIENTED_EDGE('',*,*,#568,.F.);
#1730 = ADVANCED_FACE('',(#1731),#551,.T.);
#1731 = FACE_BOUND('',#1732,.F.);
#1732 = EDGE_LOOP('',(#1733,#1734,#1763,#1841));
#1733 = ORIENTED_EDGE('',*,*,#620,.F.);
#1734 = ORIENTED_EDGE('',*,*,#1735,.T.);
#1735 = EDGE_CURVE('',#593,#1736,#1738,.T.);
#1736 = VERTEX_POINT('',#1737);
#1737 = CARTESIAN_POINT('',(-66.,17.559591794227,13.68343229005));
#1738 = SURFACE_CURVE('',#1739,(#1744,#1751),.PCURVE_S1.);
#1739 = CIRCLE('',#1740,4.);
#1740 = AXIS2_PLACEMENT_3D('',#1741,#1742,#1743);
#1741 = CARTESIAN_POINT('',(-66.,16.,10.));
#1742 = DIRECTION('',(1.,0.,6.123233995737E-17));
#1743 = DIRECTION('',(-6.123233995737E-17,0.,1.));
#1744 = PCURVE('',#551,#1745);
#1745 = DEFINITIONAL_REPRESENTATION('',(#1746),#1750);
#1746 = LINE('',#1747,#1748);
#1747 = CARTESIAN_POINT('',(-1.570796326795,-6.28318530718));
#1748 = VECTOR('',#1749,1.);
#1749 = DIRECTION('',(-0.,1.));
#1750 = ( GEOMETRIC_REPRESENTATION_CONTEXT(2) 
PARAMETRIC_REPRESENTATION_CONTEXT() REPRESENTATION_CONTEXT('2D SPACE',''
  ) );
#1751 = PCURVE('',#1752,#1757);
#1752 = CYLINDRICAL_SURFACE('',#1753,4.);
#1753 = AXIS2_PLACEMENT_3D('',#1754,#1755,#1756);
#1754 = CARTESIAN_POINT('',(-70.,16.,10.));
#1755 = DIRECTION('',(1.,0.,0.));
#1756 = DIRECTION('',(-0.,1.,0.));
#1757 = DEFINITIONAL_REPRESENTATION('',(#1758),#1762);
#1758 = LINE('',#1759,#1760);
#1759 = CARTESIAN_POINT('',(-4.712388980385,4.));
#1760 = VECTOR('',#1761,1.);
#1761 = DIRECTION('',(1.,0.));
#1762 = ( GEOMETRIC_REPRESENTATION_CONTEXT(2) 
PARAMETRIC_REPRESENTATION_CONTEXT() REPRESENTATION_CONTEXT('2D SPACE',''
  ) );
#1763 = ORIENTED_EDGE('',*,*,#1764,.F.);
#1764 = EDGE_CURVE('',#503,#1736,#1765,.T.);
#1765 = SURFACE_CURVE('',#1766,(#1789,#1815),.PCURVE_S1.);
#1766 = B_SPLINE_CURVE_WITH_KNOTS('',5,(#1767,#1768,#1769,#1770,#1771,
    #1772,#1773,#1774,#1775,#1776,#1777,#1778,#1779,#1780,#1781,#1782,
    #1783,#1784,#1785,#1786,#1787,#1788),.UNSPECIFIED.,.F.,.F.,(6,4,4,4,
    4,6),(0.,0.191121171693,0.306063591268,0.554016636489,0.854900833957
    ,1.),.UNSPECIFIED.);
#1767 = CARTESIAN_POINT('',(-67.55959179422,16.,13.68343229005));
#1768 = CARTESIAN_POINT('',(-67.54177492367,16.087284483328,
    13.690976081525));
#1769 = CARTESIAN_POINT('',(-67.51908099738,16.173662359782,
    13.697872455017));
#1770 = CARTESIAN_POINT('',(-67.49156592647,16.258759801535,
    13.704093647741));
#1771 = CARTESIAN_POINT('',(-67.45933090269,16.342210919041,
    13.709616767928));
#1772 = CARTESIAN_POINT('',(-67.40038535044,16.472640806726,
    13.717314794797));
#1773 = CARTESIAN_POINT('',(-67.3765940667,16.52089924399,13.71994680667
    ));
#1774 = CARTESIAN_POINT('',(-67.35118047029,16.568355498288,
    13.722315929354));
#1775 = CARTESIAN_POINT('',(-67.32418230396,16.614934410088,
    13.724418979744));
#1776 = CARTESIAN_POINT('',(-67.23407860872,16.758993441009,
    13.730210892268));
#1777 = CARTESIAN_POINT('',(-67.16534098238,16.853005563305,
    13.732918759008));
#1778 = CARTESIAN_POINT('',(-67.08987199751,16.94186346079,
    13.734352167471));
#1779 = CARTESIAN_POINT('',(-67.00822573691,17.024913517915,
    13.734503001016));
#1780 = CARTESIAN_POINT('',(-66.81528903965,17.194653409338,
    13.732017660146));
#1781 = CARTESIAN_POINT('',(-66.70138092988,17.278344089606,
    13.728779479899));
#1782 = CARTESIAN_POINT('',(-66.58052132021,17.351668975382,
    13.723681950176));
#1783 = CARTESIAN_POINT('',(-66.45403746479,17.413910190498,
    13.716777176164));
#1784 = CARTESIAN_POINT('',(-66.2603237846,17.48905857549,
    13.703987473347));
#1785 = CARTESIAN_POINT('',(-66.19631951271,17.510824475929,
    13.699425368273));
#1786 = CARTESIAN_POINT('',(-66.13149211724,17.529856798784,
    13.694471490455));
#1787 = CARTESIAN_POINT('',(-66.06599941971,17.546119719092,
    13.689136463814));
#1788 = CARTESIAN_POINT('',(-66.,17.559591794227,13.68343229005));
#1789 = PCURVE('',#551,#1790);
#1790 = DEFINITIONAL_REPRESENTATION('',(#1791),#1814);
#1791 = B_SPLINE_CURVE_WITH_KNOTS('',5,(#1792,#1793,#1794,#1795,#1796,
    #1797,#1798,#1799,#1800,#1801,#1802,#1803,#1804,#1805,#1806,#1807,
    #1808,#1809,#1810,#1811,#1812,#1813),.UNSPECIFIED.,.F.,.F.,(6,4,4,4,
    4,6),(0.,0.191121171693,0.306063591268,0.554016636489,0.854900833957
    ,1.),.UNSPECIFIED.);
#1792 = CARTESIAN_POINT('',(-1.170275558813,3.552713678801E-15));
#1793 = CARTESIAN_POINT('',(-1.175112588287,-2.182112083192E-02));
#1794 = CARTESIAN_POINT('',(-1.181009037341,-4.341540708387E-02));
#1795 = CARTESIAN_POINT('',(-1.187964895954,-6.47117902936E-02));
#1796 = CARTESIAN_POINT('',(-1.195980073454,-8.563658104937E-02));
#1797 = CARTESIAN_POINT('',(-1.210511799544,-0.11842849942));
#1798 = CARTESIAN_POINT('',(-1.216352168371,-0.130581536747));
#1799 = CARTESIAN_POINT('',(-1.222575336467,-0.142555941613));
#1800 = CARTESIAN_POINT('',(-1.22918046351,-0.154334771063));
#1801 = CARTESIAN_POINT('',(-1.251235272232,-0.19085089517));
#1802 = CARTESIAN_POINT('',(-1.268075285682,-0.214811343532));
#1803 = CARTESIAN_POINT('',(-1.286668304312,-0.237607606255));
#1804 = CARTESIAN_POINT('',(-1.306978893516,-0.259062955652));
#1805 = CARTESIAN_POINT('',(-1.355537904462,-0.303204904787));
#1806 = CARTESIAN_POINT('',(-1.384557358593,-0.325178786609));
#1807 = CARTESIAN_POINT('',(-1.415814795504,-0.344619780205));
#1808 = CARTESIAN_POINT('',(-1.449040504547,-0.36125015662));
#1809 = CARTESIAN_POINT('',(-1.500587796225,-0.381439288591));
#1810 = CARTESIAN_POINT('',(-1.517719956634,-0.387308140883));
#1811 = CARTESIAN_POINT('',(-1.535167338756,-0.392455146768));
#1812 = CARTESIAN_POINT('',(-1.552878413687,-0.396863289284));
#1813 = CARTESIAN_POINT('',(-1.570796326795,-0.400520767981));
#1814 = ( GEOMETRIC_REPRESENTATION_CONTEXT(2) 
PARAMETRIC_REPRESENTATION_CONTEXT() REPRESENTATION_CONTEXT('2D SPACE',''
  ) );
#1815 = PCURVE('',#522,#1816);
#1816 = DEFINITIONAL_REPRESENTATION('',(#1817),#1840);
#1817 = B_SPLINE_CURVE_WITH_KNOTS('',5,(#1818,#1819,#1820,#1821,#1822,
    #1823,#1824,#1825,#1826,#1827,#1828,#1829,#1830,#1831,#1832,#1833,
    #1834,#1835,#1836,#1837,#1838,#1839),.UNSPECIFIED.,.F.,.F.,(6,4,4,4,
    4,6),(0.,0.191121171693,0.306063591268,0.554016636489,0.854900833957
    ,1.),.UNSPECIFIED.);
#1818 = CARTESIAN_POINT('',(-0.20135792079,28.28343229005));
#1819 = CARTESIAN_POINT('',(-0.245900097169,28.290976081525));
#1820 = CARTESIAN_POINT('',(-0.290485538421,28.297872455017));
#1821 = CARTESIAN_POINT('',(-0.335110796489,28.304093647741));
#1822 = CARTESIAN_POINT('',(-0.379771055436,28.309616767928));
#1823 = CARTESIAN_POINT('',(-0.451336643765,28.317314794797));
#1824 = CARTESIAN_POINT('',(-0.478223607875,28.31994680667));
#1825 = CARTESIAN_POINT('',(-0.505119652626,28.322315929354));
#1826 = CARTESIAN_POINT('',(-0.532023246333,28.324418979744));
#1827 = CARTESIAN_POINT('',(-0.616981589488,28.330210892268));
#1828 = CARTESIAN_POINT('',(-0.675059502043,28.332918759008));
#1829 = CARTESIAN_POINT('',(-0.733144714371,28.334352167471));
#1830 = CARTESIAN_POINT('',(-0.791223236522,28.334503001016));
#1831 = CARTESIAN_POINT('',(-0.919710784452,28.332017660146));
#1832 = CARTESIAN_POINT('',(-0.990111907016,28.328779479899));
#1833 = CARTESIAN_POINT('',(-1.060427683937,28.323681950176));
#1834 = CARTESIAN_POINT('',(-1.1306440439,28.316777176164));
#1835 = CARTESIAN_POINT('',(-1.234533732584,28.303987473347));
#1836 = CARTESIAN_POINT('',(-1.268305492534,28.299425368273));
#1837 = CARTESIAN_POINT('',(-1.3020472524,28.294471490455));
#1838 = CARTESIAN_POINT('',(-1.335758218168,28.289136463814));
#1839 = CARTESIAN_POINT('',(-1.369438406005,28.28343229005));
#1840 = ( GEOMETRIC_REPRESENTATION_CONTEXT(2) 
PARAMETRIC_REPRESENTATION_CONTEXT() REPRESENTATION_CONTEXT('2D SPACE',''
  ) );
#1841 = ORIENTED_EDGE('',*,*,#536,.F.);
#1842 = ADVANCED_FACE('',(#1843),#522,.F.);
#1843 = FACE_BOUND('',#1844,.T.);
#1844 = EDGE_LOOP('',(#1845,#1868,#1897,#1925,#1952,#1953));
#1845 = ORIENTED_EDGE('',*,*,#1846,.F.);
#1846 = EDGE_CURVE('',#1847,#477,#1849,.T.);
#1847 = VERTEX_POINT('',#1848);
#1848 = CARTESIAN_POINT('',(-67.6,15.6,-12.6));
#1849 = SURFACE_CURVE('',#1850,(#1854,#1861),.PCURVE_S1.);
#1850 = LINE('',#1851,#1852);
#1851 = CARTESIAN_POINT('',(-67.6,15.6,-14.6));
#1852 = VECTOR('',#1853,1.);
#1853 = DIRECTION('',(0.,0.,1.));
#1854 = PCURVE('',#522,#1855);
#1855 = DEFINITIONAL_REPRESENTATION('',(#1856),#1860);
#1856 = LINE('',#1857,#1858);
#1857 = CARTESIAN_POINT('',(-0.,0.));
#1858 = VECTOR('',#1859,1.);
#1859 = DIRECTION('',(-0.,1.));
#1860 = ( GEOMETRIC_REPRESENTATION_CONTEXT(2) 
PARAMETRIC_REPRESENTATION_CONTEXT() REPRESENTATION_CONTEXT('2D SPACE',''
  ) );
#1861 = PCURVE('',#491,#1862);
#1862 = DEFINITIONAL_REPRESENTATION('',(#1863),#1867);
#1863 = LINE('',#1864,#1865);
#1864 = CARTESIAN_POINT('',(0.,-33.2));
#1865 = VECTOR('',#1866,1.);
#1866 = DIRECTION('',(1.,0.));
#1867 = ( GEOMETRIC_REPRESENTATION_CONTEXT(2) 
PARAMETRIC_REPRESENTATION_CONTEXT() REPRESENTATION_CONTEXT('2D SPACE',''
  ) );
#1868 = ORIENTED_EDGE('',*,*,#1869,.T.);
#1869 = EDGE_CURVE('',#1847,#1870,#1872,.T.);
#1870 = VERTEX_POINT('',#1871);
#1871 = CARTESIAN_POINT('',(-65.6,17.6,-12.6));
#1872 = SURFACE_CURVE('',#1873,(#1878,#1885),.PCURVE_S1.);
#1873 = CIRCLE('',#1874,2.);
#1874 = AXIS2_PLACEMENT_3D('',#1875,#1876,#1877);
#1875 = CARTESIAN_POINT('',(-65.6,15.6,-12.6));
#1876 = DIRECTION('',(-0.,0.,-1.));
#1877 = DIRECTION('',(-1.,0.,0.));
#1878 = PCURVE('',#522,#1879);
#1879 = DEFINITIONAL_REPRESENTATION('',(#1880),#1884);
#1880 = LINE('',#1881,#1882);
#1881 = CARTESIAN_POINT('',(-0.,2.));
#1882 = VECTOR('',#1883,1.);
#1883 = DIRECTION('',(-1.,0.));
#1884 = ( GEOMETRIC_REPRESENTATION_CONTEXT(2) 
PARAMETRIC_REPRESENTATION_CONTEXT() REPRESENTATION_CONTEXT('2D SPACE',''
  ) );
#1885 = PCURVE('',#1886,#1891);
#1886 = SPHERICAL_SURFACE('',#1887,2.);
#1887 = AXIS2_PLACEMENT_3D('',#1888,#1889,#1890);
#1888 = CARTESIAN_POINT('',(-65.6,15.6,-12.6));
#1889 = DIRECTION('',(0.,0.,1.));
#1890 = DIRECTION('',(-1.,0.,0.));
#1891 = DEFINITIONAL_REPRESENTATION('',(#1892),#1896);
#1892 = LINE('',#1893,#1894);
#1893 = CARTESIAN_POINT('',(-0.,0.));
#1894 = VECTOR('',#1895,1.);
#1895 = DIRECTION('',(-1.,0.));
#1896 = ( GEOMETRIC_REPRESENTATION_CONTEXT(2) 
PARAMETRIC_REPRESENTATION_CONTEXT() REPRESENTATION_CONTEXT('2D SPACE',''
  ) );
#1897 = ORIENTED_EDGE('',*,*,#1898,.T.);
#1898 = EDGE_CURVE('',#1870,#1899,#1901,.T.);
#1899 = VERTEX_POINT('',#1900);
#1900 = CARTESIAN_POINT('',(-65.6,17.6,13.666060555965));
#1901 = SURFACE_CURVE('',#1902,(#1906,#1913),.PCURVE_S1.);
#1902 = LINE('',#1903,#1904);
#1903 = CARTESIAN_POINT('',(-65.6,17.6,-14.6));
#1904 = VECTOR('',#1905,1.);
#1905 = DIRECTION('',(0.,0.,1.));
#1906 = PCURVE('',#522,#1907);
#1907 = DEFINITIONAL_REPRESENTATION('',(#1908),#1912);
#1908 = LINE('',#1909,#1910);
#1909 = CARTESIAN_POINT('',(-1.570796326795,0.));
#1910 = VECTOR('',#1911,1.);
#1911 = DIRECTION('',(-0.,1.));
#1912 = ( GEOMETRIC_REPRESENTATION_CONTEXT(2) 
PARAMETRIC_REPRESENTATION_CONTEXT() REPRESENTATION_CONTEXT('2D SPACE',''
  ) );
#1913 = PCURVE('',#1914,#1919);
#1914 = PLANE('',#1915);
#1915 = AXIS2_PLACEMENT_3D('',#1916,#1917,#1918);
#1916 = CARTESIAN_POINT('',(-67.6,17.6,-14.6));
#1917 = DIRECTION('',(0.,1.,0.));
#1918 = DIRECTION('',(0.,0.,1.));
#1919 = DEFINITIONAL_REPRESENTATION('',(#1920),#1924);
#1920 = LINE('',#1921,#1922);
#1921 = CARTESIAN_POINT('',(0.,2.));
#1922 = VECTOR('',#1923,1.);
#1923 = DIRECTION('',(1.,0.));
#1924 = ( GEOMETRIC_REPRESENTATION_CONTEXT(2) 
PARAMETRIC_REPRESENTATION_CONTEXT() REPRESENTATION_CONTEXT('2D SPACE',''
  ) );
#1925 = ORIENTED_EDGE('',*,*,#1926,.F.);
#1926 = EDGE_CURVE('',#1736,#1899,#1927,.T.);
#1927 = SURFACE_CURVE('',#1928,(#1934,#1943),.PCURVE_S1.);
#1928 = B_SPLINE_CURVE_WITH_KNOTS('',4,(#1929,#1930,#1931,#1932,#1933),
  .UNSPECIFIED.,.F.,.F.,(5,5),(0.,1.),.PIECEWISE_BEZIER_KNOTS.);
#1929 = CARTESIAN_POINT('',(-66.0000006,17.559591671752,13.683432341906)
  );
#1930 = CARTESIAN_POINT('',(-65.90102174754,17.579795676975,
    13.674877821189));
#1931 = CARTESIAN_POINT('',(-65.80101888191,17.593264917795,
    13.669000249008));
#1932 = CARTESIAN_POINT('',(-65.7005135924,17.6,13.666060555965));
#1933 = CARTESIAN_POINT('',(-65.6,17.6,13.666060555965));
#1934 = PCURVE('',#522,#1935);
#1935 = DEFINITIONAL_REPRESENTATION('',(#1936),#1942);
#1936 = B_SPLINE_CURVE_WITH_KNOTS('',4,(#1937,#1938,#1939,#1940,#1941),
  .UNSPECIFIED.,.F.,.F.,(5,5),(0.,1.),.PIECEWISE_BEZIER_KNOTS.);
#1937 = CARTESIAN_POINT('',(-1.369438099818,28.283432341906));
#1938 = CARTESIAN_POINT('',(-1.41994803711,28.274877821189));
#1939 = CARTESIAN_POINT('',(-1.470286529649,28.269000249008));
#1940 = CARTESIAN_POINT('',(-1.520539530594,28.266060555965));
#1941 = CARTESIAN_POINT('',(-1.570796326795,28.266060555965));
#1942 = ( GEOMETRIC_REPRESENTATION_CONTEXT(2) 
PARAMETRIC_REPRESENTATION_CONTEXT() REPRESENTATION_CONTEXT('2D SPACE',''
  ) );
#1943 = PCURVE('',#1752,#1944);
#1944 = DEFINITIONAL_REPRESENTATION('',(#1945),#1951);
#1945 = B_SPLINE_CURVE_WITH_KNOTS('',4,(#1946,#1947,#1948,#1949,#1950),
  .UNSPECIFIED.,.F.,.F.,(5,5),(0.,1.),.PIECEWISE_BEZIER_KNOTS.);
#1946 = CARTESIAN_POINT('',(1.170275592064,3.9999994));
#1947 = CARTESIAN_POINT('',(1.164790489217,4.098978252457));
#1948 = CARTESIAN_POINT('',(1.161116697742,4.198981118089));
#1949 = CARTESIAN_POINT('',(1.159279480727,4.299486407598));
#1950 = CARTESIAN_POINT('',(1.159279480727,4.4));
#1951 = ( GEOMETRIC_REPRESENTATION_CONTEXT(2) 
PARAMETRIC_REPRESENTATION_CONTEXT() REPRESENTATION_CONTEXT('2D SPACE',''
  ) );
#1952 = ORIENTED_EDGE('',*,*,#1764,.F.);
#1953 = ORIENTED_EDGE('',*,*,#502,.F.);
#1954 = ADVANCED_FACE('',(#1955,#2008),#491,.T.);
#1955 = FACE_BOUND('',#1956,.T.);
#1956 = EDGE_LOOP('',(#1957,#1980,#2006,#2007));
#1957 = ORIENTED_EDGE('',*,*,#1958,.F.);
#1958 = EDGE_CURVE('',#1959,#443,#1961,.T.);
#1959 = VERTEX_POINT('',#1960);
#1960 = CARTESIAN_POINT('',(-67.6,-15.6,-12.6));
#1961 = SURFACE_CURVE('',#1962,(#1966,#1973),.PCURVE_S1.);
#1962 = LINE('',#1963,#1964);
#1963 = CARTESIAN_POINT('',(-67.6,-15.6,-14.6));
#1964 = VECTOR('',#1965,1.);
#1965 = DIRECTION('',(0.,0.,1.));
#1966 = PCURVE('',#491,#1967);
#1967 = DEFINITIONAL_REPRESENTATION('',(#1968),#1972);
#1968 = LINE('',#1969,#1970);
#1969 = CARTESIAN_POINT('',(0.,-2.));
#1970 = VECTOR('',#1971,1.);
#1971 = DIRECTION('',(1.,0.));
#1972 = ( GEOMETRIC_REPRESENTATION_CONTEXT(2) 
PARAMETRIC_REPRESENTATION_CONTEXT() REPRESENTATION_CONTEXT('2D SPACE',''
  ) );
#1973 = PCURVE('',#462,#1974);
#1974 = DEFINITIONAL_REPRESENTATION('',(#1975),#1979);
#1975 = LINE('',#1976,#1977);
#1976 = CARTESIAN_POINT('',(0.,0.));
#1977 = VECTOR('',#1978,1.);
#1978 = DIRECTION('',(0.,1.));
#1979 = ( GEOMETRIC_REPRESENTATION_CONTEXT(2) 
PARAMETRIC_REPRESENTATION_CONTEXT() REPRESENTATION_CONTEXT('2D SPACE',''
  ) );
#1980 = ORIENTED_EDGE('',*,*,#1981,.T.);
#1981 = EDGE_CURVE('',#1959,#1847,#1982,.T.);
#1982 = SURFACE_CURVE('',#1983,(#1987,#1994),.PCURVE_S1.);
#1983 = LINE('',#1984,#1985);
#1984 = CARTESIAN_POINT('',(-67.6,-17.6,-12.6));
#1985 = VECTOR('',#1986,1.);
#1986 = DIRECTION('',(0.,1.,0.));
#1987 = PCURVE('',#491,#1988);
#1988 = DEFINITIONAL_REPRESENTATION('',(#1989),#1993);
#1989 = LINE('',#1990,#1991);
#1990 = CARTESIAN_POINT('',(2.,0.));
#1991 = VECTOR('',#1992,1.);
#1992 = DIRECTION('',(0.,-1.));
#1993 = ( GEOMETRIC_REPRESENTATION_CONTEXT(2) 
PARAMETRIC_REPRESENTATION_CONTEXT() REPRESENTATION_CONTEXT('2D SPACE',''
  ) );
#1994 = PCURVE('',#1995,#2000);
#1995 = CYLINDRICAL_SURFACE('',#1996,2.);
#1996 = AXIS2_PLACEMENT_3D('',#1997,#1998,#1999);
#1997 = CARTESIAN_POINT('',(-65.6,-17.6,-12.6));
#1998 = DIRECTION('',(0.,1.,0.));
#1999 = DIRECTION('',(-1.,0.,0.));
#2000 = DEFINITIONAL_REPRESENTATION('',(#2001),#2005);
#2001 = LINE('',#2002,#2003);
#2002 = CARTESIAN_POINT('',(-0.,0.));
#2003 = VECTOR('',#2004,1.);
#2004 = DIRECTION('',(-0.,1.));
#2005 = ( GEOMETRIC_REPRESENTATION_CONTEXT(2) 
PARAMETRIC_REPRESENTATION_CONTEXT() REPRESENTATION_CONTEXT('2D SPACE',''
  ) );
#2006 = ORIENTED_EDGE('',*,*,#1846,.T.);
#2007 = ORIENTED_EDGE('',*,*,#476,.F.);
#2008 = FACE_BOUND('',#2009,.T.);
#2009 = EDGE_LOOP('',(#2010,#2011,#2012,#2013));
#2010 = ORIENTED_EDGE('',*,*,#669,.T.);
#2011 = ORIENTED_EDGE('',*,*,#810,.T.);
#2012 = ORIENTED_EDGE('',*,*,#763,.T.);
#2013 = ORIENTED_EDGE('',*,*,#716,.T.);
#2014 = ADVANCED_FACE('',(#2015),#462,.F.);
#2015 = FACE_BOUND('',#2016,.F.);
#2016 = EDGE_LOOP('',(#2017,#2018,#2047,#2075,#2102,#2103));
#2017 = ORIENTED_EDGE('',*,*,#1958,.F.);
#2018 = ORIENTED_EDGE('',*,*,#2019,.T.);
#2019 = EDGE_CURVE('',#1959,#2020,#2022,.T.);
#2020 = VERTEX_POINT('',#2021);
#2021 = CARTESIAN_POINT('',(-65.6,-17.6,-12.6));
#2022 = SURFACE_CURVE('',#2023,(#2028,#2035),.PCURVE_S1.);
#2023 = CIRCLE('',#2024,2.);
#2024 = AXIS2_PLACEMENT_3D('',#2025,#2026,#2027);
#2025 = CARTESIAN_POINT('',(-65.6,-15.6,-12.6));
#2026 = DIRECTION('',(0.,0.,1.));
#2027 = DIRECTION('',(-1.,0.,0.));
#2028 = PCURVE('',#462,#2029);
#2029 = DEFINITIONAL_REPRESENTATION('',(#2030),#2034);
#2030 = LINE('',#2031,#2032);
#2031 = CARTESIAN_POINT('',(0.,2.));
#2032 = VECTOR('',#2033,1.);
#2033 = DIRECTION('',(1.,0.));
#2034 = ( GEOMETRIC_REPRESENTATION_CONTEXT(2) 
PARAMETRIC_REPRESENTATION_CONTEXT() REPRESENTATION_CONTEXT('2D SPACE',''
  ) );
#2035 = PCURVE('',#2036,#2041);
#2036 = SPHERICAL_SURFACE('',#2037,2.);
#2037 = AXIS2_PLACEMENT_3D('',#2038,#2039,#2040);
#2038 = CARTESIAN_POINT('',(-65.6,-15.6,-12.6));
#2039 = DIRECTION('',(0.,0.,1.));
#2040 = DIRECTION('',(-1.,0.,0.));
#2041 = DEFINITIONAL_REPRESENTATION('',(#2042),#2046);
#2042 = LINE('',#2043,#2044);
#2043 = CARTESIAN_POINT('',(0.,0.));
#2044 = VECTOR('',#2045,1.);
#2045 = DIRECTION('',(1.,0.));
#2046 = ( GEOMETRIC_REPRESENTATION_CONTEXT(2) 
PARAMETRIC_REPRESENTATION_CONTEXT() REPRESENTATION_CONTEXT('2D SPACE',''
  ) );
#2047 = ORIENTED_EDGE('',*,*,#2048,.T.);
#2048 = EDGE_CURVE('',#2020,#2049,#2051,.T.);
#2049 = VERTEX_POINT('',#2050);
#2050 = CARTESIAN_POINT('',(-65.6,-17.6,13.666060555965));
#2051 = SURFACE_CURVE('',#2052,(#2056,#2063),.PCURVE_S1.);
#2052 = LINE('',#2053,#2054);
#2053 = CARTESIAN_POINT('',(-65.6,-17.6,-14.6));
#2054 = VECTOR('',#2055,1.);
#2055 = DIRECTION('',(0.,0.,1.));
#2056 = PCURVE('',#462,#2057);
#2057 = DEFINITIONAL_REPRESENTATION('',(#2058),#2062);
#2058 = LINE('',#2059,#2060);
#2059 = CARTESIAN_POINT('',(1.570796326795,0.));
#2060 = VECTOR('',#2061,1.);
#2061 = DIRECTION('',(0.,1.));
#2062 = ( GEOMETRIC_REPRESENTATION_CONTEXT(2) 
PARAMETRIC_REPRESENTATION_CONTEXT() REPRESENTATION_CONTEXT('2D SPACE',''
  ) );
#2063 = PCURVE('',#2064,#2069);
#2064 = PLANE('',#2065);
#2065 = AXIS2_PLACEMENT_3D('',#2066,#2067,#2068);
#2066 = CARTESIAN_POINT('',(-67.6,-17.6,-14.6));
#2067 = DIRECTION('',(0.,1.,0.));
#2068 = DIRECTION('',(0.,0.,1.));
#2069 = DEFINITIONAL_REPRESENTATION('',(#2070),#2074);
#2070 = LINE('',#2071,#2072);
#2071 = CARTESIAN_POINT('',(0.,2.));
#2072 = VECTOR('',#2073,1.);
#2073 = DIRECTION('',(1.,0.));
#2074 = ( GEOMETRIC_REPRESENTATION_CONTEXT(2) 
PARAMETRIC_REPRESENTATION_CONTEXT() REPRESENTATION_CONTEXT('2D SPACE',''
  ) );
#2075 = ORIENTED_EDGE('',*,*,#2076,.F.);
#2076 = EDGE_CURVE('',#867,#2049,#2077,.T.);
#2077 = SURFACE_CURVE('',#2078,(#2084,#2093),.PCURVE_S1.);
#2078 = B_SPLINE_CURVE_WITH_KNOTS('',4,(#2079,#2080,#2081,#2082,#2083),
  .UNSPECIFIED.,.F.,.F.,(5,5),(0.,1.),.PIECEWISE_BEZIER_KNOTS.);
#2079 = CARTESIAN_POINT('',(-66.0000006,-17.55959167175,13.683432341906)
  );
#2080 = CARTESIAN_POINT('',(-65.90102174754,-17.57979567697,
    13.674877821189));
#2081 = CARTESIAN_POINT('',(-65.80101888191,-17.59326491779,
    13.669000249008));
#2082 = CARTESIAN_POINT('',(-65.7005135924,-17.6,13.666060555965));
#2083 = CARTESIAN_POINT('',(-65.6,-17.6,13.666060555965));
#2084 = PCURVE('',#462,#2085);
#2085 = DEFINITIONAL_REPRESENTATION('',(#2086),#2092);
#2086 = B_SPLINE_CURVE_WITH_KNOTS('',4,(#2087,#2088,#2089,#2090,#2091),
  .UNSPECIFIED.,.F.,.F.,(5,5),(0.,1.),.PIECEWISE_BEZIER_KNOTS.);
#2087 = CARTESIAN_POINT('',(1.369438099818,28.283432341906));
#2088 = CARTESIAN_POINT('',(1.41994803711,28.274877821189));
#2089 = CARTESIAN_POINT('',(1.470286529649,28.269000249008));
#2090 = CARTESIAN_POINT('',(1.520539530594,28.266060555965));
#2091 = CARTESIAN_POINT('',(1.570796326795,28.266060555965));
#2092 = ( GEOMETRIC_REPRESENTATION_CONTEXT(2) 
PARAMETRIC_REPRESENTATION_CONTEXT() REPRESENTATION_CONTEXT('2D SPACE',''
  ) );
#2093 = PCURVE('',#961,#2094);
#2094 = DEFINITIONAL_REPRESENTATION('',(#2095),#2101);
#2095 = B_SPLINE_CURVE_WITH_KNOTS('',4,(#2096,#2097,#2098,#2099,#2100),
  .UNSPECIFIED.,.F.,.F.,(5,5),(0.,1.),.PIECEWISE_BEZIER_KNOTS.);
#2096 = CARTESIAN_POINT('',(-1.170275592064,3.9999994));
#2097 = CARTESIAN_POINT('',(-1.164790489217,4.098978252457));
#2098 = CARTESIAN_POINT('',(-1.161116697742,4.198981118089));
#2099 = CARTESIAN_POINT('',(-1.159279480727,4.299486407598));
#2100 = CARTESIAN_POINT('',(-1.159279480727,4.4));
#2101 = ( GEOMETRIC_REPRESENTATION_CONTEXT(2) 
PARAMETRIC_REPRESENTATION_CONTEXT() REPRESENTATION_CONTEXT('2D SPACE',''
  ) );
#2102 = ORIENTED_EDGE('',*,*,#866,.F.);
#2103 = ORIENTED_EDGE('',*,*,#442,.F.);
#2104 = ADVANCED_FACE('',(#2105),#608,.T.);
#2105 = FACE_BOUND('',#2106,.T.);
#2106 = EDGE_LOOP('',(#2107,#2130,#2131,#2154,#2183,#2209,#2235,#2261,
    #2282,#2303,#2329,#2355,#2376,#2397,#2426,#2452,#2481,#2507,#2533));
#2107 = ORIENTED_EDGE('',*,*,#2108,.F.);
#2108 = EDGE_CURVE('',#569,#2109,#2111,.T.);
#2109 = VERTEX_POINT('',#2110);
#2110 = CARTESIAN_POINT('',(66.,20.,-13.));
#2111 = SURFACE_CURVE('',#2112,(#2116,#2123),.PCURVE_S1.);
#2112 = LINE('',#2113,#2114);
#2113 = CARTESIAN_POINT('',(-70.,20.,-13.));
#2114 = VECTOR('',#2115,1.);
#2115 = DIRECTION('',(1.,0.,0.));
#2116 = PCURVE('',#608,#2117);
#2117 = DEFINITIONAL_REPRESENTATION('',(#2118),#2122);
#2118 = LINE('',#2119,#2120);
#2119 = CARTESIAN_POINT('',(4.,0.));
#2120 = VECTOR('',#2121,1.);
#2121 = DIRECTION('',(0.,1.));
#2122 = ( GEOMETRIC_REPRESENTATION_CONTEXT(2) 
PARAMETRIC_REPRESENTATION_CONTEXT() REPRESENTATION_CONTEXT('2D SPACE',''
  ) );
#2123 = PCURVE('',#1492,#2124);
#2124 = DEFINITIONAL_REPRESENTATION('',(#2125),#2129);
#2125 = LINE('',#2126,#2127);
#2126 = CARTESIAN_POINT('',(-0.,0.));
#2127 = VECTOR('',#2128,1.);
#2128 = DIRECTION('',(-0.,1.));
#2129 = ( GEOMETRIC_REPRESENTATION_CONTEXT(2) 
PARAMETRIC_REPRESENTATION_CONTEXT() REPRESENTATION_CONTEXT('2D SPACE',''
  ) );
#2130 = ORIENTED_EDGE('',*,*,#592,.T.);
#2131 = ORIENTED_EDGE('',*,*,#2132,.T.);
#2132 = EDGE_CURVE('',#593,#2133,#2135,.T.);
#2133 = VERTEX_POINT('',#2134);
#2134 = CARTESIAN_POINT('',(58.716784043379,20.,10.));
#2135 = SURFACE_CURVE('',#2136,(#2140,#2147),.PCURVE_S1.);
#2136 = LINE('',#2137,#2138);
#2137 = CARTESIAN_POINT('',(-70.,20.,10.));
#2138 = VECTOR('',#2139,1.);
#2139 = DIRECTION('',(1.,0.,0.));
#2140 = PCURVE('',#608,#2141);
#2141 = DEFINITIONAL_REPRESENTATION('',(#2142),#2146);
#2142 = LINE('',#2143,#2144);
#2143 = CARTESIAN_POINT('',(27.,0.));
#2144 = VECTOR('',#2145,1.);
#2145 = DIRECTION('',(0.,1.));
#2146 = ( GEOMETRIC_REPRESENTATION_CONTEXT(2) 
PARAMETRIC_REPRESENTATION_CONTEXT() REPRESENTATION_CONTEXT('2D SPACE',''
  ) );
#2147 = PCURVE('',#1752,#2148);
#2148 = DEFINITIONAL_REPRESENTATION('',(#2149),#2153);
#2149 = LINE('',#2150,#2151);
#2150 = CARTESIAN_POINT('',(0.,0.));
#2151 = VECTOR('',#2152,1.);
#2152 = DIRECTION('',(0.,1.));
#2153 = ( GEOMETRIC_REPRESENTATION_CONTEXT(2) 
PARAMETRIC_REPRESENTATION_CONTEXT() REPRESENTATION_CONTEXT('2D SPACE',''
  ) );
#2154 = ORIENTED_EDGE('',*,*,#2155,.F.);
#2155 = EDGE_CURVE('',#2156,#2133,#2158,.T.);
#2156 = VERTEX_POINT('',#2157);
#2157 = CARTESIAN_POINT('',(58.7,20.,9.8));
#2158 = SURFACE_CURVE('',#2159,(#2164,#2171),.PCURVE_S1.);
#2159 = CIRCLE('',#2160,1.2);
#2160 = AXIS2_PLACEMENT_3D('',#2161,#2162,#2163);
#2161 = CARTESIAN_POINT('',(59.9,20.,9.8));
#2162 = DIRECTION('',(0.,1.,0.));
#2163 = DIRECTION('',(-1.,0.,0.));
#2164 = PCURVE('',#608,#2165);
#2165 = DEFINITIONAL_REPRESENTATION('',(#2166),#2170);
#2166 = CIRCLE('',#2167,1.2);
#2167 = AXIS2_PLACEMENT_2D('',#2168,#2169);
#2168 = CARTESIAN_POINT('',(26.8,129.9));
#2169 = DIRECTION('',(0.,-1.));
#2170 = ( GEOMETRIC_REPRESENTATION_CONTEXT(2) 
PARAMETRIC_REPRESENTATION_CONTEXT() REPRESENTATION_CONTEXT('2D SPACE',''
  ) );
#2171 = PCURVE('',#2172,#2177);
#2172 = CYLINDRICAL_SURFACE('',#2173,1.2);
#2173 = AXIS2_PLACEMENT_3D('',#2174,#2175,#2176);
#2174 = CARTESIAN_POINT('',(59.9,-16.3,9.8));
#2175 = DIRECTION('',(0.,1.,0.));
#2176 = DIRECTION('',(-1.,0.,0.));
#2177 = DEFINITIONAL_REPRESENTATION('',(#2178),#2182);
#2178 = LINE('',#2179,#2180);
#2179 = CARTESIAN_POINT('',(0.,36.3));
#2180 = VECTOR('',#2181,1.);
#2181 = DIRECTION('',(1.,0.));
#2182 = ( GEOMETRIC_REPRESENTATION_CONTEXT(2) 
PARAMETRIC_REPRESENTATION_CONTEXT() REPRESENTATION_CONTEXT('2D SPACE',''
  ) );
#2183 = ORIENTED_EDGE('',*,*,#2184,.T.);
#2184 = EDGE_CURVE('',#2156,#2185,#2187,.T.);
#2185 = VERTEX_POINT('',#2186);
#2186 = CARTESIAN_POINT('',(58.7,20.,4.816244658109));
#2187 = SURFACE_CURVE('',#2188,(#2192,#2198),.PCURVE_S1.);
#2188 = LINE('',#2189,#2190);
#2189 = CARTESIAN_POINT('',(58.7,20.,-14.));
#2190 = VECTOR('',#2191,1.);
#2191 = DIRECTION('',(0.,0.,-1.));
#2192 = PCURVE('',#608,#2193);
#2193 = DEFINITIONAL_REPRESENTATION('',(#2194),#2197);
#2194 = B_SPLINE_CURVE_WITH_KNOTS('',1,(#2195,#2196),.UNSPECIFIED.,.F.,
  .F.,(2,2),(-23.8,-4.2),.PIECEWISE_BEZIER_KNOTS.);
#2195 = CARTESIAN_POINT('',(26.8,128.7));
#2196 = CARTESIAN_POINT('',(7.2,128.7));
#2197 = ( GEOMETRIC_REPRESENTATION_CONTEXT(2) 
PARAMETRIC_REPRESENTATION_CONTEXT() REPRESENTATION_CONTEXT('2D SPACE',''
  ) );
#2198 = PCURVE('',#2199,#2204);
#2199 = PLANE('',#2200);
#2200 = AXIS2_PLACEMENT_3D('',#2201,#2202,#2203);
#2201 = CARTESIAN_POINT('',(58.7,-16.3,-11.));
#2202 = DIRECTION('',(1.,0.,0.));
#2203 = DIRECTION('',(0.,0.,1.));
#2204 = DEFINITIONAL_REPRESENTATION('',(#2205),#2208);
#2205 = B_SPLINE_CURVE_WITH_KNOTS('',1,(#2206,#2207),.UNSPECIFIED.,.F.,
  .F.,(2,2),(-23.8,-4.2),.PIECEWISE_BEZIER_KNOTS.);
#2206 = CARTESIAN_POINT('',(20.8,-36.3));
#2207 = CARTESIAN_POINT('',(1.2,-36.3));
#2208 = ( GEOMETRIC_REPRESENTATION_CONTEXT(2) 
PARAMETRIC_REPRESENTATION_CONTEXT() REPRESENTATION_CONTEXT('2D SPACE',''
  ) );
#2209 = ORIENTED_EDGE('',*,*,#2210,.F.);
#2210 = EDGE_CURVE('',#2211,#2185,#2213,.T.);
#2211 = VERTEX_POINT('',#2212);
#2212 = CARTESIAN_POINT('',(60.,20.,4.816244658109));
#2213 = SURFACE_CURVE('',#2214,(#2218,#2224),.PCURVE_S1.);
#2214 = LINE('',#2215,#2216);
#2215 = CARTESIAN_POINT('',(55.5,20.,4.816244658109));
#2216 = VECTOR('',#2217,1.);
#2217 = DIRECTION('',(-1.,1.110223024625E-16,-1.232595164408E-32));
#2218 = PCURVE('',#608,#2219);
#2219 = DEFINITIONAL_REPRESENTATION('',(#2220),#2223);
#2220 = B_SPLINE_CURVE_WITH_KNOTS('',1,(#2221,#2222),.UNSPECIFIED.,.F.,
  .F.,(2,2),(-6.2000006,-3.1999994),.PIECEWISE_BEZIER_KNOTS.);
#2221 = CARTESIAN_POINT('',(21.816244658109,131.7000006));
#2222 = CARTESIAN_POINT('',(21.816244658109,128.6999994));
#2223 = ( GEOMETRIC_REPRESENTATION_CONTEXT(2) 
PARAMETRIC_REPRESENTATION_CONTEXT() REPRESENTATION_CONTEXT('2D SPACE',''
  ) );
#2224 = PCURVE('',#2225,#2230);
#2225 = CYLINDRICAL_SURFACE('',#2226,1.35);
#2226 = AXIS2_PLACEMENT_3D('',#2227,#2228,#2229);
#2227 = CARTESIAN_POINT('',(55.5,19.7,3.5));
#2228 = DIRECTION('',(-1.,1.110223024625E-16,-1.232595164408E-32));
#2229 = DIRECTION('',(1.110223024625E-16,1.,-1.110223024625E-16));
#2230 = DEFINITIONAL_REPRESENTATION('',(#2231),#2234);
#2231 = B_SPLINE_CURVE_WITH_KNOTS('',1,(#2232,#2233),.UNSPECIFIED.,.F.,
  .F.,(2,2),(-6.2000006,-3.1999994),.PIECEWISE_BEZIER_KNOTS.);
#2232 = CARTESIAN_POINT('',(-1.346703234494,-6.2000006));
#2233 = CARTESIAN_POINT('',(-1.346703234494,-3.1999994));
#2234 = ( GEOMETRIC_REPRESENTATION_CONTEXT(2) 
PARAMETRIC_REPRESENTATION_CONTEXT() REPRESENTATION_CONTEXT('2D SPACE',''
  ) );
#2235 = ORIENTED_EDGE('',*,*,#2236,.T.);
#2236 = EDGE_CURVE('',#2211,#2237,#2239,.T.);
#2237 = VERTEX_POINT('',#2238);
#2238 = CARTESIAN_POINT('',(60.,20.,2.183755341891));
#2239 = SURFACE_CURVE('',#2240,(#2244,#2250),.PCURVE_S1.);
#2240 = LINE('',#2241,#2242);
#2241 = CARTESIAN_POINT('',(60.,20.,-8.5));
#2242 = VECTOR('',#2243,1.);
#2243 = DIRECTION('',(0.,0.,-1.));
#2244 = PCURVE('',#608,#2245);
#2245 = DEFINITIONAL_REPRESENTATION('',(#2246),#2249);
#2246 = B_SPLINE_CURVE_WITH_KNOTS('',1,(#2247,#2248),.UNSPECIFIED.,.F.,
  .F.,(2,2),(-17.5,0.5),.PIECEWISE_BEZIER_KNOTS.);
#2247 = CARTESIAN_POINT('',(26.,130.));
#2248 = CARTESIAN_POINT('',(8.,130.));
#2249 = ( GEOMETRIC_REPRESENTATION_CONTEXT(2) 
PARAMETRIC_REPRESENTATION_CONTEXT() REPRESENTATION_CONTEXT('2D SPACE',''
  ) );
#2250 = PCURVE('',#2251,#2256);
#2251 = PLANE('',#2252);
#2252 = AXIS2_PLACEMENT_3D('',#2253,#2254,#2255);
#2253 = CARTESIAN_POINT('',(60.,5.7,0.));
#2254 = DIRECTION('',(1.,0.,0.));
#2255 = DIRECTION('',(-0.,0.,1.));
#2256 = DEFINITIONAL_REPRESENTATION('',(#2257),#2260);
#2257 = B_SPLINE_CURVE_WITH_KNOTS('',1,(#2258,#2259),.UNSPECIFIED.,.F.,
  .F.,(2,2),(-17.5,0.5),.PIECEWISE_BEZIER_KNOTS.);
#2258 = CARTESIAN_POINT('',(9.,-14.3));
#2259 = CARTESIAN_POINT('',(-9.,-14.3));
#2260 = ( GEOMETRIC_REPRESENTATION_CONTEXT(2) 
PARAMETRIC_REPRESENTATION_CONTEXT() REPRESENTATION_CONTEXT('2D SPACE',''
  ) );
#2261 = ORIENTED_EDGE('',*,*,#2262,.T.);
#2262 = EDGE_CURVE('',#2237,#2263,#2265,.T.);
#2263 = VERTEX_POINT('',#2264);
#2264 = CARTESIAN_POINT('',(58.7,20.,2.183755341891));
#2265 = SURFACE_CURVE('',#2266,(#2270,#2276),.PCURVE_S1.);
#2266 = LINE('',#2267,#2268);
#2267 = CARTESIAN_POINT('',(55.5,20.,2.183755341891));
#2268 = VECTOR('',#2269,1.);
#2269 = DIRECTION('',(-1.,1.110223024625E-16,-1.232595164408E-32));
#2270 = PCURVE('',#608,#2271);
#2271 = DEFINITIONAL_REPRESENTATION('',(#2272),#2275);
#2272 = B_SPLINE_CURVE_WITH_KNOTS('',1,(#2273,#2274),.UNSPECIFIED.,.F.,
  .F.,(2,2),(-6.2000006,-3.1999994),.PIECEWISE_BEZIER_KNOTS.);
#2273 = CARTESIAN_POINT('',(19.183755341891,131.7000006));
#2274 = CARTESIAN_POINT('',(19.183755341891,128.6999994));
#2275 = ( GEOMETRIC_REPRESENTATION_CONTEXT(2) 
PARAMETRIC_REPRESENTATION_CONTEXT() REPRESENTATION_CONTEXT('2D SPACE',''
  ) );
#2276 = PCURVE('',#2225,#2277);
#2277 = DEFINITIONAL_REPRESENTATION('',(#2278),#2281);
#2278 = B_SPLINE_CURVE_WITH_KNOTS('',1,(#2279,#2280),.UNSPECIFIED.,.F.,
  .F.,(2,2),(-6.2000006,-3.1999994),.PIECEWISE_BEZIER_KNOTS.);
#2279 = CARTESIAN_POINT('',(-4.936482072686,-6.2000006));
#2280 = CARTESIAN_POINT('',(-4.936482072686,-3.1999994));
#2281 = ( GEOMETRIC_REPRESENTATION_CONTEXT(2) 
PARAMETRIC_REPRESENTATION_CONTEXT() REPRESENTATION_CONTEXT('2D SPACE',''
  ) );
#2282 = ORIENTED_EDGE('',*,*,#2283,.T.);
#2283 = EDGE_CURVE('',#2263,#2284,#2286,.T.);
#2284 = VERTEX_POINT('',#2285);
#2285 = CARTESIAN_POINT('',(58.7,20.,-2.183755341891));
#2286 = SURFACE_CURVE('',#2287,(#2291,#2297),.PCURVE_S1.);
#2287 = LINE('',#2288,#2289);
#2288 = CARTESIAN_POINT('',(58.7,20.,-14.));
#2289 = VECTOR('',#2290,1.);
#2290 = DIRECTION('',(0.,0.,-1.));
#2291 = PCURVE('',#608,#2292);
#2292 = DEFINITIONAL_REPRESENTATION('',(#2293),#2296);
#2293 = B_SPLINE_CURVE_WITH_KNOTS('',1,(#2294,#2295),.UNSPECIFIED.,.F.,
  .F.,(2,2),(-23.8,-4.2),.PIECEWISE_BEZIER_KNOTS.);
#2294 = CARTESIAN_POINT('',(26.8,128.7));
#2295 = CARTESIAN_POINT('',(7.2,128.7));
#2296 = ( GEOMETRIC_REPRESENTATION_CONTEXT(2) 
PARAMETRIC_REPRESENTATION_CONTEXT() REPRESENTATION_CONTEXT('2D SPACE',''
  ) );
#2297 = PCURVE('',#2199,#2298);
#2298 = DEFINITIONAL_REPRESENTATION('',(#2299),#2302);
#2299 = B_SPLINE_CURVE_WITH_KNOTS('',1,(#2300,#2301),.UNSPECIFIED.,.F.,
  .F.,(2,2),(-23.8,-4.2),.PIECEWISE_BEZIER_KNOTS.);
#2300 = CARTESIAN_POINT('',(20.8,-36.3));
#2301 = CARTESIAN_POINT('',(1.2,-36.3));
#2302 = ( GEOMETRIC_REPRESENTATION_CONTEXT(2) 
PARAMETRIC_REPRESENTATION_CONTEXT() REPRESENTATION_CONTEXT('2D SPACE',''
  ) );
#2303 = ORIENTED_EDGE('',*,*,#2304,.F.);
#2304 = EDGE_CURVE('',#2305,#2284,#2307,.T.);
#2305 = VERTEX_POINT('',#2306);
#2306 = CARTESIAN_POINT('',(60.,20.,-2.183755341891));
#2307 = SURFACE_CURVE('',#2308,(#2312,#2318),.PCURVE_S1.);
#2308 = LINE('',#2309,#2310);
#2309 = CARTESIAN_POINT('',(55.5,20.,-2.183755341891));
#2310 = VECTOR('',#2311,1.);
#2311 = DIRECTION('',(-1.,1.110223024625E-16,-1.232595164408E-32));
#2312 = PCURVE('',#608,#2313);
#2313 = DEFINITIONAL_REPRESENTATION('',(#2314),#2317);
#2314 = B_SPLINE_CURVE_WITH_KNOTS('',1,(#2315,#2316),.UNSPECIFIED.,.F.,
  .F.,(2,2),(-6.2000006,-3.1999994),.PIECEWISE_BEZIER_KNOTS.);
#2315 = CARTESIAN_POINT('',(14.816244658109,131.7000006));
#2316 = CARTESIAN_POINT('',(14.816244658109,128.6999994));
#2317 = ( GEOMETRIC_REPRESENTATION_CONTEXT(2) 
PARAMETRIC_REPRESENTATION_CONTEXT() REPRESENTATION_CONTEXT('2D SPACE',''
  ) );
#2318 = PCURVE('',#2319,#2324);
#2319 = CYLINDRICAL_SURFACE('',#2320,1.35);
#2320 = AXIS2_PLACEMENT_3D('',#2321,#2322,#2323);
#2321 = CARTESIAN_POINT('',(55.5,19.7,-3.5));
#2322 = DIRECTION('',(-1.,1.110223024625E-16,-1.232595164408E-32));
#2323 = DIRECTION('',(1.110223024625E-16,1.,-1.110223024625E-16));
#2324 = DEFINITIONAL_REPRESENTATION('',(#2325),#2328);
#2325 = B_SPLINE_CURVE_WITH_KNOTS('',1,(#2326,#2327),.UNSPECIFIED.,.F.,
  .F.,(2,2),(-6.2000006,-3.1999994),.PIECEWISE_BEZIER_KNOTS.);
#2326 = CARTESIAN_POINT('',(-1.346703234494,-6.2000006));
#2327 = CARTESIAN_POINT('',(-1.346703234494,-3.1999994));
#2328 = ( GEOMETRIC_REPRESENTATION_CONTEXT(2) 
PARAMETRIC_REPRESENTATION_CONTEXT() REPRESENTATION_CONTEXT('2D SPACE',''
  ) );
#2329 = ORIENTED_EDGE('',*,*,#2330,.T.);
#2330 = EDGE_CURVE('',#2305,#2331,#2333,.T.);
#2331 = VERTEX_POINT('',#2332);
#2332 = CARTESIAN_POINT('',(60.,20.,-4.816244658109));
#2333 = SURFACE_CURVE('',#2334,(#2338,#2344),.PCURVE_S1.);
#2334 = LINE('',#2335,#2336);
#2335 = CARTESIAN_POINT('',(60.,20.,-8.5));
#2336 = VECTOR('',#2337,1.);
#2337 = DIRECTION('',(0.,0.,-1.));
#2338 = PCURVE('',#608,#2339);
#2339 = DEFINITIONAL_REPRESENTATION('',(#2340),#2343);
#2340 = B_SPLINE_CURVE_WITH_KNOTS('',1,(#2341,#2342),.UNSPECIFIED.,.F.,
  .F.,(2,2),(-17.5,0.5),.PIECEWISE_BEZIER_KNOTS.);
#2341 = CARTESIAN_POINT('',(26.,130.));
#2342 = CARTESIAN_POINT('',(8.,130.));
#2343 = ( GEOMETRIC_REPRESENTATION_CONTEXT(2) 
PARAMETRIC_REPRESENTATION_CONTEXT() REPRESENTATION_CONTEXT('2D SPACE',''
  ) );
#2344 = PCURVE('',#2345,#2350);
#2345 = PLANE('',#2346);
#2346 = AXIS2_PLACEMENT_3D('',#2347,#2348,#2349);
#2347 = CARTESIAN_POINT('',(60.,5.7,0.));
#2348 = DIRECTION('',(1.,0.,0.));
#2349 = DIRECTION('',(-0.,0.,1.));
#2350 = DEFINITIONAL_REPRESENTATION('',(#2351),#2354);
#2351 = B_SPLINE_CURVE_WITH_KNOTS('',1,(#2352,#2353),.UNSPECIFIED.,.F.,
  .F.,(2,2),(-17.5,0.5),.PIECEWISE_BEZIER_KNOTS.);
#2352 = CARTESIAN_POINT('',(9.,-14.3));
#2353 = CARTESIAN_POINT('',(-9.,-14.3));
#2354 = ( GEOMETRIC_REPRESENTATION_CONTEXT(2) 
PARAMETRIC_REPRESENTATION_CONTEXT() REPRESENTATION_CONTEXT('2D SPACE',''
  ) );
#2355 = ORIENTED_EDGE('',*,*,#2356,.T.);
#2356 = EDGE_CURVE('',#2331,#2357,#2359,.T.);
#2357 = VERTEX_POINT('',#2358);
#2358 = CARTESIAN_POINT('',(58.7,20.,-4.816244658109));
#2359 = SURFACE_CURVE('',#2360,(#2364,#2370),.PCURVE_S1.);
#2360 = LINE('',#2361,#2362);
#2361 = CARTESIAN_POINT('',(55.5,20.,-4.816244658109));
#2362 = VECTOR('',#2363,1.);
#2363 = DIRECTION('',(-1.,1.110223024625E-16,-1.232595164408E-32));
#2364 = PCURVE('',#608,#2365);
#2365 = DEFINITIONAL_REPRESENTATION('',(#2366),#2369);
#2366 = B_SPLINE_CURVE_WITH_KNOTS('',1,(#2367,#2368),.UNSPECIFIED.,.F.,
  .F.,(2,2),(-6.2000006,-3.1999994),.PIECEWISE_BEZIER_KNOTS.);
#2367 = CARTESIAN_POINT('',(12.183755341891,131.7000006));
#2368 = CARTESIAN_POINT('',(12.183755341891,128.6999994));
#2369 = ( GEOMETRIC_REPRESENTATION_CONTEXT(2) 
PARAMETRIC_REPRESENTATION_CONTEXT() REPRESENTATION_CONTEXT('2D SPACE',''
  ) );
#2370 = PCURVE('',#2319,#2371);
#2371 = DEFINITIONAL_REPRESENTATION('',(#2372),#2375);
#2372 = B_SPLINE_CURVE_WITH_KNOTS('',1,(#2373,#2374),.UNSPECIFIED.,.F.,
  .F.,(2,2),(-6.2000006,-3.1999994),.PIECEWISE_BEZIER_KNOTS.);
#2373 = CARTESIAN_POINT('',(-4.936482072686,-6.2000006));
#2374 = CARTESIAN_POINT('',(-4.936482072686,-3.1999994));
#2375 = ( GEOMETRIC_REPRESENTATION_CONTEXT(2) 
PARAMETRIC_REPRESENTATION_CONTEXT() REPRESENTATION_CONTEXT('2D SPACE',''
  ) );
#2376 = ORIENTED_EDGE('',*,*,#2377,.T.);
#2377 = EDGE_CURVE('',#2357,#2378,#2380,.T.);
#2378 = VERTEX_POINT('',#2379);
#2379 = CARTESIAN_POINT('',(58.7,20.,-9.8));
#2380 = SURFACE_CURVE('',#2381,(#2385,#2391),.PCURVE_S1.);
#2381 = LINE('',#2382,#2383);
#2382 = CARTESIAN_POINT('',(58.7,20.,-14.));
#2383 = VECTOR('',#2384,1.);
#2384 = DIRECTION('',(0.,0.,-1.));
#2385 = PCURVE('',#608,#2386);
#2386 = DEFINITIONAL_REPRESENTATION('',(#2387),#2390);
#2387 = B_SPLINE_CURVE_WITH_KNOTS('',1,(#2388,#2389),.UNSPECIFIED.,.F.,
  .F.,(2,2),(-23.8,-4.2),.PIECEWISE_BEZIER_KNOTS.);
#2388 = CARTESIAN_POINT('',(26.8,128.7));
#2389 = CARTESIAN_POINT('',(7.2,128.7));
#2390 = ( GEOMETRIC_REPRESENTATION_CONTEXT(2) 
PARAMETRIC_REPRESENTATION_CONTEXT() REPRESENTATION_CONTEXT('2D SPACE',''
  ) );
#2391 = PCURVE('',#2199,#2392);
#2392 = DEFINITIONAL_REPRESENTATION('',(#2393),#2396);
#2393 = B_SPLINE_CURVE_WITH_KNOTS('',1,(#2394,#2395),.UNSPECIFIED.,.F.,
  .F.,(2,2),(-23.8,-4.2),.PIECEWISE_BEZIER_KNOTS.);
#2394 = CARTESIAN_POINT('',(20.8,-36.3));
#2395 = CARTESIAN_POINT('',(1.2,-36.3));
#2396 = ( GEOMETRIC_REPRESENTATION_CONTEXT(2) 
PARAMETRIC_REPRESENTATION_CONTEXT() REPRESENTATION_CONTEXT('2D SPACE',''
  ) );
#2397 = ORIENTED_EDGE('',*,*,#2398,.F.);
#2398 = EDGE_CURVE('',#2399,#2378,#2401,.T.);
#2399 = VERTEX_POINT('',#2400);
#2400 = CARTESIAN_POINT('',(59.9,20.,-11.));
#2401 = SURFACE_CURVE('',#2402,(#2407,#2414),.PCURVE_S1.);
#2402 = CIRCLE('',#2403,1.2);
#2403 = AXIS2_PLACEMENT_3D('',#2404,#2405,#2406);
#2404 = CARTESIAN_POINT('',(59.9,20.,-9.8));
#2405 = DIRECTION('',(0.,1.,0.));
#2406 = DIRECTION('',(-1.,0.,0.));
#2407 = PCURVE('',#608,#2408);
#2408 = DEFINITIONAL_REPRESENTATION('',(#2409),#2413);
#2409 = CIRCLE('',#2410,1.2);
#2410 = AXIS2_PLACEMENT_2D('',#2411,#2412);
#2411 = CARTESIAN_POINT('',(7.2,129.9));
#2412 = DIRECTION('',(0.,-1.));
#2413 = ( GEOMETRIC_REPRESENTATION_CONTEXT(2) 
PARAMETRIC_REPRESENTATION_CONTEXT() REPRESENTATION_CONTEXT('2D SPACE',''
  ) );
#2414 = PCURVE('',#2415,#2420);
#2415 = CYLINDRICAL_SURFACE('',#2416,1.2);
#2416 = AXIS2_PLACEMENT_3D('',#2417,#2418,#2419);
#2417 = CARTESIAN_POINT('',(59.9,-16.3,-9.8));
#2418 = DIRECTION('',(0.,1.,0.));
#2419 = DIRECTION('',(-1.,0.,0.));
#2420 = DEFINITIONAL_REPRESENTATION('',(#2421),#2425);
#2421 = LINE('',#2422,#2423);
#2422 = CARTESIAN_POINT('',(-6.28318530718,36.3));
#2423 = VECTOR('',#2424,1.);
#2424 = DIRECTION('',(1.,-0.));
#2425 = ( GEOMETRIC_REPRESENTATION_CONTEXT(2) 
PARAMETRIC_REPRESENTATION_CONTEXT() REPRESENTATION_CONTEXT('2D SPACE',''
  ) );
#2426 = ORIENTED_EDGE('',*,*,#2427,.T.);
#2427 = EDGE_CURVE('',#2399,#2428,#2430,.T.);
#2428 = VERTEX_POINT('',#2429);
#2429 = CARTESIAN_POINT('',(60.5,20.,-11.));
#2430 = SURFACE_CURVE('',#2431,(#2435,#2441),.PCURVE_S1.);
#2431 = LINE('',#2432,#2433);
#2432 = CARTESIAN_POINT('',(-5.65,20.,-11.));
#2433 = VECTOR('',#2434,1.);
#2434 = DIRECTION('',(1.,0.,0.));
#2435 = PCURVE('',#608,#2436);
#2436 = DEFINITIONAL_REPRESENTATION('',(#2437),#2440);
#2437 = B_SPLINE_CURVE_WITH_KNOTS('',1,(#2438,#2439),.UNSPECIFIED.,.F.,
  .F.,(2,2),(65.55,66.15),.PIECEWISE_BEZIER_KNOTS.);
#2438 = CARTESIAN_POINT('',(6.,129.9));
#2439 = CARTESIAN_POINT('',(6.,130.5));
#2440 = ( GEOMETRIC_REPRESENTATION_CONTEXT(2) 
PARAMETRIC_REPRESENTATION_CONTEXT() REPRESENTATION_CONTEXT('2D SPACE',''
  ) );
#2441 = PCURVE('',#2442,#2447);
#2442 = PLANE('',#2443);
#2443 = AXIS2_PLACEMENT_3D('',#2444,#2445,#2446);
#2444 = CARTESIAN_POINT('',(58.7,-16.3,-11.));
#2445 = DIRECTION('',(0.,0.,1.));
#2446 = DIRECTION('',(1.,0.,0.));
#2447 = DEFINITIONAL_REPRESENTATION('',(#2448),#2451);
#2448 = B_SPLINE_CURVE_WITH_KNOTS('',1,(#2449,#2450),.UNSPECIFIED.,.F.,
  .F.,(2,2),(65.55,66.15),.PIECEWISE_BEZIER_KNOTS.);
#2449 = CARTESIAN_POINT('',(1.2,36.3));
#2450 = CARTESIAN_POINT('',(1.8,36.3));
#2451 = ( GEOMETRIC_REPRESENTATION_CONTEXT(2) 
PARAMETRIC_REPRESENTATION_CONTEXT() REPRESENTATION_CONTEXT('2D SPACE',''
  ) );
#2452 = ORIENTED_EDGE('',*,*,#2453,.F.);
#2453 = EDGE_CURVE('',#2454,#2428,#2456,.T.);
#2454 = VERTEX_POINT('',#2455);
#2455 = CARTESIAN_POINT('',(61.7,20.,-9.8));
#2456 = SURFACE_CURVE('',#2457,(#2462,#2469),.PCURVE_S1.);
#2457 = CIRCLE('',#2458,1.2);
#2458 = AXIS2_PLACEMENT_3D('',#2459,#2460,#2461);
#2459 = CARTESIAN_POINT('',(60.5,20.,-9.8));
#2460 = DIRECTION('',(0.,1.,0.));
#2461 = DIRECTION('',(1.,0.,-0.));
#2462 = PCURVE('',#608,#2463);
#2463 = DEFINITIONAL_REPRESENTATION('',(#2464),#2468);
#2464 = CIRCLE('',#2465,1.2);
#2465 = AXIS2_PLACEMENT_2D('',#2466,#2467);
#2466 = CARTESIAN_POINT('',(7.2,130.5));
#2467 = DIRECTION('',(0.,1.));
#2468 = ( GEOMETRIC_REPRESENTATION_CONTEXT(2) 
PARAMETRIC_REPRESENTATION_CONTEXT() REPRESENTATION_CONTEXT('2D SPACE',''
  ) );
#2469 = PCURVE('',#2470,#2475);
#2470 = CYLINDRICAL_SURFACE('',#2471,1.2);
#2471 = AXIS2_PLACEMENT_3D('',#2472,#2473,#2474);
#2472 = CARTESIAN_POINT('',(60.5,-16.3,-9.8));
#2473 = DIRECTION('',(0.,1.,0.));
#2474 = DIRECTION('',(1.,0.,-0.));
#2475 = DEFINITIONAL_REPRESENTATION('',(#2476),#2480);
#2476 = LINE('',#2477,#2478);
#2477 = CARTESIAN_POINT('',(0.,36.3));
#2478 = VECTOR('',#2479,1.);
#2479 = DIRECTION('',(1.,0.));
#2480 = ( GEOMETRIC_REPRESENTATION_CONTEXT(2) 
PARAMETRIC_REPRESENTATION_CONTEXT() REPRESENTATION_CONTEXT('2D SPACE',''
  ) );
#2481 = ORIENTED_EDGE('',*,*,#2482,.F.);
#2482 = EDGE_CURVE('',#2483,#2454,#2485,.T.);
#2483 = VERTEX_POINT('',#2484);
#2484 = CARTESIAN_POINT('',(61.7,20.,-9.));
#2485 = SURFACE_CURVE('',#2486,(#2490,#2496),.PCURVE_S1.);
#2486 = LINE('',#2487,#2488);
#2487 = CARTESIAN_POINT('',(61.7,20.,-14.));
#2488 = VECTOR('',#2489,1.);
#2489 = DIRECTION('',(0.,0.,-1.));
#2490 = PCURVE('',#608,#2491);
#2491 = DEFINITIONAL_REPRESENTATION('',(#2492),#2495);
#2492 = B_SPLINE_CURVE_WITH_KNOTS('',1,(#2493,#2494),.UNSPECIFIED.,.F.,
  .F.,(2,2),(-23.8,-4.2),.PIECEWISE_BEZIER_KNOTS.);
#2493 = CARTESIAN_POINT('',(26.8,131.7));
#2494 = CARTESIAN_POINT('',(7.2,131.7));
#2495 = ( GEOMETRIC_REPRESENTATION_CONTEXT(2) 
PARAMETRIC_REPRESENTATION_CONTEXT() REPRESENTATION_CONTEXT('2D SPACE',''
  ) );
#2496 = PCURVE('',#2497,#2502);
#2497 = PLANE('',#2498);
#2498 = AXIS2_PLACEMENT_3D('',#2499,#2500,#2501);
#2499 = CARTESIAN_POINT('',(61.7,-16.3,-11.));
#2500 = DIRECTION('',(1.,0.,0.));
#2501 = DIRECTION('',(0.,0.,1.));
#2502 = DEFINITIONAL_REPRESENTATION('',(#2503),#2506);
#2503 = B_SPLINE_CURVE_WITH_KNOTS('',1,(#2504,#2505),.UNSPECIFIED.,.F.,
  .F.,(2,2),(-23.8,-4.2),.PIECEWISE_BEZIER_KNOTS.);
#2504 = CARTESIAN_POINT('',(20.8,-36.3));
#2505 = CARTESIAN_POINT('',(1.2,-36.3));
#2506 = ( GEOMETRIC_REPRESENTATION_CONTEXT(2) 
PARAMETRIC_REPRESENTATION_CONTEXT() REPRESENTATION_CONTEXT('2D SPACE',''
  ) );
#2507 = ORIENTED_EDGE('',*,*,#2508,.T.);
#2508 = EDGE_CURVE('',#2483,#2509,#2511,.T.);
#2509 = VERTEX_POINT('',#2510);
#2510 = CARTESIAN_POINT('',(66.,20.,-9.));
#2511 = SURFACE_CURVE('',#2512,(#2516,#2522),.PCURVE_S1.);
#2512 = LINE('',#2513,#2514);
#2513 = CARTESIAN_POINT('',(-5.,20.,-9.));
#2514 = VECTOR('',#2515,1.);
#2515 = DIRECTION('',(1.,0.,0.));
#2516 = PCURVE('',#608,#2517);
#2517 = DEFINITIONAL_REPRESENTATION('',(#2518),#2521);
#2518 = B_SPLINE_CURVE_WITH_KNOTS('',1,(#2519,#2520),.UNSPECIFIED.,.F.,
  .F.,(2,2),(65.,71.),.PIECEWISE_BEZIER_KNOTS.);
#2519 = CARTESIAN_POINT('',(8.,130.));
#2520 = CARTESIAN_POINT('',(8.,136.));
#2521 = ( GEOMETRIC_REPRESENTATION_CONTEXT(2) 
PARAMETRIC_REPRESENTATION_CONTEXT() REPRESENTATION_CONTEXT('2D SPACE',''
  ) );
#2522 = PCURVE('',#2523,#2528);
#2523 = PLANE('',#2524);
#2524 = AXIS2_PLACEMENT_3D('',#2525,#2526,#2527);
#2525 = CARTESIAN_POINT('',(60.,-12.8,-9.));
#2526 = DIRECTION('',(0.,0.,1.));
#2527 = DIRECTION('',(0.,1.,0.));
#2528 = DEFINITIONAL_REPRESENTATION('',(#2529),#2532);
#2529 = B_SPLINE_CURVE_WITH_KNOTS('',1,(#2530,#2531),.UNSPECIFIED.,.F.,
  .F.,(2,2),(65.,71.),.PIECEWISE_BEZIER_KNOTS.);
#2530 = CARTESIAN_POINT('',(32.8,0.));
#2531 = CARTESIAN_POINT('',(32.8,-6.));
#2532 = ( GEOMETRIC_REPRESENTATION_CONTEXT(2) 
PARAMETRIC_REPRESENTATION_CONTEXT() REPRESENTATION_CONTEXT('2D SPACE',''
  ) );
#2533 = ORIENTED_EDGE('',*,*,#2534,.F.);
#2534 = EDGE_CURVE('',#2109,#2509,#2535,.T.);
#2535 = SURFACE_CURVE('',#2536,(#2540,#2547),.PCURVE_S1.);
#2536 = LINE('',#2537,#2538);
#2537 = CARTESIAN_POINT('',(66.,20.,-17.));
#2538 = VECTOR('',#2539,1.);
#2539 = DIRECTION('',(0.,0.,1.));
#2540 = PCURVE('',#608,#2541);
#2541 = DEFINITIONAL_REPRESENTATION('',(#2542),#2546);
#2542 = LINE('',#2543,#2544);
#2543 = CARTESIAN_POINT('',(0.,136.));
#2544 = VECTOR('',#2545,1.);
#2545 = DIRECTION('',(1.,0.));
#2546 = ( GEOMETRIC_REPRESENTATION_CONTEXT(2) 
PARAMETRIC_REPRESENTATION_CONTEXT() REPRESENTATION_CONTEXT('2D SPACE',''
  ) );
#2547 = PCURVE('',#2548,#2553);
#2548 = CYLINDRICAL_SURFACE('',#2549,4.);
#2549 = AXIS2_PLACEMENT_3D('',#2550,#2551,#2552);
#2550 = CARTESIAN_POINT('',(66.,16.,-17.));
#2551 = DIRECTION('',(0.,0.,1.));
#2552 = DIRECTION('',(1.,0.,-0.));
#2553 = DEFINITIONAL_REPRESENTATION('',(#2554),#2558);
#2554 = LINE('',#2555,#2556);
#2555 = CARTESIAN_POINT('',(1.570796326795,0.));
#2556 = VECTOR('',#2557,1.);
#2557 = DIRECTION('',(0.,1.));
#2558 = ( GEOMETRIC_REPRESENTATION_CONTEXT(2) 
PARAMETRIC_REPRESENTATION_CONTEXT() REPRESENTATION_CONTEXT('2D SPACE',''
  ) );
#2559 = ADVANCED_FACE('',(#2560),#849,.T.);
#2560 = FACE_BOUND('',#2561,.T.);
#2561 = EDGE_LOOP('',(#2562,#2563,#2564,#2588,#2614,#2640,#2641,#2665,
    #2691,#2717,#2718,#2745,#2746,#2786,#2857,#2883,#2954,#2992));
#2562 = ORIENTED_EDGE('',*,*,#834,.F.);
#2563 = ORIENTED_EDGE('',*,*,#1223,.T.);
#2564 = ORIENTED_EDGE('',*,*,#2565,.F.);
#2565 = EDGE_CURVE('',#2566,#1224,#2568,.T.);
#2566 = VERTEX_POINT('',#2567);
#2567 = CARTESIAN_POINT('',(-32.5,-16.1,-16.99874980462));
#2568 = SURFACE_CURVE('',#2569,(#2574,#2581),.PCURVE_S1.);
#2569 = CIRCLE('',#2570,4.);
#2570 = AXIS2_PLACEMENT_3D('',#2571,#2572,#2573);
#2571 = CARTESIAN_POINT('',(-32.5,-16.,-13.));
#2572 = DIRECTION('',(1.,0.,0.));
#2573 = DIRECTION('',(0.,-1.,0.));
#2574 = PCURVE('',#849,#2575);
#2575 = DEFINITIONAL_REPRESENTATION('',(#2576),#2580);
#2576 = LINE('',#2577,#2578);
#2577 = CARTESIAN_POINT('',(0.,37.5));
#2578 = VECTOR('',#2579,1.);
#2579 = DIRECTION('',(1.,0.));
#2580 = ( GEOMETRIC_REPRESENTATION_CONTEXT(2) 
PARAMETRIC_REPRESENTATION_CONTEXT() REPRESENTATION_CONTEXT('2D SPACE',''
  ) );
#2581 = PCURVE('',#1261,#2582);
#2582 = DEFINITIONAL_REPRESENTATION('',(#2583),#2587);
#2583 = CIRCLE('',#2584,4.);
#2584 = AXIS2_PLACEMENT_2D('',#2585,#2586);
#2585 = CARTESIAN_POINT('',(2.1,-5.));
#2586 = DIRECTION('',(1.,0.));
#2587 = ( GEOMETRIC_REPRESENTATION_CONTEXT(2) 
PARAMETRIC_REPRESENTATION_CONTEXT() REPRESENTATION_CONTEXT('2D SPACE',''
  ) );
#2588 = ORIENTED_EDGE('',*,*,#2589,.T.);
#2589 = EDGE_CURVE('',#2566,#2590,#2592,.T.);
#2590 = VERTEX_POINT('',#2591);
#2591 = CARTESIAN_POINT('',(-27.5,-16.1,-16.99874980462));
#2592 = SURFACE_CURVE('',#2593,(#2597,#2603),.PCURVE_S1.);
#2593 = LINE('',#2594,#2595);
#2594 = CARTESIAN_POINT('',(-70.,-16.1,-16.99874980462));
#2595 = VECTOR('',#2596,1.);
#2596 = DIRECTION('',(1.,0.,0.));
#2597 = PCURVE('',#849,#2598);
#2598 = DEFINITIONAL_REPRESENTATION('',(#2599),#2602);
#2599 = B_SPLINE_CURVE_WITH_KNOTS('',1,(#2600,#2601),.UNSPECIFIED.,.F.,
  .F.,(2,2),(37.,43.),.PIECEWISE_BEZIER_KNOTS.);
#2600 = CARTESIAN_POINT('',(1.545793721896,37.));
#2601 = CARTESIAN_POINT('',(1.545793721896,43.));
#2602 = ( GEOMETRIC_REPRESENTATION_CONTEXT(2) 
PARAMETRIC_REPRESENTATION_CONTEXT() REPRESENTATION_CONTEXT('2D SPACE',''
  ) );
#2603 = PCURVE('',#2604,#2609);
#2604 = PLANE('',#2605);
#2605 = AXIS2_PLACEMENT_3D('',#2606,#2607,#2608);
#2606 = CARTESIAN_POINT('',(-32.5,-16.1,-18.));
#2607 = DIRECTION('',(0.,1.,0.));
#2608 = DIRECTION('',(1.,0.,0.));
#2609 = DEFINITIONAL_REPRESENTATION('',(#2610),#2613);
#2610 = B_SPLINE_CURVE_WITH_KNOTS('',1,(#2611,#2612),.UNSPECIFIED.,.F.,
  .F.,(2,2),(37.,43.),.PIECEWISE_BEZIER_KNOTS.);
#2611 = CARTESIAN_POINT('',(-0.5,-1.001250195374));
#2612 = CARTESIAN_POINT('',(5.5,-1.001250195374));
#2613 = ( GEOMETRIC_REPRESENTATION_CONTEXT(2) 
PARAMETRIC_REPRESENTATION_CONTEXT() REPRESENTATION_CONTEXT('2D SPACE',''
  ) );
#2614 = ORIENTED_EDGE('',*,*,#2615,.T.);
#2615 = EDGE_CURVE('',#2590,#1299,#2616,.T.);
#2616 = SURFACE_CURVE('',#2617,(#2622,#2629),.PCURVE_S1.);
#2617 = CIRCLE('',#2618,4.);
#2618 = AXIS2_PLACEMENT_3D('',#2619,#2620,#2621);
#2619 = CARTESIAN_POINT('',(-27.5,-16.,-13.));
#2620 = DIRECTION('',(1.,0.,0.));
#2621 = DIRECTION('',(0.,-1.,0.));
#2622 = PCURVE('',#849,#2623);
#2623 = DEFINITIONAL_REPRESENTATION('',(#2624),#2628);
#2624 = LINE('',#2625,#2626);
#2625 = CARTESIAN_POINT('',(0.,42.5));
#2626 = VECTOR('',#2627,1.);
#2627 = DIRECTION('',(1.,0.));
#2628 = ( GEOMETRIC_REPRESENTATION_CONTEXT(2) 
PARAMETRIC_REPRESENTATION_CONTEXT() REPRESENTATION_CONTEXT('2D SPACE',''
  ) );
#2629 = PCURVE('',#1313,#2630);
#2630 = DEFINITIONAL_REPRESENTATION('',(#2631),#2639);
#2631 = ( BOUNDED_CURVE() B_SPLINE_CURVE(2,(#2632,#2633,#2634,#2635,
#2636,#2637,#2638),.UNSPECIFIED.,.T.,.F.) B_SPLINE_CURVE_WITH_KNOTS((1,2
    ,2,2,2,1),(-2.094395102393,0.,2.094395102393,4.188790204786,
6.28318530718,8.377580409573),.UNSPECIFIED.) CURVE() 
GEOMETRIC_REPRESENTATION_ITEM() RATIONAL_B_SPLINE_CURVE((1.,0.5,1.,0.5,
1.,0.5,1.)) REPRESENTATION_ITEM('') );
#2632 = CARTESIAN_POINT('',(-3.9,-5.));
#2633 = CARTESIAN_POINT('',(-3.9,1.928203230276));
#2634 = CARTESIAN_POINT('',(2.1,-1.535898384862));
#2635 = CARTESIAN_POINT('',(8.1,-5.));
#2636 = CARTESIAN_POINT('',(2.1,-8.464101615138));
#2637 = CARTESIAN_POINT('',(-3.9,-11.92820323027));
#2638 = CARTESIAN_POINT('',(-3.9,-5.));
#2639 = ( GEOMETRIC_REPRESENTATION_CONTEXT(2) 
PARAMETRIC_REPRESENTATION_CONTEXT() REPRESENTATION_CONTEXT('2D SPACE',''
  ) );
#2640 = ORIENTED_EDGE('',*,*,#1324,.T.);
#2641 = ORIENTED_EDGE('',*,*,#2642,.F.);
#2642 = EDGE_CURVE('',#2643,#1325,#2645,.T.);
#2643 = VERTEX_POINT('',#2644);
#2644 = CARTESIAN_POINT('',(-2.5,-16.1,-16.99874980462));
#2645 = SURFACE_CURVE('',#2646,(#2651,#2658),.PCURVE_S1.);
#2646 = CIRCLE('',#2647,4.);
#2647 = AXIS2_PLACEMENT_3D('',#2648,#2649,#2650);
#2648 = CARTESIAN_POINT('',(-2.5,-16.,-13.));
#2649 = DIRECTION('',(1.,0.,0.));
#2650 = DIRECTION('',(0.,-1.,0.));
#2651 = PCURVE('',#849,#2652);
#2652 = DEFINITIONAL_REPRESENTATION('',(#2653),#2657);
#2653 = LINE('',#2654,#2655);
#2654 = CARTESIAN_POINT('',(0.,67.5));
#2655 = VECTOR('',#2656,1.);
#2656 = DIRECTION('',(1.,0.));
#2657 = ( GEOMETRIC_REPRESENTATION_CONTEXT(2) 
PARAMETRIC_REPRESENTATION_CONTEXT() REPRESENTATION_CONTEXT('2D SPACE',''
  ) );
#2658 = PCURVE('',#1362,#2659);
#2659 = DEFINITIONAL_REPRESENTATION('',(#2660),#2664);
#2660 = CIRCLE('',#2661,4.);
#2661 = AXIS2_PLACEMENT_2D('',#2662,#2663);
#2662 = CARTESIAN_POINT('',(2.1,-5.));
#2663 = DIRECTION('',(1.,0.));
#2664 = ( GEOMETRIC_REPRESENTATION_CONTEXT(2) 
PARAMETRIC_REPRESENTATION_CONTEXT() REPRESENTATION_CONTEXT('2D SPACE',''
  ) );
#2665 = ORIENTED_EDGE('',*,*,#2666,.T.);
#2666 = EDGE_CURVE('',#2643,#2667,#2669,.T.);
#2667 = VERTEX_POINT('',#2668);
#2668 = CARTESIAN_POINT('',(2.5,-16.1,-16.99874980462));
#2669 = SURFACE_CURVE('',#2670,(#2674,#2680),.PCURVE_S1.);
#2670 = LINE('',#2671,#2672);
#2671 = CARTESIAN_POINT('',(-70.,-16.1,-16.99874980462));
#2672 = VECTOR('',#2673,1.);
#2673 = DIRECTION('',(1.,0.,0.));
#2674 = PCURVE('',#849,#2675);
#2675 = DEFINITIONAL_REPRESENTATION('',(#2676),#2679);
#2676 = B_SPLINE_CURVE_WITH_KNOTS('',1,(#2677,#2678),.UNSPECIFIED.,.F.,
  .F.,(2,2),(67.,73.),.PIECEWISE_BEZIER_KNOTS.);
#2677 = CARTESIAN_POINT('',(1.545793721896,67.));
#2678 = CARTESIAN_POINT('',(1.545793721896,73.));
#2679 = ( GEOMETRIC_REPRESENTATION_CONTEXT(2) 
PARAMETRIC_REPRESENTATION_CONTEXT() REPRESENTATION_CONTEXT('2D SPACE',''
  ) );
#2680 = PCURVE('',#2681,#2686);
#2681 = PLANE('',#2682);
#2682 = AXIS2_PLACEMENT_3D('',#2683,#2684,#2685);
#2683 = CARTESIAN_POINT('',(-2.5,-16.1,-18.));
#2684 = DIRECTION('',(0.,1.,0.));
#2685 = DIRECTION('',(1.,0.,0.));
#2686 = DEFINITIONAL_REPRESENTATION('',(#2687),#2690);
#2687 = B_SPLINE_CURVE_WITH_KNOTS('',1,(#2688,#2689),.UNSPECIFIED.,.F.,
  .F.,(2,2),(67.,73.),.PIECEWISE_BEZIER_KNOTS.);
#2688 = CARTESIAN_POINT('',(-0.5,-1.001250195374));
#2689 = CARTESIAN_POINT('',(5.5,-1.001250195374));
#2690 = ( GEOMETRIC_REPRESENTATION_CONTEXT(2) 
PARAMETRIC_REPRESENTATION_CONTEXT() REPRESENTATION_CONTEXT('2D SPACE',''
  ) );
#2691 = ORIENTED_EDGE('',*,*,#2692,.T.);
#2692 = EDGE_CURVE('',#2667,#1400,#2693,.T.);
#2693 = SURFACE_CURVE('',#2694,(#2699,#2706),.PCURVE_S1.);
#2694 = CIRCLE('',#2695,4.);
#2695 = AXIS2_PLACEMENT_3D('',#2696,#2697,#2698);
#2696 = CARTESIAN_POINT('',(2.5,-16.,-13.));
#2697 = DIRECTION('',(1.,0.,0.));
#2698 = DIRECTION('',(0.,-1.,0.));
#2699 = PCURVE('',#849,#2700);
#2700 = DEFINITIONAL_REPRESENTATION('',(#2701),#2705);
#2701 = LINE('',#2702,#2703);
#2702 = CARTESIAN_POINT('',(0.,72.5));
#2703 = VECTOR('',#2704,1.);
#2704 = DIRECTION('',(1.,0.));
#2705 = ( GEOMETRIC_REPRESENTATION_CONTEXT(2) 
PARAMETRIC_REPRESENTATION_CONTEXT() REPRESENTATION_CONTEXT('2D SPACE',''
  ) );
#2706 = PCURVE('',#1414,#2707);
#2707 = DEFINITIONAL_REPRESENTATION('',(#2708),#2716);
#2708 = ( BOUNDED_CURVE() B_SPLINE_CURVE(2,(#2709,#2710,#2711,#2712,
#2713,#2714,#2715),.UNSPECIFIED.,.T.,.F.) B_SPLINE_CURVE_WITH_KNOTS((1,2
    ,2,2,2,1),(-2.094395102393,0.,2.094395102393,4.188790204786,
6.28318530718,8.377580409573),.UNSPECIFIED.) CURVE() 
GEOMETRIC_REPRESENTATION_ITEM() RATIONAL_B_SPLINE_CURVE((1.,0.5,1.,0.5,
1.,0.5,1.)) REPRESENTATION_ITEM('') );
#2709 = CARTESIAN_POINT('',(-3.9,-5.));
#2710 = CARTESIAN_POINT('',(-3.9,1.928203230276));
#2711 = CARTESIAN_POINT('',(2.1,-1.535898384862));
#2712 = CARTESIAN_POINT('',(8.1,-5.));
#2713 = CARTESIAN_POINT('',(2.1,-8.464101615138));
#2714 = CARTESIAN_POINT('',(-3.9,-11.92820323027));
#2715 = CARTESIAN_POINT('',(-3.9,-5.));
#2716 = ( GEOMETRIC_REPRESENTATION_CONTEXT(2) 
PARAMETRIC_REPRESENTATION_CONTEXT() REPRESENTATION_CONTEXT('2D SPACE',''
  ) );
#2717 = ORIENTED_EDGE('',*,*,#1425,.T.);
#2718 = ORIENTED_EDGE('',*,*,#2719,.T.);
#2719 = EDGE_CURVE('',#1426,#1025,#2720,.T.);
#2720 = SURFACE_CURVE('',#2721,(#2726,#2733),.PCURVE_S1.);
#2721 = CIRCLE('',#2722,4.);
#2722 = AXIS2_PLACEMENT_3D('',#2723,#2724,#2725);
#2723 = CARTESIAN_POINT('',(66.,-16.,-13.));
#2724 = DIRECTION('',(-1.,-6.123233995737E-17,0.));
#2725 = DIRECTION('',(6.123233995737E-17,-1.,-0.));
#2726 = PCURVE('',#849,#2727);
#2727 = DEFINITIONAL_REPRESENTATION('',(#2728),#2732);
#2728 = LINE('',#2729,#2730);
#2729 = CARTESIAN_POINT('',(6.28318530718,136.));
#2730 = VECTOR('',#2731,1.);
#2731 = DIRECTION('',(-1.,-0.));
#2732 = ( GEOMETRIC_REPRESENTATION_CONTEXT(2) 
PARAMETRIC_REPRESENTATION_CONTEXT() REPRESENTATION_CONTEXT('2D SPACE',''
  ) );
#2733 = PCURVE('',#2734,#2739);
#2734 = SPHERICAL_SURFACE('',#2735,4.);
#2735 = AXIS2_PLACEMENT_3D('',#2736,#2737,#2738);
#2736 = CARTESIAN_POINT('',(66.,-16.,-13.));
#2737 = DIRECTION('',(0.,0.,1.));
#2738 = DIRECTION('',(1.,0.,-0.));
#2739 = DEFINITIONAL_REPRESENTATION('',(#2740),#2744);
#2740 = LINE('',#2741,#2742);
#2741 = CARTESIAN_POINT('',(-1.570796326795,-6.28318530718));
#2742 = VECTOR('',#2743,1.);
#2743 = DIRECTION('',(-0.,1.));
#2744 = ( GEOMETRIC_REPRESENTATION_CONTEXT(2) 
PARAMETRIC_REPRESENTATION_CONTEXT() REPRESENTATION_CONTEXT('2D SPACE',''
  ) );
#2745 = ORIENTED_EDGE('',*,*,#1052,.F.);
#2746 = ORIENTED_EDGE('',*,*,#2747,.T.);
#2747 = EDGE_CURVE('',#1053,#2748,#2750,.T.);
#2748 = VERTEX_POINT('',#2749);
#2749 = CARTESIAN_POINT('',(58.9959626173,-19.8729833462,-14.));
#2750 = SURFACE_CURVE('',#2751,(#2759,#2770),.PCURVE_S1.);
#2751 = B_SPLINE_CURVE_WITH_KNOTS('',6,(#2752,#2753,#2754,#2755,#2756,
    #2757,#2758),.UNSPECIFIED.,.F.,.F.,(7,7),(0.,1.),
  .PIECEWISE_BEZIER_KNOTS.);
#2752 = CARTESIAN_POINT('',(59.,-20.,-13.));
#2753 = CARTESIAN_POINT('',(59.,-20.,-13.16781595701));
#2754 = CARTESIAN_POINT('',(58.999999923953,-19.99155135556,
    -13.33562193927));
#2755 = CARTESIAN_POINT('',(59.000000239052,-19.97465586194,
    -13.50309097318));
#2756 = CARTESIAN_POINT('',(58.999731882603,-19.94929157408,
    -13.66989167097));
#2757 = CARTESIAN_POINT('',(58.998662804995,-19.91541453092,
    -13.83566483341));
#2758 = CARTESIAN_POINT('',(58.995962607441,-19.87298319128,-14.0000006)
  );
#2759 = PCURVE('',#849,#2760);
#2760 = DEFINITIONAL_REPRESENTATION('',(#2761),#2769);
#2761 = B_SPLINE_CURVE_WITH_KNOTS('',6,(#2762,#2763,#2764,#2765,#2766,
    #2767,#2768),.UNSPECIFIED.,.F.,.F.,(7,7),(0.,1.),
  .PIECEWISE_BEZIER_KNOTS.);
#2762 = CARTESIAN_POINT('',(0.,129.));
#2763 = CARTESIAN_POINT('',(4.195398925302E-02,129.));
#2764 = CARTESIAN_POINT('',(8.390548037636E-02,128.99999992395));
#2765 = CARTESIAN_POINT('',(0.125905678588,129.00000023905));
#2766 = CARTESIAN_POINT('',(0.168004490207,128.9997318826));
#2767 = CARTESIAN_POINT('',(0.210249095886,128.99866280499));
#2768 = CARTESIAN_POINT('',(0.252680410061,128.99596260744));
#2769 = ( GEOMETRIC_REPRESENTATION_CONTEXT(2) 
PARAMETRIC_REPRESENTATION_CONTEXT() REPRESENTATION_CONTEXT('2D SPACE',''
  ) );
#2770 = PCURVE('',#2771,#2776);
#2771 = CYLINDRICAL_SURFACE('',#2772,2.);
#2772 = AXIS2_PLACEMENT_3D('',#2773,#2774,#2775);
#2773 = CARTESIAN_POINT('',(57.,-20.,-16.));
#2774 = DIRECTION('',(0.,0.,1.));
#2775 = DIRECTION('',(1.,0.,-0.));
#2776 = DEFINITIONAL_REPRESENTATION('',(#2777),#2785);
#2777 = B_SPLINE_CURVE_WITH_KNOTS('',6,(#2778,#2779,#2780,#2781,#2782,
    #2783,#2784),.UNSPECIFIED.,.F.,.F.,(7,7),(0.,1.),
  .PIECEWISE_BEZIER_KNOTS.);
#2778 = CARTESIAN_POINT('',(0.,3.));
#2779 = CARTESIAN_POINT('',(0.,2.832184042988));
#2780 = CARTESIAN_POINT('',(4.22433819928E-03,2.664378060721));
#2781 = CARTESIAN_POINT('',(1.267202001782E-02,2.496909026816));
#2782 = CARTESIAN_POINT('',(2.535429989838E-02,2.330108329023));
#2783 = CARTESIAN_POINT('',(4.229258917724E-02,2.164335166586));
#2784 = CARTESIAN_POINT('',(6.355117361976E-02,1.9999994));
#2785 = ( GEOMETRIC_REPRESENTATION_CONTEXT(2) 
PARAMETRIC_REPRESENTATION_CONTEXT() REPRESENTATION_CONTEXT('2D SPACE',''
  ) );
#2786 = ORIENTED_EDGE('',*,*,#2787,.T.);
#2787 = EDGE_CURVE('',#2748,#2788,#2790,.T.);
#2788 = VERTEX_POINT('',#2789);
#2789 = CARTESIAN_POINT('',(57.,-18.94952253983,-15.70190984064));
#2790 = SURFACE_CURVE('',#2791,(#2824,#2837),.PCURVE_S1.);
#2791 = B_SPLINE_CURVE_WITH_KNOTS('',4,(#2792,#2793,#2794,#2795,#2796,
    #2797,#2798,#2799,#2800,#2801,#2802,#2803,#2804,#2805,#2806,#2807,
    #2808,#2809,#2810,#2811,#2812,#2813,#2814,#2815,#2816,#2817,#2818,
    #2819,#2820,#2821,#2822,#2823),.UNSPECIFIED.,.F.,.F.,(5,3,3,3,3,3,3,
    3,3,3,5),(0.,7.396214533302E-02,0.148466245744,0.225316567906,
    0.305995096722,0.416591187167,0.487857515289,0.537486743308,
    0.663276553772,0.825328708944,1.),.UNSPECIFIED.);
#2792 = CARTESIAN_POINT('',(58.9959626173,-19.8729833462,-14.));
#2793 = CARTESIAN_POINT('',(58.995052811134,-19.85868648794,
    -14.05537149396));
#2794 = CARTESIAN_POINT('',(58.991891155359,-19.84334299197,
    -14.11043595731));
#2795 = CARTESIAN_POINT('',(58.986480538176,-19.82699723386,
    -14.16503437244));
#2796 = CARTESIAN_POINT('',(58.971152024696,-19.79232202873,
    -14.27340245207));
#2797 = CARTESIAN_POINT('',(58.961201305752,-19.77397871954,
    -14.32716345121));
#2798 = CARTESIAN_POINT('',(58.949016004166,-19.75476845825,
    -14.38015450831));
#2799 = CARTESIAN_POINT('',(58.919808996231,-19.71418609789,
    -14.48597893674));
#2800 = CARTESIAN_POINT('',(58.902646919037,-19.69276468854,
    -14.538755035));
#2801 = CARTESIAN_POINT('',(58.883199593664,-19.67063803322,
    -14.59043346684));
#2802 = CARTESIAN_POINT('',(58.838783855731,-19.62410599023,
    -14.69388034745));
#2803 = CARTESIAN_POINT('',(58.813588477784,-19.59964164549,
    -14.74552515224));
#2804 = CARTESIAN_POINT('',(58.786019691597,-19.57469624199,
    -14.79570263466));
#2805 = CARTESIAN_POINT('',(58.715246176347,-19.51481096352,
    -14.91095357768));
#2806 = CARTESIAN_POINT('',(58.670033878709,-19.47959419011,
    -14.97465043959));
#2807 = CARTESIAN_POINT('',(58.62076348009,-19.44421852702,
    -15.03515551477));
#2808 = CARTESIAN_POINT('',(58.53351791434,-19.38652312705,
    -15.12916164905));
#2809 = CARTESIAN_POINT('',(58.497756690934,-19.36403382227,
    -15.16461397218));
#2810 = CARTESIAN_POINT('',(58.460495411986,-19.34178345117,
    -15.198641407));
#2811 = CARTESIAN_POINT('',(58.394872810828,-19.30464163601,
    -15.2539056817));
#2812 = CARTESIAN_POINT('',(58.367244064822,-19.28956692059,
    -15.27588922947));
#2813 = CARTESIAN_POINT('',(58.338951732944,-19.2747040821,
    -15.29716111553));
#2814 = CARTESIAN_POINT('',(58.236701480526,-19.22305372036,
    -15.36981235123));
#2815 = CARTESIAN_POINT('',(58.159293535392,-19.18762138501,
    -15.41729864519));
#2816 = CARTESIAN_POINT('',(58.07824527605,-19.15441990874,
    -15.46008334474));
#2817 = CARTESIAN_POINT('',(57.885609348485,-19.08477326335,
    -15.54717797605));
#2818 = CARTESIAN_POINT('',(57.771953076857,-19.0501467214,
    -15.58836897797));
#2819 = CARTESIAN_POINT('',(57.654175000496,-19.02125608121,
    -15.62167168029));
#2820 = CARTESIAN_POINT('',(57.403510038771,-18.97461035129,
    -15.67451493851));
#2821 = CARTESIAN_POINT('',(57.270153128889,-18.95788976998,
    -15.69277950097));
#2822 = CARTESIAN_POINT('',(57.135078277709,-18.94952253983,
    -15.70190984064));
#2823 = CARTESIAN_POINT('',(57.,-18.94952253983,-15.70190984064));
#2824 = PCURVE('',#849,#2825);
#2825 = DEFINITIONAL_REPRESENTATION('',(#2826),#2836);
#2826 = B_SPLINE_CURVE_WITH_KNOTS('',8,(#2827,#2828,#2829,#2830,#2831,
    #2832,#2833,#2834,#2835),.UNSPECIFIED.,.F.,.F.,(9,9),(0.,1.),
  .PIECEWISE_BEZIER_KNOTS.);
#2827 = CARTESIAN_POINT('',(0.252680255142,128.9959626173));
#2828 = CARTESIAN_POINT('',(0.34933009001,128.98981213206));
#2829 = CARTESIAN_POINT('',(0.445617506371,128.89548423211));
#2830 = CARTESIAN_POINT('',(0.535783996279,128.7132205647));
#2831 = CARTESIAN_POINT('',(0.61351983264,128.45430420374));
#2832 = CARTESIAN_POINT('',(0.676347769267,128.13746504136));
#2833 = CARTESIAN_POINT('',(0.719875755745,127.77323799853));
#2834 = CARTESIAN_POINT('',(0.741612018736,127.38666422195));
#2835 = CARTESIAN_POINT('',(0.741612018736,127.));
#2836 = ( GEOMETRIC_REPRESENTATION_CONTEXT(2) 
PARAMETRIC_REPRESENTATION_CONTEXT() REPRESENTATION_CONTEXT('2D SPACE',''
  ) );
#2837 = PCURVE('',#2838,#2843);
#2838 = SPHERICAL_SURFACE('',#2839,2.);
#2839 = AXIS2_PLACEMENT_3D('',#2840,#2841,#2842);
#2840 = CARTESIAN_POINT('',(57.,-20.,-14.));
#2841 = DIRECTION('',(0.,0.,1.));
#2842 = DIRECTION('',(1.,2.22044604925E-16,-0.));
#2843 = DEFINITIONAL_REPRESENTATION('',(#2844),#2856);
#2844 = B_SPLINE_CURVE_WITH_KNOTS('',10,(#2845,#2846,#2847,#2848,#2849,
    #2850,#2851,#2852,#2853,#2854,#2855),.UNSPECIFIED.,.F.,.F.,(11,11),(
    0.,1.),.PIECEWISE_BEZIER_KNOTS.);
#2845 = CARTESIAN_POINT('',(6.355109600339E-02,0.));
#2846 = CARTESIAN_POINT('',(0.102289230287,-0.149729280343));
#2847 = CARTESIAN_POINT('',(0.155554074285,-0.295677506609));
#2848 = CARTESIAN_POINT('',(0.224567902678,-0.436378287734));
#2849 = CARTESIAN_POINT('',(0.315586126424,-0.567940629408));
#2850 = CARTESIAN_POINT('',(0.419318710774,-0.693811414152));
#2851 = CARTESIAN_POINT('',(0.572958169301,-0.802060552553));
#2852 = CARTESIAN_POINT('',(0.728415672307,-0.903469471974));
#2853 = CARTESIAN_POINT('',(0.982026479917,-0.97986519911));
#2854 = CARTESIAN_POINT('',(1.276328916215,-1.017800694234));
#2855 = CARTESIAN_POINT('',(1.570796326795,-1.017800694234));
#2856 = ( GEOMETRIC_REPRESENTATION_CONTEXT(2) 
PARAMETRIC_REPRESENTATION_CONTEXT() REPRESENTATION_CONTEXT('2D SPACE',''
  ) );
#2857 = ORIENTED_EDGE('',*,*,#2858,.F.);
#2858 = EDGE_CURVE('',#2859,#2788,#2861,.T.);
#2859 = VERTEX_POINT('',#2860);
#2860 = CARTESIAN_POINT('',(41.,-18.94952253983,-15.70190984064));
#2861 = SURFACE_CURVE('',#2862,(#2866,#2872),.PCURVE_S1.);
#2862 = LINE('',#2863,#2864);
#2863 = CARTESIAN_POINT('',(-70.,-18.94952253983,-15.70190984064));
#2864 = VECTOR('',#2865,1.);
#2865 = DIRECTION('',(1.,0.,0.));
#2866 = PCURVE('',#849,#2867);
#2867 = DEFINITIONAL_REPRESENTATION('',(#2868),#2871);
#2868 = B_SPLINE_CURVE_WITH_KNOTS('',1,(#2869,#2870),.UNSPECIFIED.,.F.,
  .F.,(2,2),(110.9999994,127.0000006),.PIECEWISE_BEZIER_KNOTS.);
#2869 = CARTESIAN_POINT('',(0.741612018736,110.9999994));
#2870 = CARTESIAN_POINT('',(0.741612018736,127.0000006));
#2871 = ( GEOMETRIC_REPRESENTATION_CONTEXT(2) 
PARAMETRIC_REPRESENTATION_CONTEXT() REPRESENTATION_CONTEXT('2D SPACE',''
  ) );
#2872 = PCURVE('',#2873,#2878);
#2873 = CYLINDRICAL_SURFACE('',#2874,2.);
#2874 = AXIS2_PLACEMENT_3D('',#2875,#2876,#2877);
#2875 = CARTESIAN_POINT('',(39.,-20.,-14.));
#2876 = DIRECTION('',(1.,0.,0.));
#2877 = DIRECTION('',(-0.,1.,0.));
#2878 = DEFINITIONAL_REPRESENTATION('',(#2879),#2882);
#2879 = B_SPLINE_CURVE_WITH_KNOTS('',1,(#2880,#2881),.UNSPECIFIED.,.F.,
  .F.,(2,2),(110.9999994,127.0000006),.PIECEWISE_BEZIER_KNOTS.);
#2880 = CARTESIAN_POINT('',(-1.017800694234,1.9999994));
#2881 = CARTESIAN_POINT('',(-1.017800694234,18.0000006));
#2882 = ( GEOMETRIC_REPRESENTATION_CONTEXT(2) 
PARAMETRIC_REPRESENTATION_CONTEXT() REPRESENTATION_CONTEXT('2D SPACE',''
  ) );
#2883 = ORIENTED_EDGE('',*,*,#2884,.F.);
#2884 = EDGE_CURVE('',#2885,#2859,#2887,.T.);
#2885 = VERTEX_POINT('',#2886);
#2886 = CARTESIAN_POINT('',(39.0040373827,-19.8729833462,-14.));
#2887 = SURFACE_CURVE('',#2888,(#2921,#2934),.PCURVE_S1.);
#2888 = B_SPLINE_CURVE_WITH_KNOTS('',4,(#2889,#2890,#2891,#2892,#2893,
    #2894,#2895,#2896,#2897,#2898,#2899,#2900,#2901,#2902,#2903,#2904,
    #2905,#2906,#2907,#2908,#2909,#2910,#2911,#2912,#2913,#2914,#2915,
    #2916,#2917,#2918,#2919,#2920),.UNSPECIFIED.,.F.,.F.,(5,3,3,3,3,3,3,
    3,3,3,5),(0.,7.39621453331E-02,0.148466245744,0.225316567906,
    0.305995096722,0.416591187168,0.487857515289,0.537486743308,
    0.663276553772,0.825328708944,1.),.UNSPECIFIED.);
#2889 = CARTESIAN_POINT('',(39.0040373827,-19.8729833462,-14.));
#2890 = CARTESIAN_POINT('',(39.004947188866,-19.85868648794,
    -14.05537149396));
#2891 = CARTESIAN_POINT('',(39.008108844641,-19.84334299197,
    -14.11043595731));
#2892 = CARTESIAN_POINT('',(39.013519461824,-19.82699723386,
    -14.16503437244));
#2893 = CARTESIAN_POINT('',(39.028847975304,-19.79232202873,
    -14.27340245207));
#2894 = CARTESIAN_POINT('',(39.038798694248,-19.77397871954,
    -14.32716345121));
#2895 = CARTESIAN_POINT('',(39.050983995834,-19.75476845825,
    -14.38015450831));
#2896 = CARTESIAN_POINT('',(39.080191003769,-19.71418609789,
    -14.48597893674));
#2897 = CARTESIAN_POINT('',(39.097353080963,-19.69276468854,
    -14.538755035));
#2898 = CARTESIAN_POINT('',(39.116800406336,-19.67063803322,
    -14.59043346684));
#2899 = CARTESIAN_POINT('',(39.161216144269,-19.62410599023,
    -14.69388034745));
#2900 = CARTESIAN_POINT('',(39.186411522216,-19.59964164549,
    -14.74552515224));
#2901 = CARTESIAN_POINT('',(39.213980308403,-19.57469624199,
    -14.79570263466));
#2902 = CARTESIAN_POINT('',(39.284753823653,-19.51481096352,
    -14.91095357768));
#2903 = CARTESIAN_POINT('',(39.329966121291,-19.47959419011,
    -14.97465043959));
#2904 = CARTESIAN_POINT('',(39.37923651991,-19.44421852702,
    -15.03515551477));
#2905 = CARTESIAN_POINT('',(39.46648208566,-19.38652312705,
    -15.12916164905));
#2906 = CARTESIAN_POINT('',(39.502243309066,-19.36403382227,
    -15.16461397218));
#2907 = CARTESIAN_POINT('',(39.539504588014,-19.34178345117,
    -15.198641407));
#2908 = CARTESIAN_POINT('',(39.605127189172,-19.30464163601,
    -15.2539056817));
#2909 = CARTESIAN_POINT('',(39.632755935178,-19.28956692059,
    -15.27588922947));
#2910 = CARTESIAN_POINT('',(39.661048267056,-19.2747040821,
    -15.29716111553));
#2911 = CARTESIAN_POINT('',(39.763298519474,-19.22305372036,
    -15.36981235123));
#2912 = CARTESIAN_POINT('',(39.840706464608,-19.18762138501,
    -15.41729864519));
#2913 = CARTESIAN_POINT('',(39.92175472395,-19.15441990874,
    -15.46008334474));
#2914 = CARTESIAN_POINT('',(40.114390651515,-19.08477326335,
    -15.54717797605));
#2915 = CARTESIAN_POINT('',(40.228046923143,-19.0501467214,
    -15.58836897797));
#2916 = CARTESIAN_POINT('',(40.345824999504,-19.02125608121,
    -15.62167168029));
#2917 = CARTESIAN_POINT('',(40.596489961229,-18.97461035129,
    -15.67451493851));
#2918 = CARTESIAN_POINT('',(40.729846871111,-18.95788976998,
    -15.69277950097));
#2919 = CARTESIAN_POINT('',(40.864921722291,-18.94952253983,
    -15.70190984064));
#2920 = CARTESIAN_POINT('',(41.,-18.94952253983,-15.70190984064));
#2921 = PCURVE('',#849,#2922);
#2922 = DEFINITIONAL_REPRESENTATION('',(#2923),#2933);
#2923 = B_SPLINE_CURVE_WITH_KNOTS('',8,(#2924,#2925,#2926,#2927,#2928,
    #2929,#2930,#2931,#2932),.UNSPECIFIED.,.F.,.F.,(9,9),(0.,1.),
  .PIECEWISE_BEZIER_KNOTS.);
#2924 = CARTESIAN_POINT('',(0.252680255142,109.0040373827));
#2925 = CARTESIAN_POINT('',(0.34933009001,109.01018786793));
#2926 = CARTESIAN_POINT('',(0.445617506372,109.10451576774));
#2927 = CARTESIAN_POINT('',(0.535783996279,109.28677943511));
#2928 = CARTESIAN_POINT('',(0.613519832637,109.54569579527));
#2929 = CARTESIAN_POINT('',(0.676347769268,109.86253495834));
#2930 = CARTESIAN_POINT('',(0.719875755745,110.22676200131));
#2931 = CARTESIAN_POINT('',(0.741612018736,110.61333577804));
#2932 = CARTESIAN_POINT('',(0.741612018736,111.));
#2933 = ( GEOMETRIC_REPRESENTATION_CONTEXT(2) 
PARAMETRIC_REPRESENTATION_CONTEXT() REPRESENTATION_CONTEXT('2D SPACE',''
  ) );
#2934 = PCURVE('',#2935,#2940);
#2935 = SPHERICAL_SURFACE('',#2936,2.);
#2936 = AXIS2_PLACEMENT_3D('',#2937,#2938,#2939);
#2937 = CARTESIAN_POINT('',(41.,-20.,-14.));
#2938 = DIRECTION('',(0.,0.,1.));
#2939 = DIRECTION('',(-1.,2.22044604925E-16,0.));
#2940 = DEFINITIONAL_REPRESENTATION('',(#2941),#2953);
#2941 = B_SPLINE_CURVE_WITH_KNOTS('',10,(#2942,#2943,#2944,#2945,#2946,
    #2947,#2948,#2949,#2950,#2951,#2952),.UNSPECIFIED.,.F.,.F.,(11,11),(
    0.,1.),.PIECEWISE_BEZIER_KNOTS.);
#2942 = CARTESIAN_POINT('',(-6.355109600339E-02,0.));
#2943 = CARTESIAN_POINT('',(-0.102289230287,-0.149729280343));
#2944 = CARTESIAN_POINT('',(-0.155554074307,-0.295677506595));
#2945 = CARTESIAN_POINT('',(-0.224567902627,-0.436378287748));
#2946 = CARTESIAN_POINT('',(-0.315586126671,-0.56794062948));
#2947 = CARTESIAN_POINT('',(-0.419318710294,-0.693811414167));
#2948 = CARTESIAN_POINT('',(-0.572958169651,-0.802060552669));
#2949 = CARTESIAN_POINT('',(-0.728415672209,-0.903469471981));
#2950 = CARTESIAN_POINT('',(-0.982026479925,-0.9798651991));
#2951 = CARTESIAN_POINT('',(-1.276328916215,-1.017800694234));
#2952 = CARTESIAN_POINT('',(-1.570796326795,-1.017800694234));
#2953 = ( GEOMETRIC_REPRESENTATION_CONTEXT(2) 
PARAMETRIC_REPRESENTATION_CONTEXT() REPRESENTATION_CONTEXT('2D SPACE',''
  ) );
#2954 = ORIENTED_EDGE('',*,*,#2955,.F.);
#2955 = EDGE_CURVE('',#978,#2885,#2956,.T.);
#2956 = SURFACE_CURVE('',#2957,(#2965,#2976),.PCURVE_S1.);
#2957 = B_SPLINE_CURVE_WITH_KNOTS('',6,(#2958,#2959,#2960,#2961,#2962,
    #2963,#2964),.UNSPECIFIED.,.F.,.F.,(7,7),(0.,1.),
  .PIECEWISE_BEZIER_KNOTS.);
#2958 = CARTESIAN_POINT('',(39.,-20.,-13.));
#2959 = CARTESIAN_POINT('',(39.,-20.,-13.16781595701));
#2960 = CARTESIAN_POINT('',(39.000000076047,-19.99155135556,
    -13.33562193927));
#2961 = CARTESIAN_POINT('',(38.999999760948,-19.97465586194,
    -13.50309097318));
#2962 = CARTESIAN_POINT('',(39.000268117397,-19.94929157408,
    -13.66989167097));
#2963 = CARTESIAN_POINT('',(39.001337195005,-19.91541453092,
    -13.83566483341));
#2964 = CARTESIAN_POINT('',(39.004037392559,-19.87298319128,-14.0000006)
  );
#2965 = PCURVE('',#849,#2966);
#2966 = DEFINITIONAL_REPRESENTATION('',(#2967),#2975);
#2967 = B_SPLINE_CURVE_WITH_KNOTS('',6,(#2968,#2969,#2970,#2971,#2972,
    #2973,#2974),.UNSPECIFIED.,.F.,.F.,(7,7),(0.,1.),
  .PIECEWISE_BEZIER_KNOTS.);
#2968 = CARTESIAN_POINT('',(0.,109.));
#2969 = CARTESIAN_POINT('',(4.195398925307E-02,109.));
#2970 = CARTESIAN_POINT('',(8.390548037639E-02,109.00000007604));
#2971 = CARTESIAN_POINT('',(0.125905678588,108.99999976094));
#2972 = CARTESIAN_POINT('',(0.168004490207,109.00026811739));
#2973 = CARTESIAN_POINT('',(0.210249095886,109.001337195));
#2974 = CARTESIAN_POINT('',(0.252680410061,109.00403739255));
#2975 = ( GEOMETRIC_REPRESENTATION_CONTEXT(2) 
PARAMETRIC_REPRESENTATION_CONTEXT() REPRESENTATION_CONTEXT('2D SPACE',''
  ) );
#2976 = PCURVE('',#2977,#2982);
#2977 = CYLINDRICAL_SURFACE('',#2978,2.);
#2978 = AXIS2_PLACEMENT_3D('',#2979,#2980,#2981);
#2979 = CARTESIAN_POINT('',(41.,-20.,-16.));
#2980 = DIRECTION('',(0.,0.,1.));
#2981 = DIRECTION('',(-1.,-0.,0.));
#2982 = DEFINITIONAL_REPRESENTATION('',(#2983),#2991);
#2983 = B_SPLINE_CURVE_WITH_KNOTS('',6,(#2984,#2985,#2986,#2987,#2988,
    #2989,#2990),.UNSPECIFIED.,.F.,.F.,(7,7),(0.,1.),
  .PIECEWISE_BEZIER_KNOTS.);
#2984 = CARTESIAN_POINT('',(0.,3.));
#2985 = CARTESIAN_POINT('',(0.,2.832184042988));
#2986 = CARTESIAN_POINT('',(-4.224338199299E-03,2.664378060721));
#2987 = CARTESIAN_POINT('',(-1.267202001779E-02,2.496909026816));
#2988 = CARTESIAN_POINT('',(-2.535429989838E-02,2.330108329023));
#2989 = CARTESIAN_POINT('',(-4.229258917724E-02,2.164335166586));
#2990 = CARTESIAN_POINT('',(-6.355117361976E-02,1.9999994));
#2991 = ( GEOMETRIC_REPRESENTATION_CONTEXT(2) 
PARAMETRIC_REPRESENTATION_CONTEXT() REPRESENTATION_CONTEXT('2D SPACE',''
  ) );
#2992 = ORIENTED_EDGE('',*,*,#977,.F.);
#2993 = ADVANCED_FACE('',(#2994),#961,.T.);
#2994 = FACE_BOUND('',#2995,.F.);
#2995 = EDGE_LOOP('',(#2996,#2997,#2998,#3019,#3053,#3080));
#2996 = ORIENTED_EDGE('',*,*,#946,.F.);
#2997 = ORIENTED_EDGE('',*,*,#2076,.T.);
#2998 = ORIENTED_EDGE('',*,*,#2999,.T.);
#2999 = EDGE_CURVE('',#2049,#3000,#3002,.T.);
#3000 = VERTEX_POINT('',#3001);
#3001 = CARTESIAN_POINT('',(65.6,-17.6,13.666060555965));
#3002 = SURFACE_CURVE('',#3003,(#3007,#3013),.PCURVE_S1.);
#3003 = LINE('',#3004,#3005);
#3004 = CARTESIAN_POINT('',(-70.,-17.6,13.666060555965));
#3005 = VECTOR('',#3006,1.);
#3006 = DIRECTION('',(1.,0.,0.));
#3007 = PCURVE('',#961,#3008);
#3008 = DEFINITIONAL_REPRESENTATION('',(#3009),#3012);
#3009 = B_SPLINE_CURVE_WITH_KNOTS('',1,(#3010,#3011),.UNSPECIFIED.,.F.,
  .F.,(2,2),(3.9999994,136.0000006),.PIECEWISE_BEZIER_KNOTS.);
#3010 = CARTESIAN_POINT('',(-1.159279480727,3.9999994));
#3011 = CARTESIAN_POINT('',(-1.159279480727,136.0000006));
#3012 = ( GEOMETRIC_REPRESENTATION_CONTEXT(2) 
PARAMETRIC_REPRESENTATION_CONTEXT() REPRESENTATION_CONTEXT('2D SPACE',''
  ) );
#3013 = PCURVE('',#2064,#3014);
#3014 = DEFINITIONAL_REPRESENTATION('',(#3015),#3018);
#3015 = B_SPLINE_CURVE_WITH_KNOTS('',1,(#3016,#3017),.UNSPECIFIED.,.F.,
  .F.,(2,2),(3.9999994,136.0000006),.PIECEWISE_BEZIER_KNOTS.);
#3016 = CARTESIAN_POINT('',(28.266060555965,1.5999994));
#3017 = CARTESIAN_POINT('',(28.266060555965,133.6000006));
#3018 = ( GEOMETRIC_REPRESENTATION_CONTEXT(2) 
PARAMETRIC_REPRESENTATION_CONTEXT() REPRESENTATION_CONTEXT('2D SPACE',''
  ) );
#3019 = ORIENTED_EDGE('',*,*,#3020,.F.);
#3020 = EDGE_CURVE('',#3021,#3000,#3023,.T.);
#3021 = VERTEX_POINT('',#3022);
#3022 = CARTESIAN_POINT('',(66.,-17.55959179422,13.68343229005));
#3023 = SURFACE_CURVE('',#3024,(#3030,#3039),.PCURVE_S1.);
#3024 = B_SPLINE_CURVE_WITH_KNOTS('',4,(#3025,#3026,#3027,#3028,#3029),
  .UNSPECIFIED.,.F.,.F.,(5,5),(0.,1.),.PIECEWISE_BEZIER_KNOTS.);
#3025 = CARTESIAN_POINT('',(66.0000006,-17.55959167175,13.683432341906)
  );
#3026 = CARTESIAN_POINT('',(65.901021747543,-17.57979567697,
    13.674877821189));
#3027 = CARTESIAN_POINT('',(65.801018881911,-17.59326491779,
    13.669000249008));
#3028 = CARTESIAN_POINT('',(65.700513592402,-17.6,13.666060555965));
#3029 = CARTESIAN_POINT('',(65.6,-17.6,13.666060555965));
#3030 = PCURVE('',#961,#3031);
#3031 = DEFINITIONAL_REPRESENTATION('',(#3032),#3038);
#3032 = B_SPLINE_CURVE_WITH_KNOTS('',4,(#3033,#3034,#3035,#3036,#3037),
  .UNSPECIFIED.,.F.,.F.,(5,5),(0.,1.),.PIECEWISE_BEZIER_KNOTS.);
#3033 = CARTESIAN_POINT('',(-1.170275592064,136.0000006));
#3034 = CARTESIAN_POINT('',(-1.164790489217,135.90102174754));
#3035 = CARTESIAN_POINT('',(-1.161116697742,135.80101888191));
#3036 = CARTESIAN_POINT('',(-1.159279480727,135.7005135924));
#3037 = CARTESIAN_POINT('',(-1.159279480727,135.6));
#3038 = ( GEOMETRIC_REPRESENTATION_CONTEXT(2) 
PARAMETRIC_REPRESENTATION_CONTEXT() REPRESENTATION_CONTEXT('2D SPACE',''
  ) );
#3039 = PCURVE('',#3040,#3045);
#3040 = CYLINDRICAL_SURFACE('',#3041,2.);
#3041 = AXIS2_PLACEMENT_3D('',#3042,#3043,#3044);
#3042 = CARTESIAN_POINT('',(65.6,-15.6,-14.6));
#3043 = DIRECTION('',(0.,0.,1.));
#3044 = DIRECTION('',(1.,0.,-0.));
#3045 = DEFINITIONAL_REPRESENTATION('',(#3046),#3052);
#3046 = B_SPLINE_CURVE_WITH_KNOTS('',4,(#3047,#3048,#3049,#3050,#3051),
  .UNSPECIFIED.,.F.,.F.,(5,5),(0.,1.),.PIECEWISE_BEZIER_KNOTS.);
#3047 = CARTESIAN_POINT('',(-1.369438099818,28.283432341906));
#3048 = CARTESIAN_POINT('',(-1.41994803711,28.274877821189));
#3049 = CARTESIAN_POINT('',(-1.470286529649,28.269000249008));
#3050 = CARTESIAN_POINT('',(-1.520539530594,28.266060555965));
#3051 = CARTESIAN_POINT('',(-1.570796326795,28.266060555965));
#3052 = ( GEOMETRIC_REPRESENTATION_CONTEXT(2) 
PARAMETRIC_REPRESENTATION_CONTEXT() REPRESENTATION_CONTEXT('2D SPACE',''
  ) );
#3053 = ORIENTED_EDGE('',*,*,#3054,.T.);
#3054 = EDGE_CURVE('',#3021,#1002,#3055,.T.);
#3055 = SURFACE_CURVE('',#3056,(#3061,#3068),.PCURVE_S1.);
#3056 = CIRCLE('',#3057,4.);
#3057 = AXIS2_PLACEMENT_3D('',#3058,#3059,#3060);
#3058 = CARTESIAN_POINT('',(66.,-16.,10.));
#3059 = DIRECTION('',(1.,6.123233995737E-17,0.));
#3060 = DIRECTION('',(6.123233995737E-17,-1.,0.));
#3061 = PCURVE('',#961,#3062);
#3062 = DEFINITIONAL_REPRESENTATION('',(#3063),#3067);
#3063 = LINE('',#3064,#3065);
#3064 = CARTESIAN_POINT('',(-6.28318530718,136.));
#3065 = VECTOR('',#3066,1.);
#3066 = DIRECTION('',(1.,-0.));
#3067 = ( GEOMETRIC_REPRESENTATION_CONTEXT(2) 
PARAMETRIC_REPRESENTATION_CONTEXT() REPRESENTATION_CONTEXT('2D SPACE',''
  ) );
#3068 = PCURVE('',#3069,#3074);
#3069 = SPHERICAL_SURFACE('',#3070,4.);
#3070 = AXIS2_PLACEMENT_3D('',#3071,#3072,#3073);
#3071 = CARTESIAN_POINT('',(66.,-16.,10.));
#3072 = DIRECTION('',(-0.,-0.,-1.));
#3073 = DIRECTION('',(1.,0.,0.));
#3074 = DEFINITIONAL_REPRESENTATION('',(#3075),#3079);
#3075 = LINE('',#3076,#3077);
#3076 = CARTESIAN_POINT('',(1.570796326795,-6.28318530718));
#3077 = VECTOR('',#3078,1.);
#3078 = DIRECTION('',(0.,1.));
#3079 = ( GEOMETRIC_REPRESENTATION_CONTEXT(2) 
PARAMETRIC_REPRESENTATION_CONTEXT() REPRESENTATION_CONTEXT('2D SPACE',''
  ) );
#3080 = ORIENTED_EDGE('',*,*,#1001,.F.);
#3081 = ADVANCED_FACE('',(#3082),#1207,.F.);
#3082 = FACE_BOUND('',#3083,.F.);
#3083 = EDGE_LOOP('',(#3084,#3114,#3142,#3163,#3164));
#3084 = ORIENTED_EDGE('',*,*,#3085,.F.);
#3085 = EDGE_CURVE('',#3086,#3088,#3090,.T.);
#3086 = VERTEX_POINT('',#3087);
#3087 = CARTESIAN_POINT('',(39.,-22.,-14.));
#3088 = VERTEX_POINT('',#3089);
#3089 = CARTESIAN_POINT('',(39.,-22.,1.));
#3090 = SURFACE_CURVE('',#3091,(#3095,#3102),.PCURVE_S1.);
#3091 = LINE('',#3092,#3093);
#3092 = CARTESIAN_POINT('',(39.,-22.,-16.));
#3093 = VECTOR('',#3094,1.);
#3094 = DIRECTION('',(0.,0.,1.));
#3095 = PCURVE('',#1207,#3096);
#3096 = DEFINITIONAL_REPRESENTATION('',(#3097),#3101);
#3097 = LINE('',#3098,#3099);
#3098 = CARTESIAN_POINT('',(0.,-2.));
#3099 = VECTOR('',#3100,1.);
#3100 = DIRECTION('',(1.,0.));
#3101 = ( GEOMETRIC_REPRESENTATION_CONTEXT(2) 
PARAMETRIC_REPRESENTATION_CONTEXT() REPRESENTATION_CONTEXT('2D SPACE',''
  ) );
#3102 = PCURVE('',#3103,#3108);
#3103 = CYLINDRICAL_SURFACE('',#3104,2.);
#3104 = AXIS2_PLACEMENT_3D('',#3105,#3106,#3107);
#3105 = CARTESIAN_POINT('',(41.,-22.,-16.));
#3106 = DIRECTION('',(0.,0.,1.));
#3107 = DIRECTION('',(-1.,-0.,0.));
#3108 = DEFINITIONAL_REPRESENTATION('',(#3109),#3113);
#3109 = LINE('',#3110,#3111);
#3110 = CARTESIAN_POINT('',(0.,0.));
#3111 = VECTOR('',#3112,1.);
#3112 = DIRECTION('',(0.,1.));
#3113 = ( GEOMETRIC_REPRESENTATION_CONTEXT(2) 
PARAMETRIC_REPRESENTATION_CONTEXT() REPRESENTATION_CONTEXT('2D SPACE',''
  ) );
#3114 = ORIENTED_EDGE('',*,*,#3115,.T.);
#3115 = EDGE_CURVE('',#3086,#3116,#3118,.T.);
#3116 = VERTEX_POINT('',#3117);
#3117 = CARTESIAN_POINT('',(39.,-20.,-14.));
#3118 = SURFACE_CURVE('',#3119,(#3123,#3130),.PCURVE_S1.);
#3119 = LINE('',#3120,#3121);
#3120 = CARTESIAN_POINT('',(39.,-24.,-14.));
#3121 = VECTOR('',#3122,1.);
#3122 = DIRECTION('',(0.,1.,0.));
#3123 = PCURVE('',#1207,#3124);
#3124 = DEFINITIONAL_REPRESENTATION('',(#3125),#3129);
#3125 = LINE('',#3126,#3127);
#3126 = CARTESIAN_POINT('',(2.,0.));
#3127 = VECTOR('',#3128,1.);
#3128 = DIRECTION('',(0.,-1.));
#3129 = ( GEOMETRIC_REPRESENTATION_CONTEXT(2) 
PARAMETRIC_REPRESENTATION_CONTEXT() REPRESENTATION_CONTEXT('2D SPACE',''
  ) );
#3130 = PCURVE('',#3131,#3136);
#3131 = CYLINDRICAL_SURFACE('',#3132,2.);
#3132 = AXIS2_PLACEMENT_3D('',#3133,#3134,#3135);
#3133 = CARTESIAN_POINT('',(41.,-24.,-14.));
#3134 = DIRECTION('',(0.,1.,0.));
#3135 = DIRECTION('',(-1.,0.,0.));
#3136 = DEFINITIONAL_REPRESENTATION('',(#3137),#3141);
#3137 = LINE('',#3138,#3139);
#3138 = CARTESIAN_POINT('',(-0.,0.));
#3139 = VECTOR('',#3140,1.);
#3140 = DIRECTION('',(-0.,1.));
#3141 = ( GEOMETRIC_REPRESENTATION_CONTEXT(2) 
PARAMETRIC_REPRESENTATION_CONTEXT() REPRESENTATION_CONTEXT('2D SPACE',''
  ) );
#3142 = ORIENTED_EDGE('',*,*,#3143,.T.);
#3143 = EDGE_CURVE('',#3116,#978,#3144,.T.);
#3144 = SURFACE_CURVE('',#3145,(#3149,#3156),.PCURVE_S1.);
#3145 = LINE('',#3146,#3147);
#3146 = CARTESIAN_POINT('',(39.,-20.,-16.));
#3147 = VECTOR('',#3148,1.);
#3148 = DIRECTION('',(0.,0.,1.));
#3149 = PCURVE('',#1207,#3150);
#3150 = DEFINITIONAL_REPRESENTATION('',(#3151),#3155);
#3151 = LINE('',#3152,#3153);
#3152 = CARTESIAN_POINT('',(0.,-4.));
#3153 = VECTOR('',#3154,1.);
#3154 = DIRECTION('',(1.,0.));
#3155 = ( GEOMETRIC_REPRESENTATION_CONTEXT(2) 
PARAMETRIC_REPRESENTATION_CONTEXT() REPRESENTATION_CONTEXT('2D SPACE',''
  ) );
#3156 = PCURVE('',#2977,#3157);
#3157 = DEFINITIONAL_REPRESENTATION('',(#3158),#3162);
#3158 = LINE('',#3159,#3160);
#3159 = CARTESIAN_POINT('',(-0.,0.));
#3160 = VECTOR('',#3161,1.);
#3161 = DIRECTION('',(-0.,1.));
#3162 = ( GEOMETRIC_REPRESENTATION_CONTEXT(2) 
PARAMETRIC_REPRESENTATION_CONTEXT() REPRESENTATION_CONTEXT('2D SPACE',''
  ) );
#3163 = ORIENTED_EDGE('',*,*,#1193,.T.);
#3164 = ORIENTED_EDGE('',*,*,#3165,.F.);
#3165 = EDGE_CURVE('',#3088,#1165,#3166,.T.);
#3166 = SURFACE_CURVE('',#3167,(#3171,#3178),.PCURVE_S1.);
#3167 = LINE('',#3168,#3169);
#3168 = CARTESIAN_POINT('',(39.,-24.,1.));
#3169 = VECTOR('',#3170,1.);
#3170 = DIRECTION('',(0.,1.,0.));
#3171 = PCURVE('',#1207,#3172);
#3172 = DEFINITIONAL_REPRESENTATION('',(#3173),#3177);
#3173 = LINE('',#3174,#3175);
#3174 = CARTESIAN_POINT('',(17.,0.));
#3175 = VECTOR('',#3176,1.);
#3176 = DIRECTION('',(0.,-1.));
#3177 = ( GEOMETRIC_REPRESENTATION_CONTEXT(2) 
PARAMETRIC_REPRESENTATION_CONTEXT() REPRESENTATION_CONTEXT('2D SPACE',''
  ) );
#3178 = PCURVE('',#1181,#3179);
#3179 = DEFINITIONAL_REPRESENTATION('',(#3180),#3184);
#3180 = LINE('',#3181,#3182);
#3181 = CARTESIAN_POINT('',(0.,0.));
#3182 = VECTOR('',#3183,1.);
#3183 = DIRECTION('',(0.,1.));
#3184 = ( GEOMETRIC_REPRESENTATION_CONTEXT(2) 
PARAMETRIC_REPRESENTATION_CONTEXT() REPRESENTATION_CONTEXT('2D SPACE',''
  ) );
#3185 = ADVANCED_FACE('',(#3186),#1181,.T.);
#3186 = FACE_BOUND('',#3187,.T.);
#3187 = EDGE_LOOP('',(#3188,#3217,#3238,#3239));
#3188 = ORIENTED_EDGE('',*,*,#3189,.F.);
#3189 = EDGE_CURVE('',#3190,#3088,#3192,.T.);
#3190 = VERTEX_POINT('',#3191);
#3191 = CARTESIAN_POINT('',(41.,-22.,3.));
#3192 = SURFACE_CURVE('',#3193,(#3198,#3205),.PCURVE_S1.);
#3193 = CIRCLE('',#3194,2.);
#3194 = AXIS2_PLACEMENT_3D('',#3195,#3196,#3197);
#3195 = CARTESIAN_POINT('',(41.,-22.,1.));
#3196 = DIRECTION('',(0.,-1.,0.));
#3197 = DIRECTION('',(-1.,0.,0.));
#3198 = PCURVE('',#1181,#3199);
#3199 = DEFINITIONAL_REPRESENTATION('',(#3200),#3204);
#3200 = LINE('',#3201,#3202);
#3201 = CARTESIAN_POINT('',(6.28318530718,2.));
#3202 = VECTOR('',#3203,1.);
#3203 = DIRECTION('',(-1.,-0.));
#3204 = ( GEOMETRIC_REPRESENTATION_CONTEXT(2) 
PARAMETRIC_REPRESENTATION_CONTEXT() REPRESENTATION_CONTEXT('2D SPACE',''
  ) );
#3205 = PCURVE('',#3206,#3211);
#3206 = SPHERICAL_SURFACE('',#3207,2.);
#3207 = AXIS2_PLACEMENT_3D('',#3208,#3209,#3210);
#3208 = CARTESIAN_POINT('',(41.,-22.,1.));
#3209 = DIRECTION('',(-0.,-0.,-1.));
#3210 = DIRECTION('',(-1.,0.,0.));
#3211 = DEFINITIONAL_REPRESENTATION('',(#3212),#3216);
#3212 = LINE('',#3213,#3214);
#3213 = CARTESIAN_POINT('',(-0.,-6.28318530718));
#3214 = VECTOR('',#3215,1.);
#3215 = DIRECTION('',(-0.,1.));
#3216 = ( GEOMETRIC_REPRESENTATION_CONTEXT(2) 
PARAMETRIC_REPRESENTATION_CONTEXT() REPRESENTATION_CONTEXT('2D SPACE',''
  ) );
#3217 = ORIENTED_EDGE('',*,*,#3218,.T.);
#3218 = EDGE_CURVE('',#3190,#1137,#3219,.T.);
#3219 = SURFACE_CURVE('',#3220,(#3224,#3231),.PCURVE_S1.);
#3220 = LINE('',#3221,#3222);
#3221 = CARTESIAN_POINT('',(41.,-24.,3.));
#3222 = VECTOR('',#3223,1.);
#3223 = DIRECTION('',(0.,1.,0.));
#3224 = PCURVE('',#1181,#3225);
#3225 = DEFINITIONAL_REPRESENTATION('',(#3226),#3230);
#3226 = LINE('',#3227,#3228);
#3227 = CARTESIAN_POINT('',(1.570796326795,0.));
#3228 = VECTOR('',#3229,1.);
#3229 = DIRECTION('',(0.,1.));
#3230 = ( GEOMETRIC_REPRESENTATION_CONTEXT(2) 
PARAMETRIC_REPRESENTATION_CONTEXT() REPRESENTATION_CONTEXT('2D SPACE',''
  ) );
#3231 = PCURVE('',#1152,#3232);
#3232 = DEFINITIONAL_REPRESENTATION('',(#3233),#3237);
#3233 = LINE('',#3234,#3235);
#3234 = CARTESIAN_POINT('',(2.,0.));
#3235 = VECTOR('',#3236,1.);
#3236 = DIRECTION('',(0.,1.));
#3237 = ( GEOMETRIC_REPRESENTATION_CONTEXT(2) 
PARAMETRIC_REPRESENTATION_CONTEXT() REPRESENTATION_CONTEXT('2D SPACE',''
  ) );
#3238 = ORIENTED_EDGE('',*,*,#1164,.F.);
#3239 = ORIENTED_EDGE('',*,*,#3165,.F.);
#3240 = ADVANCED_FACE('',(#3241),#1152,.T.);
#3241 = FACE_BOUND('',#3242,.T.);
#3242 = EDGE_LOOP('',(#3243,#3244,#3272,#3293));
#3243 = ORIENTED_EDGE('',*,*,#3218,.F.);
#3244 = ORIENTED_EDGE('',*,*,#3245,.T.);
#3245 = EDGE_CURVE('',#3190,#3246,#3248,.T.);
#3246 = VERTEX_POINT('',#3247);
#3247 = CARTESIAN_POINT('',(57.,-22.,3.));
#3248 = SURFACE_CURVE('',#3249,(#3253,#3260),.PCURVE_S1.);
#3249 = LINE('',#3250,#3251);
#3250 = CARTESIAN_POINT('',(39.,-22.,3.));
#3251 = VECTOR('',#3252,1.);
#3252 = DIRECTION('',(1.,0.,0.));
#3253 = PCURVE('',#1152,#3254);
#3254 = DEFINITIONAL_REPRESENTATION('',(#3255),#3259);
#3255 = LINE('',#3256,#3257);
#3256 = CARTESIAN_POINT('',(0.,2.));
#3257 = VECTOR('',#3258,1.);
#3258 = DIRECTION('',(1.,0.));
#3259 = ( GEOMETRIC_REPRESENTATION_CONTEXT(2) 
PARAMETRIC_REPRESENTATION_CONTEXT() REPRESENTATION_CONTEXT('2D SPACE',''
  ) );
#3260 = PCURVE('',#3261,#3266);
#3261 = CYLINDRICAL_SURFACE('',#3262,2.);
#3262 = AXIS2_PLACEMENT_3D('',#3263,#3264,#3265);
#3263 = CARTESIAN_POINT('',(39.,-22.,1.));
#3264 = DIRECTION('',(1.,0.,0.));
#3265 = DIRECTION('',(0.,-1.,0.));
#3266 = DEFINITIONAL_REPRESENTATION('',(#3267),#3271);
#3267 = LINE('',#3268,#3269);
#3268 = CARTESIAN_POINT('',(-1.570796326795,0.));
#3269 = VECTOR('',#3270,1.);
#3270 = DIRECTION('',(-0.,1.));
#3271 = ( GEOMETRIC_REPRESENTATION_CONTEXT(2) 
PARAMETRIC_REPRESENTATION_CONTEXT() REPRESENTATION_CONTEXT('2D SPACE',''
  ) );
#3272 = ORIENTED_EDGE('',*,*,#3273,.T.);
#3273 = EDGE_CURVE('',#3246,#1104,#3274,.T.);
#3274 = SURFACE_CURVE('',#3275,(#3279,#3286),.PCURVE_S1.);
#3275 = LINE('',#3276,#3277);
#3276 = CARTESIAN_POINT('',(57.,-24.,3.));
#3277 = VECTOR('',#3278,1.);
#3278 = DIRECTION('',(0.,1.,0.));
#3279 = PCURVE('',#1152,#3280);
#3280 = DEFINITIONAL_REPRESENTATION('',(#3281),#3285);
#3281 = LINE('',#3282,#3283);
#3282 = CARTESIAN_POINT('',(18.,0.));
#3283 = VECTOR('',#3284,1.);
#3284 = DIRECTION('',(0.,1.));
#3285 = ( GEOMETRIC_REPRESENTATION_CONTEXT(2) 
PARAMETRIC_REPRESENTATION_CONTEXT() REPRESENTATION_CONTEXT('2D SPACE',''
  ) );
#3286 = PCURVE('',#1124,#3287);
#3287 = DEFINITIONAL_REPRESENTATION('',(#3288),#3292);
#3288 = LINE('',#3289,#3290);
#3289 = CARTESIAN_POINT('',(-1.570796326795,0.));
#3290 = VECTOR('',#3291,1.);
#3291 = DIRECTION('',(-0.,1.));
#3292 = ( GEOMETRIC_REPRESENTATION_CONTEXT(2) 
PARAMETRIC_REPRESENTATION_CONTEXT() REPRESENTATION_CONTEXT('2D SPACE',''
  ) );
#3293 = ORIENTED_EDGE('',*,*,#1136,.F.);
#3294 = ADVANCED_FACE('',(#3295),#1124,.T.);
#3295 = FACE_BOUND('',#3296,.F.);
#3296 = EDGE_LOOP('',(#3297,#3326,#3327,#3328));
#3297 = ORIENTED_EDGE('',*,*,#3298,.F.);
#3298 = EDGE_CURVE('',#3246,#3299,#3301,.T.);
#3299 = VERTEX_POINT('',#3300);
#3300 = CARTESIAN_POINT('',(59.,-22.,1.));
#3301 = SURFACE_CURVE('',#3302,(#3307,#3314),.PCURVE_S1.);
#3302 = CIRCLE('',#3303,2.);
#3303 = AXIS2_PLACEMENT_3D('',#3304,#3305,#3306);
#3304 = CARTESIAN_POINT('',(57.,-22.,1.));
#3305 = DIRECTION('',(-0.,1.,0.));
#3306 = DIRECTION('',(1.,0.,0.));
#3307 = PCURVE('',#1124,#3308);
#3308 = DEFINITIONAL_REPRESENTATION('',(#3309),#3313);
#3309 = LINE('',#3310,#3311);
#3310 = CARTESIAN_POINT('',(-6.28318530718,2.));
#3311 = VECTOR('',#3312,1.);
#3312 = DIRECTION('',(1.,-0.));
#3313 = ( GEOMETRIC_REPRESENTATION_CONTEXT(2) 
PARAMETRIC_REPRESENTATION_CONTEXT() REPRESENTATION_CONTEXT('2D SPACE',''
  ) );
#3314 = PCURVE('',#3315,#3320);
#3315 = SPHERICAL_SURFACE('',#3316,2.);
#3316 = AXIS2_PLACEMENT_3D('',#3317,#3318,#3319);
#3317 = CARTESIAN_POINT('',(57.,-22.,1.));
#3318 = DIRECTION('',(-0.,-0.,-1.));
#3319 = DIRECTION('',(1.,0.,0.));
#3320 = DEFINITIONAL_REPRESENTATION('',(#3321),#3325);
#3321 = LINE('',#3322,#3323);
#3322 = CARTESIAN_POINT('',(0.,-6.28318530718));
#3323 = VECTOR('',#3324,1.);
#3324 = DIRECTION('',(0.,1.));
#3325 = ( GEOMETRIC_REPRESENTATION_CONTEXT(2) 
PARAMETRIC_REPRESENTATION_CONTEXT() REPRESENTATION_CONTEXT('2D SPACE',''
  ) );
#3326 = ORIENTED_EDGE('',*,*,#3273,.T.);
#3327 = ORIENTED_EDGE('',*,*,#1103,.F.);
#3328 = ORIENTED_EDGE('',*,*,#3329,.F.);
#3329 = EDGE_CURVE('',#3299,#1076,#3330,.T.);
#3330 = SURFACE_CURVE('',#3331,(#3335,#3342),.PCURVE_S1.);
#3331 = LINE('',#3332,#3333);
#3332 = CARTESIAN_POINT('',(59.,-24.,1.));
#3333 = VECTOR('',#3334,1.);
#3334 = DIRECTION('',(0.,1.,0.));
#3335 = PCURVE('',#1124,#3336);
#3336 = DEFINITIONAL_REPRESENTATION('',(#3337),#3341);
#3337 = LINE('',#3338,#3339);
#3338 = CARTESIAN_POINT('',(-0.,0.));
#3339 = VECTOR('',#3340,1.);
#3340 = DIRECTION('',(-0.,1.));
#3341 = ( GEOMETRIC_REPRESENTATION_CONTEXT(2) 
PARAMETRIC_REPRESENTATION_CONTEXT() REPRESENTATION_CONTEXT('2D SPACE',''
  ) );
#3342 = PCURVE('',#1091,#3343);
#3343 = DEFINITIONAL_REPRESENTATION('',(#3344),#3348);
#3344 = LINE('',#3345,#3346);
#3345 = CARTESIAN_POINT('',(17.,0.));
#3346 = VECTOR('',#3347,1.);
#3347 = DIRECTION('',(0.,-1.));
#3348 = ( GEOMETRIC_REPRESENTATION_CONTEXT(2) 
PARAMETRIC_REPRESENTATION_CONTEXT() REPRESENTATION_CONTEXT('2D SPACE',''
  ) );
#3349 = ADVANCED_FACE('',(#3350),#1091,.T.);
#3350 = FACE_BOUND('',#3351,.T.);
#3351 = EDGE_LOOP('',(#3352,#3380,#3408,#3429,#3430));
#3352 = ORIENTED_EDGE('',*,*,#3353,.F.);
#3353 = EDGE_CURVE('',#3354,#3299,#3356,.T.);
#3354 = VERTEX_POINT('',#3355);
#3355 = CARTESIAN_POINT('',(59.,-22.,-14.));
#3356 = SURFACE_CURVE('',#3357,(#3361,#3368),.PCURVE_S1.);
#3357 = LINE('',#3358,#3359);
#3358 = CARTESIAN_POINT('',(59.,-22.,-16.));
#3359 = VECTOR('',#3360,1.);
#3360 = DIRECTION('',(0.,0.,1.));
#3361 = PCURVE('',#1091,#3362);
#3362 = DEFINITIONAL_REPRESENTATION('',(#3363),#3367);
#3363 = LINE('',#3364,#3365);
#3364 = CARTESIAN_POINT('',(0.,-2.));
#3365 = VECTOR('',#3366,1.);
#3366 = DIRECTION('',(1.,0.));
#3367 = ( GEOMETRIC_REPRESENTATION_CONTEXT(2) 
PARAMETRIC_REPRESENTATION_CONTEXT() REPRESENTATION_CONTEXT('2D SPACE',''
  ) );
#3368 = PCURVE('',#3369,#3374);
#3369 = CYLINDRICAL_SURFACE('',#3370,2.);
#3370 = AXIS2_PLACEMENT_3D('',#3371,#3372,#3373);
#3371 = CARTESIAN_POINT('',(57.,-22.,-16.));
#3372 = DIRECTION('',(0.,0.,1.));
#3373 = DIRECTION('',(1.,0.,-0.));
#3374 = DEFINITIONAL_REPRESENTATION('',(#3375),#3379);
#3375 = LINE('',#3376,#3377);
#3376 = CARTESIAN_POINT('',(-0.,0.));
#3377 = VECTOR('',#3378,1.);
#3378 = DIRECTION('',(-0.,1.));
#3379 = ( GEOMETRIC_REPRESENTATION_CONTEXT(2) 
PARAMETRIC_REPRESENTATION_CONTEXT() REPRESENTATION_CONTEXT('2D SPACE',''
  ) );
#3380 = ORIENTED_EDGE('',*,*,#3381,.T.);
#3381 = EDGE_CURVE('',#3354,#3382,#3384,.T.);
#3382 = VERTEX_POINT('',#3383);
#3383 = CARTESIAN_POINT('',(59.,-20.,-14.));
#3384 = SURFACE_CURVE('',#3385,(#3389,#3396),.PCURVE_S1.);
#3385 = LINE('',#3386,#3387);
#3386 = CARTESIAN_POINT('',(59.,-24.,-14.));
#3387 = VECTOR('',#3388,1.);
#3388 = DIRECTION('',(0.,1.,0.));
#3389 = PCURVE('',#1091,#3390);
#3390 = DEFINITIONAL_REPRESENTATION('',(#3391),#3395);
#3391 = LINE('',#3392,#3393);
#3392 = CARTESIAN_POINT('',(2.,0.));
#3393 = VECTOR('',#3394,1.);
#3394 = DIRECTION('',(0.,-1.));
#3395 = ( GEOMETRIC_REPRESENTATION_CONTEXT(2) 
PARAMETRIC_REPRESENTATION_CONTEXT() REPRESENTATION_CONTEXT('2D SPACE',''
  ) );
#3396 = PCURVE('',#3397,#3402);
#3397 = CYLINDRICAL_SURFACE('',#3398,2.);
#3398 = AXIS2_PLACEMENT_3D('',#3399,#3400,#3401);
#3399 = CARTESIAN_POINT('',(57.,-24.,-14.));
#3400 = DIRECTION('',(0.,1.,0.));
#3401 = DIRECTION('',(1.,0.,-0.));
#3402 = DEFINITIONAL_REPRESENTATION('',(#3403),#3407);
#3403 = LINE('',#3404,#3405);
#3404 = CARTESIAN_POINT('',(0.,0.));
#3405 = VECTOR('',#3406,1.);
#3406 = DIRECTION('',(0.,1.));
#3407 = ( GEOMETRIC_REPRESENTATION_CONTEXT(2) 
PARAMETRIC_REPRESENTATION_CONTEXT() REPRESENTATION_CONTEXT('2D SPACE',''
  ) );
#3408 = ORIENTED_EDGE('',*,*,#3409,.T.);
#3409 = EDGE_CURVE('',#3382,#1053,#3410,.T.);
#3410 = SURFACE_CURVE('',#3411,(#3415,#3422),.PCURVE_S1.);
#3411 = LINE('',#3412,#3413);
#3412 = CARTESIAN_POINT('',(59.,-20.,-16.));
#3413 = VECTOR('',#3414,1.);
#3414 = DIRECTION('',(0.,0.,1.));
#3415 = PCURVE('',#1091,#3416);
#3416 = DEFINITIONAL_REPRESENTATION('',(#3417),#3421);
#3417 = LINE('',#3418,#3419);
#3418 = CARTESIAN_POINT('',(0.,-4.));
#3419 = VECTOR('',#3420,1.);
#3420 = DIRECTION('',(1.,0.));
#3421 = ( GEOMETRIC_REPRESENTATION_CONTEXT(2) 
PARAMETRIC_REPRESENTATION_CONTEXT() REPRESENTATION_CONTEXT('2D SPACE',''
  ) );
#3422 = PCURVE('',#2771,#3423);
#3423 = DEFINITIONAL_REPRESENTATION('',(#3424),#3428);
#3424 = LINE('',#3425,#3426);
#3425 = CARTESIAN_POINT('',(0.,0.));
#3426 = VECTOR('',#3427,1.);
#3427 = DIRECTION('',(0.,1.));
#3428 = ( GEOMETRIC_REPRESENTATION_CONTEXT(2) 
PARAMETRIC_REPRESENTATION_CONTEXT() REPRESENTATION_CONTEXT('2D SPACE',''
  ) );
#3429 = ORIENTED_EDGE('',*,*,#1075,.T.);
#3430 = ORIENTED_EDGE('',*,*,#3329,.F.);
#3431 = ADVANCED_FACE('',(#3432),#1040,.T.);
#3432 = FACE_BOUND('',#3433,.F.);
#3433 = EDGE_LOOP('',(#3434,#3464,#3486,#3487));
#3434 = ORIENTED_EDGE('',*,*,#3435,.F.);
#3435 = EDGE_CURVE('',#3436,#3438,#3440,.T.);
#3436 = VERTEX_POINT('',#3437);
#3437 = CARTESIAN_POINT('',(70.,-16.,-13.));
#3438 = VERTEX_POINT('',#3439);
#3439 = CARTESIAN_POINT('',(70.,-16.,10.));
#3440 = SURFACE_CURVE('',#3441,(#3445,#3452),.PCURVE_S1.);
#3441 = LINE('',#3442,#3443);
#3442 = CARTESIAN_POINT('',(70.,-16.,-17.));
#3443 = VECTOR('',#3444,1.);
#3444 = DIRECTION('',(0.,0.,1.));
#3445 = PCURVE('',#1040,#3446);
#3446 = DEFINITIONAL_REPRESENTATION('',(#3447),#3451);
#3447 = LINE('',#3448,#3449);
#3448 = CARTESIAN_POINT('',(-0.,0.));
#3449 = VECTOR('',#3450,1.);
#3450 = DIRECTION('',(-0.,1.));
#3451 = ( GEOMETRIC_REPRESENTATION_CONTEXT(2) 
PARAMETRIC_REPRESENTATION_CONTEXT() REPRESENTATION_CONTEXT('2D SPACE',''
  ) );
#3452 = PCURVE('',#3453,#3458);
#3453 = PLANE('',#3454);
#3454 = AXIS2_PLACEMENT_3D('',#3455,#3456,#3457);
#3455 = CARTESIAN_POINT('',(70.,-20.,-17.));
#3456 = DIRECTION('',(1.,0.,0.));
#3457 = DIRECTION('',(0.,0.,1.));
#3458 = DEFINITIONAL_REPRESENTATION('',(#3459),#3463);
#3459 = LINE('',#3460,#3461);
#3460 = CARTESIAN_POINT('',(0.,-4.));
#3461 = VECTOR('',#3462,1.);
#3462 = DIRECTION('',(1.,0.));
#3463 = ( GEOMETRIC_REPRESENTATION_CONTEXT(2) 
PARAMETRIC_REPRESENTATION_CONTEXT() REPRESENTATION_CONTEXT('2D SPACE',''
  ) );
#3464 = ORIENTED_EDGE('',*,*,#3465,.T.);
#3465 = EDGE_CURVE('',#3436,#1025,#3466,.T.);
#3466 = SURFACE_CURVE('',#3467,(#3472,#3479),.PCURVE_S1.);
#3467 = CIRCLE('',#3468,4.);
#3468 = AXIS2_PLACEMENT_3D('',#3469,#3470,#3471);
#3469 = CARTESIAN_POINT('',(66.,-16.,-13.));
#3470 = DIRECTION('',(0.,-0.,-1.));
#3471 = DIRECTION('',(1.,0.,-0.));
#3472 = PCURVE('',#1040,#3473);
#3473 = DEFINITIONAL_REPRESENTATION('',(#3474),#3478);
#3474 = LINE('',#3475,#3476);
#3475 = CARTESIAN_POINT('',(-0.,4.));
#3476 = VECTOR('',#3477,1.);
#3477 = DIRECTION('',(-1.,0.));
#3478 = ( GEOMETRIC_REPRESENTATION_CONTEXT(2) 
PARAMETRIC_REPRESENTATION_CONTEXT() REPRESENTATION_CONTEXT('2D SPACE',''
  ) );
#3479 = PCURVE('',#2734,#3480);
#3480 = DEFINITIONAL_REPRESENTATION('',(#3481),#3485);
#3481 = LINE('',#3482,#3483);
#3482 = CARTESIAN_POINT('',(-0.,0.));
#3483 = VECTOR('',#3484,1.);
#3484 = DIRECTION('',(-1.,0.));
#3485 = ( GEOMETRIC_REPRESENTATION_CONTEXT(2) 
PARAMETRIC_REPRESENTATION_CONTEXT() REPRESENTATION_CONTEXT('2D SPACE',''
  ) );
#3486 = ORIENTED_EDGE('',*,*,#1024,.T.);
#3487 = ORIENTED_EDGE('',*,*,#3488,.F.);
#3488 = EDGE_CURVE('',#3438,#1002,#3489,.T.);
#3489 = SURFACE_CURVE('',#3490,(#3495,#3502),.PCURVE_S1.);
#3490 = CIRCLE('',#3491,4.);
#3491 = AXIS2_PLACEMENT_3D('',#3492,#3493,#3494);
#3492 = CARTESIAN_POINT('',(66.,-16.,10.));
#3493 = DIRECTION('',(0.,0.,-1.));
#3494 = DIRECTION('',(1.,0.,0.));
#3495 = PCURVE('',#1040,#3496);
#3496 = DEFINITIONAL_REPRESENTATION('',(#3497),#3501);
#3497 = LINE('',#3498,#3499);
#3498 = CARTESIAN_POINT('',(-0.,27.));
#3499 = VECTOR('',#3500,1.);
#3500 = DIRECTION('',(-1.,0.));
#3501 = ( GEOMETRIC_REPRESENTATION_CONTEXT(2) 
PARAMETRIC_REPRESENTATION_CONTEXT() REPRESENTATION_CONTEXT('2D SPACE',''
  ) );
#3502 = PCURVE('',#3069,#3503);
#3503 = DEFINITIONAL_REPRESENTATION('',(#3504),#3508);
#3504 = LINE('',#3505,#3506);
#3505 = CARTESIAN_POINT('',(0.,0.));
#3506 = VECTOR('',#3507,1.);
#3507 = DIRECTION('',(1.,0.));
#3508 = ( GEOMETRIC_REPRESENTATION_CONTEXT(2) 
PARAMETRIC_REPRESENTATION_CONTEXT() REPRESENTATION_CONTEXT('2D SPACE',''
  ) );
#3509 = ADVANCED_FACE('',(#3510),#1492,.T.);
#3510 = FACE_BOUND('',#3511,.F.);
#3511 = EDGE_LOOP('',(#3512,#3513,#3514,#3538,#3564,#3590,#3591,#3615,
    #3641,#3667,#3668,#3695));
#3512 = ORIENTED_EDGE('',*,*,#1708,.F.);
#3513 = ORIENTED_EDGE('',*,*,#1683,.T.);
#3514 = ORIENTED_EDGE('',*,*,#3515,.T.);
#3515 = EDGE_CURVE('',#1658,#3516,#3518,.T.);
#3516 = VERTEX_POINT('',#3517);
#3517 = CARTESIAN_POINT('',(-32.5,16.1,-16.99874980462));
#3518 = SURFACE_CURVE('',#3519,(#3524,#3531),.PCURVE_S1.);
#3519 = CIRCLE('',#3520,4.);
#3520 = AXIS2_PLACEMENT_3D('',#3521,#3522,#3523);
#3521 = CARTESIAN_POINT('',(-32.5,16.,-13.));
#3522 = DIRECTION('',(1.,0.,0.));
#3523 = DIRECTION('',(-0.,1.,0.));
#3524 = PCURVE('',#1492,#3525);
#3525 = DEFINITIONAL_REPRESENTATION('',(#3526),#3530);
#3526 = LINE('',#3527,#3528);
#3527 = CARTESIAN_POINT('',(-6.28318530718,37.5));
#3528 = VECTOR('',#3529,1.);
#3529 = DIRECTION('',(1.,-0.));
#3530 = ( GEOMETRIC_REPRESENTATION_CONTEXT(2) 
PARAMETRIC_REPRESENTATION_CONTEXT() REPRESENTATION_CONTEXT('2D SPACE',''
  ) );
#3531 = PCURVE('',#1672,#3532);
#3532 = DEFINITIONAL_REPRESENTATION('',(#3533),#3537);
#3533 = CIRCLE('',#3534,4.);
#3534 = AXIS2_PLACEMENT_2D('',#3535,#3536);
#3535 = CARTESIAN_POINT('',(0.1,-5.));
#3536 = DIRECTION('',(-1.,-0.));
#3537 = ( GEOMETRIC_REPRESENTATION_CONTEXT(2) 
PARAMETRIC_REPRESENTATION_CONTEXT() REPRESENTATION_CONTEXT('2D SPACE',''
  ) );
#3538 = ORIENTED_EDGE('',*,*,#3539,.T.);
#3539 = EDGE_CURVE('',#3516,#3540,#3542,.T.);
#3540 = VERTEX_POINT('',#3541);
#3541 = CARTESIAN_POINT('',(-27.5,16.1,-16.99874980462));
#3542 = SURFACE_CURVE('',#3543,(#3547,#3553),.PCURVE_S1.);
#3543 = LINE('',#3544,#3545);
#3544 = CARTESIAN_POINT('',(-70.,16.1,-16.99874980462));
#3545 = VECTOR('',#3546,1.);
#3546 = DIRECTION('',(1.,0.,0.));
#3547 = PCURVE('',#1492,#3548);
#3548 = DEFINITIONAL_REPRESENTATION('',(#3549),#3552);
#3549 = B_SPLINE_CURVE_WITH_KNOTS('',1,(#3550,#3551),.UNSPECIFIED.,.F.,
  .F.,(2,2),(37.,43.),.PIECEWISE_BEZIER_KNOTS.);
#3550 = CARTESIAN_POINT('',(-1.545793721896,37.));
#3551 = CARTESIAN_POINT('',(-1.545793721896,43.));
#3552 = ( GEOMETRIC_REPRESENTATION_CONTEXT(2) 
PARAMETRIC_REPRESENTATION_CONTEXT() REPRESENTATION_CONTEXT('2D SPACE',''
  ) );
#3553 = PCURVE('',#3554,#3559);
#3554 = PLANE('',#3555);
#3555 = AXIS2_PLACEMENT_3D('',#3556,#3557,#3558);
#3556 = CARTESIAN_POINT('',(-27.5,16.1,-18.));
#3557 = DIRECTION('',(0.,-1.,0.));
#3558 = DIRECTION('',(-1.,0.,0.));
#3559 = DEFINITIONAL_REPRESENTATION('',(#3560),#3563);
#3560 = B_SPLINE_CURVE_WITH_KNOTS('',1,(#3561,#3562),.UNSPECIFIED.,.F.,
  .F.,(2,2),(37.,43.),.PIECEWISE_BEZIER_KNOTS.);
#3561 = CARTESIAN_POINT('',(5.5,-1.001250195374));
#3562 = CARTESIAN_POINT('',(-0.5,-1.001250195374));
#3563 = ( GEOMETRIC_REPRESENTATION_CONTEXT(2) 
PARAMETRIC_REPRESENTATION_CONTEXT() REPRESENTATION_CONTEXT('2D SPACE',''
  ) );
#3564 = ORIENTED_EDGE('',*,*,#3565,.F.);
#3565 = EDGE_CURVE('',#1583,#3540,#3566,.T.);
#3566 = SURFACE_CURVE('',#3567,(#3572,#3579),.PCURVE_S1.);
#3567 = CIRCLE('',#3568,4.);
#3568 = AXIS2_PLACEMENT_3D('',#3569,#3570,#3571);
#3569 = CARTESIAN_POINT('',(-27.5,16.,-13.));
#3570 = DIRECTION('',(1.,0.,0.));
#3571 = DIRECTION('',(-0.,1.,0.));
#3572 = PCURVE('',#1492,#3573);
#3573 = DEFINITIONAL_REPRESENTATION('',(#3574),#3578);
#3574 = LINE('',#3575,#3576);
#3575 = CARTESIAN_POINT('',(-6.28318530718,42.5));
#3576 = VECTOR('',#3577,1.);
#3577 = DIRECTION('',(1.,-0.));
#3578 = ( GEOMETRIC_REPRESENTATION_CONTEXT(2) 
PARAMETRIC_REPRESENTATION_CONTEXT() REPRESENTATION_CONTEXT('2D SPACE',''
  ) );
#3579 = PCURVE('',#1620,#3580);
#3580 = DEFINITIONAL_REPRESENTATION('',(#3581),#3589);
#3581 = ( BOUNDED_CURVE() B_SPLINE_CURVE(2,(#3582,#3583,#3584,#3585,
#3586,#3587,#3588),.UNSPECIFIED.,.T.,.F.) B_SPLINE_CURVE_WITH_KNOTS((1,2
    ,2,2,2,1),(-2.094395102393,0.,2.094395102393,4.188790204786,
6.28318530718,8.377580409573),.UNSPECIFIED.) CURVE() 
GEOMETRIC_REPRESENTATION_ITEM() RATIONAL_B_SPLINE_CURVE((1.,0.5,1.,0.5,
1.,0.5,1.)) REPRESENTATION_ITEM('') );
#3582 = CARTESIAN_POINT('',(6.1,-5.));
#3583 = CARTESIAN_POINT('',(6.1,-11.92820323027));
#3584 = CARTESIAN_POINT('',(0.1,-8.464101615138));
#3585 = CARTESIAN_POINT('',(-5.9,-5.));
#3586 = CARTESIAN_POINT('',(1.E-01,-1.535898384862));
#3587 = CARTESIAN_POINT('',(6.1,1.928203230276));
#3588 = CARTESIAN_POINT('',(6.1,-5.));
#3589 = ( GEOMETRIC_REPRESENTATION_CONTEXT(2) 
PARAMETRIC_REPRESENTATION_CONTEXT() REPRESENTATION_CONTEXT('2D SPACE',''
  ) );
#3590 = ORIENTED_EDGE('',*,*,#1582,.T.);
#3591 = ORIENTED_EDGE('',*,*,#3592,.T.);
#3592 = EDGE_CURVE('',#1557,#3593,#3595,.T.);
#3593 = VERTEX_POINT('',#3594);
#3594 = CARTESIAN_POINT('',(-2.5,16.1,-16.99874980462));
#3595 = SURFACE_CURVE('',#3596,(#3601,#3608),.PCURVE_S1.);
#3596 = CIRCLE('',#3597,4.);
#3597 = AXIS2_PLACEMENT_3D('',#3598,#3599,#3600);
#3598 = CARTESIAN_POINT('',(-2.5,16.,-13.));
#3599 = DIRECTION('',(1.,0.,0.));
#3600 = DIRECTION('',(-0.,1.,0.));
#3601 = PCURVE('',#1492,#3602);
#3602 = DEFINITIONAL_REPRESENTATION('',(#3603),#3607);
#3603 = LINE('',#3604,#3605);
#3604 = CARTESIAN_POINT('',(-6.28318530718,67.5));
#3605 = VECTOR('',#3606,1.);
#3606 = DIRECTION('',(1.,-0.));
#3607 = ( GEOMETRIC_REPRESENTATION_CONTEXT(2) 
PARAMETRIC_REPRESENTATION_CONTEXT() REPRESENTATION_CONTEXT('2D SPACE',''
  ) );
#3608 = PCURVE('',#1571,#3609);
#3609 = DEFINITIONAL_REPRESENTATION('',(#3610),#3614);
#3610 = CIRCLE('',#3611,4.);
#3611 = AXIS2_PLACEMENT_2D('',#3612,#3613);
#3612 = CARTESIAN_POINT('',(0.1,-5.));
#3613 = DIRECTION('',(-1.,-0.));
#3614 = ( GEOMETRIC_REPRESENTATION_CONTEXT(2) 
PARAMETRIC_REPRESENTATION_CONTEXT() REPRESENTATION_CONTEXT('2D SPACE',''
  ) );
#3615 = ORIENTED_EDGE('',*,*,#3616,.T.);
#3616 = EDGE_CURVE('',#3593,#3617,#3619,.T.);
#3617 = VERTEX_POINT('',#3618);
#3618 = CARTESIAN_POINT('',(2.5,16.1,-16.99874980462));
#3619 = SURFACE_CURVE('',#3620,(#3624,#3630),.PCURVE_S1.);
#3620 = LINE('',#3621,#3622);
#3621 = CARTESIAN_POINT('',(-70.,16.1,-16.99874980462));
#3622 = VECTOR('',#3623,1.);
#3623 = DIRECTION('',(1.,0.,0.));
#3624 = PCURVE('',#1492,#3625);
#3625 = DEFINITIONAL_REPRESENTATION('',(#3626),#3629);
#3626 = B_SPLINE_CURVE_WITH_KNOTS('',1,(#3627,#3628),.UNSPECIFIED.,.F.,
  .F.,(2,2),(67.,73.),.PIECEWISE_BEZIER_KNOTS.);
#3627 = CARTESIAN_POINT('',(-1.545793721896,67.));
#3628 = CARTESIAN_POINT('',(-1.545793721896,73.));
#3629 = ( GEOMETRIC_REPRESENTATION_CONTEXT(2) 
PARAMETRIC_REPRESENTATION_CONTEXT() REPRESENTATION_CONTEXT('2D SPACE',''
  ) );
#3630 = PCURVE('',#3631,#3636);
#3631 = PLANE('',#3632);
#3632 = AXIS2_PLACEMENT_3D('',#3633,#3634,#3635);
#3633 = CARTESIAN_POINT('',(2.5,16.1,-18.));
#3634 = DIRECTION('',(0.,-1.,0.));
#3635 = DIRECTION('',(-1.,0.,0.));
#3636 = DEFINITIONAL_REPRESENTATION('',(#3637),#3640);
#3637 = B_SPLINE_CURVE_WITH_KNOTS('',1,(#3638,#3639),.UNSPECIFIED.,.F.,
  .F.,(2,2),(67.,73.),.PIECEWISE_BEZIER_KNOTS.);
#3638 = CARTESIAN_POINT('',(5.5,-1.001250195374));
#3639 = CARTESIAN_POINT('',(-0.5,-1.001250195374));
#3640 = ( GEOMETRIC_REPRESENTATION_CONTEXT(2) 
PARAMETRIC_REPRESENTATION_CONTEXT() REPRESENTATION_CONTEXT('2D SPACE',''
  ) );
#3641 = ORIENTED_EDGE('',*,*,#3642,.F.);
#3642 = EDGE_CURVE('',#1477,#3617,#3643,.T.);
#3643 = SURFACE_CURVE('',#3644,(#3649,#3656),.PCURVE_S1.);
#3644 = CIRCLE('',#3645,4.);
#3645 = AXIS2_PLACEMENT_3D('',#3646,#3647,#3648);
#3646 = CARTESIAN_POINT('',(2.5,16.,-13.));
#3647 = DIRECTION('',(1.,0.,0.));
#3648 = DIRECTION('',(-0.,1.,0.));
#3649 = PCURVE('',#1492,#3650);
#3650 = DEFINITIONAL_REPRESENTATION('',(#3651),#3655);
#3651 = LINE('',#3652,#3653);
#3652 = CARTESIAN_POINT('',(-6.28318530718,72.5));
#3653 = VECTOR('',#3654,1.);
#3654 = DIRECTION('',(1.,-0.));
#3655 = ( GEOMETRIC_REPRESENTATION_CONTEXT(2) 
PARAMETRIC_REPRESENTATION_CONTEXT() REPRESENTATION_CONTEXT('2D SPACE',''
  ) );
#3656 = PCURVE('',#1519,#3657);
#3657 = DEFINITIONAL_REPRESENTATION('',(#3658),#3666);
#3658 = ( BOUNDED_CURVE() B_SPLINE_CURVE(2,(#3659,#3660,#3661,#3662,
#3663,#3664,#3665),.UNSPECIFIED.,.T.,.F.) B_SPLINE_CURVE_WITH_KNOTS((1,2
    ,2,2,2,1),(-2.094395102393,0.,2.094395102393,4.188790204786,
6.28318530718,8.377580409573),.UNSPECIFIED.) CURVE() 
GEOMETRIC_REPRESENTATION_ITEM() RATIONAL_B_SPLINE_CURVE((1.,0.5,1.,0.5,
1.,0.5,1.)) REPRESENTATION_ITEM('') );
#3659 = CARTESIAN_POINT('',(6.1,-5.));
#3660 = CARTESIAN_POINT('',(6.1,-11.92820323027));
#3661 = CARTESIAN_POINT('',(0.1,-8.464101615138));
#3662 = CARTESIAN_POINT('',(-5.9,-5.));
#3663 = CARTESIAN_POINT('',(1.E-01,-1.535898384862));
#3664 = CARTESIAN_POINT('',(6.1,1.928203230276));
#3665 = CARTESIAN_POINT('',(6.1,-5.));
#3666 = ( GEOMETRIC_REPRESENTATION_CONTEXT(2) 
PARAMETRIC_REPRESENTATION_CONTEXT() REPRESENTATION_CONTEXT('2D SPACE',''
  ) );
#3667 = ORIENTED_EDGE('',*,*,#1476,.T.);
#3668 = ORIENTED_EDGE('',*,*,#3669,.T.);
#3669 = EDGE_CURVE('',#1449,#2109,#3670,.T.);
#3670 = SURFACE_CURVE('',#3671,(#3676,#3683),.PCURVE_S1.);
#3671 = CIRCLE('',#3672,4.);
#3672 = AXIS2_PLACEMENT_3D('',#3673,#3674,#3675);
#3673 = CARTESIAN_POINT('',(66.,16.,-13.));
#3674 = DIRECTION('',(1.,-6.123233995737E-17,0.));
#3675 = DIRECTION('',(6.123233995737E-17,1.,0.));
#3676 = PCURVE('',#1492,#3677);
#3677 = DEFINITIONAL_REPRESENTATION('',(#3678),#3682);
#3678 = LINE('',#3679,#3680);
#3679 = CARTESIAN_POINT('',(-6.28318530718,136.));
#3680 = VECTOR('',#3681,1.);
#3681 = DIRECTION('',(1.,-0.));
#3682 = ( GEOMETRIC_REPRESENTATION_CONTEXT(2) 
PARAMETRIC_REPRESENTATION_CONTEXT() REPRESENTATION_CONTEXT('2D SPACE',''
  ) );
#3683 = PCURVE('',#3684,#3689);
#3684 = SPHERICAL_SURFACE('',#3685,4.);
#3685 = AXIS2_PLACEMENT_3D('',#3686,#3687,#3688);
#3686 = CARTESIAN_POINT('',(66.,16.,-13.));
#3687 = DIRECTION('',(0.,0.,1.));
#3688 = DIRECTION('',(1.,0.,-0.));
#3689 = DEFINITIONAL_REPRESENTATION('',(#3690),#3694);
#3690 = LINE('',#3691,#3692);
#3691 = CARTESIAN_POINT('',(1.570796326795,-6.28318530718));
#3692 = VECTOR('',#3693,1.);
#3693 = DIRECTION('',(0.,1.));
#3694 = ( GEOMETRIC_REPRESENTATION_CONTEXT(2) 
PARAMETRIC_REPRESENTATION_CONTEXT() REPRESENTATION_CONTEXT('2D SPACE',''
  ) );
#3695 = ORIENTED_EDGE('',*,*,#2108,.F.);
#3696 = ADVANCED_FACE('',(#3697),#1672,.T.);
#3697 = FACE_BOUND('',#3698,.T.);
#3698 = EDGE_LOOP('',(#3699,#3700,#3723,#3752,#3778,#3799));
#3699 = ORIENTED_EDGE('',*,*,#3515,.T.);
#3700 = ORIENTED_EDGE('',*,*,#3701,.T.);
#3701 = EDGE_CURVE('',#3516,#3702,#3704,.T.);
#3702 = VERTEX_POINT('',#3703);
#3703 = CARTESIAN_POINT('',(-32.5,16.1,-14.5364916731));
#3704 = SURFACE_CURVE('',#3705,(#3709,#3716),.PCURVE_S1.);
#3705 = LINE('',#3706,#3707);
#3706 = CARTESIAN_POINT('',(-32.5,16.1,-18.));
#3707 = VECTOR('',#3708,1.);
#3708 = DIRECTION('',(0.,0.,1.));
#3709 = PCURVE('',#1672,#3710);
#3710 = DEFINITIONAL_REPRESENTATION('',(#3711),#3715);
#3711 = LINE('',#3712,#3713);
#3712 = CARTESIAN_POINT('',(0.,0.));
#3713 = VECTOR('',#3714,1.);
#3714 = DIRECTION('',(0.,-1.));
#3715 = ( GEOMETRIC_REPRESENTATION_CONTEXT(2) 
PARAMETRIC_REPRESENTATION_CONTEXT() REPRESENTATION_CONTEXT('2D SPACE',''
  ) );
#3716 = PCURVE('',#3554,#3717);
#3717 = DEFINITIONAL_REPRESENTATION('',(#3718),#3722);
#3718 = LINE('',#3719,#3720);
#3719 = CARTESIAN_POINT('',(5.,0.));
#3720 = VECTOR('',#3721,1.);
#3721 = DIRECTION('',(0.,-1.));
#3722 = ( GEOMETRIC_REPRESENTATION_CONTEXT(2) 
PARAMETRIC_REPRESENTATION_CONTEXT() REPRESENTATION_CONTEXT('2D SPACE',''
  ) );
#3723 = ORIENTED_EDGE('',*,*,#3724,.F.);
#3724 = EDGE_CURVE('',#3725,#3702,#3727,.T.);
#3725 = VERTEX_POINT('',#3726);
#3726 = CARTESIAN_POINT('',(-32.5,15.6,-14.6));
#3727 = SURFACE_CURVE('',#3728,(#3733,#3740),.PCURVE_S1.);
#3728 = CIRCLE('',#3729,2.);
#3729 = AXIS2_PLACEMENT_3D('',#3730,#3731,#3732);
#3730 = CARTESIAN_POINT('',(-32.5,15.6,-12.6));
#3731 = DIRECTION('',(1.,0.,0.));
#3732 = DIRECTION('',(-0.,1.,0.));
#3733 = PCURVE('',#1672,#3734);
#3734 = DEFINITIONAL_REPRESENTATION('',(#3735),#3739);
#3735 = CIRCLE('',#3736,2.);
#3736 = AXIS2_PLACEMENT_2D('',#3737,#3738);
#3737 = CARTESIAN_POINT('',(0.5,-5.4));
#3738 = DIRECTION('',(-1.,-0.));
#3739 = ( GEOMETRIC_REPRESENTATION_CONTEXT(2) 
PARAMETRIC_REPRESENTATION_CONTEXT() REPRESENTATION_CONTEXT('2D SPACE',''
  ) );
#3740 = PCURVE('',#3741,#3746);
#3741 = CYLINDRICAL_SURFACE('',#3742,2.);
#3742 = AXIS2_PLACEMENT_3D('',#3743,#3744,#3745);
#3743 = CARTESIAN_POINT('',(-67.6,15.6,-12.6));
#3744 = DIRECTION('',(1.,0.,0.));
#3745 = DIRECTION('',(-0.,1.,0.));
#3746 = DEFINITIONAL_REPRESENTATION('',(#3747),#3751);
#3747 = LINE('',#3748,#3749);
#3748 = CARTESIAN_POINT('',(-6.28318530718,35.1));
#3749 = VECTOR('',#3750,1.);
#3750 = DIRECTION('',(1.,-0.));
#3751 = ( GEOMETRIC_REPRESENTATION_CONTEXT(2) 
PARAMETRIC_REPRESENTATION_CONTEXT() REPRESENTATION_CONTEXT('2D SPACE',''
  ) );
#3752 = ORIENTED_EDGE('',*,*,#3753,.F.);
#3753 = EDGE_CURVE('',#3754,#3725,#3756,.T.);
#3754 = VERTEX_POINT('',#3755);
#3755 = CARTESIAN_POINT('',(-32.5,13.9,-14.6));
#3756 = SURFACE_CURVE('',#3757,(#3761,#3767),.PCURVE_S1.);
#3757 = LINE('',#3758,#3759);
#3758 = CARTESIAN_POINT('',(-32.5,-0.75,-14.6));
#3759 = VECTOR('',#3760,1.);
#3760 = DIRECTION('',(-0.,1.,0.));
#3761 = PCURVE('',#1672,#3762);
#3762 = DEFINITIONAL_REPRESENTATION('',(#3763),#3766);
#3763 = B_SPLINE_CURVE_WITH_KNOTS('',1,(#3764,#3765),.UNSPECIFIED.,.F.,
  .F.,(2,2),(14.65,16.35),.PIECEWISE_BEZIER_KNOTS.);
#3764 = CARTESIAN_POINT('',(2.2,-3.4));
#3765 = CARTESIAN_POINT('',(0.5,-3.4));
#3766 = ( GEOMETRIC_REPRESENTATION_CONTEXT(2) 
PARAMETRIC_REPRESENTATION_CONTEXT() REPRESENTATION_CONTEXT('2D SPACE',''
  ) );
#3767 = PCURVE('',#3768,#3773);
#3768 = PLANE('',#3769);
#3769 = AXIS2_PLACEMENT_3D('',#3770,#3771,#3772);
#3770 = CARTESIAN_POINT('',(-67.6,-17.6,-14.6));
#3771 = DIRECTION('',(0.,0.,1.));
#3772 = DIRECTION('',(1.,0.,0.));
#3773 = DEFINITIONAL_REPRESENTATION('',(#3774),#3777);
#3774 = B_SPLINE_CURVE_WITH_KNOTS('',1,(#3775,#3776),.UNSPECIFIED.,.F.,
  .F.,(2,2),(14.65,16.35),.PIECEWISE_BEZIER_KNOTS.);
#3775 = CARTESIAN_POINT('',(35.1,31.5));
#3776 = CARTESIAN_POINT('',(35.1,33.2));
#3777 = ( GEOMETRIC_REPRESENTATION_CONTEXT(2) 
PARAMETRIC_REPRESENTATION_CONTEXT() REPRESENTATION_CONTEXT('2D SPACE',''
  ) );
#3778 = ORIENTED_EDGE('',*,*,#3779,.F.);
#3779 = EDGE_CURVE('',#1632,#3754,#3780,.T.);
#3780 = SURFACE_CURVE('',#3781,(#3785,#3792),.PCURVE_S1.);
#3781 = LINE('',#3782,#3783);
#3782 = CARTESIAN_POINT('',(-32.5,13.9,-18.));
#3783 = VECTOR('',#3784,1.);
#3784 = DIRECTION('',(0.,0.,1.));
#3785 = PCURVE('',#1672,#3786);
#3786 = DEFINITIONAL_REPRESENTATION('',(#3787),#3791);
#3787 = LINE('',#3788,#3789);
#3788 = CARTESIAN_POINT('',(2.2,0.));
#3789 = VECTOR('',#3790,1.);
#3790 = DIRECTION('',(0.,-1.));
#3791 = ( GEOMETRIC_REPRESENTATION_CONTEXT(2) 
PARAMETRIC_REPRESENTATION_CONTEXT() REPRESENTATION_CONTEXT('2D SPACE',''
  ) );
#3792 = PCURVE('',#1646,#3793);
#3793 = DEFINITIONAL_REPRESENTATION('',(#3794),#3798);
#3794 = LINE('',#3795,#3796);
#3795 = CARTESIAN_POINT('',(0.,0.));
#3796 = VECTOR('',#3797,1.);
#3797 = DIRECTION('',(0.,-1.));
#3798 = ( GEOMETRIC_REPRESENTATION_CONTEXT(2) 
PARAMETRIC_REPRESENTATION_CONTEXT() REPRESENTATION_CONTEXT('2D SPACE',''
  ) );
#3799 = ORIENTED_EDGE('',*,*,#1657,.T.);
#3800 = ADVANCED_FACE('',(#3801),#1646,.T.);
#3801 = FACE_BOUND('',#3802,.T.);
#3802 = EDGE_LOOP('',(#3803,#3804,#3805,#3826));
#3803 = ORIENTED_EDGE('',*,*,#1631,.T.);
#3804 = ORIENTED_EDGE('',*,*,#3779,.T.);
#3805 = ORIENTED_EDGE('',*,*,#3806,.F.);
#3806 = EDGE_CURVE('',#3807,#3754,#3809,.T.);
#3807 = VERTEX_POINT('',#3808);
#3808 = CARTESIAN_POINT('',(-27.5,13.9,-14.6));
#3809 = SURFACE_CURVE('',#3810,(#3814,#3820),.PCURVE_S1.);
#3810 = LINE('',#3811,#3812);
#3811 = CARTESIAN_POINT('',(-50.05,13.9,-14.6));
#3812 = VECTOR('',#3813,1.);
#3813 = DIRECTION('',(-1.,0.,0.));
#3814 = PCURVE('',#1646,#3815);
#3815 = DEFINITIONAL_REPRESENTATION('',(#3816),#3819);
#3816 = B_SPLINE_CURVE_WITH_KNOTS('',1,(#3817,#3818),.UNSPECIFIED.,.F.,
  .F.,(2,2),(-22.55,-17.55),.PIECEWISE_BEZIER_KNOTS.);
#3817 = CARTESIAN_POINT('',(5.,-3.4));
#3818 = CARTESIAN_POINT('',(0.,-3.4));
#3819 = ( GEOMETRIC_REPRESENTATION_CONTEXT(2) 
PARAMETRIC_REPRESENTATION_CONTEXT() REPRESENTATION_CONTEXT('2D SPACE',''
  ) );
#3820 = PCURVE('',#3768,#3821);
#3821 = DEFINITIONAL_REPRESENTATION('',(#3822),#3825);
#3822 = B_SPLINE_CURVE_WITH_KNOTS('',1,(#3823,#3824),.UNSPECIFIED.,.F.,
  .F.,(2,2),(-22.55,-17.55),.PIECEWISE_BEZIER_KNOTS.);
#3823 = CARTESIAN_POINT('',(40.1,31.5));
#3824 = CARTESIAN_POINT('',(35.1,31.5));
#3825 = ( GEOMETRIC_REPRESENTATION_CONTEXT(2) 
PARAMETRIC_REPRESENTATION_CONTEXT() REPRESENTATION_CONTEXT('2D SPACE',''
  ) );
#3826 = ORIENTED_EDGE('',*,*,#3827,.F.);
#3827 = EDGE_CURVE('',#1606,#3807,#3828,.T.);
#3828 = SURFACE_CURVE('',#3829,(#3833,#3840),.PCURVE_S1.);
#3829 = LINE('',#3830,#3831);
#3830 = CARTESIAN_POINT('',(-27.5,13.9,-18.));
#3831 = VECTOR('',#3832,1.);
#3832 = DIRECTION('',(0.,0.,1.));
#3833 = PCURVE('',#1646,#3834);
#3834 = DEFINITIONAL_REPRESENTATION('',(#3835),#3839);
#3835 = LINE('',#3836,#3837);
#3836 = CARTESIAN_POINT('',(5.,0.));
#3837 = VECTOR('',#3838,1.);
#3838 = DIRECTION('',(0.,-1.));
#3839 = ( GEOMETRIC_REPRESENTATION_CONTEXT(2) 
PARAMETRIC_REPRESENTATION_CONTEXT() REPRESENTATION_CONTEXT('2D SPACE',''
  ) );
#3840 = PCURVE('',#1620,#3841);
#3841 = DEFINITIONAL_REPRESENTATION('',(#3842),#3846);
#3842 = LINE('',#3843,#3844);
#3843 = CARTESIAN_POINT('',(0.,0.));
#3844 = VECTOR('',#3845,1.);
#3845 = DIRECTION('',(0.,-1.));
#3846 = ( GEOMETRIC_REPRESENTATION_CONTEXT(2) 
PARAMETRIC_REPRESENTATION_CONTEXT() REPRESENTATION_CONTEXT('2D SPACE',''
  ) );
#3847 = ADVANCED_FACE('',(#3848),#1620,.T.);
#3848 = FACE_BOUND('',#3849,.T.);
#3849 = EDGE_LOOP('',(#3850,#3851,#3852,#3873,#3901,#3922));
#3850 = ORIENTED_EDGE('',*,*,#1605,.T.);
#3851 = ORIENTED_EDGE('',*,*,#3827,.T.);
#3852 = ORIENTED_EDGE('',*,*,#3853,.F.);
#3853 = EDGE_CURVE('',#3854,#3807,#3856,.T.);
#3854 = VERTEX_POINT('',#3855);
#3855 = CARTESIAN_POINT('',(-27.5,15.6,-14.6));
#3856 = SURFACE_CURVE('',#3857,(#3861,#3867),.PCURVE_S1.);
#3857 = LINE('',#3858,#3859);
#3858 = CARTESIAN_POINT('',(-27.5,-1.85,-14.6));
#3859 = VECTOR('',#3860,1.);
#3860 = DIRECTION('',(0.,-1.,0.));
#3861 = PCURVE('',#1620,#3862);
#3862 = DEFINITIONAL_REPRESENTATION('',(#3863),#3866);
#3863 = B_SPLINE_CURVE_WITH_KNOTS('',1,(#3864,#3865),.UNSPECIFIED.,.F.,
  .F.,(2,2),(-17.45,-15.75),.PIECEWISE_BEZIER_KNOTS.);
#3864 = CARTESIAN_POINT('',(1.7,-3.4));
#3865 = CARTESIAN_POINT('',(0.,-3.4));
#3866 = ( GEOMETRIC_REPRESENTATION_CONTEXT(2) 
PARAMETRIC_REPRESENTATION_CONTEXT() REPRESENTATION_CONTEXT('2D SPACE',''
  ) );
#3867 = PCURVE('',#3768,#3868);
#3868 = DEFINITIONAL_REPRESENTATION('',(#3869),#3872);
#3869 = B_SPLINE_CURVE_WITH_KNOTS('',1,(#3870,#3871),.UNSPECIFIED.,.F.,
  .F.,(2,2),(-17.45,-15.75),.PIECEWISE_BEZIER_KNOTS.);
#3870 = CARTESIAN_POINT('',(40.1,33.2));
#3871 = CARTESIAN_POINT('',(40.1,31.5));
#3872 = ( GEOMETRIC_REPRESENTATION_CONTEXT(2) 
PARAMETRIC_REPRESENTATION_CONTEXT() REPRESENTATION_CONTEXT('2D SPACE',''
  ) );
#3873 = ORIENTED_EDGE('',*,*,#3874,.T.);
#3874 = EDGE_CURVE('',#3854,#3875,#3877,.T.);
#3875 = VERTEX_POINT('',#3876);
#3876 = CARTESIAN_POINT('',(-27.5,16.1,-14.5364916731));
#3877 = SURFACE_CURVE('',#3878,(#3883,#3894),.PCURVE_S1.);
#3878 = CIRCLE('',#3879,2.);
#3879 = AXIS2_PLACEMENT_3D('',#3880,#3881,#3882);
#3880 = CARTESIAN_POINT('',(-27.5,15.6,-12.6));
#3881 = DIRECTION('',(1.,0.,0.));
#3882 = DIRECTION('',(-0.,1.,0.));
#3883 = PCURVE('',#1620,#3884);
#3884 = DEFINITIONAL_REPRESENTATION('',(#3885),#3893);
#3885 = ( BOUNDED_CURVE() B_SPLINE_CURVE(2,(#3886,#3887,#3888,#3889,
#3890,#3891,#3892),.UNSPECIFIED.,.T.,.F.) B_SPLINE_CURVE_WITH_KNOTS((1,2
    ,2,2,2,1),(-2.094395102393,0.,2.094395102393,4.188790204786,
6.28318530718,8.377580409573),.UNSPECIFIED.) CURVE() 
GEOMETRIC_REPRESENTATION_ITEM() RATIONAL_B_SPLINE_CURVE((1.,0.5,1.,0.5,
1.,0.5,1.)) REPRESENTATION_ITEM('') );
#3886 = CARTESIAN_POINT('',(3.7,-5.4));
#3887 = CARTESIAN_POINT('',(3.7,-8.864101615138));
#3888 = CARTESIAN_POINT('',(0.7,-7.132050807569));
#3889 = CARTESIAN_POINT('',(-2.3,-5.4));
#3890 = CARTESIAN_POINT('',(0.7,-3.667949192431));
#3891 = CARTESIAN_POINT('',(3.7,-1.935898384862));
#3892 = CARTESIAN_POINT('',(3.7,-5.4));
#3893 = ( GEOMETRIC_REPRESENTATION_CONTEXT(2) 
PARAMETRIC_REPRESENTATION_CONTEXT() REPRESENTATION_CONTEXT('2D SPACE',''
  ) );
#3894 = PCURVE('',#3741,#3895);
#3895 = DEFINITIONAL_REPRESENTATION('',(#3896),#3900);
#3896 = LINE('',#3897,#3898);
#3897 = CARTESIAN_POINT('',(-6.28318530718,40.1));
#3898 = VECTOR('',#3899,1.);
#3899 = DIRECTION('',(1.,-0.));
#3900 = ( GEOMETRIC_REPRESENTATION_CONTEXT(2) 
PARAMETRIC_REPRESENTATION_CONTEXT() REPRESENTATION_CONTEXT('2D SPACE',''
  ) );
#3901 = ORIENTED_EDGE('',*,*,#3902,.F.);
#3902 = EDGE_CURVE('',#3540,#3875,#3903,.T.);
#3903 = SURFACE_CURVE('',#3904,(#3908,#3915),.PCURVE_S1.);
#3904 = LINE('',#3905,#3906);
#3905 = CARTESIAN_POINT('',(-27.5,16.1,-18.));
#3906 = VECTOR('',#3907,1.);
#3907 = DIRECTION('',(0.,0.,1.));
#3908 = PCURVE('',#1620,#3909);
#3909 = DEFINITIONAL_REPRESENTATION('',(#3910),#3914);
#3910 = LINE('',#3911,#3912);
#3911 = CARTESIAN_POINT('',(2.2,0.));
#3912 = VECTOR('',#3913,1.);
#3913 = DIRECTION('',(0.,-1.));
#3914 = ( GEOMETRIC_REPRESENTATION_CONTEXT(2) 
PARAMETRIC_REPRESENTATION_CONTEXT() REPRESENTATION_CONTEXT('2D SPACE',''
  ) );
#3915 = PCURVE('',#3554,#3916);
#3916 = DEFINITIONAL_REPRESENTATION('',(#3917),#3921);
#3917 = LINE('',#3918,#3919);
#3918 = CARTESIAN_POINT('',(0.,-0.));
#3919 = VECTOR('',#3920,1.);
#3920 = DIRECTION('',(0.,-1.));
#3921 = ( GEOMETRIC_REPRESENTATION_CONTEXT(2) 
PARAMETRIC_REPRESENTATION_CONTEXT() REPRESENTATION_CONTEXT('2D SPACE',''
  ) );
#3922 = ORIENTED_EDGE('',*,*,#3565,.F.);
#3923 = ADVANCED_FACE('',(#3924),#1571,.T.);
#3924 = FACE_BOUND('',#3925,.T.);
#3925 = EDGE_LOOP('',(#3926,#3927,#3950,#3974,#3995,#4016));
#3926 = ORIENTED_EDGE('',*,*,#3592,.T.);
#3927 = ORIENTED_EDGE('',*,*,#3928,.T.);
#3928 = EDGE_CURVE('',#3593,#3929,#3931,.T.);
#3929 = VERTEX_POINT('',#3930);
#3930 = CARTESIAN_POINT('',(-2.5,16.1,-14.5364916731));
#3931 = SURFACE_CURVE('',#3932,(#3936,#3943),.PCURVE_S1.);
#3932 = LINE('',#3933,#3934);
#3933 = CARTESIAN_POINT('',(-2.5,16.1,-18.));
#3934 = VECTOR('',#3935,1.);
#3935 = DIRECTION('',(0.,0.,1.));
#3936 = PCURVE('',#1571,#3937);
#3937 = DEFINITIONAL_REPRESENTATION('',(#3938),#3942);
#3938 = LINE('',#3939,#3940);
#3939 = CARTESIAN_POINT('',(0.,0.));
#3940 = VECTOR('',#3941,1.);
#3941 = DIRECTION('',(0.,-1.));
#3942 = ( GEOMETRIC_REPRESENTATION_CONTEXT(2) 
PARAMETRIC_REPRESENTATION_CONTEXT() REPRESENTATION_CONTEXT('2D SPACE',''
  ) );
#3943 = PCURVE('',#3631,#3944);
#3944 = DEFINITIONAL_REPRESENTATION('',(#3945),#3949);
#3945 = LINE('',#3946,#3947);
#3946 = CARTESIAN_POINT('',(5.,0.));
#3947 = VECTOR('',#3948,1.);
#3948 = DIRECTION('',(0.,-1.));
#3949 = ( GEOMETRIC_REPRESENTATION_CONTEXT(2) 
PARAMETRIC_REPRESENTATION_CONTEXT() REPRESENTATION_CONTEXT('2D SPACE',''
  ) );
#3950 = ORIENTED_EDGE('',*,*,#3951,.F.);
#3951 = EDGE_CURVE('',#3952,#3929,#3954,.T.);
#3952 = VERTEX_POINT('',#3953);
#3953 = CARTESIAN_POINT('',(-2.5,15.6,-14.6));
#3954 = SURFACE_CURVE('',#3955,(#3960,#3967),.PCURVE_S1.);
#3955 = CIRCLE('',#3956,2.);
#3956 = AXIS2_PLACEMENT_3D('',#3957,#3958,#3959);
#3957 = CARTESIAN_POINT('',(-2.5,15.6,-12.6));
#3958 = DIRECTION('',(1.,0.,0.));
#3959 = DIRECTION('',(-0.,1.,0.));
#3960 = PCURVE('',#1571,#3961);
#3961 = DEFINITIONAL_REPRESENTATION('',(#3962),#3966);
#3962 = CIRCLE('',#3963,2.);
#3963 = AXIS2_PLACEMENT_2D('',#3964,#3965);
#3964 = CARTESIAN_POINT('',(0.5,-5.4));
#3965 = DIRECTION('',(-1.,-0.));
#3966 = ( GEOMETRIC_REPRESENTATION_CONTEXT(2) 
PARAMETRIC_REPRESENTATION_CONTEXT() REPRESENTATION_CONTEXT('2D SPACE',''
  ) );
#3967 = PCURVE('',#3741,#3968);
#3968 = DEFINITIONAL_REPRESENTATION('',(#3969),#3973);
#3969 = LINE('',#3970,#3971);
#3970 = CARTESIAN_POINT('',(-6.28318530718,65.1));
#3971 = VECTOR('',#3972,1.);
#3972 = DIRECTION('',(1.,-0.));
#3973 = ( GEOMETRIC_REPRESENTATION_CONTEXT(2) 
PARAMETRIC_REPRESENTATION_CONTEXT() REPRESENTATION_CONTEXT('2D SPACE',''
  ) );
#3974 = ORIENTED_EDGE('',*,*,#3975,.F.);
#3975 = EDGE_CURVE('',#3976,#3952,#3978,.T.);
#3976 = VERTEX_POINT('',#3977);
#3977 = CARTESIAN_POINT('',(-2.5,13.9,-14.6));
#3978 = SURFACE_CURVE('',#3979,(#3983,#3989),.PCURVE_S1.);
#3979 = LINE('',#3980,#3981);
#3980 = CARTESIAN_POINT('',(-2.5,-0.75,-14.6));
#3981 = VECTOR('',#3982,1.);
#3982 = DIRECTION('',(-0.,1.,0.));
#3983 = PCURVE('',#1571,#3984);
#3984 = DEFINITIONAL_REPRESENTATION('',(#3985),#3988);
#3985 = B_SPLINE_CURVE_WITH_KNOTS('',1,(#3986,#3987),.UNSPECIFIED.,.F.,
  .F.,(2,2),(14.65,16.35),.PIECEWISE_BEZIER_KNOTS.);
#3986 = CARTESIAN_POINT('',(2.2,-3.4));
#3987 = CARTESIAN_POINT('',(0.5,-3.4));
#3988 = ( GEOMETRIC_REPRESENTATION_CONTEXT(2) 
PARAMETRIC_REPRESENTATION_CONTEXT() REPRESENTATION_CONTEXT('2D SPACE',''
  ) );
#3989 = PCURVE('',#3768,#3990);
#3990 = DEFINITIONAL_REPRESENTATION('',(#3991),#3994);
#3991 = B_SPLINE_CURVE_WITH_KNOTS('',1,(#3992,#3993),.UNSPECIFIED.,.F.,
  .F.,(2,2),(14.65,16.35),.PIECEWISE_BEZIER_KNOTS.);
#3992 = CARTESIAN_POINT('',(65.1,31.5));
#3993 = CARTESIAN_POINT('',(65.1,33.2));
#3994 = ( GEOMETRIC_REPRESENTATION_CONTEXT(2) 
PARAMETRIC_REPRESENTATION_CONTEXT() REPRESENTATION_CONTEXT('2D SPACE',''
  ) );
#3995 = ORIENTED_EDGE('',*,*,#3996,.F.);
#3996 = EDGE_CURVE('',#1531,#3976,#3997,.T.);
#3997 = SURFACE_CURVE('',#3998,(#4002,#4009),.PCURVE_S1.);
#3998 = LINE('',#3999,#4000);
#3999 = CARTESIAN_POINT('',(-2.5,13.9,-18.));
#4000 = VECTOR('',#4001,1.);
#4001 = DIRECTION('',(0.,0.,1.));
#4002 = PCURVE('',#1571,#4003);
#4003 = DEFINITIONAL_REPRESENTATION('',(#4004),#4008);
#4004 = LINE('',#4005,#4006);
#4005 = CARTESIAN_POINT('',(2.2,0.));
#4006 = VECTOR('',#4007,1.);
#4007 = DIRECTION('',(0.,-1.));
#4008 = ( GEOMETRIC_REPRESENTATION_CONTEXT(2) 
PARAMETRIC_REPRESENTATION_CONTEXT() REPRESENTATION_CONTEXT('2D SPACE',''
  ) );
#4009 = PCURVE('',#1545,#4010);
#4010 = DEFINITIONAL_REPRESENTATION('',(#4011),#4015);
#4011 = LINE('',#4012,#4013);
#4012 = CARTESIAN_POINT('',(0.,0.));
#4013 = VECTOR('',#4014,1.);
#4014 = DIRECTION('',(0.,-1.));
#4015 = ( GEOMETRIC_REPRESENTATION_CONTEXT(2) 
PARAMETRIC_REPRESENTATION_CONTEXT() REPRESENTATION_CONTEXT('2D SPACE',''
  ) );
#4016 = ORIENTED_EDGE('',*,*,#1556,.T.);
#4017 = ADVANCED_FACE('',(#4018),#1545,.T.);
#4018 = FACE_BOUND('',#4019,.T.);
#4019 = EDGE_LOOP('',(#4020,#4021,#4022,#4043));
#4020 = ORIENTED_EDGE('',*,*,#1530,.T.);
#4021 = ORIENTED_EDGE('',*,*,#3996,.T.);
#4022 = ORIENTED_EDGE('',*,*,#4023,.F.);
#4023 = EDGE_CURVE('',#4024,#3976,#4026,.T.);
#4024 = VERTEX_POINT('',#4025);
#4025 = CARTESIAN_POINT('',(2.5,13.9,-14.6));
#4026 = SURFACE_CURVE('',#4027,(#4031,#4037),.PCURVE_S1.);
#4027 = LINE('',#4028,#4029);
#4028 = CARTESIAN_POINT('',(-35.05,13.9,-14.6));
#4029 = VECTOR('',#4030,1.);
#4030 = DIRECTION('',(-1.,0.,0.));
#4031 = PCURVE('',#1545,#4032);
#4032 = DEFINITIONAL_REPRESENTATION('',(#4033),#4036);
#4033 = B_SPLINE_CURVE_WITH_KNOTS('',1,(#4034,#4035),.UNSPECIFIED.,.F.,
  .F.,(2,2),(-37.55,-32.55),.PIECEWISE_BEZIER_KNOTS.);
#4034 = CARTESIAN_POINT('',(5.,-3.4));
#4035 = CARTESIAN_POINT('',(0.,-3.4));
#4036 = ( GEOMETRIC_REPRESENTATION_CONTEXT(2) 
PARAMETRIC_REPRESENTATION_CONTEXT() REPRESENTATION_CONTEXT('2D SPACE',''
  ) );
#4037 = PCURVE('',#3768,#4038);
#4038 = DEFINITIONAL_REPRESENTATION('',(#4039),#4042);
#4039 = B_SPLINE_CURVE_WITH_KNOTS('',1,(#4040,#4041),.UNSPECIFIED.,.F.,
  .F.,(2,2),(-37.55,-32.55),.PIECEWISE_BEZIER_KNOTS.);
#4040 = CARTESIAN_POINT('',(70.1,31.5));
#4041 = CARTESIAN_POINT('',(65.1,31.5));
#4042 = ( GEOMETRIC_REPRESENTATION_CONTEXT(2) 
PARAMETRIC_REPRESENTATION_CONTEXT() REPRESENTATION_CONTEXT('2D SPACE',''
  ) );
#4043 = ORIENTED_EDGE('',*,*,#4044,.F.);
#4044 = EDGE_CURVE('',#1505,#4024,#4045,.T.);
#4045 = SURFACE_CURVE('',#4046,(#4050,#4057),.PCURVE_S1.);
#4046 = LINE('',#4047,#4048);
#4047 = CARTESIAN_POINT('',(2.5,13.9,-18.));
#4048 = VECTOR('',#4049,1.);
#4049 = DIRECTION('',(0.,0.,1.));
#4050 = PCURVE('',#1545,#4051);
#4051 = DEFINITIONAL_REPRESENTATION('',(#4052),#4056);
#4052 = LINE('',#4053,#4054);
#4053 = CARTESIAN_POINT('',(5.,0.));
#4054 = VECTOR('',#4055,1.);
#4055 = DIRECTION('',(0.,-1.));
#4056 = ( GEOMETRIC_REPRESENTATION_CONTEXT(2) 
PARAMETRIC_REPRESENTATION_CONTEXT() REPRESENTATION_CONTEXT('2D SPACE',''
  ) );
#4057 = PCURVE('',#1519,#4058);
#4058 = DEFINITIONAL_REPRESENTATION('',(#4059),#4063);
#4059 = LINE('',#4060,#4061);
#4060 = CARTESIAN_POINT('',(0.,0.));
#4061 = VECTOR('',#4062,1.);
#4062 = DIRECTION('',(0.,-1.));
#4063 = ( GEOMETRIC_REPRESENTATION_CONTEXT(2) 
PARAMETRIC_REPRESENTATION_CONTEXT() REPRESENTATION_CONTEXT('2D SPACE',''
  ) );
#4064 = ADVANCED_FACE('',(#4065),#1519,.T.);
#4065 = FACE_BOUND('',#4066,.T.);
#4066 = EDGE_LOOP('',(#4067,#4068,#4069,#4090,#4118,#4139));
#4067 = ORIENTED_EDGE('',*,*,#1504,.T.);
#4068 = ORIENTED_EDGE('',*,*,#4044,.T.);
#4069 = ORIENTED_EDGE('',*,*,#4070,.F.);
#4070 = EDGE_CURVE('',#4071,#4024,#4073,.T.);
#4071 = VERTEX_POINT('',#4072);
#4072 = CARTESIAN_POINT('',(2.5,15.6,-14.6));
#4073 = SURFACE_CURVE('',#4074,(#4078,#4084),.PCURVE_S1.);
#4074 = LINE('',#4075,#4076);
#4075 = CARTESIAN_POINT('',(2.5,-1.85,-14.6));
#4076 = VECTOR('',#4077,1.);
#4077 = DIRECTION('',(0.,-1.,0.));
#4078 = PCURVE('',#1519,#4079);
#4079 = DEFINITIONAL_REPRESENTATION('',(#4080),#4083);
#4080 = B_SPLINE_CURVE_WITH_KNOTS('',1,(#4081,#4082),.UNSPECIFIED.,.F.,
  .F.,(2,2),(-17.45,-15.75),.PIECEWISE_BEZIER_KNOTS.);
#4081 = CARTESIAN_POINT('',(1.7,-3.4));
#4082 = CARTESIAN_POINT('',(0.,-3.4));
#4083 = ( GEOMETRIC_REPRESENTATION_CONTEXT(2) 
PARAMETRIC_REPRESENTATION_CONTEXT() REPRESENTATION_CONTEXT('2D SPACE',''
  ) );
#4084 = PCURVE('',#3768,#4085);
#4085 = DEFINITIONAL_REPRESENTATION('',(#4086),#4089);
#4086 = B_SPLINE_CURVE_WITH_KNOTS('',1,(#4087,#4088),.UNSPECIFIED.,.F.,
  .F.,(2,2),(-17.45,-15.75),.PIECEWISE_BEZIER_KNOTS.);
#4087 = CARTESIAN_POINT('',(70.1,33.2));
#4088 = CARTESIAN_POINT('',(70.1,31.5));
#4089 = ( GEOMETRIC_REPRESENTATION_CONTEXT(2) 
PARAMETRIC_REPRESENTATION_CONTEXT() REPRESENTATION_CONTEXT('2D SPACE',''
  ) );
#4090 = ORIENTED_EDGE('',*,*,#4091,.T.);
#4091 = EDGE_CURVE('',#4071,#4092,#4094,.T.);
#4092 = VERTEX_POINT('',#4093);
#4093 = CARTESIAN_POINT('',(2.5,16.1,-14.5364916731));
#4094 = SURFACE_CURVE('',#4095,(#4100,#4111),.PCURVE_S1.);
#4095 = CIRCLE('',#4096,2.);
#4096 = AXIS2_PLACEMENT_3D('',#4097,#4098,#4099);
#4097 = CARTESIAN_POINT('',(2.5,15.6,-12.6));
#4098 = DIRECTION('',(1.,0.,0.));
#4099 = DIRECTION('',(-0.,1.,0.));
#4100 = PCURVE('',#1519,#4101);
#4101 = DEFINITIONAL_REPRESENTATION('',(#4102),#4110);
#4102 = ( BOUNDED_CURVE() B_SPLINE_CURVE(2,(#4103,#4104,#4105,#4106,
#4107,#4108,#4109),.UNSPECIFIED.,.T.,.F.) B_SPLINE_CURVE_WITH_KNOTS((1,2
    ,2,2,2,1),(-2.094395102393,0.,2.094395102393,4.188790204786,
6.28318530718,8.377580409573),.UNSPECIFIED.) CURVE() 
GEOMETRIC_REPRESENTATION_ITEM() RATIONAL_B_SPLINE_CURVE((1.,0.5,1.,0.5,
1.,0.5,1.)) REPRESENTATION_ITEM('') );
#4103 = CARTESIAN_POINT('',(3.7,-5.4));
#4104 = CARTESIAN_POINT('',(3.7,-8.864101615138));
#4105 = CARTESIAN_POINT('',(0.7,-7.132050807569));
#4106 = CARTESIAN_POINT('',(-2.3,-5.4));
#4107 = CARTESIAN_POINT('',(0.7,-3.667949192431));
#4108 = CARTESIAN_POINT('',(3.7,-1.935898384862));
#4109 = CARTESIAN_POINT('',(3.7,-5.4));
#4110 = ( GEOMETRIC_REPRESENTATION_CONTEXT(2) 
PARAMETRIC_REPRESENTATION_CONTEXT() REPRESENTATION_CONTEXT('2D SPACE',''
  ) );
#4111 = PCURVE('',#3741,#4112);
#4112 = DEFINITIONAL_REPRESENTATION('',(#4113),#4117);
#4113 = LINE('',#4114,#4115);
#4114 = CARTESIAN_POINT('',(-6.28318530718,70.1));
#4115 = VECTOR('',#4116,1.);
#4116 = DIRECTION('',(1.,-0.));
#4117 = ( GEOMETRIC_REPRESENTATION_CONTEXT(2) 
PARAMETRIC_REPRESENTATION_CONTEXT() REPRESENTATION_CONTEXT('2D SPACE',''
  ) );
#4118 = ORIENTED_EDGE('',*,*,#4119,.F.);
#4119 = EDGE_CURVE('',#3617,#4092,#4120,.T.);
#4120 = SURFACE_CURVE('',#4121,(#4125,#4132),.PCURVE_S1.);
#4121 = LINE('',#4122,#4123);
#4122 = CARTESIAN_POINT('',(2.5,16.1,-18.));
#4123 = VECTOR('',#4124,1.);
#4124 = DIRECTION('',(0.,0.,1.));
#4125 = PCURVE('',#1519,#4126);
#4126 = DEFINITIONAL_REPRESENTATION('',(#4127),#4131);
#4127 = LINE('',#4128,#4129);
#4128 = CARTESIAN_POINT('',(2.2,0.));
#4129 = VECTOR('',#4130,1.);
#4130 = DIRECTION('',(0.,-1.));
#4131 = ( GEOMETRIC_REPRESENTATION_CONTEXT(2) 
PARAMETRIC_REPRESENTATION_CONTEXT() REPRESENTATION_CONTEXT('2D SPACE',''
  ) );
#4132 = PCURVE('',#3631,#4133);
#4133 = DEFINITIONAL_REPRESENTATION('',(#4134),#4138);
#4134 = LINE('',#4135,#4136);
#4135 = CARTESIAN_POINT('',(0.,-0.));
#4136 = VECTOR('',#4137,1.);
#4137 = DIRECTION('',(0.,-1.));
#4138 = ( GEOMETRIC_REPRESENTATION_CONTEXT(2) 
PARAMETRIC_REPRESENTATION_CONTEXT() REPRESENTATION_CONTEXT('2D SPACE',''
  ) );
#4139 = ORIENTED_EDGE('',*,*,#3642,.F.);
#4140 = ADVANCED_FACE('',(#4141),#1464,.T.);
#4141 = FACE_BOUND('',#4142,.T.);
#4142 = EDGE_LOOP('',(#4143,#4165,#4166,#4190));
#4143 = ORIENTED_EDGE('',*,*,#4144,.F.);
#4144 = EDGE_CURVE('',#1426,#3436,#4145,.T.);
#4145 = SURFACE_CURVE('',#4146,(#4151,#4158),.PCURVE_S1.);
#4146 = CIRCLE('',#4147,4.);
#4147 = AXIS2_PLACEMENT_3D('',#4148,#4149,#4150);
#4148 = CARTESIAN_POINT('',(66.,-16.,-13.));
#4149 = DIRECTION('',(0.,-1.,0.));
#4150 = DIRECTION('',(1.,0.,0.));
#4151 = PCURVE('',#1464,#4152);
#4152 = DEFINITIONAL_REPRESENTATION('',(#4153),#4157);
#4153 = LINE('',#4154,#4155);
#4154 = CARTESIAN_POINT('',(6.28318530718,4.));
#4155 = VECTOR('',#4156,1.);
#4156 = DIRECTION('',(-1.,-0.));
#4157 = ( GEOMETRIC_REPRESENTATION_CONTEXT(2) 
PARAMETRIC_REPRESENTATION_CONTEXT() REPRESENTATION_CONTEXT('2D SPACE',''
  ) );
#4158 = PCURVE('',#2734,#4159);
#4159 = DEFINITIONAL_REPRESENTATION('',(#4160),#4164);
#4160 = LINE('',#4161,#4162);
#4161 = CARTESIAN_POINT('',(-0.,-6.28318530718));
#4162 = VECTOR('',#4163,1.);
#4163 = DIRECTION('',(-0.,1.));
#4164 = ( GEOMETRIC_REPRESENTATION_CONTEXT(2) 
PARAMETRIC_REPRESENTATION_CONTEXT() REPRESENTATION_CONTEXT('2D SPACE',''
  ) );
#4165 = ORIENTED_EDGE('',*,*,#1448,.T.);
#4166 = ORIENTED_EDGE('',*,*,#4167,.T.);
#4167 = EDGE_CURVE('',#1449,#4168,#4170,.T.);
#4168 = VERTEX_POINT('',#4169);
#4169 = CARTESIAN_POINT('',(70.,16.,-13.));
#4170 = SURFACE_CURVE('',#4171,(#4176,#4183),.PCURVE_S1.);
#4171 = CIRCLE('',#4172,4.);
#4172 = AXIS2_PLACEMENT_3D('',#4173,#4174,#4175);
#4173 = CARTESIAN_POINT('',(66.,16.,-13.));
#4174 = DIRECTION('',(0.,-1.,0.));
#4175 = DIRECTION('',(1.,0.,0.));
#4176 = PCURVE('',#1464,#4177);
#4177 = DEFINITIONAL_REPRESENTATION('',(#4178),#4182);
#4178 = LINE('',#4179,#4180);
#4179 = CARTESIAN_POINT('',(6.28318530718,36.));
#4180 = VECTOR('',#4181,1.);
#4181 = DIRECTION('',(-1.,-0.));
#4182 = ( GEOMETRIC_REPRESENTATION_CONTEXT(2) 
PARAMETRIC_REPRESENTATION_CONTEXT() REPRESENTATION_CONTEXT('2D SPACE',''
  ) );
#4183 = PCURVE('',#3684,#4184);
#4184 = DEFINITIONAL_REPRESENTATION('',(#4185),#4189);
#4185 = LINE('',#4186,#4187);
#4186 = CARTESIAN_POINT('',(0.,-6.28318530718));
#4187 = VECTOR('',#4188,1.);
#4188 = DIRECTION('',(0.,1.));
#4189 = ( GEOMETRIC_REPRESENTATION_CONTEXT(2) 
PARAMETRIC_REPRESENTATION_CONTEXT() REPRESENTATION_CONTEXT('2D SPACE',''
  ) );
#4190 = ORIENTED_EDGE('',*,*,#4191,.F.);
#4191 = EDGE_CURVE('',#3436,#4168,#4192,.T.);
#4192 = SURFACE_CURVE('',#4193,(#4197,#4204),.PCURVE_S1.);
#4193 = LINE('',#4194,#4195);
#4194 = CARTESIAN_POINT('',(70.,-20.,-13.));
#4195 = VECTOR('',#4196,1.);
#4196 = DIRECTION('',(0.,1.,0.));
#4197 = PCURVE('',#1464,#4198);
#4198 = DEFINITIONAL_REPRESENTATION('',(#4199),#4203);
#4199 = LINE('',#4200,#4201);
#4200 = CARTESIAN_POINT('',(0.,0.));
#4201 = VECTOR('',#4202,1.);
#4202 = DIRECTION('',(0.,1.));
#4203 = ( GEOMETRIC_REPRESENTATION_CONTEXT(2) 
PARAMETRIC_REPRESENTATION_CONTEXT() REPRESENTATION_CONTEXT('2D SPACE',''
  ) );
#4204 = PCURVE('',#3453,#4205);
#4205 = DEFINITIONAL_REPRESENTATION('',(#4206),#4210);
#4206 = LINE('',#4207,#4208);
#4207 = CARTESIAN_POINT('',(4.,0.));
#4208 = VECTOR('',#4209,1.);
#4209 = DIRECTION('',(0.,-1.));
#4210 = ( GEOMETRIC_REPRESENTATION_CONTEXT(2) 
PARAMETRIC_REPRESENTATION_CONTEXT() REPRESENTATION_CONTEXT('2D SPACE',''
  ) );
#4211 = ADVANCED_FACE('',(#4212),#1414,.T.);
#4212 = FACE_BOUND('',#4213,.T.);
#4213 = EDGE_LOOP('',(#4214,#4215,#4238,#4271,#4292,#4313));
#4214 = ORIENTED_EDGE('',*,*,#2692,.F.);
#4215 = ORIENTED_EDGE('',*,*,#4216,.T.);
#4216 = EDGE_CURVE('',#2667,#4217,#4219,.T.);
#4217 = VERTEX_POINT('',#4218);
#4218 = CARTESIAN_POINT('',(2.5,-16.1,-14.5364916731));
#4219 = SURFACE_CURVE('',#4220,(#4224,#4231),.PCURVE_S1.);
#4220 = LINE('',#4221,#4222);
#4221 = CARTESIAN_POINT('',(2.5,-16.1,-18.));
#4222 = VECTOR('',#4223,1.);
#4223 = DIRECTION('',(0.,0.,1.));
#4224 = PCURVE('',#1414,#4225);
#4225 = DEFINITIONAL_REPRESENTATION('',(#4226),#4230);
#4226 = LINE('',#4227,#4228);
#4227 = CARTESIAN_POINT('',(0.,0.));
#4228 = VECTOR('',#4229,1.);
#4229 = DIRECTION('',(0.,-1.));
#4230 = ( GEOMETRIC_REPRESENTATION_CONTEXT(2) 
PARAMETRIC_REPRESENTATION_CONTEXT() REPRESENTATION_CONTEXT('2D SPACE',''
  ) );
#4231 = PCURVE('',#2681,#4232);
#4232 = DEFINITIONAL_REPRESENTATION('',(#4233),#4237);
#4233 = LINE('',#4234,#4235);
#4234 = CARTESIAN_POINT('',(5.,0.));
#4235 = VECTOR('',#4236,1.);
#4236 = DIRECTION('',(0.,-1.));
#4237 = ( GEOMETRIC_REPRESENTATION_CONTEXT(2) 
PARAMETRIC_REPRESENTATION_CONTEXT() REPRESENTATION_CONTEXT('2D SPACE',''
  ) );
#4238 = ORIENTED_EDGE('',*,*,#4239,.T.);
#4239 = EDGE_CURVE('',#4217,#4240,#4242,.T.);
#4240 = VERTEX_POINT('',#4241);
#4241 = CARTESIAN_POINT('',(2.5,-15.6,-14.6));
#4242 = SURFACE_CURVE('',#4243,(#4248,#4259),.PCURVE_S1.);
#4243 = CIRCLE('',#4244,2.);
#4244 = AXIS2_PLACEMENT_3D('',#4245,#4246,#4247);
#4245 = CARTESIAN_POINT('',(2.5,-15.6,-12.6));
#4246 = DIRECTION('',(1.,0.,0.));
#4247 = DIRECTION('',(0.,-1.,0.));
#4248 = PCURVE('',#1414,#4249);
#4249 = DEFINITIONAL_REPRESENTATION('',(#4250),#4258);
#4250 = ( BOUNDED_CURVE() B_SPLINE_CURVE(2,(#4251,#4252,#4253,#4254,
#4255,#4256,#4257),.UNSPECIFIED.,.T.,.F.) B_SPLINE_CURVE_WITH_KNOTS((1,2
    ,2,2,2,1),(-2.094395102393,0.,2.094395102393,4.188790204786,
6.28318530718,8.377580409573),.UNSPECIFIED.) CURVE() 
GEOMETRIC_REPRESENTATION_ITEM() RATIONAL_B_SPLINE_CURVE((1.,0.5,1.,0.5,
1.,0.5,1.)) REPRESENTATION_ITEM('') );
#4251 = CARTESIAN_POINT('',(-1.5,-5.4));
#4252 = CARTESIAN_POINT('',(-1.5,-1.935898384862));
#4253 = CARTESIAN_POINT('',(1.5,-3.667949192431));
#4254 = CARTESIAN_POINT('',(4.5,-5.4));
#4255 = CARTESIAN_POINT('',(1.5,-7.132050807569));
#4256 = CARTESIAN_POINT('',(-1.5,-8.864101615138));
#4257 = CARTESIAN_POINT('',(-1.5,-5.4));
#4258 = ( GEOMETRIC_REPRESENTATION_CONTEXT(2) 
PARAMETRIC_REPRESENTATION_CONTEXT() REPRESENTATION_CONTEXT('2D SPACE',''
  ) );
#4259 = PCURVE('',#4260,#4265);
#4260 = CYLINDRICAL_SURFACE('',#4261,2.);
#4261 = AXIS2_PLACEMENT_3D('',#4262,#4263,#4264);
#4262 = CARTESIAN_POINT('',(-67.6,-15.6,-12.6));
#4263 = DIRECTION('',(1.,0.,0.));
#4264 = DIRECTION('',(0.,-1.,0.));
#4265 = DEFINITIONAL_REPRESENTATION('',(#4266),#4270);
#4266 = LINE('',#4267,#4268);
#4267 = CARTESIAN_POINT('',(0.,70.1));
#4268 = VECTOR('',#4269,1.);
#4269 = DIRECTION('',(1.,0.));
#4270 = ( GEOMETRIC_REPRESENTATION_CONTEXT(2) 
PARAMETRIC_REPRESENTATION_CONTEXT() REPRESENTATION_CONTEXT('2D SPACE',''
  ) );
#4271 = ORIENTED_EDGE('',*,*,#4272,.F.);
#4272 = EDGE_CURVE('',#4273,#4240,#4275,.T.);
#4273 = VERTEX_POINT('',#4274);
#4274 = CARTESIAN_POINT('',(2.5,-13.9,-14.6));
#4275 = SURFACE_CURVE('',#4276,(#4280,#4286),.PCURVE_S1.);
#4276 = LINE('',#4277,#4278);
#4277 = CARTESIAN_POINT('',(2.5,-16.85,-14.6));
#4278 = VECTOR('',#4279,1.);
#4279 = DIRECTION('',(0.,-1.,0.));
#4280 = PCURVE('',#1414,#4281);
#4281 = DEFINITIONAL_REPRESENTATION('',(#4282),#4285);
#4282 = B_SPLINE_CURVE_WITH_KNOTS('',1,(#4283,#4284),.UNSPECIFIED.,.F.,
  .F.,(2,2),(-2.95,-1.25),.PIECEWISE_BEZIER_KNOTS.);
#4283 = CARTESIAN_POINT('',(2.2,-3.4));
#4284 = CARTESIAN_POINT('',(0.5,-3.4));
#4285 = ( GEOMETRIC_REPRESENTATION_CONTEXT(2) 
PARAMETRIC_REPRESENTATION_CONTEXT() REPRESENTATION_CONTEXT('2D SPACE',''
  ) );
#4286 = PCURVE('',#3768,#4287);
#4287 = DEFINITIONAL_REPRESENTATION('',(#4288),#4291);
#4288 = B_SPLINE_CURVE_WITH_KNOTS('',1,(#4289,#4290),.UNSPECIFIED.,.F.,
  .F.,(2,2),(-2.95,-1.25),.PIECEWISE_BEZIER_KNOTS.);
#4289 = CARTESIAN_POINT('',(70.1,3.7));
#4290 = CARTESIAN_POINT('',(70.1,2.));
#4291 = ( GEOMETRIC_REPRESENTATION_CONTEXT(2) 
PARAMETRIC_REPRESENTATION_CONTEXT() REPRESENTATION_CONTEXT('2D SPACE',''
  ) );
#4292 = ORIENTED_EDGE('',*,*,#4293,.F.);
#4293 = EDGE_CURVE('',#1374,#4273,#4294,.T.);
#4294 = SURFACE_CURVE('',#4295,(#4299,#4306),.PCURVE_S1.);
#4295 = LINE('',#4296,#4297);
#4296 = CARTESIAN_POINT('',(2.5,-13.9,-18.));
#4297 = VECTOR('',#4298,1.);
#4298 = DIRECTION('',(0.,0.,1.));
#4299 = PCURVE('',#1414,#4300);
#4300 = DEFINITIONAL_REPRESENTATION('',(#4301),#4305);
#4301 = LINE('',#4302,#4303);
#4302 = CARTESIAN_POINT('',(2.2,0.));
#4303 = VECTOR('',#4304,1.);
#4304 = DIRECTION('',(0.,-1.));
#4305 = ( GEOMETRIC_REPRESENTATION_CONTEXT(2) 
PARAMETRIC_REPRESENTATION_CONTEXT() REPRESENTATION_CONTEXT('2D SPACE',''
  ) );
#4306 = PCURVE('',#1388,#4307);
#4307 = DEFINITIONAL_REPRESENTATION('',(#4308),#4312);
#4308 = LINE('',#4309,#4310);
#4309 = CARTESIAN_POINT('',(0.,-0.));
#4310 = VECTOR('',#4311,1.);
#4311 = DIRECTION('',(0.,-1.));
#4312 = ( GEOMETRIC_REPRESENTATION_CONTEXT(2) 
PARAMETRIC_REPRESENTATION_CONTEXT() REPRESENTATION_CONTEXT('2D SPACE',''
  ) );
#4313 = ORIENTED_EDGE('',*,*,#1399,.T.);
#4314 = ADVANCED_FACE('',(#4315),#1388,.T.);
#4315 = FACE_BOUND('',#4316,.T.);
#4316 = EDGE_LOOP('',(#4317,#4318,#4319,#4340));
#4317 = ORIENTED_EDGE('',*,*,#1373,.T.);
#4318 = ORIENTED_EDGE('',*,*,#4293,.T.);
#4319 = ORIENTED_EDGE('',*,*,#4320,.F.);
#4320 = EDGE_CURVE('',#4321,#4273,#4323,.T.);
#4321 = VERTEX_POINT('',#4322);
#4322 = CARTESIAN_POINT('',(-2.5,-13.9,-14.6));
#4323 = SURFACE_CURVE('',#4324,(#4328,#4334),.PCURVE_S1.);
#4324 = LINE('',#4325,#4326);
#4325 = CARTESIAN_POINT('',(-32.55,-13.9,-14.6));
#4326 = VECTOR('',#4327,1.);
#4327 = DIRECTION('',(1.,0.,-0.));
#4328 = PCURVE('',#1388,#4329);
#4329 = DEFINITIONAL_REPRESENTATION('',(#4330),#4333);
#4330 = B_SPLINE_CURVE_WITH_KNOTS('',1,(#4331,#4332),.UNSPECIFIED.,.F.,
  .F.,(2,2),(30.05,35.05),.PIECEWISE_BEZIER_KNOTS.);
#4331 = CARTESIAN_POINT('',(5.,-3.4));
#4332 = CARTESIAN_POINT('',(0.,-3.4));
#4333 = ( GEOMETRIC_REPRESENTATION_CONTEXT(2) 
PARAMETRIC_REPRESENTATION_CONTEXT() REPRESENTATION_CONTEXT('2D SPACE',''
  ) );
#4334 = PCURVE('',#3768,#4335);
#4335 = DEFINITIONAL_REPRESENTATION('',(#4336),#4339);
#4336 = B_SPLINE_CURVE_WITH_KNOTS('',1,(#4337,#4338),.UNSPECIFIED.,.F.,
  .F.,(2,2),(30.05,35.05),.PIECEWISE_BEZIER_KNOTS.);
#4337 = CARTESIAN_POINT('',(65.1,3.7));
#4338 = CARTESIAN_POINT('',(70.1,3.7));
#4339 = ( GEOMETRIC_REPRESENTATION_CONTEXT(2) 
PARAMETRIC_REPRESENTATION_CONTEXT() REPRESENTATION_CONTEXT('2D SPACE',''
  ) );
#4340 = ORIENTED_EDGE('',*,*,#4341,.F.);
#4341 = EDGE_CURVE('',#1348,#4321,#4342,.T.);
#4342 = SURFACE_CURVE('',#4343,(#4347,#4354),.PCURVE_S1.);
#4343 = LINE('',#4344,#4345);
#4344 = CARTESIAN_POINT('',(-2.5,-13.9,-18.));
#4345 = VECTOR('',#4346,1.);
#4346 = DIRECTION('',(0.,0.,1.));
#4347 = PCURVE('',#1388,#4348);
#4348 = DEFINITIONAL_REPRESENTATION('',(#4349),#4353);
#4349 = LINE('',#4350,#4351);
#4350 = CARTESIAN_POINT('',(5.,0.));
#4351 = VECTOR('',#4352,1.);
#4352 = DIRECTION('',(0.,-1.));
#4353 = ( GEOMETRIC_REPRESENTATION_CONTEXT(2) 
PARAMETRIC_REPRESENTATION_CONTEXT() REPRESENTATION_CONTEXT('2D SPACE',''
  ) );
#4354 = PCURVE('',#1362,#4355);
#4355 = DEFINITIONAL_REPRESENTATION('',(#4356),#4360);
#4356 = LINE('',#4357,#4358);
#4357 = CARTESIAN_POINT('',(0.,0.));
#4358 = VECTOR('',#4359,1.);
#4359 = DIRECTION('',(0.,-1.));
#4360 = ( GEOMETRIC_REPRESENTATION_CONTEXT(2) 
PARAMETRIC_REPRESENTATION_CONTEXT() REPRESENTATION_CONTEXT('2D SPACE',''
  ) );
#4361 = ADVANCED_FACE('',(#4362),#1362,.T.);
#4362 = FACE_BOUND('',#4363,.T.);
#4363 = EDGE_LOOP('',(#4364,#4365,#4366,#4387,#4411,#4432));
#4364 = ORIENTED_EDGE('',*,*,#1347,.T.);
#4365 = ORIENTED_EDGE('',*,*,#4341,.T.);
#4366 = ORIENTED_EDGE('',*,*,#4367,.F.);
#4367 = EDGE_CURVE('',#4368,#4321,#4370,.T.);
#4368 = VERTEX_POINT('',#4369);
#4369 = CARTESIAN_POINT('',(-2.5,-15.6,-14.6));
#4370 = SURFACE_CURVE('',#4371,(#4375,#4381),.PCURVE_S1.);
#4371 = LINE('',#4372,#4373);
#4372 = CARTESIAN_POINT('',(-2.5,-15.75,-14.6));
#4373 = VECTOR('',#4374,1.);
#4374 = DIRECTION('',(-0.,1.,0.));
#4375 = PCURVE('',#1362,#4376);
#4376 = DEFINITIONAL_REPRESENTATION('',(#4377),#4380);
#4377 = B_SPLINE_CURVE_WITH_KNOTS('',1,(#4378,#4379),.UNSPECIFIED.,.F.,
  .F.,(2,2),(0.15,1.85),.PIECEWISE_BEZIER_KNOTS.);
#4378 = CARTESIAN_POINT('',(1.7,-3.4));
#4379 = CARTESIAN_POINT('',(0.,-3.4));
#4380 = ( GEOMETRIC_REPRESENTATION_CONTEXT(2) 
PARAMETRIC_REPRESENTATION_CONTEXT() REPRESENTATION_CONTEXT('2D SPACE',''
  ) );
#4381 = PCURVE('',#3768,#4382);
#4382 = DEFINITIONAL_REPRESENTATION('',(#4383),#4386);
#4383 = B_SPLINE_CURVE_WITH_KNOTS('',1,(#4384,#4385),.UNSPECIFIED.,.F.,
  .F.,(2,2),(0.15,1.85),.PIECEWISE_BEZIER_KNOTS.);
#4384 = CARTESIAN_POINT('',(65.1,2.));
#4385 = CARTESIAN_POINT('',(65.1,3.7));
#4386 = ( GEOMETRIC_REPRESENTATION_CONTEXT(2) 
PARAMETRIC_REPRESENTATION_CONTEXT() REPRESENTATION_CONTEXT('2D SPACE',''
  ) );
#4387 = ORIENTED_EDGE('',*,*,#4388,.F.);
#4388 = EDGE_CURVE('',#4389,#4368,#4391,.T.);
#4389 = VERTEX_POINT('',#4390);
#4390 = CARTESIAN_POINT('',(-2.5,-16.1,-14.5364916731));
#4391 = SURFACE_CURVE('',#4392,(#4397,#4404),.PCURVE_S1.);
#4392 = CIRCLE('',#4393,2.);
#4393 = AXIS2_PLACEMENT_3D('',#4394,#4395,#4396);
#4394 = CARTESIAN_POINT('',(-2.5,-15.6,-12.6));
#4395 = DIRECTION('',(1.,0.,0.));
#4396 = DIRECTION('',(0.,-1.,0.));
#4397 = PCURVE('',#1362,#4398);
#4398 = DEFINITIONAL_REPRESENTATION('',(#4399),#4403);
#4399 = CIRCLE('',#4400,2.);
#4400 = AXIS2_PLACEMENT_2D('',#4401,#4402);
#4401 = CARTESIAN_POINT('',(1.7,-5.4));
#4402 = DIRECTION('',(1.,0.));
#4403 = ( GEOMETRIC_REPRESENTATION_CONTEXT(2) 
PARAMETRIC_REPRESENTATION_CONTEXT() REPRESENTATION_CONTEXT('2D SPACE',''
  ) );
#4404 = PCURVE('',#4260,#4405);
#4405 = DEFINITIONAL_REPRESENTATION('',(#4406),#4410);
#4406 = LINE('',#4407,#4408);
#4407 = CARTESIAN_POINT('',(0.,65.1));
#4408 = VECTOR('',#4409,1.);
#4409 = DIRECTION('',(1.,0.));
#4410 = ( GEOMETRIC_REPRESENTATION_CONTEXT(2) 
PARAMETRIC_REPRESENTATION_CONTEXT() REPRESENTATION_CONTEXT('2D SPACE',''
  ) );
#4411 = ORIENTED_EDGE('',*,*,#4412,.F.);
#4412 = EDGE_CURVE('',#2643,#4389,#4413,.T.);
#4413 = SURFACE_CURVE('',#4414,(#4418,#4425),.PCURVE_S1.);
#4414 = LINE('',#4415,#4416);
#4415 = CARTESIAN_POINT('',(-2.5,-16.1,-18.));
#4416 = VECTOR('',#4417,1.);
#4417 = DIRECTION('',(0.,0.,1.));
#4418 = PCURVE('',#1362,#4419);
#4419 = DEFINITIONAL_REPRESENTATION('',(#4420),#4424);
#4420 = LINE('',#4421,#4422);
#4421 = CARTESIAN_POINT('',(2.2,0.));
#4422 = VECTOR('',#4423,1.);
#4423 = DIRECTION('',(0.,-1.));
#4424 = ( GEOMETRIC_REPRESENTATION_CONTEXT(2) 
PARAMETRIC_REPRESENTATION_CONTEXT() REPRESENTATION_CONTEXT('2D SPACE',''
  ) );
#4425 = PCURVE('',#2681,#4426);
#4426 = DEFINITIONAL_REPRESENTATION('',(#4427),#4431);
#4427 = LINE('',#4428,#4429);
#4428 = CARTESIAN_POINT('',(0.,0.));
#4429 = VECTOR('',#4430,1.);
#4430 = DIRECTION('',(0.,-1.));
#4431 = ( GEOMETRIC_REPRESENTATION_CONTEXT(2) 
PARAMETRIC_REPRESENTATION_CONTEXT() REPRESENTATION_CONTEXT('2D SPACE',''
  ) );
#4432 = ORIENTED_EDGE('',*,*,#2642,.T.);
#4433 = ADVANCED_FACE('',(#4434),#1313,.T.);
#4434 = FACE_BOUND('',#4435,.T.);
#4435 = EDGE_LOOP('',(#4436,#4437,#4460,#4488,#4509,#4530));
#4436 = ORIENTED_EDGE('',*,*,#2615,.F.);
#4437 = ORIENTED_EDGE('',*,*,#4438,.T.);
#4438 = EDGE_CURVE('',#2590,#4439,#4441,.T.);
#4439 = VERTEX_POINT('',#4440);
#4440 = CARTESIAN_POINT('',(-27.5,-16.1,-14.5364916731));
#4441 = SURFACE_CURVE('',#4442,(#4446,#4453),.PCURVE_S1.);
#4442 = LINE('',#4443,#4444);
#4443 = CARTESIAN_POINT('',(-27.5,-16.1,-18.));
#4444 = VECTOR('',#4445,1.);
#4445 = DIRECTION('',(0.,0.,1.));
#4446 = PCURVE('',#1313,#4447);
#4447 = DEFINITIONAL_REPRESENTATION('',(#4448),#4452);
#4448 = LINE('',#4449,#4450);
#4449 = CARTESIAN_POINT('',(0.,0.));
#4450 = VECTOR('',#4451,1.);
#4451 = DIRECTION('',(0.,-1.));
#4452 = ( GEOMETRIC_REPRESENTATION_CONTEXT(2) 
PARAMETRIC_REPRESENTATION_CONTEXT() REPRESENTATION_CONTEXT('2D SPACE',''
  ) );
#4453 = PCURVE('',#2604,#4454);
#4454 = DEFINITIONAL_REPRESENTATION('',(#4455),#4459);
#4455 = LINE('',#4456,#4457);
#4456 = CARTESIAN_POINT('',(5.,0.));
#4457 = VECTOR('',#4458,1.);
#4458 = DIRECTION('',(0.,-1.));
#4459 = ( GEOMETRIC_REPRESENTATION_CONTEXT(2) 
PARAMETRIC_REPRESENTATION_CONTEXT() REPRESENTATION_CONTEXT('2D SPACE',''
  ) );
#4460 = ORIENTED_EDGE('',*,*,#4461,.T.);
#4461 = EDGE_CURVE('',#4439,#4462,#4464,.T.);
#4462 = VERTEX_POINT('',#4463);
#4463 = CARTESIAN_POINT('',(-27.5,-15.6,-14.6));
#4464 = SURFACE_CURVE('',#4465,(#4470,#4481),.PCURVE_S1.);
#4465 = CIRCLE('',#4466,2.);
#4466 = AXIS2_PLACEMENT_3D('',#4467,#4468,#4469);
#4467 = CARTESIAN_POINT('',(-27.5,-15.6,-12.6));
#4468 = DIRECTION('',(1.,0.,0.));
#4469 = DIRECTION('',(0.,-1.,0.));
#4470 = PCURVE('',#1313,#4471);
#4471 = DEFINITIONAL_REPRESENTATION('',(#4472),#4480);
#4472 = ( BOUNDED_CURVE() B_SPLINE_CURVE(2,(#4473,#4474,#4475,#4476,
#4477,#4478,#4479),.UNSPECIFIED.,.T.,.F.) B_SPLINE_CURVE_WITH_KNOTS((1,2
    ,2,2,2,1),(-2.094395102393,0.,2.094395102393,4.188790204786,
6.28318530718,8.377580409573),.UNSPECIFIED.) CURVE() 
GEOMETRIC_REPRESENTATION_ITEM() RATIONAL_B_SPLINE_CURVE((1.,0.5,1.,0.5,
1.,0.5,1.)) REPRESENTATION_ITEM('') );
#4473 = CARTESIAN_POINT('',(-1.5,-5.4));
#4474 = CARTESIAN_POINT('',(-1.5,-1.935898384862));
#4475 = CARTESIAN_POINT('',(1.5,-3.667949192431));
#4476 = CARTESIAN_POINT('',(4.5,-5.4));
#4477 = CARTESIAN_POINT('',(1.5,-7.132050807569));
#4478 = CARTESIAN_POINT('',(-1.5,-8.864101615138));
#4479 = CARTESIAN_POINT('',(-1.5,-5.4));
#4480 = ( GEOMETRIC_REPRESENTATION_CONTEXT(2) 
PARAMETRIC_REPRESENTATION_CONTEXT() REPRESENTATION_CONTEXT('2D SPACE',''
  ) );
#4481 = PCURVE('',#4260,#4482);
#4482 = DEFINITIONAL_REPRESENTATION('',(#4483),#4487);
#4483 = LINE('',#4484,#4485);
#4484 = CARTESIAN_POINT('',(0.,40.1));
#4485 = VECTOR('',#4486,1.);
#4486 = DIRECTION('',(1.,0.));
#4487 = ( GEOMETRIC_REPRESENTATION_CONTEXT(2) 
PARAMETRIC_REPRESENTATION_CONTEXT() REPRESENTATION_CONTEXT('2D SPACE',''
  ) );
#4488 = ORIENTED_EDGE('',*,*,#4489,.F.);
#4489 = EDGE_CURVE('',#4490,#4462,#4492,.T.);
#4490 = VERTEX_POINT('',#4491);
#4491 = CARTESIAN_POINT('',(-27.5,-13.9,-14.6));
#4492 = SURFACE_CURVE('',#4493,(#4497,#4503),.PCURVE_S1.);
#4493 = LINE('',#4494,#4495);
#4494 = CARTESIAN_POINT('',(-27.5,-16.85,-14.6));
#4495 = VECTOR('',#4496,1.);
#4496 = DIRECTION('',(0.,-1.,0.));
#4497 = PCURVE('',#1313,#4498);
#4498 = DEFINITIONAL_REPRESENTATION('',(#4499),#4502);
#4499 = B_SPLINE_CURVE_WITH_KNOTS('',1,(#4500,#4501),.UNSPECIFIED.,.F.,
  .F.,(2,2),(-2.95,-1.25),.PIECEWISE_BEZIER_KNOTS.);
#4500 = CARTESIAN_POINT('',(2.2,-3.4));
#4501 = CARTESIAN_POINT('',(0.5,-3.4));
#4502 = ( GEOMETRIC_REPRESENTATION_CONTEXT(2) 
PARAMETRIC_REPRESENTATION_CONTEXT() REPRESENTATION_CONTEXT('2D SPACE',''
  ) );
#4503 = PCURVE('',#3768,#4504);
#4504 = DEFINITIONAL_REPRESENTATION('',(#4505),#4508);
#4505 = B_SPLINE_CURVE_WITH_KNOTS('',1,(#4506,#4507),.UNSPECIFIED.,.F.,
  .F.,(2,2),(-2.95,-1.25),.PIECEWISE_BEZIER_KNOTS.);
#4506 = CARTESIAN_POINT('',(40.1,3.7));
#4507 = CARTESIAN_POINT('',(40.1,2.));
#4508 = ( GEOMETRIC_REPRESENTATION_CONTEXT(2) 
PARAMETRIC_REPRESENTATION_CONTEXT() REPRESENTATION_CONTEXT('2D SPACE',''
  ) );
#4509 = ORIENTED_EDGE('',*,*,#4510,.F.);
#4510 = EDGE_CURVE('',#1273,#4490,#4511,.T.);
#4511 = SURFACE_CURVE('',#4512,(#4516,#4523),.PCURVE_S1.);
#4512 = LINE('',#4513,#4514);
#4513 = CARTESIAN_POINT('',(-27.5,-13.9,-18.));
#4514 = VECTOR('',#4515,1.);
#4515 = DIRECTION('',(0.,0.,1.));
#4516 = PCURVE('',#1313,#4517);
#4517 = DEFINITIONAL_REPRESENTATION('',(#4518),#4522);
#4518 = LINE('',#4519,#4520);
#4519 = CARTESIAN_POINT('',(2.2,0.));
#4520 = VECTOR('',#4521,1.);
#4521 = DIRECTION('',(0.,-1.));
#4522 = ( GEOMETRIC_REPRESENTATION_CONTEXT(2) 
PARAMETRIC_REPRESENTATION_CONTEXT() REPRESENTATION_CONTEXT('2D SPACE',''
  ) );
#4523 = PCURVE('',#1287,#4524);
#4524 = DEFINITIONAL_REPRESENTATION('',(#4525),#4529);
#4525 = LINE('',#4526,#4527);
#4526 = CARTESIAN_POINT('',(0.,-0.));
#4527 = VECTOR('',#4528,1.);
#4528 = DIRECTION('',(0.,-1.));
#4529 = ( GEOMETRIC_REPRESENTATION_CONTEXT(2) 
PARAMETRIC_REPRESENTATION_CONTEXT() REPRESENTATION_CONTEXT('2D SPACE',''
  ) );
#4530 = ORIENTED_EDGE('',*,*,#1298,.T.);
#4531 = ADVANCED_FACE('',(#4532),#1287,.T.);
#4532 = FACE_BOUND('',#4533,.T.);
#4533 = EDGE_LOOP('',(#4534,#4535,#4536,#4557));
#4534 = ORIENTED_EDGE('',*,*,#1272,.T.);
#4535 = ORIENTED_EDGE('',*,*,#4510,.T.);
#4536 = ORIENTED_EDGE('',*,*,#4537,.F.);
#4537 = EDGE_CURVE('',#4538,#4490,#4540,.T.);
#4538 = VERTEX_POINT('',#4539);
#4539 = CARTESIAN_POINT('',(-32.5,-13.9,-14.6));
#4540 = SURFACE_CURVE('',#4541,(#4545,#4551),.PCURVE_S1.);
#4541 = LINE('',#4542,#4543);
#4542 = CARTESIAN_POINT('',(-47.55,-13.9,-14.6));
#4543 = VECTOR('',#4544,1.);
#4544 = DIRECTION('',(1.,0.,-0.));
#4545 = PCURVE('',#1287,#4546);
#4546 = DEFINITIONAL_REPRESENTATION('',(#4547),#4550);
#4547 = B_SPLINE_CURVE_WITH_KNOTS('',1,(#4548,#4549),.UNSPECIFIED.,.F.,
  .F.,(2,2),(15.05,20.05),.PIECEWISE_BEZIER_KNOTS.);
#4548 = CARTESIAN_POINT('',(5.,-3.4));
#4549 = CARTESIAN_POINT('',(0.,-3.4));
#4550 = ( GEOMETRIC_REPRESENTATION_CONTEXT(2) 
PARAMETRIC_REPRESENTATION_CONTEXT() REPRESENTATION_CONTEXT('2D SPACE',''
  ) );
#4551 = PCURVE('',#3768,#4552);
#4552 = DEFINITIONAL_REPRESENTATION('',(#4553),#4556);
#4553 = B_SPLINE_CURVE_WITH_KNOTS('',1,(#4554,#4555),.UNSPECIFIED.,.F.,
  .F.,(2,2),(15.05,20.05),.PIECEWISE_BEZIER_KNOTS.);
#4554 = CARTESIAN_POINT('',(35.1,3.7));
#4555 = CARTESIAN_POINT('',(40.1,3.7));
#4556 = ( GEOMETRIC_REPRESENTATION_CONTEXT(2) 
PARAMETRIC_REPRESENTATION_CONTEXT() REPRESENTATION_CONTEXT('2D SPACE',''
  ) );
#4557 = ORIENTED_EDGE('',*,*,#4558,.F.);
#4558 = EDGE_CURVE('',#1247,#4538,#4559,.T.);
#4559 = SURFACE_CURVE('',#4560,(#4564,#4571),.PCURVE_S1.);
#4560 = LINE('',#4561,#4562);
#4561 = CARTESIAN_POINT('',(-32.5,-13.9,-18.));
#4562 = VECTOR('',#4563,1.);
#4563 = DIRECTION('',(0.,0.,1.));
#4564 = PCURVE('',#1287,#4565);
#4565 = DEFINITIONAL_REPRESENTATION('',(#4566),#4570);
#4566 = LINE('',#4567,#4568);
#4567 = CARTESIAN_POINT('',(5.,0.));
#4568 = VECTOR('',#4569,1.);
#4569 = DIRECTION('',(0.,-1.));
#4570 = ( GEOMETRIC_REPRESENTATION_CONTEXT(2) 
PARAMETRIC_REPRESENTATION_CONTEXT() REPRESENTATION_CONTEXT('2D SPACE',''
  ) );
#4571 = PCURVE('',#1261,#4572);
#4572 = DEFINITIONAL_REPRESENTATION('',(#4573),#4577);
#4573 = LINE('',#4574,#4575);
#4574 = CARTESIAN_POINT('',(0.,0.));
#4575 = VECTOR('',#4576,1.);
#4576 = DIRECTION('',(0.,-1.));
#4577 = ( GEOMETRIC_REPRESENTATION_CONTEXT(2) 
PARAMETRIC_REPRESENTATION_CONTEXT() REPRESENTATION_CONTEXT('2D SPACE',''
  ) );
#4578 = ADVANCED_FACE('',(#4579),#1261,.T.);
#4579 = FACE_BOUND('',#4580,.T.);
#4580 = EDGE_LOOP('',(#4581,#4582,#4583,#4604,#4628,#4649));
#4581 = ORIENTED_EDGE('',*,*,#1246,.T.);
#4582 = ORIENTED_EDGE('',*,*,#4558,.T.);
#4583 = ORIENTED_EDGE('',*,*,#4584,.F.);
#4584 = EDGE_CURVE('',#4585,#4538,#4587,.T.);
#4585 = VERTEX_POINT('',#4586);
#4586 = CARTESIAN_POINT('',(-32.5,-15.6,-14.6));
#4587 = SURFACE_CURVE('',#4588,(#4592,#4598),.PCURVE_S1.);
#4588 = LINE('',#4589,#4590);
#4589 = CARTESIAN_POINT('',(-32.5,-15.75,-14.6));
#4590 = VECTOR('',#4591,1.);
#4591 = DIRECTION('',(-0.,1.,0.));
#4592 = PCURVE('',#1261,#4593);
#4593 = DEFINITIONAL_REPRESENTATION('',(#4594),#4597);
#4594 = B_SPLINE_CURVE_WITH_KNOTS('',1,(#4595,#4596),.UNSPECIFIED.,.F.,
  .F.,(2,2),(0.15,1.85),.PIECEWISE_BEZIER_KNOTS.);
#4595 = CARTESIAN_POINT('',(1.7,-3.4));
#4596 = CARTESIAN_POINT('',(0.,-3.4));
#4597 = ( GEOMETRIC_REPRESENTATION_CONTEXT(2) 
PARAMETRIC_REPRESENTATION_CONTEXT() REPRESENTATION_CONTEXT('2D SPACE',''
  ) );
#4598 = PCURVE('',#3768,#4599);
#4599 = DEFINITIONAL_REPRESENTATION('',(#4600),#4603);
#4600 = B_SPLINE_CURVE_WITH_KNOTS('',1,(#4601,#4602),.UNSPECIFIED.,.F.,
  .F.,(2,2),(0.15,1.85),.PIECEWISE_BEZIER_KNOTS.);
#4601 = CARTESIAN_POINT('',(35.1,2.));
#4602 = CARTESIAN_POINT('',(35.1,3.7));
#4603 = ( GEOMETRIC_REPRESENTATION_CONTEXT(2) 
PARAMETRIC_REPRESENTATION_CONTEXT() REPRESENTATION_CONTEXT('2D SPACE',''
  ) );
#4604 = ORIENTED_EDGE('',*,*,#4605,.F.);
#4605 = EDGE_CURVE('',#4606,#4585,#4608,.T.);
#4606 = VERTEX_POINT('',#4607);
#4607 = CARTESIAN_POINT('',(-32.5,-16.1,-14.5364916731));
#4608 = SURFACE_CURVE('',#4609,(#4614,#4621),.PCURVE_S1.);
#4609 = CIRCLE('',#4610,2.);
#4610 = AXIS2_PLACEMENT_3D('',#4611,#4612,#4613);
#4611 = CARTESIAN_POINT('',(-32.5,-15.6,-12.6));
#4612 = DIRECTION('',(1.,0.,0.));
#4613 = DIRECTION('',(0.,-1.,0.));
#4614 = PCURVE('',#1261,#4615);
#4615 = DEFINITIONAL_REPRESENTATION('',(#4616),#4620);
#4616 = CIRCLE('',#4617,2.);
#4617 = AXIS2_PLACEMENT_2D('',#4618,#4619);
#4618 = CARTESIAN_POINT('',(1.7,-5.4));
#4619 = DIRECTION('',(1.,0.));
#4620 = ( GEOMETRIC_REPRESENTATION_CONTEXT(2) 
PARAMETRIC_REPRESENTATION_CONTEXT() REPRESENTATION_CONTEXT('2D SPACE',''
  ) );
#4621 = PCURVE('',#4260,#4622);
#4622 = DEFINITIONAL_REPRESENTATION('',(#4623),#4627);
#4623 = LINE('',#4624,#4625);
#4624 = CARTESIAN_POINT('',(0.,35.1));
#4625 = VECTOR('',#4626,1.);
#4626 = DIRECTION('',(1.,0.));
#4627 = ( GEOMETRIC_REPRESENTATION_CONTEXT(2) 
PARAMETRIC_REPRESENTATION_CONTEXT() REPRESENTATION_CONTEXT('2D SPACE',''
  ) );
#4628 = ORIENTED_EDGE('',*,*,#4629,.F.);
#4629 = EDGE_CURVE('',#2566,#4606,#4630,.T.);
#4630 = SURFACE_CURVE('',#4631,(#4635,#4642),.PCURVE_S1.);
#4631 = LINE('',#4632,#4633);
#4632 = CARTESIAN_POINT('',(-32.5,-16.1,-18.));
#4633 = VECTOR('',#4634,1.);
#4634 = DIRECTION('',(0.,0.,1.));
#4635 = PCURVE('',#1261,#4636);
#4636 = DEFINITIONAL_REPRESENTATION('',(#4637),#4641);
#4637 = LINE('',#4638,#4639);
#4638 = CARTESIAN_POINT('',(2.2,0.));
#4639 = VECTOR('',#4640,1.);
#4640 = DIRECTION('',(0.,-1.));
#4641 = ( GEOMETRIC_REPRESENTATION_CONTEXT(2) 
PARAMETRIC_REPRESENTATION_CONTEXT() REPRESENTATION_CONTEXT('2D SPACE',''
  ) );
#4642 = PCURVE('',#2604,#4643);
#4643 = DEFINITIONAL_REPRESENTATION('',(#4644),#4648);
#4644 = LINE('',#4645,#4646);
#4645 = CARTESIAN_POINT('',(0.,0.));
#4646 = VECTOR('',#4647,1.);
#4647 = DIRECTION('',(0.,-1.));
#4648 = ( GEOMETRIC_REPRESENTATION_CONTEXT(2) 
PARAMETRIC_REPRESENTATION_CONTEXT() REPRESENTATION_CONTEXT('2D SPACE',''
  ) );
#4649 = ORIENTED_EDGE('',*,*,#2565,.T.);
#4650 = ADVANCED_FACE('',(#4651),#1752,.T.);
#4651 = FACE_BOUND('',#4652,.T.);
#4652 = EDGE_LOOP('',(#4653,#4654,#4655,#4656,#4677,#4711,#4740,#4768,
    #4847,#4873));
#4653 = ORIENTED_EDGE('',*,*,#2132,.F.);
#4654 = ORIENTED_EDGE('',*,*,#1735,.T.);
#4655 = ORIENTED_EDGE('',*,*,#1926,.T.);
#4656 = ORIENTED_EDGE('',*,*,#4657,.T.);
#4657 = EDGE_CURVE('',#1899,#4658,#4660,.T.);
#4658 = VERTEX_POINT('',#4659);
#4659 = CARTESIAN_POINT('',(65.6,17.6,13.666060555965));
#4660 = SURFACE_CURVE('',#4661,(#4665,#4671),.PCURVE_S1.);
#4661 = LINE('',#4662,#4663);
#4662 = CARTESIAN_POINT('',(-70.,17.6,13.666060555965));
#4663 = VECTOR('',#4664,1.);
#4664 = DIRECTION('',(1.,0.,0.));
#4665 = PCURVE('',#1752,#4666);
#4666 = DEFINITIONAL_REPRESENTATION('',(#4667),#4670);
#4667 = B_SPLINE_CURVE_WITH_KNOTS('',1,(#4668,#4669),.UNSPECIFIED.,.F.,
  .F.,(2,2),(3.9999994,136.0000006),.PIECEWISE_BEZIER_KNOTS.);
#4668 = CARTESIAN_POINT('',(1.159279480727,3.9999994));
#4669 = CARTESIAN_POINT('',(1.159279480727,136.0000006));
#4670 = ( GEOMETRIC_REPRESENTATION_CONTEXT(2) 
PARAMETRIC_REPRESENTATION_CONTEXT() REPRESENTATION_CONTEXT('2D SPACE',''
  ) );
#4671 = PCURVE('',#1914,#4672);
#4672 = DEFINITIONAL_REPRESENTATION('',(#4673),#4676);
#4673 = B_SPLINE_CURVE_WITH_KNOTS('',1,(#4674,#4675),.UNSPECIFIED.,.F.,
  .F.,(2,2),(3.9999994,136.0000006),.PIECEWISE_BEZIER_KNOTS.);
#4674 = CARTESIAN_POINT('',(28.266060555965,1.5999994));
#4675 = CARTESIAN_POINT('',(28.266060555965,133.6000006));
#4676 = ( GEOMETRIC_REPRESENTATION_CONTEXT(2) 
PARAMETRIC_REPRESENTATION_CONTEXT() REPRESENTATION_CONTEXT('2D SPACE',''
  ) );
#4677 = ORIENTED_EDGE('',*,*,#4678,.F.);
#4678 = EDGE_CURVE('',#4679,#4658,#4681,.T.);
#4679 = VERTEX_POINT('',#4680);
#4680 = CARTESIAN_POINT('',(66.,17.559591794227,13.68343229005));
#4681 = SURFACE_CURVE('',#4682,(#4688,#4697),.PCURVE_S1.);
#4682 = B_SPLINE_CURVE_WITH_KNOTS('',4,(#4683,#4684,#4685,#4686,#4687),
  .UNSPECIFIED.,.F.,.F.,(5,5),(0.,1.),.PIECEWISE_BEZIER_KNOTS.);
#4683 = CARTESIAN_POINT('',(66.0000006,17.559591671752,13.683432341906)
  );
#4684 = CARTESIAN_POINT('',(65.901021747543,17.579795676975,
    13.674877821189));
#4685 = CARTESIAN_POINT('',(65.801018881911,17.593264917795,
    13.669000249008));
#4686 = CARTESIAN_POINT('',(65.700513592402,17.6,13.666060555965));
#4687 = CARTESIAN_POINT('',(65.6,17.6,13.666060555965));
#4688 = PCURVE('',#1752,#4689);
#4689 = DEFINITIONAL_REPRESENTATION('',(#4690),#4696);
#4690 = B_SPLINE_CURVE_WITH_KNOTS('',4,(#4691,#4692,#4693,#4694,#4695),
  .UNSPECIFIED.,.F.,.F.,(5,5),(0.,1.),.PIECEWISE_BEZIER_KNOTS.);
#4691 = CARTESIAN_POINT('',(1.170275592064,136.0000006));
#4692 = CARTESIAN_POINT('',(1.164790489217,135.90102174754));
#4693 = CARTESIAN_POINT('',(1.161116697742,135.80101888191));
#4694 = CARTESIAN_POINT('',(1.159279480727,135.7005135924));
#4695 = CARTESIAN_POINT('',(1.159279480727,135.6));
#4696 = ( GEOMETRIC_REPRESENTATION_CONTEXT(2) 
PARAMETRIC_REPRESENTATION_CONTEXT() REPRESENTATION_CONTEXT('2D SPACE',''
  ) );
#4697 = PCURVE('',#4698,#4703);
#4698 = CYLINDRICAL_SURFACE('',#4699,2.);
#4699 = AXIS2_PLACEMENT_3D('',#4700,#4701,#4702);
#4700 = CARTESIAN_POINT('',(65.6,15.6,-14.6));
#4701 = DIRECTION('',(0.,0.,1.));
#4702 = DIRECTION('',(1.,0.,-0.));
#4703 = DEFINITIONAL_REPRESENTATION('',(#4704),#4710);
#4704 = B_SPLINE_CURVE_WITH_KNOTS('',4,(#4705,#4706,#4707,#4708,#4709),
  .UNSPECIFIED.,.F.,.F.,(5,5),(0.,1.),.PIECEWISE_BEZIER_KNOTS.);
#4705 = CARTESIAN_POINT('',(1.369438099818,28.283432341906));
#4706 = CARTESIAN_POINT('',(1.41994803711,28.274877821189));
#4707 = CARTESIAN_POINT('',(1.470286529649,28.269000249008));
#4708 = CARTESIAN_POINT('',(1.520539530594,28.266060555965));
#4709 = CARTESIAN_POINT('',(1.570796326795,28.266060555965));
#4710 = ( GEOMETRIC_REPRESENTATION_CONTEXT(2) 
PARAMETRIC_REPRESENTATION_CONTEXT() REPRESENTATION_CONTEXT('2D SPACE',''
  ) );
#4711 = ORIENTED_EDGE('',*,*,#4712,.F.);
#4712 = EDGE_CURVE('',#4713,#4679,#4715,.T.);
#4713 = VERTEX_POINT('',#4714);
#4714 = CARTESIAN_POINT('',(66.,20.,10.));
#4715 = SURFACE_CURVE('',#4716,(#4721,#4728),.PCURVE_S1.);
#4716 = CIRCLE('',#4717,4.);
#4717 = AXIS2_PLACEMENT_3D('',#4718,#4719,#4720);
#4718 = CARTESIAN_POINT('',(66.,16.,10.));
#4719 = DIRECTION('',(1.,0.,-6.123233995737E-17));
#4720 = DIRECTION('',(6.123233995737E-17,0.,1.));
#4721 = PCURVE('',#1752,#4722);
#4722 = DEFINITIONAL_REPRESENTATION('',(#4723),#4727);
#4723 = LINE('',#4724,#4725);
#4724 = CARTESIAN_POINT('',(-4.712388980385,136.));
#4725 = VECTOR('',#4726,1.);
#4726 = DIRECTION('',(1.,0.));
#4727 = ( GEOMETRIC_REPRESENTATION_CONTEXT(2) 
PARAMETRIC_REPRESENTATION_CONTEXT() REPRESENTATION_CONTEXT('2D SPACE',''
  ) );
#4728 = PCURVE('',#4729,#4734);
#4729 = SPHERICAL_SURFACE('',#4730,4.);
#4730 = AXIS2_PLACEMENT_3D('',#4731,#4732,#4733);
#4731 = CARTESIAN_POINT('',(66.,16.,10.));
#4732 = DIRECTION('',(-0.,-1.,-0.));
#4733 = DIRECTION('',(1.,-0.,0.));
#4734 = DEFINITIONAL_REPRESENTATION('',(#4735),#4739);
#4735 = LINE('',#4736,#4737);
#4736 = CARTESIAN_POINT('',(1.570796326795,-6.28318530718));
#4737 = VECTOR('',#4738,1.);
#4738 = DIRECTION('',(0.,1.));
#4739 = ( GEOMETRIC_REPRESENTATION_CONTEXT(2) 
PARAMETRIC_REPRESENTATION_CONTEXT() REPRESENTATION_CONTEXT('2D SPACE',''
  ) );
#4740 = ORIENTED_EDGE('',*,*,#4741,.F.);
#4741 = EDGE_CURVE('',#4742,#4713,#4744,.T.);
#4742 = VERTEX_POINT('',#4743);
#4743 = CARTESIAN_POINT('',(61.683215956621,20.,10.));
#4744 = SURFACE_CURVE('',#4745,(#4749,#4756),.PCURVE_S1.);
#4745 = LINE('',#4746,#4747);
#4746 = CARTESIAN_POINT('',(-70.,20.,10.));
#4747 = VECTOR('',#4748,1.);
#4748 = DIRECTION('',(1.,0.,0.));
#4749 = PCURVE('',#1752,#4750);
#4750 = DEFINITIONAL_REPRESENTATION('',(#4751),#4755);
#4751 = LINE('',#4752,#4753);
#4752 = CARTESIAN_POINT('',(0.,0.));
#4753 = VECTOR('',#4754,1.);
#4754 = DIRECTION('',(0.,1.));
#4755 = ( GEOMETRIC_REPRESENTATION_CONTEXT(2) 
PARAMETRIC_REPRESENTATION_CONTEXT() REPRESENTATION_CONTEXT('2D SPACE',''
  ) );
#4756 = PCURVE('',#4757,#4762);
#4757 = PLANE('',#4758);
#4758 = AXIS2_PLACEMENT_3D('',#4759,#4760,#4761);
#4759 = CARTESIAN_POINT('',(-70.,20.,-17.));
#4760 = DIRECTION('',(0.,1.,0.));
#4761 = DIRECTION('',(0.,0.,1.));
#4762 = DEFINITIONAL_REPRESENTATION('',(#4763),#4767);
#4763 = LINE('',#4764,#4765);
#4764 = CARTESIAN_POINT('',(27.,0.));
#4765 = VECTOR('',#4766,1.);
#4766 = DIRECTION('',(0.,1.));
#4767 = ( GEOMETRIC_REPRESENTATION_CONTEXT(2) 
PARAMETRIC_REPRESENTATION_CONTEXT() REPRESENTATION_CONTEXT('2D SPACE',''
  ) );
#4768 = ORIENTED_EDGE('',*,*,#4769,.T.);
#4769 = EDGE_CURVE('',#4742,#4770,#4772,.T.);
#4770 = VERTEX_POINT('',#4771);
#4771 = CARTESIAN_POINT('',(60.5,19.872983346207,11.));
#4772 = SURFACE_CURVE('',#4773,(#4794,#4818),.PCURVE_S1.);
#4773 = B_SPLINE_CURVE_WITH_KNOTS('',7,(#4774,#4775,#4776,#4777,#4778,
    #4779,#4780,#4781,#4782,#4783,#4784,#4785,#4786,#4787,#4788,#4789,
    #4790,#4791,#4792,#4793),.UNSPECIFIED.,.F.,.F.,(8,6,6,8),(0.,
    0.286059503428,0.450720530838,1.),.UNSPECIFIED.);
#4774 = CARTESIAN_POINT('',(61.68321595662,20.,10.));
#4775 = CARTESIAN_POINT('',(61.670191441389,20.,10.077054071245));
#4776 = CARTESIAN_POINT('',(61.651440354015,19.998268298375,
    10.152363008366));
#4777 = CARTESIAN_POINT('',(61.627270273949,19.99494598456,10.2253647738
    ));
#4778 = CARTESIAN_POINT('',(61.598070945337,19.990240742692,
    10.295538047148));
#4779 = CARTESIAN_POINT('',(61.564315090018,19.984410497288,
    10.362414094767));
#4780 = CARTESIAN_POINT('',(61.526560005531,19.977741093894,
    10.425591572603));
#4781 = CARTESIAN_POINT('',(61.461786255087,19.96636027962,
    10.518809377198));
#4782 = CARTESIAN_POINT('',(61.436969761878,19.962011857087,
    10.551593517301));
#4783 = CARTESIAN_POINT('',(61.411082427965,19.957520142876,
    10.583086838293));
#4784 = CARTESIAN_POINT('',(61.384203428386,19.952930929516,
    10.613273279713));
#4785 = CARTESIAN_POINT('',(61.356409285193,19.948287981546,
    10.64214035968));
#4786 = CARTESIAN_POINT('',(61.327773998866,19.943632610759,
    10.669678969657));
#4787 = CARTESIAN_POINT('',(61.200280010105,19.923560544246,
    10.783295649517));
#4788 = CARTESIAN_POINT('',(61.093597464707,19.908402585526,
    10.855886240415));
#4789 = CARTESIAN_POINT('',(60.980658345706,19.894908737535,
    10.91369367325));
#4790 = CARTESIAN_POINT('',(60.863327910367,19.884116107561,
    10.956882903259));
#4791 = CARTESIAN_POINT('',(60.74318405314,19.876696850656,
    10.985617674763));
#4792 = CARTESIAN_POINT('',(60.621627868595,19.872983346207,11.));
#4793 = CARTESIAN_POINT('',(60.5,19.872983346207,11.));
#4794 = PCURVE('',#1752,#4795);
#4795 = DEFINITIONAL_REPRESENTATION('',(#4796),#4817);
#4796 = B_SPLINE_CURVE_WITH_KNOTS('',7,(#4797,#4798,#4799,#4800,#4801,
    #4802,#4803,#4804,#4805,#4806,#4807,#4808,#4809,#4810,#4811,#4812,
    #4813,#4814,#4815,#4816),.UNSPECIFIED.,.F.,.F.,(8,6,6,8),(0.,
    0.286059503428,0.450720530838,1.),.UNSPECIFIED.);
#4797 = CARTESIAN_POINT('',(0.,131.68321595662));
#4798 = CARTESIAN_POINT('',(1.926351781128E-02,131.67019144138));
#4799 = CARTESIAN_POINT('',(3.80907532728E-02,131.65144035401));
#4800 = CARTESIAN_POINT('',(5.63528651224E-02,131.62727027394));
#4801 = CARTESIAN_POINT('',(7.392884195227E-02,131.59807094533));
#4802 = CARTESIAN_POINT('',(9.070666782976E-02,131.56431509001));
#4803 = CARTESIAN_POINT('',(0.106586689634,131.52656000553));
#4804 = CARTESIAN_POINT('',(0.13006418155,131.46178625508));
#4805 = CARTESIAN_POINT('',(0.13833155212,131.43696976187));
#4806 = CARTESIAN_POINT('',(0.146283969487,131.41108242796));
#4807 = CARTESIAN_POINT('',(0.153916754256,131.38420342838));
#4808 = CARTESIAN_POINT('',(0.161225888972,131.35640928519));
#4809 = CARTESIAN_POINT('',(0.168208031124,131.32777399886));
#4810 = CARTESIAN_POINT('',(0.197052048914,131.2002800101));
#4811 = CARTESIAN_POINT('',(0.215582216253,131.0935974647));
#4812 = CARTESIAN_POINT('',(0.230418451943,130.9806583457));
#4813 = CARTESIAN_POINT('',(0.241547484254,130.86332791036));
#4814 = CARTESIAN_POINT('',(0.248966751108,130.74318405314));
#4815 = CARTESIAN_POINT('',(0.252680255142,130.62162786859));
#4816 = CARTESIAN_POINT('',(0.252680255142,130.5));
#4817 = ( GEOMETRIC_REPRESENTATION_CONTEXT(2) 
PARAMETRIC_REPRESENTATION_CONTEXT() REPRESENTATION_CONTEXT('2D SPACE',''
  ) );
#4818 = PCURVE('',#4819,#4824);
#4819 = CYLINDRICAL_SURFACE('',#4820,1.2);
#4820 = AXIS2_PLACEMENT_3D('',#4821,#4822,#4823);
#4821 = CARTESIAN_POINT('',(60.5,-16.3,9.8));
#4822 = DIRECTION('',(0.,1.,0.));
#4823 = DIRECTION('',(1.,0.,-0.));
#4824 = DEFINITIONAL_REPRESENTATION('',(#4825),#4846);
#4825 = B_SPLINE_CURVE_WITH_KNOTS('',7,(#4826,#4827,#4828,#4829,#4830,
    #4831,#4832,#4833,#4834,#4835,#4836,#4837,#4838,#4839,#4840,#4841,
    #4842,#4843,#4844,#4845),.UNSPECIFIED.,.F.,.F.,(8,6,6,8),(0.,
    0.286059503428,0.450720530838,1.),.UNSPECIFIED.);
#4826 = CARTESIAN_POINT('',(-0.16744807922,36.3));
#4827 = CARTESIAN_POINT('',(-0.232570655377,36.3));
#4828 = CARTESIAN_POINT('',(-0.297054633742,36.298268298375));
#4829 = CARTESIAN_POINT('',(-0.360846674148,36.29494598456));
#4830 = CARTESIAN_POINT('',(-0.423875338843,36.290240742692));
#4831 = CARTESIAN_POINT('',(-0.486046515731,36.284410497288));
#4832 = CARTESIAN_POINT('',(-0.547234830943,36.277741093894));
#4833 = CARTESIAN_POINT('',(-0.64182898539,36.26636027962));
#4834 = CARTESIAN_POINT('',(-0.676065336022,36.262011857087));
#4835 = CARTESIAN_POINT('',(-0.709994913037,36.257520142876));
#4836 = CARTESIAN_POINT('',(-0.74363089919,36.252930929516));
#4837 = CARTESIAN_POINT('',(-0.776985124552,36.248287981546));
#4838 = CARTESIAN_POINT('',(-0.810068341507,36.243632610759));
#4839 = CARTESIAN_POINT('',(-0.952379295819,36.223560544246));
#4840 = CARTESIAN_POINT('',(-1.058996842291,36.208402585526));
#4841 = CARTESIAN_POINT('',(-1.163454111643,36.194908737535));
#4842 = CARTESIAN_POINT('',(-1.266322161194,36.184116107561));
#4843 = CARTESIAN_POINT('',(-1.368143006581,36.176696850656));
#4844 = CARTESIAN_POINT('',(-1.469439769632,36.172983346207));
#4845 = CARTESIAN_POINT('',(-1.570796326795,36.172983346207));
#4846 = ( GEOMETRIC_REPRESENTATION_CONTEXT(2) 
PARAMETRIC_REPRESENTATION_CONTEXT() REPRESENTATION_CONTEXT('2D SPACE',''
  ) );
#4847 = ORIENTED_EDGE('',*,*,#4848,.F.);
#4848 = EDGE_CURVE('',#4849,#4770,#4851,.T.);
#4849 = VERTEX_POINT('',#4850);
#4850 = CARTESIAN_POINT('',(59.9,19.872983346207,11.));
#4851 = SURFACE_CURVE('',#4852,(#4856,#4862),.PCURVE_S1.);
#4852 = LINE('',#4853,#4854);
#4853 = CARTESIAN_POINT('',(-70.,19.872983346207,11.));
#4854 = VECTOR('',#4855,1.);
#4855 = DIRECTION('',(1.,0.,0.));
#4856 = PCURVE('',#1752,#4857);
#4857 = DEFINITIONAL_REPRESENTATION('',(#4858),#4861);
#4858 = B_SPLINE_CURVE_WITH_KNOTS('',1,(#4859,#4860),.UNSPECIFIED.,.F.,
  .F.,(2,2),(129.84,130.56),.PIECEWISE_BEZIER_KNOTS.);
#4859 = CARTESIAN_POINT('',(0.252680255142,129.84));
#4860 = CARTESIAN_POINT('',(0.252680255142,130.56));
#4861 = ( GEOMETRIC_REPRESENTATION_CONTEXT(2) 
PARAMETRIC_REPRESENTATION_CONTEXT() REPRESENTATION_CONTEXT('2D SPACE',''
  ) );
#4862 = PCURVE('',#4863,#4868);
#4863 = PLANE('',#4864);
#4864 = AXIS2_PLACEMENT_3D('',#4865,#4866,#4867);
#4865 = CARTESIAN_POINT('',(58.7,-16.3,11.));
#4866 = DIRECTION('',(0.,0.,1.));
#4867 = DIRECTION('',(1.,0.,0.));
#4868 = DEFINITIONAL_REPRESENTATION('',(#4869),#4872);
#4869 = B_SPLINE_CURVE_WITH_KNOTS('',1,(#4870,#4871),.UNSPECIFIED.,.F.,
  .F.,(2,2),(129.84,130.56),.PIECEWISE_BEZIER_KNOTS.);
#4870 = CARTESIAN_POINT('',(1.14,36.172983346207));
#4871 = CARTESIAN_POINT('',(1.86,36.172983346207));
#4872 = ( GEOMETRIC_REPRESENTATION_CONTEXT(2) 
PARAMETRIC_REPRESENTATION_CONTEXT() REPRESENTATION_CONTEXT('2D SPACE',''
  ) );
#4873 = ORIENTED_EDGE('',*,*,#4874,.F.);
#4874 = EDGE_CURVE('',#2133,#4849,#4875,.T.);
#4875 = SURFACE_CURVE('',#4876,(#4897,#4921),.PCURVE_S1.);
#4876 = B_SPLINE_CURVE_WITH_KNOTS('',7,(#4877,#4878,#4879,#4880,#4881,
    #4882,#4883,#4884,#4885,#4886,#4887,#4888,#4889,#4890,#4891,#4892,
    #4893,#4894,#4895,#4896),.UNSPECIFIED.,.F.,.F.,(8,6,6,8),(0.,
    0.286059503428,0.450720530838,1.),.UNSPECIFIED.);
#4877 = CARTESIAN_POINT('',(58.71678404338,20.,10.));
#4878 = CARTESIAN_POINT('',(58.729808558611,20.,10.077054071245));
#4879 = CARTESIAN_POINT('',(58.748559645985,19.998268298375,
    10.152363008366));
#4880 = CARTESIAN_POINT('',(58.772729726051,19.99494598456,10.2253647738
    ));
#4881 = CARTESIAN_POINT('',(58.801929054663,19.990240742692,
    10.295538047148));
#4882 = CARTESIAN_POINT('',(58.835684909982,19.984410497288,
    10.362414094767));
#4883 = CARTESIAN_POINT('',(58.873439994469,19.977741093894,
    10.425591572603));
#4884 = CARTESIAN_POINT('',(58.938213744913,19.96636027962,
    10.518809377198));
#4885 = CARTESIAN_POINT('',(58.963030238122,19.962011857087,
    10.551593517301));
#4886 = CARTESIAN_POINT('',(58.988917572035,19.957520142876,
    10.583086838293));
#4887 = CARTESIAN_POINT('',(59.015796571614,19.952930929516,
    10.613273279713));
#4888 = CARTESIAN_POINT('',(59.043590714807,19.948287981546,
    10.64214035968));
#4889 = CARTESIAN_POINT('',(59.072226001134,19.943632610759,
    10.669678969657));
#4890 = CARTESIAN_POINT('',(59.199719989895,19.923560544246,
    10.783295649517));
#4891 = CARTESIAN_POINT('',(59.306402535293,19.908402585526,
    10.855886240415));
#4892 = CARTESIAN_POINT('',(59.419341654293,19.894908737535,
    10.913693673249));
#4893 = CARTESIAN_POINT('',(59.536672089634,19.884116107561,
    10.956882903259));
#4894 = CARTESIAN_POINT('',(59.656815946859,19.876696850656,
    10.985617674763));
#4895 = CARTESIAN_POINT('',(59.778372131405,19.872983346207,11.));
#4896 = CARTESIAN_POINT('',(59.9,19.872983346207,11.));
#4897 = PCURVE('',#1752,#4898);
#4898 = DEFINITIONAL_REPRESENTATION('',(#4899),#4920);
#4899 = B_SPLINE_CURVE_WITH_KNOTS('',7,(#4900,#4901,#4902,#4903,#4904,
    #4905,#4906,#4907,#4908,#4909,#4910,#4911,#4912,#4913,#4914,#4915,
    #4916,#4917,#4918,#4919),.UNSPECIFIED.,.F.,.F.,(8,6,6,8),(0.,
    0.286059503428,0.450720530838,1.),.UNSPECIFIED.);
#4900 = CARTESIAN_POINT('',(0.,128.71678404338));
#4901 = CARTESIAN_POINT('',(1.926351781129E-02,128.72980855861));
#4902 = CARTESIAN_POINT('',(3.809075327279E-02,128.74855964598));
#4903 = CARTESIAN_POINT('',(5.63528651224E-02,128.77272972605));
#4904 = CARTESIAN_POINT('',(7.392884195227E-02,128.80192905466));
#4905 = CARTESIAN_POINT('',(9.070666782975E-02,128.83568490998));
#4906 = CARTESIAN_POINT('',(0.106586689634,128.87343999446));
#4907 = CARTESIAN_POINT('',(0.13006418155,128.93821374491));
#4908 = CARTESIAN_POINT('',(0.13833155212,128.96303023812));
#4909 = CARTESIAN_POINT('',(0.146283969487,128.98891757203));
#4910 = CARTESIAN_POINT('',(0.153916754256,129.01579657161));
#4911 = CARTESIAN_POINT('',(0.161225888972,129.0435907148));
#4912 = CARTESIAN_POINT('',(0.168208031124,129.07222600113));
#4913 = CARTESIAN_POINT('',(0.197052048914,129.19971998989));
#4914 = CARTESIAN_POINT('',(0.215582216253,129.30640253529));
#4915 = CARTESIAN_POINT('',(0.230418451943,129.41934165429));
#4916 = CARTESIAN_POINT('',(0.241547484254,129.53667208963));
#4917 = CARTESIAN_POINT('',(0.248966751108,129.65681594685));
#4918 = CARTESIAN_POINT('',(0.252680255142,129.7783721314));
#4919 = CARTESIAN_POINT('',(0.252680255142,129.9));
#4920 = ( GEOMETRIC_REPRESENTATION_CONTEXT(2) 
PARAMETRIC_REPRESENTATION_CONTEXT() REPRESENTATION_CONTEXT('2D SPACE',''
  ) );
#4921 = PCURVE('',#2172,#4922);
#4922 = DEFINITIONAL_REPRESENTATION('',(#4923),#4944);
#4923 = B_SPLINE_CURVE_WITH_KNOTS('',7,(#4924,#4925,#4926,#4927,#4928,
    #4929,#4930,#4931,#4932,#4933,#4934,#4935,#4936,#4937,#4938,#4939,
    #4940,#4941,#4942,#4943),.UNSPECIFIED.,.F.,.F.,(8,6,6,8),(0.,
    0.286059503428,0.450720530838,1.),.UNSPECIFIED.);
#4924 = CARTESIAN_POINT('',(0.16744807922,36.3));
#4925 = CARTESIAN_POINT('',(0.232570655377,36.3));
#4926 = CARTESIAN_POINT('',(0.297054633742,36.298268298375));
#4927 = CARTESIAN_POINT('',(0.360846674148,36.29494598456));
#4928 = CARTESIAN_POINT('',(0.423875338843,36.290240742692));
#4929 = CARTESIAN_POINT('',(0.486046515731,36.284410497288));
#4930 = CARTESIAN_POINT('',(0.547234830943,36.277741093894));
#4931 = CARTESIAN_POINT('',(0.64182898539,36.26636027962));
#4932 = CARTESIAN_POINT('',(0.676065336022,36.262011857087));
#4933 = CARTESIAN_POINT('',(0.709994913037,36.257520142876));
#4934 = CARTESIAN_POINT('',(0.74363089919,36.252930929516));
#4935 = CARTESIAN_POINT('',(0.776985124552,36.248287981546));
#4936 = CARTESIAN_POINT('',(0.810068341507,36.243632610759));
#4937 = CARTESIAN_POINT('',(0.952379295819,36.223560544246));
#4938 = CARTESIAN_POINT('',(1.058996842291,36.208402585526));
#4939 = CARTESIAN_POINT('',(1.163454111642,36.194908737535));
#4940 = CARTESIAN_POINT('',(1.266322161194,36.184116107561));
#4941 = CARTESIAN_POINT('',(1.36814300658,36.176696850656));
#4942 = CARTESIAN_POINT('',(1.469439769632,36.172983346207));
#4943 = CARTESIAN_POINT('',(1.570796326795,36.172983346207));
#4944 = ( GEOMETRIC_REPRESENTATION_CONTEXT(2) 
PARAMETRIC_REPRESENTATION_CONTEXT() REPRESENTATION_CONTEXT('2D SPACE',''
  ) );
#4945 = ADVANCED_FACE('',(#4946),#1914,.F.);
#4946 = FACE_BOUND('',#4947,.F.);
#4947 = EDGE_LOOP('',(#4948,#4971,#4972,#4973,#4996,#5022,#5043,#5072,
    #5098,#5127,#5153,#5179,#5205,#5231,#5257,#5286,#5312,#5341,#5362,
    #5383));
#4948 = ORIENTED_EDGE('',*,*,#4949,.F.);
#4949 = EDGE_CURVE('',#1870,#4950,#4952,.T.);
#4950 = VERTEX_POINT('',#4951);
#4951 = CARTESIAN_POINT('',(65.6,17.6,-12.6));
#4952 = SURFACE_CURVE('',#4953,(#4957,#4964),.PCURVE_S1.);
#4953 = LINE('',#4954,#4955);
#4954 = CARTESIAN_POINT('',(-67.6,17.6,-12.6));
#4955 = VECTOR('',#4956,1.);
#4956 = DIRECTION('',(1.,0.,0.));
#4957 = PCURVE('',#1914,#4958);
#4958 = DEFINITIONAL_REPRESENTATION('',(#4959),#4963);
#4959 = LINE('',#4960,#4961);
#4960 = CARTESIAN_POINT('',(2.,0.));
#4961 = VECTOR('',#4962,1.);
#4962 = DIRECTION('',(0.,1.));
#4963 = ( GEOMETRIC_REPRESENTATION_CONTEXT(2) 
PARAMETRIC_REPRESENTATION_CONTEXT() REPRESENTATION_CONTEXT('2D SPACE',''
  ) );
#4964 = PCURVE('',#3741,#4965);
#4965 = DEFINITIONAL_REPRESENTATION('',(#4966),#4970);
#4966 = LINE('',#4967,#4968);
#4967 = CARTESIAN_POINT('',(-0.,0.));
#4968 = VECTOR('',#4969,1.);
#4969 = DIRECTION('',(-0.,1.));
#4970 = ( GEOMETRIC_REPRESENTATION_CONTEXT(2) 
PARAMETRIC_REPRESENTATION_CONTEXT() REPRESENTATION_CONTEXT('2D SPACE',''
  ) );
#4971 = ORIENTED_EDGE('',*,*,#1898,.T.);
#4972 = ORIENTED_EDGE('',*,*,#4657,.T.);
#4973 = ORIENTED_EDGE('',*,*,#4974,.F.);
#4974 = EDGE_CURVE('',#4975,#4658,#4977,.T.);
#4975 = VERTEX_POINT('',#4976);
#4976 = CARTESIAN_POINT('',(65.6,17.6,9.));
#4977 = SURFACE_CURVE('',#4978,(#4982,#4989),.PCURVE_S1.);
#4978 = LINE('',#4979,#4980);
#4979 = CARTESIAN_POINT('',(65.6,17.6,-14.6));
#4980 = VECTOR('',#4981,1.);
#4981 = DIRECTION('',(0.,0.,1.));
#4982 = PCURVE('',#1914,#4983);
#4983 = DEFINITIONAL_REPRESENTATION('',(#4984),#4988);
#4984 = LINE('',#4985,#4986);
#4985 = CARTESIAN_POINT('',(0.,133.2));
#4986 = VECTOR('',#4987,1.);
#4987 = DIRECTION('',(1.,0.));
#4988 = ( GEOMETRIC_REPRESENTATION_CONTEXT(2) 
PARAMETRIC_REPRESENTATION_CONTEXT() REPRESENTATION_CONTEXT('2D SPACE',''
  ) );
#4989 = PCURVE('',#4698,#4990);
#4990 = DEFINITIONAL_REPRESENTATION('',(#4991),#4995);
#4991 = LINE('',#4992,#4993);
#4992 = CARTESIAN_POINT('',(1.570796326795,0.));
#4993 = VECTOR('',#4994,1.);
#4994 = DIRECTION('',(0.,1.));
#4995 = ( GEOMETRIC_REPRESENTATION_CONTEXT(2) 
PARAMETRIC_REPRESENTATION_CONTEXT() REPRESENTATION_CONTEXT('2D SPACE',''
  ) );
#4996 = ORIENTED_EDGE('',*,*,#4997,.T.);
#4997 = EDGE_CURVE('',#4975,#4998,#5000,.T.);
#4998 = VERTEX_POINT('',#4999);
#4999 = CARTESIAN_POINT('',(61.7,17.6,9.));
#5000 = SURFACE_CURVE('',#5001,(#5005,#5011),.PCURVE_S1.);
#5001 = LINE('',#5002,#5003);
#5002 = CARTESIAN_POINT('',(-3.8,17.6,9.));
#5003 = VECTOR('',#5004,1.);
#5004 = DIRECTION('',(-1.,0.,0.));
#5005 = PCURVE('',#1914,#5006);
#5006 = DEFINITIONAL_REPRESENTATION('',(#5007),#5010);
#5007 = B_SPLINE_CURVE_WITH_KNOTS('',1,(#5008,#5009),.UNSPECIFIED.,.F.,
  .F.,(2,2),(-69.4,-63.8),.PIECEWISE_BEZIER_KNOTS.);
#5008 = CARTESIAN_POINT('',(23.6,133.2));
#5009 = CARTESIAN_POINT('',(23.6,127.6));
#5010 = ( GEOMETRIC_REPRESENTATION_CONTEXT(2) 
PARAMETRIC_REPRESENTATION_CONTEXT() REPRESENTATION_CONTEXT('2D SPACE',''
  ) );
#5011 = PCURVE('',#5012,#5017);
#5012 = PLANE('',#5013);
#5013 = AXIS2_PLACEMENT_3D('',#5014,#5015,#5016);
#5014 = CARTESIAN_POINT('',(60.,24.2,9.));
#5015 = DIRECTION('',(0.,0.,-1.));
#5016 = DIRECTION('',(0.,-1.,0.));
#5017 = DEFINITIONAL_REPRESENTATION('',(#5018),#5021);
#5018 = B_SPLINE_CURVE_WITH_KNOTS('',1,(#5019,#5020),.UNSPECIFIED.,.F.,
  .F.,(2,2),(-69.4,-63.8),.PIECEWISE_BEZIER_KNOTS.);
#5019 = CARTESIAN_POINT('',(6.6,-5.6));
#5020 = CARTESIAN_POINT('',(6.6,0.));
#5021 = ( GEOMETRIC_REPRESENTATION_CONTEXT(2) 
PARAMETRIC_REPRESENTATION_CONTEXT() REPRESENTATION_CONTEXT('2D SPACE',''
  ) );
#5022 = ORIENTED_EDGE('',*,*,#5023,.F.);
#5023 = EDGE_CURVE('',#5024,#4998,#5026,.T.);
#5024 = VERTEX_POINT('',#5025);
#5025 = CARTESIAN_POINT('',(61.7,17.6,9.8));
#5026 = SURFACE_CURVE('',#5027,(#5031,#5037),.PCURVE_S1.);
#5027 = LINE('',#5028,#5029);
#5028 = CARTESIAN_POINT('',(61.7,17.6,-12.8));
#5029 = VECTOR('',#5030,1.);
#5030 = DIRECTION('',(0.,0.,-1.));
#5031 = PCURVE('',#1914,#5032);
#5032 = DEFINITIONAL_REPRESENTATION('',(#5033),#5036);
#5033 = B_SPLINE_CURVE_WITH_KNOTS('',1,(#5034,#5035),.UNSPECIFIED.,.F.,
  .F.,(2,2),(-22.6,-3.),.PIECEWISE_BEZIER_KNOTS.);
#5034 = CARTESIAN_POINT('',(24.4,129.3));
#5035 = CARTESIAN_POINT('',(4.8,129.3));
#5036 = ( GEOMETRIC_REPRESENTATION_CONTEXT(2) 
PARAMETRIC_REPRESENTATION_CONTEXT() REPRESENTATION_CONTEXT('2D SPACE',''
  ) );
#5037 = PCURVE('',#2497,#5038);
#5038 = DEFINITIONAL_REPRESENTATION('',(#5039),#5042);
#5039 = B_SPLINE_CURVE_WITH_KNOTS('',1,(#5040,#5041),.UNSPECIFIED.,.F.,
  .F.,(2,2),(-22.6,-3.),.PIECEWISE_BEZIER_KNOTS.);
#5040 = CARTESIAN_POINT('',(20.8,-33.9));
#5041 = CARTESIAN_POINT('',(1.2,-33.9));
#5042 = ( GEOMETRIC_REPRESENTATION_CONTEXT(2) 
PARAMETRIC_REPRESENTATION_CONTEXT() REPRESENTATION_CONTEXT('2D SPACE',''
  ) );
#5043 = ORIENTED_EDGE('',*,*,#5044,.F.);
#5044 = EDGE_CURVE('',#5045,#5024,#5047,.T.);
#5045 = VERTEX_POINT('',#5046);
#5046 = CARTESIAN_POINT('',(60.5,17.6,11.));
#5047 = SURFACE_CURVE('',#5048,(#5053,#5060),.PCURVE_S1.);
#5048 = CIRCLE('',#5049,1.2);
#5049 = AXIS2_PLACEMENT_3D('',#5050,#5051,#5052);
#5050 = CARTESIAN_POINT('',(60.5,17.6,9.8));
#5051 = DIRECTION('',(0.,1.,0.));
#5052 = DIRECTION('',(1.,0.,-0.));
#5053 = PCURVE('',#1914,#5054);
#5054 = DEFINITIONAL_REPRESENTATION('',(#5055),#5059);
#5055 = CIRCLE('',#5056,1.2);
#5056 = AXIS2_PLACEMENT_2D('',#5057,#5058);
#5057 = CARTESIAN_POINT('',(24.4,128.1));
#5058 = DIRECTION('',(0.,1.));
#5059 = ( GEOMETRIC_REPRESENTATION_CONTEXT(2) 
PARAMETRIC_REPRESENTATION_CONTEXT() REPRESENTATION_CONTEXT('2D SPACE',''
  ) );
#5060 = PCURVE('',#5061,#5066);
#5061 = CYLINDRICAL_SURFACE('',#5062,1.2);
#5062 = AXIS2_PLACEMENT_3D('',#5063,#5064,#5065);
#5063 = CARTESIAN_POINT('',(60.5,-16.3,9.8));
#5064 = DIRECTION('',(0.,1.,0.));
#5065 = DIRECTION('',(1.,0.,-0.));
#5066 = DEFINITIONAL_REPRESENTATION('',(#5067),#5071);
#5067 = LINE('',#5068,#5069);
#5068 = CARTESIAN_POINT('',(-6.28318530718,33.9));
#5069 = VECTOR('',#5070,1.);
#5070 = DIRECTION('',(1.,-0.));
#5071 = ( GEOMETRIC_REPRESENTATION_CONTEXT(2) 
PARAMETRIC_REPRESENTATION_CONTEXT() REPRESENTATION_CONTEXT('2D SPACE',''
  ) );
#5072 = ORIENTED_EDGE('',*,*,#5073,.F.);
#5073 = EDGE_CURVE('',#5074,#5045,#5076,.T.);
#5074 = VERTEX_POINT('',#5075);
#5075 = CARTESIAN_POINT('',(59.9,17.6,11.));
#5076 = SURFACE_CURVE('',#5077,(#5081,#5087),.PCURVE_S1.);
#5077 = LINE('',#5078,#5079);
#5078 = CARTESIAN_POINT('',(-4.45,17.6,11.));
#5079 = VECTOR('',#5080,1.);
#5080 = DIRECTION('',(1.,0.,0.));
#5081 = PCURVE('',#1914,#5082);
#5082 = DEFINITIONAL_REPRESENTATION('',(#5083),#5086);
#5083 = B_SPLINE_CURVE_WITH_KNOTS('',1,(#5084,#5085),.UNSPECIFIED.,.F.,
  .F.,(2,2),(64.35,64.95),.PIECEWISE_BEZIER_KNOTS.);
#5084 = CARTESIAN_POINT('',(25.6,127.5));
#5085 = CARTESIAN_POINT('',(25.6,128.1));
#5086 = ( GEOMETRIC_REPRESENTATION_CONTEXT(2) 
PARAMETRIC_REPRESENTATION_CONTEXT() REPRESENTATION_CONTEXT('2D SPACE',''
  ) );
#5087 = PCURVE('',#5088,#5093);
#5088 = PLANE('',#5089);
#5089 = AXIS2_PLACEMENT_3D('',#5090,#5091,#5092);
#5090 = CARTESIAN_POINT('',(58.7,-16.3,11.));
#5091 = DIRECTION('',(0.,0.,1.));
#5092 = DIRECTION('',(1.,0.,0.));
#5093 = DEFINITIONAL_REPRESENTATION('',(#5094),#5097);
#5094 = B_SPLINE_CURVE_WITH_KNOTS('',1,(#5095,#5096),.UNSPECIFIED.,.F.,
  .F.,(2,2),(64.35,64.95),.PIECEWISE_BEZIER_KNOTS.);
#5095 = CARTESIAN_POINT('',(1.2,33.9));
#5096 = CARTESIAN_POINT('',(1.8,33.9));
#5097 = ( GEOMETRIC_REPRESENTATION_CONTEXT(2) 
PARAMETRIC_REPRESENTATION_CONTEXT() REPRESENTATION_CONTEXT('2D SPACE',''
  ) );
#5098 = ORIENTED_EDGE('',*,*,#5099,.F.);
#5099 = EDGE_CURVE('',#5100,#5074,#5102,.T.);
#5100 = VERTEX_POINT('',#5101);
#5101 = CARTESIAN_POINT('',(58.7,17.6,9.8));
#5102 = SURFACE_CURVE('',#5103,(#5108,#5115),.PCURVE_S1.);
#5103 = CIRCLE('',#5104,1.2);
#5104 = AXIS2_PLACEMENT_3D('',#5105,#5106,#5107);
#5105 = CARTESIAN_POINT('',(59.9,17.6,9.8));
#5106 = DIRECTION('',(0.,1.,0.));
#5107 = DIRECTION('',(-1.,0.,0.));
#5108 = PCURVE('',#1914,#5109);
#5109 = DEFINITIONAL_REPRESENTATION('',(#5110),#5114);
#5110 = CIRCLE('',#5111,1.2);
#5111 = AXIS2_PLACEMENT_2D('',#5112,#5113);
#5112 = CARTESIAN_POINT('',(24.4,127.5));
#5113 = DIRECTION('',(0.,-1.));
#5114 = ( GEOMETRIC_REPRESENTATION_CONTEXT(2) 
PARAMETRIC_REPRESENTATION_CONTEXT() REPRESENTATION_CONTEXT('2D SPACE',''
  ) );
#5115 = PCURVE('',#5116,#5121);
#5116 = CYLINDRICAL_SURFACE('',#5117,1.2);
#5117 = AXIS2_PLACEMENT_3D('',#5118,#5119,#5120);
#5118 = CARTESIAN_POINT('',(59.9,-16.3,9.8));
#5119 = DIRECTION('',(0.,1.,0.));
#5120 = DIRECTION('',(-1.,0.,0.));
#5121 = DEFINITIONAL_REPRESENTATION('',(#5122),#5126);
#5122 = LINE('',#5123,#5124);
#5123 = CARTESIAN_POINT('',(0.,33.9));
#5124 = VECTOR('',#5125,1.);
#5125 = DIRECTION('',(1.,0.));
#5126 = ( GEOMETRIC_REPRESENTATION_CONTEXT(2) 
PARAMETRIC_REPRESENTATION_CONTEXT() REPRESENTATION_CONTEXT('2D SPACE',''
  ) );
#5127 = ORIENTED_EDGE('',*,*,#5128,.T.);
#5128 = EDGE_CURVE('',#5100,#5129,#5131,.T.);
#5129 = VERTEX_POINT('',#5130);
#5130 = CARTESIAN_POINT('',(58.7,17.6,6.5));
#5131 = SURFACE_CURVE('',#5132,(#5136,#5142),.PCURVE_S1.);
#5132 = LINE('',#5133,#5134);
#5133 = CARTESIAN_POINT('',(58.7,17.6,-12.8));
#5134 = VECTOR('',#5135,1.);
#5135 = DIRECTION('',(0.,0.,-1.));
#5136 = PCURVE('',#1914,#5137);
#5137 = DEFINITIONAL_REPRESENTATION('',(#5138),#5141);
#5138 = B_SPLINE_CURVE_WITH_KNOTS('',1,(#5139,#5140),.UNSPECIFIED.,.F.,
  .F.,(2,2),(-22.6,-3.),.PIECEWISE_BEZIER_KNOTS.);
#5139 = CARTESIAN_POINT('',(24.4,126.3));
#5140 = CARTESIAN_POINT('',(4.8,126.3));
#5141 = ( GEOMETRIC_REPRESENTATION_CONTEXT(2) 
PARAMETRIC_REPRESENTATION_CONTEXT() REPRESENTATION_CONTEXT('2D SPACE',''
  ) );
#5142 = PCURVE('',#5143,#5148);
#5143 = PLANE('',#5144);
#5144 = AXIS2_PLACEMENT_3D('',#5145,#5146,#5147);
#5145 = CARTESIAN_POINT('',(58.7,-16.3,-11.));
#5146 = DIRECTION('',(1.,0.,0.));
#5147 = DIRECTION('',(0.,0.,1.));
#5148 = DEFINITIONAL_REPRESENTATION('',(#5149),#5152);
#5149 = B_SPLINE_CURVE_WITH_KNOTS('',1,(#5150,#5151),.UNSPECIFIED.,.F.,
  .F.,(2,2),(-22.6,-3.),.PIECEWISE_BEZIER_KNOTS.);
#5150 = CARTESIAN_POINT('',(20.8,-33.9));
#5151 = CARTESIAN_POINT('',(1.2,-33.9));
#5152 = ( GEOMETRIC_REPRESENTATION_CONTEXT(2) 
PARAMETRIC_REPRESENTATION_CONTEXT() REPRESENTATION_CONTEXT('2D SPACE',''
  ) );
#5153 = ORIENTED_EDGE('',*,*,#5154,.F.);
#5154 = EDGE_CURVE('',#5155,#5129,#5157,.T.);
#5155 = VERTEX_POINT('',#5156);
#5156 = CARTESIAN_POINT('',(60.,17.6,6.5));
#5157 = SURFACE_CURVE('',#5158,(#5162,#5168),.PCURVE_S1.);
#5158 = LINE('',#5159,#5160);
#5159 = CARTESIAN_POINT('',(-5.2,17.6,6.5));
#5160 = VECTOR('',#5161,1.);
#5161 = DIRECTION('',(-1.,0.,0.));
#5162 = PCURVE('',#1914,#5163);
#5163 = DEFINITIONAL_REPRESENTATION('',(#5164),#5167);
#5164 = B_SPLINE_CURVE_WITH_KNOTS('',1,(#5165,#5166),.UNSPECIFIED.,.F.,
  .F.,(2,2),(-66.9,-63.9),.PIECEWISE_BEZIER_KNOTS.);
#5165 = CARTESIAN_POINT('',(21.1,129.3));
#5166 = CARTESIAN_POINT('',(21.1,126.3));
#5167 = ( GEOMETRIC_REPRESENTATION_CONTEXT(2) 
PARAMETRIC_REPRESENTATION_CONTEXT() REPRESENTATION_CONTEXT('2D SPACE',''
  ) );
#5168 = PCURVE('',#5169,#5174);
#5169 = PLANE('',#5170);
#5170 = AXIS2_PLACEMENT_3D('',#5171,#5172,#5173);
#5171 = CARTESIAN_POINT('',(57.2,17.7,6.5));
#5172 = DIRECTION('',(0.,0.,-1.));
#5173 = DIRECTION('',(0.,-1.,0.));
#5174 = DEFINITIONAL_REPRESENTATION('',(#5175),#5178);
#5175 = B_SPLINE_CURVE_WITH_KNOTS('',1,(#5176,#5177),.UNSPECIFIED.,.F.,
  .F.,(2,2),(-66.9,-63.9),.PIECEWISE_BEZIER_KNOTS.);
#5176 = CARTESIAN_POINT('',(1.E-01,-4.5));
#5177 = CARTESIAN_POINT('',(1.E-01,-1.5));
#5178 = ( GEOMETRIC_REPRESENTATION_CONTEXT(2) 
PARAMETRIC_REPRESENTATION_CONTEXT() REPRESENTATION_CONTEXT('2D SPACE',''
  ) );
#5179 = ORIENTED_EDGE('',*,*,#5180,.T.);
#5180 = EDGE_CURVE('',#5155,#5181,#5183,.T.);
#5181 = VERTEX_POINT('',#5182);
#5182 = CARTESIAN_POINT('',(60.,17.6,-6.5));
#5183 = SURFACE_CURVE('',#5184,(#5188,#5194),.PCURVE_S1.);
#5184 = LINE('',#5185,#5186);
#5185 = CARTESIAN_POINT('',(60.,17.6,-7.3));
#5186 = VECTOR('',#5187,1.);
#5187 = DIRECTION('',(0.,0.,-1.));
#5188 = PCURVE('',#1914,#5189);
#5189 = DEFINITIONAL_REPRESENTATION('',(#5190),#5193);
#5190 = B_SPLINE_CURVE_WITH_KNOTS('',1,(#5191,#5192),.UNSPECIFIED.,.F.,
  .F.,(2,2),(-16.3,1.7),.PIECEWISE_BEZIER_KNOTS.);
#5191 = CARTESIAN_POINT('',(23.6,127.6));
#5192 = CARTESIAN_POINT('',(5.6,127.6));
#5193 = ( GEOMETRIC_REPRESENTATION_CONTEXT(2) 
PARAMETRIC_REPRESENTATION_CONTEXT() REPRESENTATION_CONTEXT('2D SPACE',''
  ) );
#5194 = PCURVE('',#5195,#5200);
#5195 = PLANE('',#5196);
#5196 = AXIS2_PLACEMENT_3D('',#5197,#5198,#5199);
#5197 = CARTESIAN_POINT('',(60.,5.7,0.));
#5198 = DIRECTION('',(1.,0.,0.));
#5199 = DIRECTION('',(-0.,0.,1.));
#5200 = DEFINITIONAL_REPRESENTATION('',(#5201),#5204);
#5201 = B_SPLINE_CURVE_WITH_KNOTS('',1,(#5202,#5203),.UNSPECIFIED.,.F.,
  .F.,(2,2),(-16.3,1.7),.PIECEWISE_BEZIER_KNOTS.);
#5202 = CARTESIAN_POINT('',(9.,-11.9));
#5203 = CARTESIAN_POINT('',(-9.,-11.9));
#5204 = ( GEOMETRIC_REPRESENTATION_CONTEXT(2) 
PARAMETRIC_REPRESENTATION_CONTEXT() REPRESENTATION_CONTEXT('2D SPACE',''
  ) );
#5205 = ORIENTED_EDGE('',*,*,#5206,.F.);
#5206 = EDGE_CURVE('',#5207,#5181,#5209,.T.);
#5207 = VERTEX_POINT('',#5208);
#5208 = CARTESIAN_POINT('',(58.7,17.6,-6.5));
#5209 = SURFACE_CURVE('',#5210,(#5214,#5220),.PCURVE_S1.);
#5210 = LINE('',#5211,#5212);
#5211 = CARTESIAN_POINT('',(-5.2,17.6,-6.5));
#5212 = VECTOR('',#5213,1.);
#5213 = DIRECTION('',(1.,0.,0.));
#5214 = PCURVE('',#1914,#5215);
#5215 = DEFINITIONAL_REPRESENTATION('',(#5216),#5219);
#5216 = B_SPLINE_CURVE_WITH_KNOTS('',1,(#5217,#5218),.UNSPECIFIED.,.F.,
  .F.,(2,2),(63.9,66.9),.PIECEWISE_BEZIER_KNOTS.);
#5217 = CARTESIAN_POINT('',(8.1,126.3));
#5218 = CARTESIAN_POINT('',(8.1,129.3));
#5219 = ( GEOMETRIC_REPRESENTATION_CONTEXT(2) 
PARAMETRIC_REPRESENTATION_CONTEXT() REPRESENTATION_CONTEXT('2D SPACE',''
  ) );
#5220 = PCURVE('',#5221,#5226);
#5221 = PLANE('',#5222);
#5222 = AXIS2_PLACEMENT_3D('',#5223,#5224,#5225);
#5223 = CARTESIAN_POINT('',(57.2,-6.3,-6.5));
#5224 = DIRECTION('',(0.,0.,1.));
#5225 = DIRECTION('',(0.,1.,0.));
#5226 = DEFINITIONAL_REPRESENTATION('',(#5227),#5230);
#5227 = B_SPLINE_CURVE_WITH_KNOTS('',1,(#5228,#5229),.UNSPECIFIED.,.F.,
  .F.,(2,2),(63.9,66.9),.PIECEWISE_BEZIER_KNOTS.);
#5228 = CARTESIAN_POINT('',(23.9,-1.5));
#5229 = CARTESIAN_POINT('',(23.9,-4.5));
#5230 = ( GEOMETRIC_REPRESENTATION_CONTEXT(2) 
PARAMETRIC_REPRESENTATION_CONTEXT() REPRESENTATION_CONTEXT('2D SPACE',''
  ) );
#5231 = ORIENTED_EDGE('',*,*,#5232,.T.);
#5232 = EDGE_CURVE('',#5207,#5233,#5235,.T.);
#5233 = VERTEX_POINT('',#5234);
#5234 = CARTESIAN_POINT('',(58.7,17.6,-9.8));
#5235 = SURFACE_CURVE('',#5236,(#5240,#5246),.PCURVE_S1.);
#5236 = LINE('',#5237,#5238);
#5237 = CARTESIAN_POINT('',(58.7,17.6,-12.8));
#5238 = VECTOR('',#5239,1.);
#5239 = DIRECTION('',(0.,0.,-1.));
#5240 = PCURVE('',#1914,#5241);
#5241 = DEFINITIONAL_REPRESENTATION('',(#5242),#5245);
#5242 = B_SPLINE_CURVE_WITH_KNOTS('',1,(#5243,#5244),.UNSPECIFIED.,.F.,
  .F.,(2,2),(-22.6,-3.),.PIECEWISE_BEZIER_KNOTS.);
#5243 = CARTESIAN_POINT('',(24.4,126.3));
#5244 = CARTESIAN_POINT('',(4.8,126.3));
#5245 = ( GEOMETRIC_REPRESENTATION_CONTEXT(2) 
PARAMETRIC_REPRESENTATION_CONTEXT() REPRESENTATION_CONTEXT('2D SPACE',''
  ) );
#5246 = PCURVE('',#5247,#5252);
#5247 = PLANE('',#5248);
#5248 = AXIS2_PLACEMENT_3D('',#5249,#5250,#5251);
#5249 = CARTESIAN_POINT('',(58.7,-16.3,-11.));
#5250 = DIRECTION('',(1.,0.,0.));
#5251 = DIRECTION('',(0.,0.,1.));
#5252 = DEFINITIONAL_REPRESENTATION('',(#5253),#5256);
#5253 = B_SPLINE_CURVE_WITH_KNOTS('',1,(#5254,#5255),.UNSPECIFIED.,.F.,
  .F.,(2,2),(-22.6,-3.),.PIECEWISE_BEZIER_KNOTS.);
#5254 = CARTESIAN_POINT('',(20.8,-33.9));
#5255 = CARTESIAN_POINT('',(1.2,-33.9));
#5256 = ( GEOMETRIC_REPRESENTATION_CONTEXT(2) 
PARAMETRIC_REPRESENTATION_CONTEXT() REPRESENTATION_CONTEXT('2D SPACE',''
  ) );
#5257 = ORIENTED_EDGE('',*,*,#5258,.F.);
#5258 = EDGE_CURVE('',#5259,#5233,#5261,.T.);
#5259 = VERTEX_POINT('',#5260);
#5260 = CARTESIAN_POINT('',(59.9,17.6,-11.));
#5261 = SURFACE_CURVE('',#5262,(#5267,#5274),.PCURVE_S1.);
#5262 = CIRCLE('',#5263,1.2);
#5263 = AXIS2_PLACEMENT_3D('',#5264,#5265,#5266);
#5264 = CARTESIAN_POINT('',(59.9,17.6,-9.8));
#5265 = DIRECTION('',(0.,1.,0.));
#5266 = DIRECTION('',(-1.,0.,0.));
#5267 = PCURVE('',#1914,#5268);
#5268 = DEFINITIONAL_REPRESENTATION('',(#5269),#5273);
#5269 = CIRCLE('',#5270,1.2);
#5270 = AXIS2_PLACEMENT_2D('',#5271,#5272);
#5271 = CARTESIAN_POINT('',(4.8,127.5));
#5272 = DIRECTION('',(0.,-1.));
#5273 = ( GEOMETRIC_REPRESENTATION_CONTEXT(2) 
PARAMETRIC_REPRESENTATION_CONTEXT() REPRESENTATION_CONTEXT('2D SPACE',''
  ) );
#5274 = PCURVE('',#5275,#5280);
#5275 = CYLINDRICAL_SURFACE('',#5276,1.2);
#5276 = AXIS2_PLACEMENT_3D('',#5277,#5278,#5279);
#5277 = CARTESIAN_POINT('',(59.9,-16.3,-9.8));
#5278 = DIRECTION('',(0.,1.,0.));
#5279 = DIRECTION('',(-1.,0.,0.));
#5280 = DEFINITIONAL_REPRESENTATION('',(#5281),#5285);
#5281 = LINE('',#5282,#5283);
#5282 = CARTESIAN_POINT('',(-6.28318530718,33.9));
#5283 = VECTOR('',#5284,1.);
#5284 = DIRECTION('',(1.,-0.));
#5285 = ( GEOMETRIC_REPRESENTATION_CONTEXT(2) 
PARAMETRIC_REPRESENTATION_CONTEXT() REPRESENTATION_CONTEXT('2D SPACE',''
  ) );
#5286 = ORIENTED_EDGE('',*,*,#5287,.T.);
#5287 = EDGE_CURVE('',#5259,#5288,#5290,.T.);
#5288 = VERTEX_POINT('',#5289);
#5289 = CARTESIAN_POINT('',(60.5,17.6,-11.));
#5290 = SURFACE_CURVE('',#5291,(#5295,#5301),.PCURVE_S1.);
#5291 = LINE('',#5292,#5293);
#5292 = CARTESIAN_POINT('',(-4.45,17.6,-11.));
#5293 = VECTOR('',#5294,1.);
#5294 = DIRECTION('',(1.,0.,0.));
#5295 = PCURVE('',#1914,#5296);
#5296 = DEFINITIONAL_REPRESENTATION('',(#5297),#5300);
#5297 = B_SPLINE_CURVE_WITH_KNOTS('',1,(#5298,#5299),.UNSPECIFIED.,.F.,
  .F.,(2,2),(64.35,64.95),.PIECEWISE_BEZIER_KNOTS.);
#5298 = CARTESIAN_POINT('',(3.6,127.5));
#5299 = CARTESIAN_POINT('',(3.6,128.1));
#5300 = ( GEOMETRIC_REPRESENTATION_CONTEXT(2) 
PARAMETRIC_REPRESENTATION_CONTEXT() REPRESENTATION_CONTEXT('2D SPACE',''
  ) );
#5301 = PCURVE('',#5302,#5307);
#5302 = PLANE('',#5303);
#5303 = AXIS2_PLACEMENT_3D('',#5304,#5305,#5306);
#5304 = CARTESIAN_POINT('',(58.7,-16.3,-11.));
#5305 = DIRECTION('',(0.,0.,1.));
#5306 = DIRECTION('',(1.,0.,0.));
#5307 = DEFINITIONAL_REPRESENTATION('',(#5308),#5311);
#5308 = B_SPLINE_CURVE_WITH_KNOTS('',1,(#5309,#5310),.UNSPECIFIED.,.F.,
  .F.,(2,2),(64.35,64.95),.PIECEWISE_BEZIER_KNOTS.);
#5309 = CARTESIAN_POINT('',(1.2,33.9));
#5310 = CARTESIAN_POINT('',(1.8,33.9));
#5311 = ( GEOMETRIC_REPRESENTATION_CONTEXT(2) 
PARAMETRIC_REPRESENTATION_CONTEXT() REPRESENTATION_CONTEXT('2D SPACE',''
  ) );
#5312 = ORIENTED_EDGE('',*,*,#5313,.F.);
#5313 = EDGE_CURVE('',#5314,#5288,#5316,.T.);
#5314 = VERTEX_POINT('',#5315);
#5315 = CARTESIAN_POINT('',(61.7,17.6,-9.8));
#5316 = SURFACE_CURVE('',#5317,(#5322,#5329),.PCURVE_S1.);
#5317 = CIRCLE('',#5318,1.2);
#5318 = AXIS2_PLACEMENT_3D('',#5319,#5320,#5321);
#5319 = CARTESIAN_POINT('',(60.5,17.6,-9.8));
#5320 = DIRECTION('',(0.,1.,0.));
#5321 = DIRECTION('',(1.,0.,-0.));
#5322 = PCURVE('',#1914,#5323);
#5323 = DEFINITIONAL_REPRESENTATION('',(#5324),#5328);
#5324 = CIRCLE('',#5325,1.2);
#5325 = AXIS2_PLACEMENT_2D('',#5326,#5327);
#5326 = CARTESIAN_POINT('',(4.8,128.1));
#5327 = DIRECTION('',(0.,1.));
#5328 = ( GEOMETRIC_REPRESENTATION_CONTEXT(2) 
PARAMETRIC_REPRESENTATION_CONTEXT() REPRESENTATION_CONTEXT('2D SPACE',''
  ) );
#5329 = PCURVE('',#5330,#5335);
#5330 = CYLINDRICAL_SURFACE('',#5331,1.2);
#5331 = AXIS2_PLACEMENT_3D('',#5332,#5333,#5334);
#5332 = CARTESIAN_POINT('',(60.5,-16.3,-9.8));
#5333 = DIRECTION('',(0.,1.,0.));
#5334 = DIRECTION('',(1.,0.,-0.));
#5335 = DEFINITIONAL_REPRESENTATION('',(#5336),#5340);
#5336 = LINE('',#5337,#5338);
#5337 = CARTESIAN_POINT('',(0.,33.9));
#5338 = VECTOR('',#5339,1.);
#5339 = DIRECTION('',(1.,0.));
#5340 = ( GEOMETRIC_REPRESENTATION_CONTEXT(2) 
PARAMETRIC_REPRESENTATION_CONTEXT() REPRESENTATION_CONTEXT('2D SPACE',''
  ) );
#5341 = ORIENTED_EDGE('',*,*,#5342,.F.);
#5342 = EDGE_CURVE('',#5343,#5314,#5345,.T.);
#5343 = VERTEX_POINT('',#5344);
#5344 = CARTESIAN_POINT('',(61.7,17.6,-9.));
#5345 = SURFACE_CURVE('',#5346,(#5350,#5356),.PCURVE_S1.);
#5346 = LINE('',#5347,#5348);
#5347 = CARTESIAN_POINT('',(61.7,17.6,-12.8));
#5348 = VECTOR('',#5349,1.);
#5349 = DIRECTION('',(0.,0.,-1.));
#5350 = PCURVE('',#1914,#5351);
#5351 = DEFINITIONAL_REPRESENTATION('',(#5352),#5355);
#5352 = B_SPLINE_CURVE_WITH_KNOTS('',1,(#5353,#5354),.UNSPECIFIED.,.F.,
  .F.,(2,2),(-22.6,-3.),.PIECEWISE_BEZIER_KNOTS.);
#5353 = CARTESIAN_POINT('',(24.4,129.3));
#5354 = CARTESIAN_POINT('',(4.8,129.3));
#5355 = ( GEOMETRIC_REPRESENTATION_CONTEXT(2) 
PARAMETRIC_REPRESENTATION_CONTEXT() REPRESENTATION_CONTEXT('2D SPACE',''
  ) );
#5356 = PCURVE('',#2497,#5357);
#5357 = DEFINITIONAL_REPRESENTATION('',(#5358),#5361);
#5358 = B_SPLINE_CURVE_WITH_KNOTS('',1,(#5359,#5360),.UNSPECIFIED.,.F.,
  .F.,(2,2),(-22.6,-3.),.PIECEWISE_BEZIER_KNOTS.);
#5359 = CARTESIAN_POINT('',(20.8,-33.9));
#5360 = CARTESIAN_POINT('',(1.2,-33.9));
#5361 = ( GEOMETRIC_REPRESENTATION_CONTEXT(2) 
PARAMETRIC_REPRESENTATION_CONTEXT() REPRESENTATION_CONTEXT('2D SPACE',''
  ) );
#5362 = ORIENTED_EDGE('',*,*,#5363,.T.);
#5363 = EDGE_CURVE('',#5343,#5364,#5366,.T.);
#5364 = VERTEX_POINT('',#5365);
#5365 = CARTESIAN_POINT('',(65.6,17.6,-9.));
#5366 = SURFACE_CURVE('',#5367,(#5371,#5377),.PCURVE_S1.);
#5367 = LINE('',#5368,#5369);
#5368 = CARTESIAN_POINT('',(-3.8,17.6,-9.));
#5369 = VECTOR('',#5370,1.);
#5370 = DIRECTION('',(1.,0.,0.));
#5371 = PCURVE('',#1914,#5372);
#5372 = DEFINITIONAL_REPRESENTATION('',(#5373),#5376);
#5373 = B_SPLINE_CURVE_WITH_KNOTS('',1,(#5374,#5375),.UNSPECIFIED.,.F.,
  .F.,(2,2),(63.8,69.4),.PIECEWISE_BEZIER_KNOTS.);
#5374 = CARTESIAN_POINT('',(5.6,127.6));
#5375 = CARTESIAN_POINT('',(5.6,133.2));
#5376 = ( GEOMETRIC_REPRESENTATION_CONTEXT(2) 
PARAMETRIC_REPRESENTATION_CONTEXT() REPRESENTATION_CONTEXT('2D SPACE',''
  ) );
#5377 = PCURVE('',#2523,#5378);
#5378 = DEFINITIONAL_REPRESENTATION('',(#5379),#5382);
#5379 = B_SPLINE_CURVE_WITH_KNOTS('',1,(#5380,#5381),.UNSPECIFIED.,.F.,
  .F.,(2,2),(63.8,69.4),.PIECEWISE_BEZIER_KNOTS.);
#5380 = CARTESIAN_POINT('',(30.4,0.));
#5381 = CARTESIAN_POINT('',(30.4,-5.6));
#5382 = ( GEOMETRIC_REPRESENTATION_CONTEXT(2) 
PARAMETRIC_REPRESENTATION_CONTEXT() REPRESENTATION_CONTEXT('2D SPACE',''
  ) );
#5383 = ORIENTED_EDGE('',*,*,#5384,.F.);
#5384 = EDGE_CURVE('',#4950,#5364,#5385,.T.);
#5385 = SURFACE_CURVE('',#5386,(#5390,#5397),.PCURVE_S1.);
#5386 = LINE('',#5387,#5388);
#5387 = CARTESIAN_POINT('',(65.6,17.6,-14.6));
#5388 = VECTOR('',#5389,1.);
#5389 = DIRECTION('',(0.,0.,1.));
#5390 = PCURVE('',#1914,#5391);
#5391 = DEFINITIONAL_REPRESENTATION('',(#5392),#5396);
#5392 = LINE('',#5393,#5394);
#5393 = CARTESIAN_POINT('',(0.,133.2));
#5394 = VECTOR('',#5395,1.);
#5395 = DIRECTION('',(1.,0.));
#5396 = ( GEOMETRIC_REPRESENTATION_CONTEXT(2) 
PARAMETRIC_REPRESENTATION_CONTEXT() REPRESENTATION_CONTEXT('2D SPACE',''
  ) );
#5397 = PCURVE('',#5398,#5403);
#5398 = CYLINDRICAL_SURFACE('',#5399,2.);
#5399 = AXIS2_PLACEMENT_3D('',#5400,#5401,#5402);
#5400 = CARTESIAN_POINT('',(65.6,15.6,-14.6));
#5401 = DIRECTION('',(0.,0.,1.));
#5402 = DIRECTION('',(1.,0.,-0.));
#5403 = DEFINITIONAL_REPRESENTATION('',(#5404),#5408);
#5404 = LINE('',#5405,#5406);
#5405 = CARTESIAN_POINT('',(1.570796326795,0.));
#5406 = VECTOR('',#5407,1.);
#5407 = DIRECTION('',(0.,1.));
#5408 = ( GEOMETRIC_REPRESENTATION_CONTEXT(2) 
PARAMETRIC_REPRESENTATION_CONTEXT() REPRESENTATION_CONTEXT('2D SPACE',''
  ) );
#5409 = ADVANCED_FACE('',(#5410),#1886,.F.);
#5410 = FACE_BOUND('',#5411,.T.);
#5411 = EDGE_LOOP('',(#5412,#5436,#5458));
#5412 = ORIENTED_EDGE('',*,*,#5413,.F.);
#5413 = EDGE_CURVE('',#5414,#1847,#5416,.T.);
#5414 = VERTEX_POINT('',#5415);
#5415 = CARTESIAN_POINT('',(-65.6,15.6,-14.6));
#5416 = SURFACE_CURVE('',#5417,(#5422,#5429),.PCURVE_S1.);
#5417 = CIRCLE('',#5418,2.);
#5418 = AXIS2_PLACEMENT_3D('',#5419,#5420,#5421);
#5419 = CARTESIAN_POINT('',(-65.6,15.6,-12.6));
#5420 = DIRECTION('',(0.,1.,-0.));
#5421 = DIRECTION('',(-1.,0.,0.));
#5422 = PCURVE('',#1886,#5423);
#5423 = DEFINITIONAL_REPRESENTATION('',(#5424),#5428);
#5424 = LINE('',#5425,#5426);
#5425 = CARTESIAN_POINT('',(-0.,-6.28318530718));
#5426 = VECTOR('',#5427,1.);
#5427 = DIRECTION('',(-0.,1.));
#5428 = ( GEOMETRIC_REPRESENTATION_CONTEXT(2) 
PARAMETRIC_REPRESENTATION_CONTEXT() REPRESENTATION_CONTEXT('2D SPACE',''
  ) );
#5429 = PCURVE('',#1995,#5430);
#5430 = DEFINITIONAL_REPRESENTATION('',(#5431),#5435);
#5431 = LINE('',#5432,#5433);
#5432 = CARTESIAN_POINT('',(-6.28318530718,33.2));
#5433 = VECTOR('',#5434,1.);
#5434 = DIRECTION('',(1.,-0.));
#5435 = ( GEOMETRIC_REPRESENTATION_CONTEXT(2) 
PARAMETRIC_REPRESENTATION_CONTEXT() REPRESENTATION_CONTEXT('2D SPACE',''
  ) );
#5436 = ORIENTED_EDGE('',*,*,#5437,.T.);
#5437 = EDGE_CURVE('',#5414,#1870,#5438,.T.);
#5438 = SURFACE_CURVE('',#5439,(#5444,#5451),.PCURVE_S1.);
#5439 = CIRCLE('',#5440,2.);
#5440 = AXIS2_PLACEMENT_3D('',#5441,#5442,#5443);
#5441 = CARTESIAN_POINT('',(-65.6,15.6,-12.6));
#5442 = DIRECTION('',(1.,6.123233995737E-17,-0.));
#5443 = DIRECTION('',(-6.123233995737E-17,1.,0.));
#5444 = PCURVE('',#1886,#5445);
#5445 = DEFINITIONAL_REPRESENTATION('',(#5446),#5450);
#5446 = LINE('',#5447,#5448);
#5447 = CARTESIAN_POINT('',(-1.570796326795,-6.28318530718));
#5448 = VECTOR('',#5449,1.);
#5449 = DIRECTION('',(-0.,1.));
#5450 = ( GEOMETRIC_REPRESENTATION_CONTEXT(2) 
PARAMETRIC_REPRESENTATION_CONTEXT() REPRESENTATION_CONTEXT('2D SPACE',''
  ) );
#5451 = PCURVE('',#3741,#5452);
#5452 = DEFINITIONAL_REPRESENTATION('',(#5453),#5457);
#5453 = LINE('',#5454,#5455);
#5454 = CARTESIAN_POINT('',(-6.28318530718,2.));
#5455 = VECTOR('',#5456,1.);
#5456 = DIRECTION('',(1.,-0.));
#5457 = ( GEOMETRIC_REPRESENTATION_CONTEXT(2) 
PARAMETRIC_REPRESENTATION_CONTEXT() REPRESENTATION_CONTEXT('2D SPACE',''
  ) );
#5458 = ORIENTED_EDGE('',*,*,#1869,.F.);
#5459 = ADVANCED_FACE('',(#5460),#1995,.F.);
#5460 = FACE_BOUND('',#5461,.T.);
#5461 = EDGE_LOOP('',(#5462,#5486,#5507,#5508));
#5462 = ORIENTED_EDGE('',*,*,#5463,.F.);
#5463 = EDGE_CURVE('',#5464,#1959,#5466,.T.);
#5464 = VERTEX_POINT('',#5465);
#5465 = CARTESIAN_POINT('',(-65.6,-15.6,-14.6));
#5466 = SURFACE_CURVE('',#5467,(#5472,#5479),.PCURVE_S1.);
#5467 = CIRCLE('',#5468,2.);
#5468 = AXIS2_PLACEMENT_3D('',#5469,#5470,#5471);
#5469 = CARTESIAN_POINT('',(-65.6,-15.6,-12.6));
#5470 = DIRECTION('',(0.,1.,-0.));
#5471 = DIRECTION('',(-1.,0.,0.));
#5472 = PCURVE('',#1995,#5473);
#5473 = DEFINITIONAL_REPRESENTATION('',(#5474),#5478);
#5474 = LINE('',#5475,#5476);
#5475 = CARTESIAN_POINT('',(-6.28318530718,2.));
#5476 = VECTOR('',#5477,1.);
#5477 = DIRECTION('',(1.,-0.));
#5478 = ( GEOMETRIC_REPRESENTATION_CONTEXT(2) 
PARAMETRIC_REPRESENTATION_CONTEXT() REPRESENTATION_CONTEXT('2D SPACE',''
  ) );
#5479 = PCURVE('',#2036,#5480);
#5480 = DEFINITIONAL_REPRESENTATION('',(#5481),#5485);
#5481 = LINE('',#5482,#5483);
#5482 = CARTESIAN_POINT('',(0.,-6.28318530718));
#5483 = VECTOR('',#5484,1.);
#5484 = DIRECTION('',(0.,1.));
#5485 = ( GEOMETRIC_REPRESENTATION_CONTEXT(2) 
PARAMETRIC_REPRESENTATION_CONTEXT() REPRESENTATION_CONTEXT('2D SPACE',''
  ) );
#5486 = ORIENTED_EDGE('',*,*,#5487,.T.);
#5487 = EDGE_CURVE('',#5464,#5414,#5488,.T.);
#5488 = SURFACE_CURVE('',#5489,(#5493,#5500),.PCURVE_S1.);
#5489 = LINE('',#5490,#5491);
#5490 = CARTESIAN_POINT('',(-65.6,-17.6,-14.6));
#5491 = VECTOR('',#5492,1.);
#5492 = DIRECTION('',(0.,1.,0.));
#5493 = PCURVE('',#1995,#5494);
#5494 = DEFINITIONAL_REPRESENTATION('',(#5495),#5499);
#5495 = LINE('',#5496,#5497);
#5496 = CARTESIAN_POINT('',(-1.570796326795,0.));
#5497 = VECTOR('',#5498,1.);
#5498 = DIRECTION('',(-0.,1.));
#5499 = ( GEOMETRIC_REPRESENTATION_CONTEXT(2) 
PARAMETRIC_REPRESENTATION_CONTEXT() REPRESENTATION_CONTEXT('2D SPACE',''
  ) );
#5500 = PCURVE('',#3768,#5501);
#5501 = DEFINITIONAL_REPRESENTATION('',(#5502),#5506);
#5502 = LINE('',#5503,#5504);
#5503 = CARTESIAN_POINT('',(2.,0.));
#5504 = VECTOR('',#5505,1.);
#5505 = DIRECTION('',(0.,1.));
#5506 = ( GEOMETRIC_REPRESENTATION_CONTEXT(2) 
PARAMETRIC_REPRESENTATION_CONTEXT() REPRESENTATION_CONTEXT('2D SPACE',''
  ) );
#5507 = ORIENTED_EDGE('',*,*,#5413,.T.);
#5508 = ORIENTED_EDGE('',*,*,#1981,.F.);
#5509 = ADVANCED_FACE('',(#5510),#2064,.T.);
#5510 = FACE_BOUND('',#5511,.T.);
#5511 = EDGE_LOOP('',(#5512,#5535,#5536,#5537));
#5512 = ORIENTED_EDGE('',*,*,#5513,.F.);
#5513 = EDGE_CURVE('',#2020,#5514,#5516,.T.);
#5514 = VERTEX_POINT('',#5515);
#5515 = CARTESIAN_POINT('',(65.6,-17.6,-12.6));
#5516 = SURFACE_CURVE('',#5517,(#5521,#5528),.PCURVE_S1.);
#5517 = LINE('',#5518,#5519);
#5518 = CARTESIAN_POINT('',(-67.6,-17.6,-12.6));
#5519 = VECTOR('',#5520,1.);
#5520 = DIRECTION('',(1.,0.,0.));
#5521 = PCURVE('',#2064,#5522);
#5522 = DEFINITIONAL_REPRESENTATION('',(#5523),#5527);
#5523 = LINE('',#5524,#5525);
#5524 = CARTESIAN_POINT('',(2.,0.));
#5525 = VECTOR('',#5526,1.);
#5526 = DIRECTION('',(0.,1.));
#5527 = ( GEOMETRIC_REPRESENTATION_CONTEXT(2) 
PARAMETRIC_REPRESENTATION_CONTEXT() REPRESENTATION_CONTEXT('2D SPACE',''
  ) );
#5528 = PCURVE('',#4260,#5529);
#5529 = DEFINITIONAL_REPRESENTATION('',(#5530),#5534);
#5530 = LINE('',#5531,#5532);
#5531 = CARTESIAN_POINT('',(0.,0.));
#5532 = VECTOR('',#5533,1.);
#5533 = DIRECTION('',(0.,1.));
#5534 = ( GEOMETRIC_REPRESENTATION_CONTEXT(2) 
PARAMETRIC_REPRESENTATION_CONTEXT() REPRESENTATION_CONTEXT('2D SPACE',''
  ) );
#5535 = ORIENTED_EDGE('',*,*,#2048,.T.);
#5536 = ORIENTED_EDGE('',*,*,#2999,.T.);
#5537 = ORIENTED_EDGE('',*,*,#5538,.F.);
#5538 = EDGE_CURVE('',#5514,#3000,#5539,.T.);
#5539 = SURFACE_CURVE('',#5540,(#5544,#5551),.PCURVE_S1.);
#5540 = LINE('',#5541,#5542);
#5541 = CARTESIAN_POINT('',(65.6,-17.6,-14.6));
#5542 = VECTOR('',#5543,1.);
#5543 = DIRECTION('',(0.,0.,1.));
#5544 = PCURVE('',#2064,#5545);
#5545 = DEFINITIONAL_REPRESENTATION('',(#5546),#5550);
#5546 = LINE('',#5547,#5548);
#5547 = CARTESIAN_POINT('',(0.,133.2));
#5548 = VECTOR('',#5549,1.);
#5549 = DIRECTION('',(1.,0.));
#5550 = ( GEOMETRIC_REPRESENTATION_CONTEXT(2) 
PARAMETRIC_REPRESENTATION_CONTEXT() REPRESENTATION_CONTEXT('2D SPACE',''
  ) );
#5551 = PCURVE('',#3040,#5552);
#5552 = DEFINITIONAL_REPRESENTATION('',(#5553),#5557);
#5553 = LINE('',#5554,#5555);
#5554 = CARTESIAN_POINT('',(-1.570796326795,0.));
#5555 = VECTOR('',#5556,1.);
#5556 = DIRECTION('',(-0.,1.));
#5557 = ( GEOMETRIC_REPRESENTATION_CONTEXT(2) 
PARAMETRIC_REPRESENTATION_CONTEXT() REPRESENTATION_CONTEXT('2D SPACE',''
  ) );
#5558 = ADVANCED_FACE('',(#5559),#2036,.F.);
#5559 = FACE_BOUND('',#5560,.F.);
#5560 = EDGE_LOOP('',(#5561,#5562,#5584));
#5561 = ORIENTED_EDGE('',*,*,#5463,.F.);
#5562 = ORIENTED_EDGE('',*,*,#5563,.T.);
#5563 = EDGE_CURVE('',#5464,#2020,#5564,.T.);
#5564 = SURFACE_CURVE('',#5565,(#5570,#5577),.PCURVE_S1.);
#5565 = CIRCLE('',#5566,2.);
#5566 = AXIS2_PLACEMENT_3D('',#5567,#5568,#5569);
#5567 = CARTESIAN_POINT('',(-65.6,-15.6,-12.6));
#5568 = DIRECTION('',(-1.,6.123233995737E-17,0.));
#5569 = DIRECTION('',(-6.123233995737E-17,-1.,0.));
#5570 = PCURVE('',#2036,#5571);
#5571 = DEFINITIONAL_REPRESENTATION('',(#5572),#5576);
#5572 = LINE('',#5573,#5574);
#5573 = CARTESIAN_POINT('',(1.570796326795,-6.28318530718));
#5574 = VECTOR('',#5575,1.);
#5575 = DIRECTION('',(0.,1.));
#5576 = ( GEOMETRIC_REPRESENTATION_CONTEXT(2) 
PARAMETRIC_REPRESENTATION_CONTEXT() REPRESENTATION_CONTEXT('2D SPACE',''
  ) );
#5577 = PCURVE('',#4260,#5578);
#5578 = DEFINITIONAL_REPRESENTATION('',(#5579),#5583);
#5579 = LINE('',#5580,#5581);
#5580 = CARTESIAN_POINT('',(6.28318530718,2.));
#5581 = VECTOR('',#5582,1.);
#5582 = DIRECTION('',(-1.,-0.));
#5583 = ( GEOMETRIC_REPRESENTATION_CONTEXT(2) 
PARAMETRIC_REPRESENTATION_CONTEXT() REPRESENTATION_CONTEXT('2D SPACE',''
  ) );
#5584 = ORIENTED_EDGE('',*,*,#2019,.F.);
#5585 = ADVANCED_FACE('',(#5586),#2548,.T.);
#5586 = FACE_BOUND('',#5587,.T.);
#5587 = EDGE_LOOP('',(#5588,#5611,#5633,#5634));
#5588 = ORIENTED_EDGE('',*,*,#5589,.F.);
#5589 = EDGE_CURVE('',#4168,#5590,#5592,.T.);
#5590 = VERTEX_POINT('',#5591);
#5591 = CARTESIAN_POINT('',(70.,16.,-9.));
#5592 = SURFACE_CURVE('',#5593,(#5597,#5604),.PCURVE_S1.);
#5593 = LINE('',#5594,#5595);
#5594 = CARTESIAN_POINT('',(70.,16.,-17.));
#5595 = VECTOR('',#5596,1.);
#5596 = DIRECTION('',(0.,0.,1.));
#5597 = PCURVE('',#2548,#5598);
#5598 = DEFINITIONAL_REPRESENTATION('',(#5599),#5603);
#5599 = LINE('',#5600,#5601);
#5600 = CARTESIAN_POINT('',(0.,0.));
#5601 = VECTOR('',#5602,1.);
#5602 = DIRECTION('',(0.,1.));
#5603 = ( GEOMETRIC_REPRESENTATION_CONTEXT(2) 
PARAMETRIC_REPRESENTATION_CONTEXT() REPRESENTATION_CONTEXT('2D SPACE',''
  ) );
#5604 = PCURVE('',#3453,#5605);
#5605 = DEFINITIONAL_REPRESENTATION('',(#5606),#5610);
#5606 = LINE('',#5607,#5608);
#5607 = CARTESIAN_POINT('',(0.,-36.));
#5608 = VECTOR('',#5609,1.);
#5609 = DIRECTION('',(1.,0.));
#5610 = ( GEOMETRIC_REPRESENTATION_CONTEXT(2) 
PARAMETRIC_REPRESENTATION_CONTEXT() REPRESENTATION_CONTEXT('2D SPACE',''
  ) );
#5611 = ORIENTED_EDGE('',*,*,#5612,.T.);
#5612 = EDGE_CURVE('',#4168,#2109,#5613,.T.);
#5613 = SURFACE_CURVE('',#5614,(#5619,#5626),.PCURVE_S1.);
#5614 = CIRCLE('',#5615,4.);
#5615 = AXIS2_PLACEMENT_3D('',#5616,#5617,#5618);
#5616 = CARTESIAN_POINT('',(66.,16.,-13.));
#5617 = DIRECTION('',(0.,0.,1.));
#5618 = DIRECTION('',(1.,0.,-0.));
#5619 = PCURVE('',#2548,#5620);
#5620 = DEFINITIONAL_REPRESENTATION('',(#5621),#5625);
#5621 = LINE('',#5622,#5623);
#5622 = CARTESIAN_POINT('',(0.,4.));
#5623 = VECTOR('',#5624,1.);
#5624 = DIRECTION('',(1.,0.));
#5625 = ( GEOMETRIC_REPRESENTATION_CONTEXT(2) 
PARAMETRIC_REPRESENTATION_CONTEXT() REPRESENTATION_CONTEXT('2D SPACE',''
  ) );
#5626 = PCURVE('',#3684,#5627);
#5627 = DEFINITIONAL_REPRESENTATION('',(#5628),#5632);
#5628 = LINE('',#5629,#5630);
#5629 = CARTESIAN_POINT('',(0.,0.));
#5630 = VECTOR('',#5631,1.);
#5631 = DIRECTION('',(1.,0.));
#5632 = ( GEOMETRIC_REPRESENTATION_CONTEXT(2) 
PARAMETRIC_REPRESENTATION_CONTEXT() REPRESENTATION_CONTEXT('2D SPACE',''
  ) );
#5633 = ORIENTED_EDGE('',*,*,#2534,.T.);
#5634 = ORIENTED_EDGE('',*,*,#5635,.F.);
#5635 = EDGE_CURVE('',#5590,#2509,#5636,.T.);
#5636 = SURFACE_CURVE('',#5637,(#5642,#5649),.PCURVE_S1.);
#5637 = CIRCLE('',#5638,4.);
#5638 = AXIS2_PLACEMENT_3D('',#5639,#5640,#5641);
#5639 = CARTESIAN_POINT('',(66.,16.,-9.));
#5640 = DIRECTION('',(0.,0.,1.));
#5641 = DIRECTION('',(1.,0.,-0.));
#5642 = PCURVE('',#2548,#5643);
#5643 = DEFINITIONAL_REPRESENTATION('',(#5644),#5648);
#5644 = LINE('',#5645,#5646);
#5645 = CARTESIAN_POINT('',(0.,8.));
#5646 = VECTOR('',#5647,1.);
#5647 = DIRECTION('',(1.,0.));
#5648 = ( GEOMETRIC_REPRESENTATION_CONTEXT(2) 
PARAMETRIC_REPRESENTATION_CONTEXT() REPRESENTATION_CONTEXT('2D SPACE',''
  ) );
#5649 = PCURVE('',#2523,#5650);
#5650 = DEFINITIONAL_REPRESENTATION('',(#5651),#5655);
#5651 = CIRCLE('',#5652,4.);
#5652 = AXIS2_PLACEMENT_2D('',#5653,#5654);
#5653 = CARTESIAN_POINT('',(28.8,-6.));
#5654 = DIRECTION('',(0.,-1.));
#5655 = ( GEOMETRIC_REPRESENTATION_CONTEXT(2) 
PARAMETRIC_REPRESENTATION_CONTEXT() REPRESENTATION_CONTEXT('2D SPACE',''
  ) );
#5656 = ADVANCED_FACE('',(#5657),#2523,.T.);
#5657 = FACE_BOUND('',#5658,.T.);
#5658 = EDGE_LOOP('',(#5659,#5683,#5709,#5737,#5756,#5757,#5758,#5777));
#5659 = ORIENTED_EDGE('',*,*,#5660,.F.);
#5660 = EDGE_CURVE('',#5661,#5364,#5663,.T.);
#5661 = VERTEX_POINT('',#5662);
#5662 = CARTESIAN_POINT('',(67.6,15.6,-9.));
#5663 = SURFACE_CURVE('',#5664,(#5669,#5676),.PCURVE_S1.);
#5664 = CIRCLE('',#5665,2.);
#5665 = AXIS2_PLACEMENT_3D('',#5666,#5667,#5668);
#5666 = CARTESIAN_POINT('',(65.6,15.6,-9.));
#5667 = DIRECTION('',(0.,0.,1.));
#5668 = DIRECTION('',(1.,0.,-0.));
#5669 = PCURVE('',#2523,#5670);
#5670 = DEFINITIONAL_REPRESENTATION('',(#5671),#5675);
#5671 = CIRCLE('',#5672,2.);
#5672 = AXIS2_PLACEMENT_2D('',#5673,#5674);
#5673 = CARTESIAN_POINT('',(28.4,-5.6));
#5674 = DIRECTION('',(0.,-1.));
#5675 = ( GEOMETRIC_REPRESENTATION_CONTEXT(2) 
PARAMETRIC_REPRESENTATION_CONTEXT() REPRESENTATION_CONTEXT('2D SPACE',''
  ) );
#5676 = PCURVE('',#5398,#5677);
#5677 = DEFINITIONAL_REPRESENTATION('',(#5678),#5682);
#5678 = LINE('',#5679,#5680);
#5679 = CARTESIAN_POINT('',(0.,5.6));
#5680 = VECTOR('',#5681,1.);
#5681 = DIRECTION('',(1.,0.));
#5682 = ( GEOMETRIC_REPRESENTATION_CONTEXT(2) 
PARAMETRIC_REPRESENTATION_CONTEXT() REPRESENTATION_CONTEXT('2D SPACE',''
  ) );
#5683 = ORIENTED_EDGE('',*,*,#5684,.T.);
#5684 = EDGE_CURVE('',#5661,#5685,#5687,.T.);
#5685 = VERTEX_POINT('',#5686);
#5686 = CARTESIAN_POINT('',(67.6,-12.8,-9.));
#5687 = SURFACE_CURVE('',#5688,(#5692,#5698),.PCURVE_S1.);
#5688 = LINE('',#5689,#5690);
#5689 = CARTESIAN_POINT('',(67.6,-15.2,-9.));
#5690 = VECTOR('',#5691,1.);
#5691 = DIRECTION('',(0.,-1.,0.));
#5692 = PCURVE('',#2523,#5693);
#5693 = DEFINITIONAL_REPRESENTATION('',(#5694),#5697);
#5694 = B_SPLINE_CURVE_WITH_KNOTS('',1,(#5695,#5696),.UNSPECIFIED.,.F.,
  .F.,(2,2),(-30.8,-2.4),.PIECEWISE_BEZIER_KNOTS.);
#5695 = CARTESIAN_POINT('',(28.4,-7.6));
#5696 = CARTESIAN_POINT('',(0.,-7.6));
#5697 = ( GEOMETRIC_REPRESENTATION_CONTEXT(2) 
PARAMETRIC_REPRESENTATION_CONTEXT() REPRESENTATION_CONTEXT('2D SPACE',''
  ) );
#5698 = PCURVE('',#5699,#5704);
#5699 = PLANE('',#5700);
#5700 = AXIS2_PLACEMENT_3D('',#5701,#5702,#5703);
#5701 = CARTESIAN_POINT('',(67.6,-17.6,-14.6));
#5702 = DIRECTION('',(1.,0.,0.));
#5703 = DIRECTION('',(0.,0.,1.));
#5704 = DEFINITIONAL_REPRESENTATION('',(#5705),#5708);
#5705 = B_SPLINE_CURVE_WITH_KNOTS('',1,(#5706,#5707),.UNSPECIFIED.,.F.,
  .F.,(2,2),(-30.8,-2.4),.PIECEWISE_BEZIER_KNOTS.);
#5706 = CARTESIAN_POINT('',(5.6,-33.2));
#5707 = CARTESIAN_POINT('',(5.6,-4.8));
#5708 = ( GEOMETRIC_REPRESENTATION_CONTEXT(2) 
PARAMETRIC_REPRESENTATION_CONTEXT() REPRESENTATION_CONTEXT('2D SPACE',''
  ) );
#5709 = ORIENTED_EDGE('',*,*,#5710,.T.);
#5710 = EDGE_CURVE('',#5685,#5711,#5713,.T.);
#5711 = VERTEX_POINT('',#5712);
#5712 = CARTESIAN_POINT('',(70.,-12.8,-9.));
#5713 = SURFACE_CURVE('',#5714,(#5718,#5725),.PCURVE_S1.);
#5714 = LINE('',#5715,#5716);
#5715 = CARTESIAN_POINT('',(60.,-12.8,-9.));
#5716 = VECTOR('',#5717,1.);
#5717 = DIRECTION('',(1.,0.,0.));
#5718 = PCURVE('',#2523,#5719);
#5719 = DEFINITIONAL_REPRESENTATION('',(#5720),#5724);
#5720 = LINE('',#5721,#5722);
#5721 = CARTESIAN_POINT('',(0.,0.));
#5722 = VECTOR('',#5723,1.);
#5723 = DIRECTION('',(0.,-1.));
#5724 = ( GEOMETRIC_REPRESENTATION_CONTEXT(2) 
PARAMETRIC_REPRESENTATION_CONTEXT() REPRESENTATION_CONTEXT('2D SPACE',''
  ) );
#5725 = PCURVE('',#5726,#5731);
#5726 = PLANE('',#5727);
#5727 = AXIS2_PLACEMENT_3D('',#5728,#5729,#5730);
#5728 = CARTESIAN_POINT('',(60.,-12.8,9.));
#5729 = DIRECTION('',(-0.,1.,0.));
#5730 = DIRECTION('',(0.,0.,-1.));
#5731 = DEFINITIONAL_REPRESENTATION('',(#5732),#5736);
#5732 = LINE('',#5733,#5734);
#5733 = CARTESIAN_POINT('',(18.,0.));
#5734 = VECTOR('',#5735,1.);
#5735 = DIRECTION('',(0.,-1.));
#5736 = ( GEOMETRIC_REPRESENTATION_CONTEXT(2) 
PARAMETRIC_REPRESENTATION_CONTEXT() REPRESENTATION_CONTEXT('2D SPACE',''
  ) );
#5737 = ORIENTED_EDGE('',*,*,#5738,.F.);
#5738 = EDGE_CURVE('',#5590,#5711,#5739,.T.);
#5739 = SURFACE_CURVE('',#5740,(#5744,#5750),.PCURVE_S1.);
#5740 = LINE('',#5741,#5742);
#5741 = CARTESIAN_POINT('',(70.,-16.4,-9.));
#5742 = VECTOR('',#5743,1.);
#5743 = DIRECTION('',(0.,-1.,0.));
#5744 = PCURVE('',#2523,#5745);
#5745 = DEFINITIONAL_REPRESENTATION('',(#5746),#5749);
#5746 = B_SPLINE_CURVE_WITH_KNOTS('',1,(#5747,#5748),.UNSPECIFIED.,.F.,
  .F.,(2,2),(-32.4,-3.6),.PIECEWISE_BEZIER_KNOTS.);
#5747 = CARTESIAN_POINT('',(28.8,-10.));
#5748 = CARTESIAN_POINT('',(0.,-10.));
#5749 = ( GEOMETRIC_REPRESENTATION_CONTEXT(2) 
PARAMETRIC_REPRESENTATION_CONTEXT() REPRESENTATION_CONTEXT('2D SPACE',''
  ) );
#5750 = PCURVE('',#3453,#5751);
#5751 = DEFINITIONAL_REPRESENTATION('',(#5752),#5755);
#5752 = B_SPLINE_CURVE_WITH_KNOTS('',1,(#5753,#5754),.UNSPECIFIED.,.F.,
  .F.,(2,2),(-32.4,-3.6),.PIECEWISE_BEZIER_KNOTS.);
#5753 = CARTESIAN_POINT('',(8.,-36.));
#5754 = CARTESIAN_POINT('',(8.,-7.2));
#5755 = ( GEOMETRIC_REPRESENTATION_CONTEXT(2) 
PARAMETRIC_REPRESENTATION_CONTEXT() REPRESENTATION_CONTEXT('2D SPACE',''
  ) );
#5756 = ORIENTED_EDGE('',*,*,#5635,.T.);
#5757 = ORIENTED_EDGE('',*,*,#2508,.F.);
#5758 = ORIENTED_EDGE('',*,*,#5759,.F.);
#5759 = EDGE_CURVE('',#5343,#2483,#5760,.T.);
#5760 = SURFACE_CURVE('',#5761,(#5765,#5771),.PCURVE_S1.);
#5761 = LINE('',#5762,#5763);
#5762 = CARTESIAN_POINT('',(61.7,-14.55,-9.));
#5763 = VECTOR('',#5764,1.);
#5764 = DIRECTION('',(0.,1.,0.));
#5765 = PCURVE('',#2523,#5766);
#5766 = DEFINITIONAL_REPRESENTATION('',(#5767),#5770);
#5767 = B_SPLINE_CURVE_WITH_KNOTS('',1,(#5768,#5769),.UNSPECIFIED.,.F.,
  .F.,(2,2),(1.75,34.55),.PIECEWISE_BEZIER_KNOTS.);
#5768 = CARTESIAN_POINT('',(0.,-1.7));
#5769 = CARTESIAN_POINT('',(32.8,-1.7));
#5770 = ( GEOMETRIC_REPRESENTATION_CONTEXT(2) 
PARAMETRIC_REPRESENTATION_CONTEXT() REPRESENTATION_CONTEXT('2D SPACE',''
  ) );
#5771 = PCURVE('',#2497,#5772);
#5772 = DEFINITIONAL_REPRESENTATION('',(#5773),#5776);
#5773 = B_SPLINE_CURVE_WITH_KNOTS('',1,(#5774,#5775),.UNSPECIFIED.,.F.,
  .F.,(2,2),(1.75,34.55),.PIECEWISE_BEZIER_KNOTS.);
#5774 = CARTESIAN_POINT('',(2.,-3.5));
#5775 = CARTESIAN_POINT('',(2.,-36.3));
#5776 = ( GEOMETRIC_REPRESENTATION_CONTEXT(2) 
PARAMETRIC_REPRESENTATION_CONTEXT() REPRESENTATION_CONTEXT('2D SPACE',''
  ) );
#5777 = ORIENTED_EDGE('',*,*,#5363,.T.);
#5778 = ADVANCED_FACE('',(#5779,#6171,#6201,#6231),#2497,.T.);
#5779 = FACE_BOUND('',#5780,.T.);
#5780 = EDGE_LOOP('',(#5781,#5811,#5832,#5833,#5834,#5835,#5858,#5886,
    #5909,#5930,#5949,#5950,#5973,#6001,#6027,#6053,#6074,#6100,#6121,
    #6147));
#5781 = ORIENTED_EDGE('',*,*,#5782,.F.);
#5782 = EDGE_CURVE('',#5783,#5785,#5787,.T.);
#5783 = VERTEX_POINT('',#5784);
#5784 = CARTESIAN_POINT('',(61.7,-15.1,-9.8));
#5785 = VERTEX_POINT('',#5786);
#5786 = CARTESIAN_POINT('',(61.7,-15.1,-9.5));
#5787 = SURFACE_CURVE('',#5788,(#5792,#5799),.PCURVE_S1.);
#5788 = LINE('',#5789,#5790);
#5789 = CARTESIAN_POINT('',(61.7,-15.1,-11.));
#5790 = VECTOR('',#5791,1.);
#5791 = DIRECTION('',(0.,0.,1.));
#5792 = PCURVE('',#2497,#5793);
#5793 = DEFINITIONAL_REPRESENTATION('',(#5794),#5798);
#5794 = LINE('',#5795,#5796);
#5795 = CARTESIAN_POINT('',(0.,-1.2));
#5796 = VECTOR('',#5797,1.);
#5797 = DIRECTION('',(1.,0.));
#5798 = ( GEOMETRIC_REPRESENTATION_CONTEXT(2) 
PARAMETRIC_REPRESENTATION_CONTEXT() REPRESENTATION_CONTEXT('2D SPACE',''
  ) );
#5799 = PCURVE('',#5800,#5805);
#5800 = CYLINDRICAL_SURFACE('',#5801,1.2);
#5801 = AXIS2_PLACEMENT_3D('',#5802,#5803,#5804);
#5802 = CARTESIAN_POINT('',(60.5,-15.1,-11.));
#5803 = DIRECTION('',(0.,0.,1.));
#5804 = DIRECTION('',(1.,0.,-0.));
#5805 = DEFINITIONAL_REPRESENTATION('',(#5806),#5810);
#5806 = LINE('',#5807,#5808);
#5807 = CARTESIAN_POINT('',(-0.,0.));
#5808 = VECTOR('',#5809,1.);
#5809 = DIRECTION('',(-0.,1.));
#5810 = ( GEOMETRIC_REPRESENTATION_CONTEXT(2) 
PARAMETRIC_REPRESENTATION_CONTEXT() REPRESENTATION_CONTEXT('2D SPACE',''
  ) );
#5811 = ORIENTED_EDGE('',*,*,#5812,.T.);
#5812 = EDGE_CURVE('',#5783,#5314,#5813,.T.);
#5813 = SURFACE_CURVE('',#5814,(#5818,#5825),.PCURVE_S1.);
#5814 = LINE('',#5815,#5816);
#5815 = CARTESIAN_POINT('',(61.7,-16.3,-9.8));
#5816 = VECTOR('',#5817,1.);
#5817 = DIRECTION('',(0.,1.,0.));
#5818 = PCURVE('',#2497,#5819);
#5819 = DEFINITIONAL_REPRESENTATION('',(#5820),#5824);
#5820 = LINE('',#5821,#5822);
#5821 = CARTESIAN_POINT('',(1.2,0.));
#5822 = VECTOR('',#5823,1.);
#5823 = DIRECTION('',(0.,-1.));
#5824 = ( GEOMETRIC_REPRESENTATION_CONTEXT(2) 
PARAMETRIC_REPRESENTATION_CONTEXT() REPRESENTATION_CONTEXT('2D SPACE',''
  ) );
#5825 = PCURVE('',#5330,#5826);
#5826 = DEFINITIONAL_REPRESENTATION('',(#5827),#5831);
#5827 = LINE('',#5828,#5829);
#5828 = CARTESIAN_POINT('',(0.,0.));
#5829 = VECTOR('',#5830,1.);
#5830 = DIRECTION('',(0.,1.));
#5831 = ( GEOMETRIC_REPRESENTATION_CONTEXT(2) 
PARAMETRIC_REPRESENTATION_CONTEXT() REPRESENTATION_CONTEXT('2D SPACE',''
  ) );
#5832 = ORIENTED_EDGE('',*,*,#5342,.F.);
#5833 = ORIENTED_EDGE('',*,*,#5759,.T.);
#5834 = ORIENTED_EDGE('',*,*,#2482,.T.);
#5835 = ORIENTED_EDGE('',*,*,#5836,.T.);
#5836 = EDGE_CURVE('',#2454,#5837,#5839,.T.);
#5837 = VERTEX_POINT('',#5838);
#5838 = CARTESIAN_POINT('',(61.7,26.5,-9.8));
#5839 = SURFACE_CURVE('',#5840,(#5844,#5851),.PCURVE_S1.);
#5840 = LINE('',#5841,#5842);
#5841 = CARTESIAN_POINT('',(61.7,-16.3,-9.8));
#5842 = VECTOR('',#5843,1.);
#5843 = DIRECTION('',(0.,1.,0.));
#5844 = PCURVE('',#2497,#5845);
#5845 = DEFINITIONAL_REPRESENTATION('',(#5846),#5850);
#5846 = LINE('',#5847,#5848);
#5847 = CARTESIAN_POINT('',(1.2,0.));
#5848 = VECTOR('',#5849,1.);
#5849 = DIRECTION('',(0.,-1.));
#5850 = ( GEOMETRIC_REPRESENTATION_CONTEXT(2) 
PARAMETRIC_REPRESENTATION_CONTEXT() REPRESENTATION_CONTEXT('2D SPACE',''
  ) );
#5851 = PCURVE('',#2470,#5852);
#5852 = DEFINITIONAL_REPRESENTATION('',(#5853),#5857);
#5853 = LINE('',#5854,#5855);
#5854 = CARTESIAN_POINT('',(0.,0.));
#5855 = VECTOR('',#5856,1.);
#5856 = DIRECTION('',(0.,1.));
#5857 = ( GEOMETRIC_REPRESENTATION_CONTEXT(2) 
PARAMETRIC_REPRESENTATION_CONTEXT() REPRESENTATION_CONTEXT('2D SPACE',''
  ) );
#5858 = ORIENTED_EDGE('',*,*,#5859,.T.);
#5859 = EDGE_CURVE('',#5837,#5860,#5862,.T.);
#5860 = VERTEX_POINT('',#5861);
#5861 = CARTESIAN_POINT('',(61.7,26.5,9.8));
#5862 = SURFACE_CURVE('',#5863,(#5867,#5874),.PCURVE_S1.);
#5863 = LINE('',#5864,#5865);
#5864 = CARTESIAN_POINT('',(61.7,26.5,-11.));
#5865 = VECTOR('',#5866,1.);
#5866 = DIRECTION('',(0.,0.,1.));
#5867 = PCURVE('',#2497,#5868);
#5868 = DEFINITIONAL_REPRESENTATION('',(#5869),#5873);
#5869 = LINE('',#5870,#5871);
#5870 = CARTESIAN_POINT('',(0.,-42.8));
#5871 = VECTOR('',#5872,1.);
#5872 = DIRECTION('',(1.,0.));
#5873 = ( GEOMETRIC_REPRESENTATION_CONTEXT(2) 
PARAMETRIC_REPRESENTATION_CONTEXT() REPRESENTATION_CONTEXT('2D SPACE',''
  ) );
#5874 = PCURVE('',#5875,#5880);
#5875 = CYLINDRICAL_SURFACE('',#5876,1.2);
#5876 = AXIS2_PLACEMENT_3D('',#5877,#5878,#5879);
#5877 = CARTESIAN_POINT('',(60.5,26.5,-11.));
#5878 = DIRECTION('',(0.,0.,1.));
#5879 = DIRECTION('',(1.,0.,-0.));
#5880 = DEFINITIONAL_REPRESENTATION('',(#5881),#5885);
#5881 = LINE('',#5882,#5883);
#5882 = CARTESIAN_POINT('',(0.,0.));
#5883 = VECTOR('',#5884,1.);
#5884 = DIRECTION('',(0.,1.));
#5885 = ( GEOMETRIC_REPRESENTATION_CONTEXT(2) 
PARAMETRIC_REPRESENTATION_CONTEXT() REPRESENTATION_CONTEXT('2D SPACE',''
  ) );
#5886 = ORIENTED_EDGE('',*,*,#5887,.F.);
#5887 = EDGE_CURVE('',#5888,#5860,#5890,.T.);
#5888 = VERTEX_POINT('',#5889);
#5889 = CARTESIAN_POINT('',(61.7,20.,9.8));
#5890 = SURFACE_CURVE('',#5891,(#5895,#5902),.PCURVE_S1.);
#5891 = LINE('',#5892,#5893);
#5892 = CARTESIAN_POINT('',(61.7,-16.3,9.8));
#5893 = VECTOR('',#5894,1.);
#5894 = DIRECTION('',(0.,1.,0.));
#5895 = PCURVE('',#2497,#5896);
#5896 = DEFINITIONAL_REPRESENTATION('',(#5897),#5901);
#5897 = LINE('',#5898,#5899);
#5898 = CARTESIAN_POINT('',(20.8,0.));
#5899 = VECTOR('',#5900,1.);
#5900 = DIRECTION('',(0.,-1.));
#5901 = ( GEOMETRIC_REPRESENTATION_CONTEXT(2) 
PARAMETRIC_REPRESENTATION_CONTEXT() REPRESENTATION_CONTEXT('2D SPACE',''
  ) );
#5902 = PCURVE('',#4819,#5903);
#5903 = DEFINITIONAL_REPRESENTATION('',(#5904),#5908);
#5904 = LINE('',#5905,#5906);
#5905 = CARTESIAN_POINT('',(-0.,0.));
#5906 = VECTOR('',#5907,1.);
#5907 = DIRECTION('',(-0.,1.));
#5908 = ( GEOMETRIC_REPRESENTATION_CONTEXT(2) 
PARAMETRIC_REPRESENTATION_CONTEXT() REPRESENTATION_CONTEXT('2D SPACE',''
  ) );
#5909 = ORIENTED_EDGE('',*,*,#5910,.T.);
#5910 = EDGE_CURVE('',#5888,#5911,#5913,.T.);
#5911 = VERTEX_POINT('',#5912);
#5912 = CARTESIAN_POINT('',(61.7,20.,9.));
#5913 = SURFACE_CURVE('',#5914,(#5918,#5924),.PCURVE_S1.);
#5914 = LINE('',#5915,#5916);
#5915 = CARTESIAN_POINT('',(61.7,20.,-14.));
#5916 = VECTOR('',#5917,1.);
#5917 = DIRECTION('',(0.,0.,-1.));
#5918 = PCURVE('',#2497,#5919);
#5919 = DEFINITIONAL_REPRESENTATION('',(#5920),#5923);
#5920 = B_SPLINE_CURVE_WITH_KNOTS('',1,(#5921,#5922),.UNSPECIFIED.,.F.,
  .F.,(2,2),(-23.8,-4.2),.PIECEWISE_BEZIER_KNOTS.);
#5921 = CARTESIAN_POINT('',(20.8,-36.3));
#5922 = CARTESIAN_POINT('',(1.2,-36.3));
#5923 = ( GEOMETRIC_REPRESENTATION_CONTEXT(2) 
PARAMETRIC_REPRESENTATION_CONTEXT() REPRESENTATION_CONTEXT('2D SPACE',''
  ) );
#5924 = PCURVE('',#4757,#5925);
#5925 = DEFINITIONAL_REPRESENTATION('',(#5926),#5929);
#5926 = B_SPLINE_CURVE_WITH_KNOTS('',1,(#5927,#5928),.UNSPECIFIED.,.F.,
  .F.,(2,2),(-23.8,-4.2),.PIECEWISE_BEZIER_KNOTS.);
#5927 = CARTESIAN_POINT('',(26.8,131.7));
#5928 = CARTESIAN_POINT('',(7.2,131.7));
#5929 = ( GEOMETRIC_REPRESENTATION_CONTEXT(2) 
PARAMETRIC_REPRESENTATION_CONTEXT() REPRESENTATION_CONTEXT('2D SPACE',''
  ) );
#5930 = ORIENTED_EDGE('',*,*,#5931,.T.);
#5931 = EDGE_CURVE('',#5911,#4998,#5932,.T.);
#5932 = SURFACE_CURVE('',#5933,(#5937,#5943),.PCURVE_S1.);
#5933 = LINE('',#5934,#5935);
#5934 = CARTESIAN_POINT('',(61.7,3.95,9.));
#5935 = VECTOR('',#5936,1.);
#5936 = DIRECTION('',(0.,-1.,0.));
#5937 = PCURVE('',#2497,#5938);
#5938 = DEFINITIONAL_REPRESENTATION('',(#5939),#5942);
#5939 = B_SPLINE_CURVE_WITH_KNOTS('',1,(#5940,#5941),.UNSPECIFIED.,.F.,
  .F.,(2,2),(-16.05,-8.05),.PIECEWISE_BEZIER_KNOTS.);
#5940 = CARTESIAN_POINT('',(20.,-36.3));
#5941 = CARTESIAN_POINT('',(20.,-28.3));
#5942 = ( GEOMETRIC_REPRESENTATION_CONTEXT(2) 
PARAMETRIC_REPRESENTATION_CONTEXT() REPRESENTATION_CONTEXT('2D SPACE',''
  ) );
#5943 = PCURVE('',#5012,#5944);
#5944 = DEFINITIONAL_REPRESENTATION('',(#5945),#5948);
#5945 = B_SPLINE_CURVE_WITH_KNOTS('',1,(#5946,#5947),.UNSPECIFIED.,.F.,
  .F.,(2,2),(-16.05,-8.05),.PIECEWISE_BEZIER_KNOTS.);
#5946 = CARTESIAN_POINT('',(4.2,-1.7));
#5947 = CARTESIAN_POINT('',(12.2,-1.7));
#5948 = ( GEOMETRIC_REPRESENTATION_CONTEXT(2) 
PARAMETRIC_REPRESENTATION_CONTEXT() REPRESENTATION_CONTEXT('2D SPACE',''
  ) );
#5949 = ORIENTED_EDGE('',*,*,#5023,.F.);
#5950 = ORIENTED_EDGE('',*,*,#5951,.F.);
#5951 = EDGE_CURVE('',#5952,#5024,#5954,.T.);
#5952 = VERTEX_POINT('',#5953);
#5953 = CARTESIAN_POINT('',(61.7,-15.1,9.8));
#5954 = SURFACE_CURVE('',#5955,(#5959,#5966),.PCURVE_S1.);
#5955 = LINE('',#5956,#5957);
#5956 = CARTESIAN_POINT('',(61.7,-16.3,9.8));
#5957 = VECTOR('',#5958,1.);
#5958 = DIRECTION('',(0.,1.,0.));
#5959 = PCURVE('',#2497,#5960);
#5960 = DEFINITIONAL_REPRESENTATION('',(#5961),#5965);
#5961 = LINE('',#5962,#5963);
#5962 = CARTESIAN_POINT('',(20.8,0.));
#5963 = VECTOR('',#5964,1.);
#5964 = DIRECTION('',(0.,-1.));
#5965 = ( GEOMETRIC_REPRESENTATION_CONTEXT(2) 
PARAMETRIC_REPRESENTATION_CONTEXT() REPRESENTATION_CONTEXT('2D SPACE',''
  ) );
#5966 = PCURVE('',#5061,#5967);
#5967 = DEFINITIONAL_REPRESENTATION('',(#5968),#5972);
#5968 = LINE('',#5969,#5970);
#5969 = CARTESIAN_POINT('',(-0.,0.));
#5970 = VECTOR('',#5971,1.);
#5971 = DIRECTION('',(-0.,1.));
#5972 = ( GEOMETRIC_REPRESENTATION_CONTEXT(2) 
PARAMETRIC_REPRESENTATION_CONTEXT() REPRESENTATION_CONTEXT('2D SPACE',''
  ) );
#5973 = ORIENTED_EDGE('',*,*,#5974,.F.);
#5974 = EDGE_CURVE('',#5975,#5952,#5977,.T.);
#5975 = VERTEX_POINT('',#5976);
#5976 = CARTESIAN_POINT('',(61.7,-15.1,0.5));
#5977 = SURFACE_CURVE('',#5978,(#5982,#5989),.PCURVE_S1.);
#5978 = LINE('',#5979,#5980);
#5979 = CARTESIAN_POINT('',(61.7,-15.1,-11.));
#5980 = VECTOR('',#5981,1.);
#5981 = DIRECTION('',(0.,0.,1.));
#5982 = PCURVE('',#2497,#5983);
#5983 = DEFINITIONAL_REPRESENTATION('',(#5984),#5988);
#5984 = LINE('',#5985,#5986);
#5985 = CARTESIAN_POINT('',(0.,-1.2));
#5986 = VECTOR('',#5987,1.);
#5987 = DIRECTION('',(1.,0.));
#5988 = ( GEOMETRIC_REPRESENTATION_CONTEXT(2) 
PARAMETRIC_REPRESENTATION_CONTEXT() REPRESENTATION_CONTEXT('2D SPACE',''
  ) );
#5989 = PCURVE('',#5990,#5995);
#5990 = CYLINDRICAL_SURFACE('',#5991,1.2);
#5991 = AXIS2_PLACEMENT_3D('',#5992,#5993,#5994);
#5992 = CARTESIAN_POINT('',(60.5,-15.1,-11.));
#5993 = DIRECTION('',(0.,0.,1.));
#5994 = DIRECTION('',(1.,0.,-0.));
#5995 = DEFINITIONAL_REPRESENTATION('',(#5996),#6000);
#5996 = LINE('',#5997,#5998);
#5997 = CARTESIAN_POINT('',(-0.,0.));
#5998 = VECTOR('',#5999,1.);
#5999 = DIRECTION('',(-0.,1.));
#6000 = ( GEOMETRIC_REPRESENTATION_CONTEXT(2) 
PARAMETRIC_REPRESENTATION_CONTEXT() REPRESENTATION_CONTEXT('2D SPACE',''
  ) );
#6001 = ORIENTED_EDGE('',*,*,#6002,.T.);
#6002 = EDGE_CURVE('',#5975,#6003,#6005,.T.);
#6003 = VERTEX_POINT('',#6004);
#6004 = CARTESIAN_POINT('',(61.7,-6.3,0.5));
#6005 = SURFACE_CURVE('',#6006,(#6010,#6016),.PCURVE_S1.);
#6006 = LINE('',#6007,#6008);
#6007 = CARTESIAN_POINT('',(61.7,-7.3,0.5));
#6008 = VECTOR('',#6009,1.);
#6009 = DIRECTION('',(-0.,1.,0.));
#6010 = PCURVE('',#2497,#6011);
#6011 = DEFINITIONAL_REPRESENTATION('',(#6012),#6015);
#6012 = B_SPLINE_CURVE_WITH_KNOTS('',1,(#6013,#6014),.UNSPECIFIED.,.F.,
  .F.,(2,2),(-7.8,9.),.PIECEWISE_BEZIER_KNOTS.);
#6013 = CARTESIAN_POINT('',(11.5,-1.2));
#6014 = CARTESIAN_POINT('',(11.5,-18.));
#6015 = ( GEOMETRIC_REPRESENTATION_CONTEXT(2) 
PARAMETRIC_REPRESENTATION_CONTEXT() REPRESENTATION_CONTEXT('2D SPACE',''
  ) );
#6016 = PCURVE('',#6017,#6022);
#6017 = PLANE('',#6018);
#6018 = AXIS2_PLACEMENT_3D('',#6019,#6020,#6021);
#6019 = CARTESIAN_POINT('',(57.2,1.7,0.5));
#6020 = DIRECTION('',(0.,0.,-1.));
#6021 = DIRECTION('',(0.,-1.,0.));
#6022 = DEFINITIONAL_REPRESENTATION('',(#6023),#6026);
#6023 = B_SPLINE_CURVE_WITH_KNOTS('',1,(#6024,#6025),.UNSPECIFIED.,.F.,
  .F.,(2,2),(-7.8,9.),.PIECEWISE_BEZIER_KNOTS.);
#6024 = CARTESIAN_POINT('',(16.8,-4.5));
#6025 = CARTESIAN_POINT('',(0.,-4.5));
#6026 = ( GEOMETRIC_REPRESENTATION_CONTEXT(2) 
PARAMETRIC_REPRESENTATION_CONTEXT() REPRESENTATION_CONTEXT('2D SPACE',''
  ) );
#6027 = ORIENTED_EDGE('',*,*,#6028,.T.);
#6028 = EDGE_CURVE('',#6003,#6029,#6031,.T.);
#6029 = VERTEX_POINT('',#6030);
#6030 = CARTESIAN_POINT('',(61.7,-6.3,6.5));
#6031 = SURFACE_CURVE('',#6032,(#6036,#6042),.PCURVE_S1.);
#6032 = LINE('',#6033,#6034);
#6033 = CARTESIAN_POINT('',(61.7,-6.3,-2.25));
#6034 = VECTOR('',#6035,1.);
#6035 = DIRECTION('',(0.,-0.,1.));
#6036 = PCURVE('',#2497,#6037);
#6037 = DEFINITIONAL_REPRESENTATION('',(#6038),#6041);
#6038 = B_SPLINE_CURVE_WITH_KNOTS('',1,(#6039,#6040),.UNSPECIFIED.,.F.,
  .F.,(2,2),(-4.25,8.75),.PIECEWISE_BEZIER_KNOTS.);
#6039 = CARTESIAN_POINT('',(4.5,-10.));
#6040 = CARTESIAN_POINT('',(17.5,-10.));
#6041 = ( GEOMETRIC_REPRESENTATION_CONTEXT(2) 
PARAMETRIC_REPRESENTATION_CONTEXT() REPRESENTATION_CONTEXT('2D SPACE',''
  ) );
#6042 = PCURVE('',#6043,#6048);
#6043 = PLANE('',#6044);
#6044 = AXIS2_PLACEMENT_3D('',#6045,#6046,#6047);
#6045 = CARTESIAN_POINT('',(57.2,-6.3,6.5));
#6046 = DIRECTION('',(-0.,1.,0.));
#6047 = DIRECTION('',(0.,0.,-1.));
#6048 = DEFINITIONAL_REPRESENTATION('',(#6049),#6052);
#6049 = B_SPLINE_CURVE_WITH_KNOTS('',1,(#6050,#6051),.UNSPECIFIED.,.F.,
  .F.,(2,2),(-4.25,8.75),.PIECEWISE_BEZIER_KNOTS.);
#6050 = CARTESIAN_POINT('',(13.,-4.5));
#6051 = CARTESIAN_POINT('',(0.,-4.5));
#6052 = ( GEOMETRIC_REPRESENTATION_CONTEXT(2) 
PARAMETRIC_REPRESENTATION_CONTEXT() REPRESENTATION_CONTEXT('2D SPACE',''
  ) );
#6053 = ORIENTED_EDGE('',*,*,#6054,.T.);
#6054 = EDGE_CURVE('',#6029,#6055,#6057,.T.);
#6055 = VERTEX_POINT('',#6056);
#6056 = CARTESIAN_POINT('',(61.7,17.7,6.5));
#6057 = SURFACE_CURVE('',#6058,(#6062,#6068),.PCURVE_S1.);
#6058 = LINE('',#6059,#6060);
#6059 = CARTESIAN_POINT('',(61.7,0.7,6.5));
#6060 = VECTOR('',#6061,1.);
#6061 = DIRECTION('',(-0.,1.,0.));
#6062 = PCURVE('',#2497,#6063);
#6063 = DEFINITIONAL_REPRESENTATION('',(#6064),#6067);
#6064 = B_SPLINE_CURVE_WITH_KNOTS('',1,(#6065,#6066),.UNSPECIFIED.,.F.,
  .F.,(2,2),(-7.,17.),.PIECEWISE_BEZIER_KNOTS.);
#6065 = CARTESIAN_POINT('',(17.5,-10.));
#6066 = CARTESIAN_POINT('',(17.5,-34.));
#6067 = ( GEOMETRIC_REPRESENTATION_CONTEXT(2) 
PARAMETRIC_REPRESENTATION_CONTEXT() REPRESENTATION_CONTEXT('2D SPACE',''
  ) );
#6068 = PCURVE('',#5169,#6069);
#6069 = DEFINITIONAL_REPRESENTATION('',(#6070),#6073);
#6070 = B_SPLINE_CURVE_WITH_KNOTS('',1,(#6071,#6072),.UNSPECIFIED.,.F.,
  .F.,(2,2),(-7.,17.),.PIECEWISE_BEZIER_KNOTS.);
#6071 = CARTESIAN_POINT('',(24.,-4.5));
#6072 = CARTESIAN_POINT('',(0.,-4.5));
#6073 = ( GEOMETRIC_REPRESENTATION_CONTEXT(2) 
PARAMETRIC_REPRESENTATION_CONTEXT() REPRESENTATION_CONTEXT('2D SPACE',''
  ) );
#6074 = ORIENTED_EDGE('',*,*,#6075,.T.);
#6075 = EDGE_CURVE('',#6055,#6076,#6078,.T.);
#6076 = VERTEX_POINT('',#6077);
#6077 = CARTESIAN_POINT('',(61.7,17.7,-6.5));
#6078 = SURFACE_CURVE('',#6079,(#6083,#6089),.PCURVE_S1.);
#6079 = LINE('',#6080,#6081);
#6080 = CARTESIAN_POINT('',(61.7,17.7,-8.75));
#6081 = VECTOR('',#6082,1.);
#6082 = DIRECTION('',(0.,0.,-1.));
#6083 = PCURVE('',#2497,#6084);
#6084 = DEFINITIONAL_REPRESENTATION('',(#6085),#6088);
#6085 = B_SPLINE_CURVE_WITH_KNOTS('',1,(#6086,#6087),.UNSPECIFIED.,.F.,
  .F.,(2,2),(-15.25,-2.25),.PIECEWISE_BEZIER_KNOTS.);
#6086 = CARTESIAN_POINT('',(17.5,-34.));
#6087 = CARTESIAN_POINT('',(4.5,-34.));
#6088 = ( GEOMETRIC_REPRESENTATION_CONTEXT(2) 
PARAMETRIC_REPRESENTATION_CONTEXT() REPRESENTATION_CONTEXT('2D SPACE',''
  ) );
#6089 = PCURVE('',#6090,#6095);
#6090 = PLANE('',#6091);
#6091 = AXIS2_PLACEMENT_3D('',#6092,#6093,#6094);
#6092 = CARTESIAN_POINT('',(57.2,17.7,-6.5));
#6093 = DIRECTION('',(0.,-1.,0.));
#6094 = DIRECTION('',(0.,0.,1.));
#6095 = DEFINITIONAL_REPRESENTATION('',(#6096),#6099);
#6096 = B_SPLINE_CURVE_WITH_KNOTS('',1,(#6097,#6098),.UNSPECIFIED.,.F.,
  .F.,(2,2),(-15.25,-2.25),.PIECEWISE_BEZIER_KNOTS.);
#6097 = CARTESIAN_POINT('',(13.,-4.5));
#6098 = CARTESIAN_POINT('',(0.,-4.5));
#6099 = ( GEOMETRIC_REPRESENTATION_CONTEXT(2) 
PARAMETRIC_REPRESENTATION_CONTEXT() REPRESENTATION_CONTEXT('2D SPACE',''
  ) );
#6100 = ORIENTED_EDGE('',*,*,#6101,.T.);
#6101 = EDGE_CURVE('',#6076,#6102,#6104,.T.);
#6102 = VERTEX_POINT('',#6103);
#6103 = CARTESIAN_POINT('',(61.7,1.7,-6.5));
#6104 = SURFACE_CURVE('',#6105,(#6109,#6115),.PCURVE_S1.);
#6105 = LINE('',#6106,#6107);
#6106 = CARTESIAN_POINT('',(61.7,-11.3,-6.5));
#6107 = VECTOR('',#6108,1.);
#6108 = DIRECTION('',(0.,-1.,0.));
#6109 = PCURVE('',#2497,#6110);
#6110 = DEFINITIONAL_REPRESENTATION('',(#6111),#6114);
#6111 = B_SPLINE_CURVE_WITH_KNOTS('',1,(#6112,#6113),.UNSPECIFIED.,.F.,
  .F.,(2,2),(-29.,-5.),.PIECEWISE_BEZIER_KNOTS.);
#6112 = CARTESIAN_POINT('',(4.5,-34.));
#6113 = CARTESIAN_POINT('',(4.5,-10.));
#6114 = ( GEOMETRIC_REPRESENTATION_CONTEXT(2) 
PARAMETRIC_REPRESENTATION_CONTEXT() REPRESENTATION_CONTEXT('2D SPACE',''
  ) );
#6115 = PCURVE('',#5221,#6116);
#6116 = DEFINITIONAL_REPRESENTATION('',(#6117),#6120);
#6117 = B_SPLINE_CURVE_WITH_KNOTS('',1,(#6118,#6119),.UNSPECIFIED.,.F.,
  .F.,(2,2),(-29.,-5.),.PIECEWISE_BEZIER_KNOTS.);
#6118 = CARTESIAN_POINT('',(24.,-4.5));
#6119 = CARTESIAN_POINT('',(0.,-4.5));
#6120 = ( GEOMETRIC_REPRESENTATION_CONTEXT(2) 
PARAMETRIC_REPRESENTATION_CONTEXT() REPRESENTATION_CONTEXT('2D SPACE',''
  ) );
#6121 = ORIENTED_EDGE('',*,*,#6122,.T.);
#6122 = EDGE_CURVE('',#6102,#6123,#6125,.T.);
#6123 = VERTEX_POINT('',#6124);
#6124 = CARTESIAN_POINT('',(61.7,1.7,-9.5));
#6125 = SURFACE_CURVE('',#6126,(#6130,#6136),.PCURVE_S1.);
#6126 = LINE('',#6127,#6128);
#6127 = CARTESIAN_POINT('',(61.7,1.7,-10.25));
#6128 = VECTOR('',#6129,1.);
#6129 = DIRECTION('',(0.,0.,-1.));
#6130 = PCURVE('',#2497,#6131);
#6131 = DEFINITIONAL_REPRESENTATION('',(#6132),#6135);
#6132 = B_SPLINE_CURVE_WITH_KNOTS('',1,(#6133,#6134),.UNSPECIFIED.,.F.,
  .F.,(2,2),(-10.75,-0.75),.PIECEWISE_BEZIER_KNOTS.);
#6133 = CARTESIAN_POINT('',(11.5,-18.));
#6134 = CARTESIAN_POINT('',(1.5,-18.));
#6135 = ( GEOMETRIC_REPRESENTATION_CONTEXT(2) 
PARAMETRIC_REPRESENTATION_CONTEXT() REPRESENTATION_CONTEXT('2D SPACE',''
  ) );
#6136 = PCURVE('',#6137,#6142);
#6137 = PLANE('',#6138);
#6138 = AXIS2_PLACEMENT_3D('',#6139,#6140,#6141);
#6139 = CARTESIAN_POINT('',(57.2,1.7,-9.5));
#6140 = DIRECTION('',(0.,-1.,0.));
#6141 = DIRECTION('',(0.,0.,1.));
#6142 = DEFINITIONAL_REPRESENTATION('',(#6143),#6146);
#6143 = B_SPLINE_CURVE_WITH_KNOTS('',1,(#6144,#6145),.UNSPECIFIED.,.F.,
  .F.,(2,2),(-10.75,-0.75),.PIECEWISE_BEZIER_KNOTS.);
#6144 = CARTESIAN_POINT('',(10.,-4.5));
#6145 = CARTESIAN_POINT('',(0.,-4.5));
#6146 = ( GEOMETRIC_REPRESENTATION_CONTEXT(2) 
PARAMETRIC_REPRESENTATION_CONTEXT() REPRESENTATION_CONTEXT('2D SPACE',''
  ) );
#6147 = ORIENTED_EDGE('',*,*,#6148,.T.);
#6148 = EDGE_CURVE('',#6123,#5785,#6149,.T.);
#6149 = SURFACE_CURVE('',#6150,(#6154,#6160),.PCURVE_S1.);
#6150 = LINE('',#6151,#6152);
#6151 = CARTESIAN_POINT('',(61.7,-16.3,-9.5));
#6152 = VECTOR('',#6153,1.);
#6153 = DIRECTION('',(0.,-1.,0.));
#6154 = PCURVE('',#2497,#6155);
#6155 = DEFINITIONAL_REPRESENTATION('',(#6156),#6159);
#6156 = B_SPLINE_CURVE_WITH_KNOTS('',1,(#6157,#6158),.UNSPECIFIED.,.F.,
  .F.,(2,2),(-18.,-1.2),.PIECEWISE_BEZIER_KNOTS.);
#6157 = CARTESIAN_POINT('',(1.5,-18.));
#6158 = CARTESIAN_POINT('',(1.5,-1.2));
#6159 = ( GEOMETRIC_REPRESENTATION_CONTEXT(2) 
PARAMETRIC_REPRESENTATION_CONTEXT() REPRESENTATION_CONTEXT('2D SPACE',''
  ) );
#6160 = PCURVE('',#6161,#6166);
#6161 = PLANE('',#6162);
#6162 = AXIS2_PLACEMENT_3D('',#6163,#6164,#6165);
#6163 = CARTESIAN_POINT('',(57.2,-16.3,-9.5));
#6164 = DIRECTION('',(0.,0.,1.));
#6165 = DIRECTION('',(0.,1.,0.));
#6166 = DEFINITIONAL_REPRESENTATION('',(#6167),#6170);
#6167 = B_SPLINE_CURVE_WITH_KNOTS('',1,(#6168,#6169),.UNSPECIFIED.,.F.,
  .F.,(2,2),(-18.,-1.2),.PIECEWISE_BEZIER_KNOTS.);
#6168 = CARTESIAN_POINT('',(18.,-4.5));
#6169 = CARTESIAN_POINT('',(1.2,-4.5));
#6170 = ( GEOMETRIC_REPRESENTATION_CONTEXT(2) 
PARAMETRIC_REPRESENTATION_CONTEXT() REPRESENTATION_CONTEXT('2D SPACE',''
  ) );
#6171 = FACE_BOUND('',#6172,.T.);
#6172 = EDGE_LOOP('',(#6173));
#6173 = ORIENTED_EDGE('',*,*,#6174,.T.);
#6174 = EDGE_CURVE('',#6175,#6175,#6177,.T.);
#6175 = VERTEX_POINT('',#6176);
#6176 = CARTESIAN_POINT('',(61.7,21.05,-3.5));
#6177 = SURFACE_CURVE('',#6178,(#6183,#6194),.PCURVE_S1.);
#6178 = CIRCLE('',#6179,1.35);
#6179 = AXIS2_PLACEMENT_3D('',#6180,#6181,#6182);
#6180 = CARTESIAN_POINT('',(61.7,19.7,-3.5));
#6181 = DIRECTION('',(-1.,1.110223024625E-16,-1.232595164408E-32));
#6182 = DIRECTION('',(1.110223024625E-16,1.,-1.110223024625E-16));
#6183 = PCURVE('',#2497,#6184);
#6184 = DEFINITIONAL_REPRESENTATION('',(#6185),#6193);
#6185 = ( BOUNDED_CURVE() B_SPLINE_CURVE(2,(#6186,#6187,#6188,#6189,
#6190,#6191,#6192),.UNSPECIFIED.,.T.,.F.) B_SPLINE_CURVE_WITH_KNOTS((1,2
    ,2,2,2,1),(-2.094395102393,0.,2.094395102393,4.188790204786,
6.28318530718,8.377580409573),.UNSPECIFIED.) CURVE() 
GEOMETRIC_REPRESENTATION_ITEM() RATIONAL_B_SPLINE_CURVE((1.,0.5,1.,0.5,
1.,0.5,1.)) REPRESENTATION_ITEM('') );
#6186 = CARTESIAN_POINT('',(7.5,-37.35));
#6187 = CARTESIAN_POINT('',(5.161731409782,-37.35));
#6188 = CARTESIAN_POINT('',(6.330865704891,-35.325));
#6189 = CARTESIAN_POINT('',(7.5,-33.3));
#6190 = CARTESIAN_POINT('',(8.669134295109,-35.325));
#6191 = CARTESIAN_POINT('',(9.838268590218,-37.35));
#6192 = CARTESIAN_POINT('',(7.5,-37.35));
#6193 = ( GEOMETRIC_REPRESENTATION_CONTEXT(2) 
PARAMETRIC_REPRESENTATION_CONTEXT() REPRESENTATION_CONTEXT('2D SPACE',''
  ) );
#6194 = PCURVE('',#2319,#6195);
#6195 = DEFINITIONAL_REPRESENTATION('',(#6196),#6200);
#6196 = LINE('',#6197,#6198);
#6197 = CARTESIAN_POINT('',(-6.28318530718,-6.2));
#6198 = VECTOR('',#6199,1.);
#6199 = DIRECTION('',(1.,-0.));
#6200 = ( GEOMETRIC_REPRESENTATION_CONTEXT(2) 
PARAMETRIC_REPRESENTATION_CONTEXT() REPRESENTATION_CONTEXT('2D SPACE',''
  ) );
#6201 = FACE_BOUND('',#6202,.T.);
#6202 = EDGE_LOOP('',(#6203));
#6203 = ORIENTED_EDGE('',*,*,#6204,.T.);
#6204 = EDGE_CURVE('',#6205,#6205,#6207,.T.);
#6205 = VERTEX_POINT('',#6206);
#6206 = CARTESIAN_POINT('',(61.7,21.05,3.5));
#6207 = SURFACE_CURVE('',#6208,(#6213,#6224),.PCURVE_S1.);
#6208 = CIRCLE('',#6209,1.35);
#6209 = AXIS2_PLACEMENT_3D('',#6210,#6211,#6212);
#6210 = CARTESIAN_POINT('',(61.7,19.7,3.5));
#6211 = DIRECTION('',(-1.,1.110223024625E-16,-1.232595164408E-32));
#6212 = DIRECTION('',(1.110223024625E-16,1.,-1.110223024625E-16));
#6213 = PCURVE('',#2497,#6214);
#6214 = DEFINITIONAL_REPRESENTATION('',(#6215),#6223);
#6215 = ( BOUNDED_CURVE() B_SPLINE_CURVE(2,(#6216,#6217,#6218,#6219,
#6220,#6221,#6222),.UNSPECIFIED.,.T.,.F.) B_SPLINE_CURVE_WITH_KNOTS((1,2
    ,2,2,2,1),(-2.094395102393,0.,2.094395102393,4.188790204786,
6.28318530718,8.377580409573),.UNSPECIFIED.) CURVE() 
GEOMETRIC_REPRESENTATION_ITEM() RATIONAL_B_SPLINE_CURVE((1.,0.5,1.,0.5,
1.,0.5,1.)) REPRESENTATION_ITEM('') );
#6216 = CARTESIAN_POINT('',(14.5,-37.35));
#6217 = CARTESIAN_POINT('',(12.161731409782,-37.35));
#6218 = CARTESIAN_POINT('',(13.330865704891,-35.325));
#6219 = CARTESIAN_POINT('',(14.5,-33.3));
#6220 = CARTESIAN_POINT('',(15.669134295109,-35.325));
#6221 = CARTESIAN_POINT('',(16.838268590218,-37.35));
#6222 = CARTESIAN_POINT('',(14.5,-37.35));
#6223 = ( GEOMETRIC_REPRESENTATION_CONTEXT(2) 
PARAMETRIC_REPRESENTATION_CONTEXT() REPRESENTATION_CONTEXT('2D SPACE',''
  ) );
#6224 = PCURVE('',#2225,#6225);
#6225 = DEFINITIONAL_REPRESENTATION('',(#6226),#6230);
#6226 = LINE('',#6227,#6228);
#6227 = CARTESIAN_POINT('',(-6.28318530718,-6.2));
#6228 = VECTOR('',#6229,1.);
#6229 = DIRECTION('',(1.,-0.));
#6230 = ( GEOMETRIC_REPRESENTATION_CONTEXT(2) 
PARAMETRIC_REPRESENTATION_CONTEXT() REPRESENTATION_CONTEXT('2D SPACE',''
  ) );
#6231 = FACE_BOUND('',#6232,.T.);
#6232 = EDGE_LOOP('',(#6233));
#6233 = ORIENTED_EDGE('',*,*,#6234,.T.);
#6234 = EDGE_CURVE('',#6235,#6235,#6237,.T.);
#6235 = VERTEX_POINT('',#6236);
#6236 = CARTESIAN_POINT('',(61.7,-6.95,3.5));
#6237 = SURFACE_CURVE('',#6238,(#6243,#6254),.PCURVE_S1.);
#6238 = CIRCLE('',#6239,1.35);
#6239 = AXIS2_PLACEMENT_3D('',#6240,#6241,#6242);
#6240 = CARTESIAN_POINT('',(61.7,-8.3,3.5));
#6241 = DIRECTION('',(-1.,1.110223024625E-16,-1.232595164408E-32));
#6242 = DIRECTION('',(1.110223024625E-16,1.,-1.110223024625E-16));
#6243 = PCURVE('',#2497,#6244);
#6244 = DEFINITIONAL_REPRESENTATION('',(#6245),#6253);
#6245 = ( BOUNDED_CURVE() B_SPLINE_CURVE(2,(#6246,#6247,#6248,#6249,
#6250,#6251,#6252),.UNSPECIFIED.,.T.,.F.) B_SPLINE_CURVE_WITH_KNOTS((1,2
    ,2,2,2,1),(-2.094395102393,0.,2.094395102393,4.188790204786,
6.28318530718,8.377580409573),.UNSPECIFIED.) CURVE() 
GEOMETRIC_REPRESENTATION_ITEM() RATIONAL_B_SPLINE_CURVE((1.,0.5,1.,0.5,
1.,0.5,1.)) REPRESENTATION_ITEM('') );
#6246 = CARTESIAN_POINT('',(14.5,-9.35));
#6247 = CARTESIAN_POINT('',(12.161731409782,-9.35));
#6248 = CARTESIAN_POINT('',(13.330865704891,-7.325));
#6249 = CARTESIAN_POINT('',(14.5,-5.3));
#6250 = CARTESIAN_POINT('',(15.669134295109,-7.325));
#6251 = CARTESIAN_POINT('',(16.838268590218,-9.35));
#6252 = CARTESIAN_POINT('',(14.5,-9.35));
#6253 = ( GEOMETRIC_REPRESENTATION_CONTEXT(2) 
PARAMETRIC_REPRESENTATION_CONTEXT() REPRESENTATION_CONTEXT('2D SPACE',''
  ) );
#6254 = PCURVE('',#6255,#6260);
#6255 = CYLINDRICAL_SURFACE('',#6256,1.35);
#6256 = AXIS2_PLACEMENT_3D('',#6257,#6258,#6259);
#6257 = CARTESIAN_POINT('',(55.5,-8.3,3.5));
#6258 = DIRECTION('',(-1.,1.110223024625E-16,-1.232595164408E-32));
#6259 = DIRECTION('',(1.110223024625E-16,1.,-1.110223024625E-16));
#6260 = DEFINITIONAL_REPRESENTATION('',(#6261),#6265);
#6261 = LINE('',#6262,#6263);
#6262 = CARTESIAN_POINT('',(-6.28318530718,-6.2));
#6263 = VECTOR('',#6264,1.);
#6264 = DIRECTION('',(1.,-0.));
#6265 = ( GEOMETRIC_REPRESENTATION_CONTEXT(2) 
PARAMETRIC_REPRESENTATION_CONTEXT() REPRESENTATION_CONTEXT('2D SPACE',''
  ) );
#6266 = ADVANCED_FACE('',(#6267),#2470,.T.);
#6267 = FACE_BOUND('',#6268,.T.);
#6268 = EDGE_LOOP('',(#6269,#6270,#6293,#6320));
#6269 = ORIENTED_EDGE('',*,*,#2453,.T.);
#6270 = ORIENTED_EDGE('',*,*,#6271,.T.);
#6271 = EDGE_CURVE('',#2428,#6272,#6274,.T.);
#6272 = VERTEX_POINT('',#6273);
#6273 = CARTESIAN_POINT('',(60.5,26.5,-11.));
#6274 = SURFACE_CURVE('',#6275,(#6279,#6286),.PCURVE_S1.);
#6275 = LINE('',#6276,#6277);
#6276 = CARTESIAN_POINT('',(60.5,-16.3,-11.));
#6277 = VECTOR('',#6278,1.);
#6278 = DIRECTION('',(0.,1.,0.));
#6279 = PCURVE('',#2470,#6280);
#6280 = DEFINITIONAL_REPRESENTATION('',(#6281),#6285);
#6281 = LINE('',#6282,#6283);
#6282 = CARTESIAN_POINT('',(1.570796326795,0.));
#6283 = VECTOR('',#6284,1.);
#6284 = DIRECTION('',(0.,1.));
#6285 = ( GEOMETRIC_REPRESENTATION_CONTEXT(2) 
PARAMETRIC_REPRESENTATION_CONTEXT() REPRESENTATION_CONTEXT('2D SPACE',''
  ) );
#6286 = PCURVE('',#2442,#6287);
#6287 = DEFINITIONAL_REPRESENTATION('',(#6288),#6292);
#6288 = LINE('',#6289,#6290);
#6289 = CARTESIAN_POINT('',(1.8,0.));
#6290 = VECTOR('',#6291,1.);
#6291 = DIRECTION('',(0.,1.));
#6292 = ( GEOMETRIC_REPRESENTATION_CONTEXT(2) 
PARAMETRIC_REPRESENTATION_CONTEXT() REPRESENTATION_CONTEXT('2D SPACE',''
  ) );
#6293 = ORIENTED_EDGE('',*,*,#6294,.T.);
#6294 = EDGE_CURVE('',#6272,#5837,#6295,.T.);
#6295 = SURFACE_CURVE('',#6296,(#6301,#6308),.PCURVE_S1.);
#6296 = CIRCLE('',#6297,1.2);
#6297 = AXIS2_PLACEMENT_3D('',#6298,#6299,#6300);
#6298 = CARTESIAN_POINT('',(60.5,26.5,-9.8));
#6299 = DIRECTION('',(2.960594732334E-15,-1.,0.));
#6300 = DIRECTION('',(1.,2.960594732334E-15,0.));
#6301 = PCURVE('',#2470,#6302);
#6302 = DEFINITIONAL_REPRESENTATION('',(#6303),#6307);
#6303 = LINE('',#6304,#6305);
#6304 = CARTESIAN_POINT('',(6.28318530718,42.8));
#6305 = VECTOR('',#6306,1.);
#6306 = DIRECTION('',(-1.,-0.));
#6307 = ( GEOMETRIC_REPRESENTATION_CONTEXT(2) 
PARAMETRIC_REPRESENTATION_CONTEXT() REPRESENTATION_CONTEXT('2D SPACE',''
  ) );
#6308 = PCURVE('',#6309,#6314);
#6309 = SPHERICAL_SURFACE('',#6310,1.2);
#6310 = AXIS2_PLACEMENT_3D('',#6311,#6312,#6313);
#6311 = CARTESIAN_POINT('',(60.5,26.5,-9.8));
#6312 = DIRECTION('',(0.,0.,1.));
#6313 = DIRECTION('',(1.,2.960594732334E-15,-0.));
#6314 = DEFINITIONAL_REPRESENTATION('',(#6315),#6319);
#6315 = LINE('',#6316,#6317);
#6316 = CARTESIAN_POINT('',(0.,-6.28318530718));
#6317 = VECTOR('',#6318,1.);
#6318 = DIRECTION('',(0.,1.));
#6319 = ( GEOMETRIC_REPRESENTATION_CONTEXT(2) 
PARAMETRIC_REPRESENTATION_CONTEXT() REPRESENTATION_CONTEXT('2D SPACE',''
  ) );
#6320 = ORIENTED_EDGE('',*,*,#5836,.F.);
#6321 = ADVANCED_FACE('',(#6322),#2442,.F.);
#6322 = FACE_BOUND('',#6323,.F.);
#6323 = EDGE_LOOP('',(#6324,#6347,#6348,#6349));
#6324 = ORIENTED_EDGE('',*,*,#6325,.F.);
#6325 = EDGE_CURVE('',#2399,#6326,#6328,.T.);
#6326 = VERTEX_POINT('',#6327);
#6327 = CARTESIAN_POINT('',(59.9,26.5,-11.));
#6328 = SURFACE_CURVE('',#6329,(#6333,#6340),.PCURVE_S1.);
#6329 = LINE('',#6330,#6331);
#6330 = CARTESIAN_POINT('',(59.9,-16.3,-11.));
#6331 = VECTOR('',#6332,1.);
#6332 = DIRECTION('',(0.,1.,0.));
#6333 = PCURVE('',#2442,#6334);
#6334 = DEFINITIONAL_REPRESENTATION('',(#6335),#6339);
#6335 = LINE('',#6336,#6337);
#6336 = CARTESIAN_POINT('',(1.2,0.));
#6337 = VECTOR('',#6338,1.);
#6338 = DIRECTION('',(0.,1.));
#6339 = ( GEOMETRIC_REPRESENTATION_CONTEXT(2) 
PARAMETRIC_REPRESENTATION_CONTEXT() REPRESENTATION_CONTEXT('2D SPACE',''
  ) );
#6340 = PCURVE('',#2415,#6341);
#6341 = DEFINITIONAL_REPRESENTATION('',(#6342),#6346);
#6342 = LINE('',#6343,#6344);
#6343 = CARTESIAN_POINT('',(-1.570796326795,0.));
#6344 = VECTOR('',#6345,1.);
#6345 = DIRECTION('',(-0.,1.));
#6346 = ( GEOMETRIC_REPRESENTATION_CONTEXT(2) 
PARAMETRIC_REPRESENTATION_CONTEXT() REPRESENTATION_CONTEXT('2D SPACE',''
  ) );
#6347 = ORIENTED_EDGE('',*,*,#2427,.T.);
#6348 = ORIENTED_EDGE('',*,*,#6271,.T.);
#6349 = ORIENTED_EDGE('',*,*,#6350,.F.);
#6350 = EDGE_CURVE('',#6326,#6272,#6351,.T.);
#6351 = SURFACE_CURVE('',#6352,(#6356,#6363),.PCURVE_S1.);
#6352 = LINE('',#6353,#6354);
#6353 = CARTESIAN_POINT('',(58.7,26.5,-11.));
#6354 = VECTOR('',#6355,1.);
#6355 = DIRECTION('',(1.,0.,0.));
#6356 = PCURVE('',#2442,#6357);
#6357 = DEFINITIONAL_REPRESENTATION('',(#6358),#6362);
#6358 = LINE('',#6359,#6360);
#6359 = CARTESIAN_POINT('',(0.,42.8));
#6360 = VECTOR('',#6361,1.);
#6361 = DIRECTION('',(1.,0.));
#6362 = ( GEOMETRIC_REPRESENTATION_CONTEXT(2) 
PARAMETRIC_REPRESENTATION_CONTEXT() REPRESENTATION_CONTEXT('2D SPACE',''
  ) );
#6363 = PCURVE('',#6364,#6369);
#6364 = CYLINDRICAL_SURFACE('',#6365,1.2);
#6365 = AXIS2_PLACEMENT_3D('',#6366,#6367,#6368);
#6366 = CARTESIAN_POINT('',(58.7,26.5,-9.8));
#6367 = DIRECTION('',(1.,0.,0.));
#6368 = DIRECTION('',(-0.,1.,0.));
#6369 = DEFINITIONAL_REPRESENTATION('',(#6370),#6374);
#6370 = LINE('',#6371,#6372);
#6371 = CARTESIAN_POINT('',(-1.570796326795,0.));
#6372 = VECTOR('',#6373,1.);
#6373 = DIRECTION('',(-0.,1.));
#6374 = ( GEOMETRIC_REPRESENTATION_CONTEXT(2) 
PARAMETRIC_REPRESENTATION_CONTEXT() REPRESENTATION_CONTEXT('2D SPACE',''
  ) );
#6375 = ADVANCED_FACE('',(#6376),#2415,.T.);
#6376 = FACE_BOUND('',#6377,.F.);
#6377 = EDGE_LOOP('',(#6378,#6379,#6380,#6409));
#6378 = ORIENTED_EDGE('',*,*,#2398,.F.);
#6379 = ORIENTED_EDGE('',*,*,#6325,.T.);
#6380 = ORIENTED_EDGE('',*,*,#6381,.T.);
#6381 = EDGE_CURVE('',#6326,#6382,#6384,.T.);
#6382 = VERTEX_POINT('',#6383);
#6383 = CARTESIAN_POINT('',(58.7,26.5,-9.8));
#6384 = SURFACE_CURVE('',#6385,(#6390,#6397),.PCURVE_S1.);
#6385 = CIRCLE('',#6386,1.2);
#6386 = AXIS2_PLACEMENT_3D('',#6387,#6388,#6389);
#6387 = CARTESIAN_POINT('',(59.9,26.5,-9.8));
#6388 = DIRECTION('',(2.960594732334E-15,1.,-0.));
#6389 = DIRECTION('',(-1.,2.960594732334E-15,0.));
#6390 = PCURVE('',#2415,#6391);
#6391 = DEFINITIONAL_REPRESENTATION('',(#6392),#6396);
#6392 = LINE('',#6393,#6394);
#6393 = CARTESIAN_POINT('',(-6.28318530718,42.8));
#6394 = VECTOR('',#6395,1.);
#6395 = DIRECTION('',(1.,-0.));
#6396 = ( GEOMETRIC_REPRESENTATION_CONTEXT(2) 
PARAMETRIC_REPRESENTATION_CONTEXT() REPRESENTATION_CONTEXT('2D SPACE',''
  ) );
#6397 = PCURVE('',#6398,#6403);
#6398 = SPHERICAL_SURFACE('',#6399,1.2);
#6399 = AXIS2_PLACEMENT_3D('',#6400,#6401,#6402);
#6400 = CARTESIAN_POINT('',(59.9,26.5,-9.8));
#6401 = DIRECTION('',(0.,0.,1.));
#6402 = DIRECTION('',(-1.,2.960594732334E-15,0.));
#6403 = DEFINITIONAL_REPRESENTATION('',(#6404),#6408);
#6404 = LINE('',#6405,#6406);
#6405 = CARTESIAN_POINT('',(-0.,-6.28318530718));
#6406 = VECTOR('',#6407,1.);
#6407 = DIRECTION('',(-0.,1.));
#6408 = ( GEOMETRIC_REPRESENTATION_CONTEXT(2) 
PARAMETRIC_REPRESENTATION_CONTEXT() REPRESENTATION_CONTEXT('2D SPACE',''
  ) );
#6409 = ORIENTED_EDGE('',*,*,#6410,.F.);
#6410 = EDGE_CURVE('',#2378,#6382,#6411,.T.);
#6411 = SURFACE_CURVE('',#6412,(#6416,#6423),.PCURVE_S1.);
#6412 = LINE('',#6413,#6414);
#6413 = CARTESIAN_POINT('',(58.7,-16.3,-9.8));
#6414 = VECTOR('',#6415,1.);
#6415 = DIRECTION('',(0.,1.,0.));
#6416 = PCURVE('',#2415,#6417);
#6417 = DEFINITIONAL_REPRESENTATION('',(#6418),#6422);
#6418 = LINE('',#6419,#6420);
#6419 = CARTESIAN_POINT('',(-0.,0.));
#6420 = VECTOR('',#6421,1.);
#6421 = DIRECTION('',(-0.,1.));
#6422 = ( GEOMETRIC_REPRESENTATION_CONTEXT(2) 
PARAMETRIC_REPRESENTATION_CONTEXT() REPRESENTATION_CONTEXT('2D SPACE',''
  ) );
#6423 = PCURVE('',#2199,#6424);
#6424 = DEFINITIONAL_REPRESENTATION('',(#6425),#6429);
#6425 = LINE('',#6426,#6427);
#6426 = CARTESIAN_POINT('',(1.2,0.));
#6427 = VECTOR('',#6428,1.);
#6428 = DIRECTION('',(0.,-1.));
#6429 = ( GEOMETRIC_REPRESENTATION_CONTEXT(2) 
PARAMETRIC_REPRESENTATION_CONTEXT() REPRESENTATION_CONTEXT('2D SPACE',''
  ) );
#6430 = ADVANCED_FACE('',(#6431),#2199,.F.);
#6431 = FACE_BOUND('',#6432,.F.);
#6432 = EDGE_LOOP('',(#6433,#6434,#6435,#6463,#6484,#6485,#6513,#6539,
    #6540,#6568));
#6433 = ORIENTED_EDGE('',*,*,#2377,.T.);
#6434 = ORIENTED_EDGE('',*,*,#6410,.T.);
#6435 = ORIENTED_EDGE('',*,*,#6436,.T.);
#6436 = EDGE_CURVE('',#6382,#6437,#6439,.T.);
#6437 = VERTEX_POINT('',#6438);
#6438 = CARTESIAN_POINT('',(58.7,26.5,9.8));
#6439 = SURFACE_CURVE('',#6440,(#6444,#6451),.PCURVE_S1.);
#6440 = LINE('',#6441,#6442);
#6441 = CARTESIAN_POINT('',(58.7,26.5,-11.));
#6442 = VECTOR('',#6443,1.);
#6443 = DIRECTION('',(0.,0.,1.));
#6444 = PCURVE('',#2199,#6445);
#6445 = DEFINITIONAL_REPRESENTATION('',(#6446),#6450);
#6446 = LINE('',#6447,#6448);
#6447 = CARTESIAN_POINT('',(0.,-42.8));
#6448 = VECTOR('',#6449,1.);
#6449 = DIRECTION('',(1.,0.));
#6450 = ( GEOMETRIC_REPRESENTATION_CONTEXT(2) 
PARAMETRIC_REPRESENTATION_CONTEXT() REPRESENTATION_CONTEXT('2D SPACE',''
  ) );
#6451 = PCURVE('',#6452,#6457);
#6452 = CYLINDRICAL_SURFACE('',#6453,1.2);
#6453 = AXIS2_PLACEMENT_3D('',#6454,#6455,#6456);
#6454 = CARTESIAN_POINT('',(59.9,26.5,-11.));
#6455 = DIRECTION('',(0.,0.,1.));
#6456 = DIRECTION('',(-1.,-0.,0.));
#6457 = DEFINITIONAL_REPRESENTATION('',(#6458),#6462);
#6458 = LINE('',#6459,#6460);
#6459 = CARTESIAN_POINT('',(-0.,0.));
#6460 = VECTOR('',#6461,1.);
#6461 = DIRECTION('',(-0.,1.));
#6462 = ( GEOMETRIC_REPRESENTATION_CONTEXT(2) 
PARAMETRIC_REPRESENTATION_CONTEXT() REPRESENTATION_CONTEXT('2D SPACE',''
  ) );
#6463 = ORIENTED_EDGE('',*,*,#6464,.F.);
#6464 = EDGE_CURVE('',#2156,#6437,#6465,.T.);
#6465 = SURFACE_CURVE('',#6466,(#6470,#6477),.PCURVE_S1.);
#6466 = LINE('',#6467,#6468);
#6467 = CARTESIAN_POINT('',(58.7,-16.3,9.8));
#6468 = VECTOR('',#6469,1.);
#6469 = DIRECTION('',(0.,1.,0.));
#6470 = PCURVE('',#2199,#6471);
#6471 = DEFINITIONAL_REPRESENTATION('',(#6472),#6476);
#6472 = LINE('',#6473,#6474);
#6473 = CARTESIAN_POINT('',(20.8,0.));
#6474 = VECTOR('',#6475,1.);
#6475 = DIRECTION('',(0.,-1.));
#6476 = ( GEOMETRIC_REPRESENTATION_CONTEXT(2) 
PARAMETRIC_REPRESENTATION_CONTEXT() REPRESENTATION_CONTEXT('2D SPACE',''
  ) );
#6477 = PCURVE('',#2172,#6478);
#6478 = DEFINITIONAL_REPRESENTATION('',(#6479),#6483);
#6479 = LINE('',#6480,#6481);
#6480 = CARTESIAN_POINT('',(0.,0.));
#6481 = VECTOR('',#6482,1.);
#6482 = DIRECTION('',(0.,1.));
#6483 = ( GEOMETRIC_REPRESENTATION_CONTEXT(2) 
PARAMETRIC_REPRESENTATION_CONTEXT() REPRESENTATION_CONTEXT('2D SPACE',''
  ) );
#6484 = ORIENTED_EDGE('',*,*,#2184,.T.);
#6485 = ORIENTED_EDGE('',*,*,#6486,.T.);
#6486 = EDGE_CURVE('',#2185,#6487,#6489,.T.);
#6487 = VERTEX_POINT('',#6488);
#6488 = CARTESIAN_POINT('',(58.7,21.05,3.5));
#6489 = SURFACE_CURVE('',#6490,(#6495,#6506),.PCURVE_S1.);
#6490 = CIRCLE('',#6491,1.35);
#6491 = AXIS2_PLACEMENT_3D('',#6492,#6493,#6494);
#6492 = CARTESIAN_POINT('',(58.7,19.7,3.5));
#6493 = DIRECTION('',(-1.,1.110223024625E-16,-1.232595164408E-32));
#6494 = DIRECTION('',(1.110223024625E-16,1.,-1.110223024625E-16));
#6495 = PCURVE('',#2199,#6496);
#6496 = DEFINITIONAL_REPRESENTATION('',(#6497),#6505);
#6497 = ( BOUNDED_CURVE() B_SPLINE_CURVE(2,(#6498,#6499,#6500,#6501,
#6502,#6503,#6504),.UNSPECIFIED.,.T.,.F.) B_SPLINE_CURVE_WITH_KNOTS((1,2
    ,2,2,2,1),(-2.094395102393,0.,2.094395102393,4.188790204786,
6.28318530718,8.377580409573),.UNSPECIFIED.) CURVE() 
GEOMETRIC_REPRESENTATION_ITEM() RATIONAL_B_SPLINE_CURVE((1.,0.5,1.,0.5,
1.,0.5,1.)) REPRESENTATION_ITEM('') );
#6498 = CARTESIAN_POINT('',(14.5,-37.35));
#6499 = CARTESIAN_POINT('',(12.161731409782,-37.35));
#6500 = CARTESIAN_POINT('',(13.330865704891,-35.325));
#6501 = CARTESIAN_POINT('',(14.5,-33.3));
#6502 = CARTESIAN_POINT('',(15.669134295109,-35.325));
#6503 = CARTESIAN_POINT('',(16.838268590218,-37.35));
#6504 = CARTESIAN_POINT('',(14.5,-37.35));
#6505 = ( GEOMETRIC_REPRESENTATION_CONTEXT(2) 
PARAMETRIC_REPRESENTATION_CONTEXT() REPRESENTATION_CONTEXT('2D SPACE',''
  ) );
#6506 = PCURVE('',#2225,#6507);
#6507 = DEFINITIONAL_REPRESENTATION('',(#6508),#6512);
#6508 = LINE('',#6509,#6510);
#6509 = CARTESIAN_POINT('',(-6.28318530718,-3.2));
#6510 = VECTOR('',#6511,1.);
#6511 = DIRECTION('',(1.,-0.));
#6512 = ( GEOMETRIC_REPRESENTATION_CONTEXT(2) 
PARAMETRIC_REPRESENTATION_CONTEXT() REPRESENTATION_CONTEXT('2D SPACE',''
  ) );
#6513 = ORIENTED_EDGE('',*,*,#6514,.T.);
#6514 = EDGE_CURVE('',#6487,#2263,#6515,.T.);
#6515 = SURFACE_CURVE('',#6516,(#6521,#6532),.PCURVE_S1.);
#6516 = CIRCLE('',#6517,1.35);
#6517 = AXIS2_PLACEMENT_3D('',#6518,#6519,#6520);
#6518 = CARTESIAN_POINT('',(58.7,19.7,3.5));
#6519 = DIRECTION('',(-1.,1.110223024625E-16,-1.232595164408E-32));
#6520 = DIRECTION('',(1.110223024625E-16,1.,-1.110223024625E-16));
#6521 = PCURVE('',#2199,#6522);
#6522 = DEFINITIONAL_REPRESENTATION('',(#6523),#6531);
#6523 = ( BOUNDED_CURVE() B_SPLINE_CURVE(2,(#6524,#6525,#6526,#6527,
#6528,#6529,#6530),.UNSPECIFIED.,.T.,.F.) B_SPLINE_CURVE_WITH_KNOTS((1,2
    ,2,2,2,1),(-2.094395102393,0.,2.094395102393,4.188790204786,
6.28318530718,8.377580409573),.UNSPECIFIED.) CURVE() 
GEOMETRIC_REPRESENTATION_ITEM() RATIONAL_B_SPLINE_CURVE((1.,0.5,1.,0.5,
1.,0.5,1.)) REPRESENTATION_ITEM('') );
#6524 = CARTESIAN_POINT('',(14.5,-37.35));
#6525 = CARTESIAN_POINT('',(12.161731409782,-37.35));
#6526 = CARTESIAN_POINT('',(13.330865704891,-35.325));
#6527 = CARTESIAN_POINT('',(14.5,-33.3));
#6528 = CARTESIAN_POINT('',(15.669134295109,-35.325));
#6529 = CARTESIAN_POINT('',(16.838268590218,-37.35));
#6530 = CARTESIAN_POINT('',(14.5,-37.35));
#6531 = ( GEOMETRIC_REPRESENTATION_CONTEXT(2) 
PARAMETRIC_REPRESENTATION_CONTEXT() REPRESENTATION_CONTEXT('2D SPACE',''
  ) );
#6532 = PCURVE('',#2225,#6533);
#6533 = DEFINITIONAL_REPRESENTATION('',(#6534),#6538);
#6534 = LINE('',#6535,#6536);
#6535 = CARTESIAN_POINT('',(-6.28318530718,-3.2));
#6536 = VECTOR('',#6537,1.);
#6537 = DIRECTION('',(1.,-0.));
#6538 = ( GEOMETRIC_REPRESENTATION_CONTEXT(2) 
PARAMETRIC_REPRESENTATION_CONTEXT() REPRESENTATION_CONTEXT('2D SPACE',''
  ) );
#6539 = ORIENTED_EDGE('',*,*,#2283,.T.);
#6540 = ORIENTED_EDGE('',*,*,#6541,.T.);
#6541 = EDGE_CURVE('',#2284,#6542,#6544,.T.);
#6542 = VERTEX_POINT('',#6543);
#6543 = CARTESIAN_POINT('',(58.7,21.05,-3.5));
#6544 = SURFACE_CURVE('',#6545,(#6550,#6561),.PCURVE_S1.);
#6545 = CIRCLE('',#6546,1.35);
#6546 = AXIS2_PLACEMENT_3D('',#6547,#6548,#6549);
#6547 = CARTESIAN_POINT('',(58.7,19.7,-3.5));
#6548 = DIRECTION('',(-1.,1.110223024625E-16,-1.232595164408E-32));
#6549 = DIRECTION('',(1.110223024625E-16,1.,-1.110223024625E-16));
#6550 = PCURVE('',#2199,#6551);
#6551 = DEFINITIONAL_REPRESENTATION('',(#6552),#6560);
#6552 = ( BOUNDED_CURVE() B_SPLINE_CURVE(2,(#6553,#6554,#6555,#6556,
#6557,#6558,#6559),.UNSPECIFIED.,.T.,.F.) B_SPLINE_CURVE_WITH_KNOTS((1,2
    ,2,2,2,1),(-2.094395102393,0.,2.094395102393,4.188790204786,
6.28318530718,8.377580409573),.UNSPECIFIED.) CURVE() 
GEOMETRIC_REPRESENTATION_ITEM() RATIONAL_B_SPLINE_CURVE((1.,0.5,1.,0.5,
1.,0.5,1.)) REPRESENTATION_ITEM('') );
#6553 = CARTESIAN_POINT('',(7.5,-37.35));
#6554 = CARTESIAN_POINT('',(5.161731409782,-37.35));
#6555 = CARTESIAN_POINT('',(6.330865704891,-35.325));
#6556 = CARTESIAN_POINT('',(7.5,-33.3));
#6557 = CARTESIAN_POINT('',(8.669134295109,-35.325));
#6558 = CARTESIAN_POINT('',(9.838268590218,-37.35));
#6559 = CARTESIAN_POINT('',(7.5,-37.35));
#6560 = ( GEOMETRIC_REPRESENTATION_CONTEXT(2) 
PARAMETRIC_REPRESENTATION_CONTEXT() REPRESENTATION_CONTEXT('2D SPACE',''
  ) );
#6561 = PCURVE('',#2319,#6562);
#6562 = DEFINITIONAL_REPRESENTATION('',(#6563),#6567);
#6563 = LINE('',#6564,#6565);
#6564 = CARTESIAN_POINT('',(-6.28318530718,-3.2));
#6565 = VECTOR('',#6566,1.);
#6566 = DIRECTION('',(1.,-0.));
#6567 = ( GEOMETRIC_REPRESENTATION_CONTEXT(2) 
PARAMETRIC_REPRESENTATION_CONTEXT() REPRESENTATION_CONTEXT('2D SPACE',''
  ) );
#6568 = ORIENTED_EDGE('',*,*,#6569,.T.);
#6569 = EDGE_CURVE('',#6542,#2357,#6570,.T.);
#6570 = SURFACE_CURVE('',#6571,(#6576,#6587),.PCURVE_S1.);
#6571 = CIRCLE('',#6572,1.35);
#6572 = AXIS2_PLACEMENT_3D('',#6573,#6574,#6575);
#6573 = CARTESIAN_POINT('',(58.7,19.7,-3.5));
#6574 = DIRECTION('',(-1.,1.110223024625E-16,-1.232595164408E-32));
#6575 = DIRECTION('',(1.110223024625E-16,1.,-1.110223024625E-16));
#6576 = PCURVE('',#2199,#6577);
#6577 = DEFINITIONAL_REPRESENTATION('',(#6578),#6586);
#6578 = ( BOUNDED_CURVE() B_SPLINE_CURVE(2,(#6579,#6580,#6581,#6582,
#6583,#6584,#6585),.UNSPECIFIED.,.T.,.F.) B_SPLINE_CURVE_WITH_KNOTS((1,2
    ,2,2,2,1),(-2.094395102393,0.,2.094395102393,4.188790204786,
6.28318530718,8.377580409573),.UNSPECIFIED.) CURVE() 
GEOMETRIC_REPRESENTATION_ITEM() RATIONAL_B_SPLINE_CURVE((1.,0.5,1.,0.5,
1.,0.5,1.)) REPRESENTATION_ITEM('') );
#6579 = CARTESIAN_POINT('',(7.5,-37.35));
#6580 = CARTESIAN_POINT('',(5.161731409782,-37.35));
#6581 = CARTESIAN_POINT('',(6.330865704891,-35.325));
#6582 = CARTESIAN_POINT('',(7.5,-33.3));
#6583 = CARTESIAN_POINT('',(8.669134295109,-35.325));
#6584 = CARTESIAN_POINT('',(9.838268590218,-37.35));
#6585 = CARTESIAN_POINT('',(7.5,-37.35));
#6586 = ( GEOMETRIC_REPRESENTATION_CONTEXT(2) 
PARAMETRIC_REPRESENTATION_CONTEXT() REPRESENTATION_CONTEXT('2D SPACE',''
  ) );
#6587 = PCURVE('',#2319,#6588);
#6588 = DEFINITIONAL_REPRESENTATION('',(#6589),#6593);
#6589 = LINE('',#6590,#6591);
#6590 = CARTESIAN_POINT('',(-6.28318530718,-3.2));
#6591 = VECTOR('',#6592,1.);
#6592 = DIRECTION('',(1.,-0.));
#6593 = ( GEOMETRIC_REPRESENTATION_CONTEXT(2) 
PARAMETRIC_REPRESENTATION_CONTEXT() REPRESENTATION_CONTEXT('2D SPACE',''
  ) );
#6594 = ADVANCED_FACE('',(#6595),#2319,.F.);
#6595 = FACE_BOUND('',#6596,.T.);
#6596 = EDGE_LOOP('',(#6597,#6618,#6619,#6620,#6646,#6647,#6648,#6649));
#6597 = ORIENTED_EDGE('',*,*,#6598,.F.);
#6598 = EDGE_CURVE('',#6542,#6175,#6599,.T.);
#6599 = SEAM_CURVE('',#6600,(#6604,#6611),.PCURVE_S1.);
#6600 = LINE('',#6601,#6602);
#6601 = CARTESIAN_POINT('',(55.5,21.05,-3.5));
#6602 = VECTOR('',#6603,1.);
#6603 = DIRECTION('',(1.,-1.110223024625E-16,1.232595164408E-32));
#6604 = PCURVE('',#2319,#6605);
#6605 = DEFINITIONAL_REPRESENTATION('',(#6606),#6610);
#6606 = LINE('',#6607,#6608);
#6607 = CARTESIAN_POINT('',(-6.28318530718,0.));
#6608 = VECTOR('',#6609,1.);
#6609 = DIRECTION('',(-0.,-1.));
#6610 = ( GEOMETRIC_REPRESENTATION_CONTEXT(2) 
PARAMETRIC_REPRESENTATION_CONTEXT() REPRESENTATION_CONTEXT('2D SPACE',''
  ) );
#6611 = PCURVE('',#2319,#6612);
#6612 = DEFINITIONAL_REPRESENTATION('',(#6613),#6617);
#6613 = LINE('',#6614,#6615);
#6614 = CARTESIAN_POINT('',(-0.,0.));
#6615 = VECTOR('',#6616,1.);
#6616 = DIRECTION('',(-0.,-1.));
#6617 = ( GEOMETRIC_REPRESENTATION_CONTEXT(2) 
PARAMETRIC_REPRESENTATION_CONTEXT() REPRESENTATION_CONTEXT('2D SPACE',''
  ) );
#6618 = ORIENTED_EDGE('',*,*,#6569,.T.);
#6619 = ORIENTED_EDGE('',*,*,#2356,.F.);
#6620 = ORIENTED_EDGE('',*,*,#6621,.T.);
#6621 = EDGE_CURVE('',#2331,#2305,#6622,.T.);
#6622 = SURFACE_CURVE('',#6623,(#6628,#6635),.PCURVE_S1.);
#6623 = CIRCLE('',#6624,1.35);
#6624 = AXIS2_PLACEMENT_3D('',#6625,#6626,#6627);
#6625 = CARTESIAN_POINT('',(60.,19.7,-3.5));
#6626 = DIRECTION('',(-1.,1.110223024625E-16,-1.232595164408E-32));
#6627 = DIRECTION('',(1.110223024625E-16,1.,-1.110223024625E-16));
#6628 = PCURVE('',#2319,#6629);
#6629 = DEFINITIONAL_REPRESENTATION('',(#6630),#6634);
#6630 = LINE('',#6631,#6632);
#6631 = CARTESIAN_POINT('',(-6.28318530718,-4.5));
#6632 = VECTOR('',#6633,1.);
#6633 = DIRECTION('',(1.,-0.));
#6634 = ( GEOMETRIC_REPRESENTATION_CONTEXT(2) 
PARAMETRIC_REPRESENTATION_CONTEXT() REPRESENTATION_CONTEXT('2D SPACE',''
  ) );
#6635 = PCURVE('',#2345,#6636);
#6636 = DEFINITIONAL_REPRESENTATION('',(#6637),#6645);
#6637 = ( BOUNDED_CURVE() B_SPLINE_CURVE(2,(#6638,#6639,#6640,#6641,
#6642,#6643,#6644),.UNSPECIFIED.,.T.,.F.) B_SPLINE_CURVE_WITH_KNOTS((1,2
    ,2,2,2,1),(-2.094395102393,0.,2.094395102393,4.188790204786,
6.28318530718,8.377580409573),.UNSPECIFIED.) CURVE() 
GEOMETRIC_REPRESENTATION_ITEM() RATIONAL_B_SPLINE_CURVE((1.,0.5,1.,0.5,
1.,0.5,1.)) REPRESENTATION_ITEM('') );
#6638 = CARTESIAN_POINT('',(-3.5,-15.35));
#6639 = CARTESIAN_POINT('',(-5.838268590218,-15.35));
#6640 = CARTESIAN_POINT('',(-4.669134295109,-13.325));
#6641 = CARTESIAN_POINT('',(-3.5,-11.3));
#6642 = CARTESIAN_POINT('',(-2.330865704891,-13.325));
#6643 = CARTESIAN_POINT('',(-1.161731409782,-15.35));
#6644 = CARTESIAN_POINT('',(-3.5,-15.35));
#6645 = ( GEOMETRIC_REPRESENTATION_CONTEXT(2) 
PARAMETRIC_REPRESENTATION_CONTEXT() REPRESENTATION_CONTEXT('2D SPACE',''
  ) );
#6646 = ORIENTED_EDGE('',*,*,#2304,.T.);
#6647 = ORIENTED_EDGE('',*,*,#6541,.T.);
#6648 = ORIENTED_EDGE('',*,*,#6598,.T.);
#6649 = ORIENTED_EDGE('',*,*,#6174,.F.);
#6650 = ADVANCED_FACE('',(#6651),#2345,.T.);
#6651 = FACE_BOUND('',#6652,.T.);
#6652 = EDGE_LOOP('',(#6653,#6654));
#6653 = ORIENTED_EDGE('',*,*,#2330,.F.);
#6654 = ORIENTED_EDGE('',*,*,#6621,.F.);
#6655 = ADVANCED_FACE('',(#6656),#2225,.F.);
#6656 = FACE_BOUND('',#6657,.T.);
#6657 = EDGE_LOOP('',(#6658,#6679,#6680,#6681,#6707,#6708,#6709,#6710));
#6658 = ORIENTED_EDGE('',*,*,#6659,.F.);
#6659 = EDGE_CURVE('',#6487,#6205,#6660,.T.);
#6660 = SEAM_CURVE('',#6661,(#6665,#6672),.PCURVE_S1.);
#6661 = LINE('',#6662,#6663);
#6662 = CARTESIAN_POINT('',(55.5,21.05,3.5));
#6663 = VECTOR('',#6664,1.);
#6664 = DIRECTION('',(1.,-1.110223024625E-16,1.232595164408E-32));
#6665 = PCURVE('',#2225,#6666);
#6666 = DEFINITIONAL_REPRESENTATION('',(#6667),#6671);
#6667 = LINE('',#6668,#6669);
#6668 = CARTESIAN_POINT('',(-6.28318530718,0.));
#6669 = VECTOR('',#6670,1.);
#6670 = DIRECTION('',(-0.,-1.));
#6671 = ( GEOMETRIC_REPRESENTATION_CONTEXT(2) 
PARAMETRIC_REPRESENTATION_CONTEXT() REPRESENTATION_CONTEXT('2D SPACE',''
  ) );
#6672 = PCURVE('',#2225,#6673);
#6673 = DEFINITIONAL_REPRESENTATION('',(#6674),#6678);
#6674 = LINE('',#6675,#6676);
#6675 = CARTESIAN_POINT('',(-0.,0.));
#6676 = VECTOR('',#6677,1.);
#6677 = DIRECTION('',(-0.,-1.));
#6678 = ( GEOMETRIC_REPRESENTATION_CONTEXT(2) 
PARAMETRIC_REPRESENTATION_CONTEXT() REPRESENTATION_CONTEXT('2D SPACE',''
  ) );
#6679 = ORIENTED_EDGE('',*,*,#6514,.T.);
#6680 = ORIENTED_EDGE('',*,*,#2262,.F.);
#6681 = ORIENTED_EDGE('',*,*,#6682,.T.);
#6682 = EDGE_CURVE('',#2237,#2211,#6683,.T.);
#6683 = SURFACE_CURVE('',#6684,(#6689,#6696),.PCURVE_S1.);
#6684 = CIRCLE('',#6685,1.35);
#6685 = AXIS2_PLACEMENT_3D('',#6686,#6687,#6688);
#6686 = CARTESIAN_POINT('',(60.,19.7,3.5));
#6687 = DIRECTION('',(-1.,1.110223024625E-16,-1.232595164408E-32));
#6688 = DIRECTION('',(1.110223024625E-16,1.,-1.110223024625E-16));
#6689 = PCURVE('',#2225,#6690);
#6690 = DEFINITIONAL_REPRESENTATION('',(#6691),#6695);
#6691 = LINE('',#6692,#6693);
#6692 = CARTESIAN_POINT('',(-6.28318530718,-4.5));
#6693 = VECTOR('',#6694,1.);
#6694 = DIRECTION('',(1.,-0.));
#6695 = ( GEOMETRIC_REPRESENTATION_CONTEXT(2) 
PARAMETRIC_REPRESENTATION_CONTEXT() REPRESENTATION_CONTEXT('2D SPACE',''
  ) );
#6696 = PCURVE('',#2251,#6697);
#6697 = DEFINITIONAL_REPRESENTATION('',(#6698),#6706);
#6698 = ( BOUNDED_CURVE() B_SPLINE_CURVE(2,(#6699,#6700,#6701,#6702,
#6703,#6704,#6705),.UNSPECIFIED.,.T.,.F.) B_SPLINE_CURVE_WITH_KNOTS((1,2
    ,2,2,2,1),(-2.094395102393,0.,2.094395102393,4.188790204786,
6.28318530718,8.377580409573),.UNSPECIFIED.) CURVE() 
GEOMETRIC_REPRESENTATION_ITEM() RATIONAL_B_SPLINE_CURVE((1.,0.5,1.,0.5,
1.,0.5,1.)) REPRESENTATION_ITEM('') );
#6699 = CARTESIAN_POINT('',(3.5,-15.35));
#6700 = CARTESIAN_POINT('',(1.161731409782,-15.35));
#6701 = CARTESIAN_POINT('',(2.330865704891,-13.325));
#6702 = CARTESIAN_POINT('',(3.5,-11.3));
#6703 = CARTESIAN_POINT('',(4.669134295109,-13.325));
#6704 = CARTESIAN_POINT('',(5.838268590218,-15.35));
#6705 = CARTESIAN_POINT('',(3.5,-15.35));
#6706 = ( GEOMETRIC_REPRESENTATION_CONTEXT(2) 
PARAMETRIC_REPRESENTATION_CONTEXT() REPRESENTATION_CONTEXT('2D SPACE',''
  ) );
#6707 = ORIENTED_EDGE('',*,*,#2210,.T.);
#6708 = ORIENTED_EDGE('',*,*,#6486,.T.);
#6709 = ORIENTED_EDGE('',*,*,#6659,.T.);
#6710 = ORIENTED_EDGE('',*,*,#6204,.F.);
#6711 = ADVANCED_FACE('',(#6712),#2251,.T.);
#6712 = FACE_BOUND('',#6713,.T.);
#6713 = EDGE_LOOP('',(#6714,#6715));
#6714 = ORIENTED_EDGE('',*,*,#2236,.F.);
#6715 = ORIENTED_EDGE('',*,*,#6682,.F.);
#6716 = ADVANCED_FACE('',(#6717),#2172,.T.);
#6717 = FACE_BOUND('',#6718,.T.);
#6718 = EDGE_LOOP('',(#6719,#6720,#6743,#6770,#6771));
#6719 = ORIENTED_EDGE('',*,*,#4874,.T.);
#6720 = ORIENTED_EDGE('',*,*,#6721,.T.);
#6721 = EDGE_CURVE('',#4849,#6722,#6724,.T.);
#6722 = VERTEX_POINT('',#6723);
#6723 = CARTESIAN_POINT('',(59.9,26.5,11.));
#6724 = SURFACE_CURVE('',#6725,(#6729,#6736),.PCURVE_S1.);
#6725 = LINE('',#6726,#6727);
#6726 = CARTESIAN_POINT('',(59.9,-16.3,11.));
#6727 = VECTOR('',#6728,1.);
#6728 = DIRECTION('',(0.,1.,0.));
#6729 = PCURVE('',#2172,#6730);
#6730 = DEFINITIONAL_REPRESENTATION('',(#6731),#6735);
#6731 = LINE('',#6732,#6733);
#6732 = CARTESIAN_POINT('',(1.570796326795,0.));
#6733 = VECTOR('',#6734,1.);
#6734 = DIRECTION('',(0.,1.));
#6735 = ( GEOMETRIC_REPRESENTATION_CONTEXT(2) 
PARAMETRIC_REPRESENTATION_CONTEXT() REPRESENTATION_CONTEXT('2D SPACE',''
  ) );
#6736 = PCURVE('',#4863,#6737);
#6737 = DEFINITIONAL_REPRESENTATION('',(#6738),#6742);
#6738 = LINE('',#6739,#6740);
#6739 = CARTESIAN_POINT('',(1.2,0.));
#6740 = VECTOR('',#6741,1.);
#6741 = DIRECTION('',(0.,1.));
#6742 = ( GEOMETRIC_REPRESENTATION_CONTEXT(2) 
PARAMETRIC_REPRESENTATION_CONTEXT() REPRESENTATION_CONTEXT('2D SPACE',''
  ) );
#6743 = ORIENTED_EDGE('',*,*,#6744,.F.);
#6744 = EDGE_CURVE('',#6437,#6722,#6745,.T.);
#6745 = SURFACE_CURVE('',#6746,(#6751,#6758),.PCURVE_S1.);
#6746 = CIRCLE('',#6747,1.2);
#6747 = AXIS2_PLACEMENT_3D('',#6748,#6749,#6750);
#6748 = CARTESIAN_POINT('',(59.9,26.5,9.8));
#6749 = DIRECTION('',(0.,1.,0.));
#6750 = DIRECTION('',(-1.,0.,0.));
#6751 = PCURVE('',#2172,#6752);
#6752 = DEFINITIONAL_REPRESENTATION('',(#6753),#6757);
#6753 = LINE('',#6754,#6755);
#6754 = CARTESIAN_POINT('',(0.,42.8));
#6755 = VECTOR('',#6756,1.);
#6756 = DIRECTION('',(1.,0.));
#6757 = ( GEOMETRIC_REPRESENTATION_CONTEXT(2) 
PARAMETRIC_REPRESENTATION_CONTEXT() REPRESENTATION_CONTEXT('2D SPACE',''
  ) );
#6758 = PCURVE('',#6759,#6764);
#6759 = SPHERICAL_SURFACE('',#6760,1.2);
#6760 = AXIS2_PLACEMENT_3D('',#6761,#6762,#6763);
#6761 = CARTESIAN_POINT('',(59.9,26.5,9.8));
#6762 = DIRECTION('',(-0.,-1.,-0.));
#6763 = DIRECTION('',(-1.,0.,0.));
#6764 = DEFINITIONAL_REPRESENTATION('',(#6765),#6769);
#6765 = LINE('',#6766,#6767);
#6766 = CARTESIAN_POINT('',(-0.,0.));
#6767 = VECTOR('',#6768,1.);
#6768 = DIRECTION('',(-1.,0.));
#6769 = ( GEOMETRIC_REPRESENTATION_CONTEXT(2) 
PARAMETRIC_REPRESENTATION_CONTEXT() REPRESENTATION_CONTEXT('2D SPACE',''
  ) );
#6770 = ORIENTED_EDGE('',*,*,#6464,.F.);
#6771 = ORIENTED_EDGE('',*,*,#2155,.T.);
#6772 = ADVANCED_FACE('',(#6773),#2977,.T.);
#6773 = FACE_BOUND('',#6774,.F.);
#6774 = EDGE_LOOP('',(#6775,#6776,#6798));
#6775 = ORIENTED_EDGE('',*,*,#3143,.F.);
#6776 = ORIENTED_EDGE('',*,*,#6777,.T.);
#6777 = EDGE_CURVE('',#3116,#2885,#6778,.T.);
#6778 = SURFACE_CURVE('',#6779,(#6784,#6791),.PCURVE_S1.);
#6779 = CIRCLE('',#6780,2.);
#6780 = AXIS2_PLACEMENT_3D('',#6781,#6782,#6783);
#6781 = CARTESIAN_POINT('',(41.,-20.,-14.));
#6782 = DIRECTION('',(-0.,0.,-1.));
#6783 = DIRECTION('',(-1.,2.22044604925E-16,0.));
#6784 = PCURVE('',#2977,#6785);
#6785 = DEFINITIONAL_REPRESENTATION('',(#6786),#6790);
#6786 = LINE('',#6787,#6788);
#6787 = CARTESIAN_POINT('',(-0.,2.));
#6788 = VECTOR('',#6789,1.);
#6789 = DIRECTION('',(-1.,0.));
#6790 = ( GEOMETRIC_REPRESENTATION_CONTEXT(2) 
PARAMETRIC_REPRESENTATION_CONTEXT() REPRESENTATION_CONTEXT('2D SPACE',''
  ) );
#6791 = PCURVE('',#2935,#6792);
#6792 = DEFINITIONAL_REPRESENTATION('',(#6793),#6797);
#6793 = LINE('',#6794,#6795);
#6794 = CARTESIAN_POINT('',(-0.,0.));
#6795 = VECTOR('',#6796,1.);
#6796 = DIRECTION('',(-1.,0.));
#6797 = ( GEOMETRIC_REPRESENTATION_CONTEXT(2) 
PARAMETRIC_REPRESENTATION_CONTEXT() REPRESENTATION_CONTEXT('2D SPACE',''
  ) );
#6798 = ORIENTED_EDGE('',*,*,#2955,.F.);
#6799 = ADVANCED_FACE('',(#6800),#2935,.T.);
#6800 = FACE_BOUND('',#6801,.F.);
#6801 = EDGE_LOOP('',(#6802,#6826,#6848,#6849));
#6802 = ORIENTED_EDGE('',*,*,#6803,.F.);
#6803 = EDGE_CURVE('',#6804,#3116,#6806,.T.);
#6804 = VERTEX_POINT('',#6805);
#6805 = CARTESIAN_POINT('',(41.,-20.,-16.));
#6806 = SURFACE_CURVE('',#6807,(#6812,#6819),.PCURVE_S1.);
#6807 = CIRCLE('',#6808,2.);
#6808 = AXIS2_PLACEMENT_3D('',#6809,#6810,#6811);
#6809 = CARTESIAN_POINT('',(41.,-20.,-14.));
#6810 = DIRECTION('',(2.22044604925E-16,1.,-0.));
#6811 = DIRECTION('',(-1.,2.22044604925E-16,0.));
#6812 = PCURVE('',#2935,#6813);
#6813 = DEFINITIONAL_REPRESENTATION('',(#6814),#6818);
#6814 = LINE('',#6815,#6816);
#6815 = CARTESIAN_POINT('',(-0.,-6.28318530718));
#6816 = VECTOR('',#6817,1.);
#6817 = DIRECTION('',(-0.,1.));
#6818 = ( GEOMETRIC_REPRESENTATION_CONTEXT(2) 
PARAMETRIC_REPRESENTATION_CONTEXT() REPRESENTATION_CONTEXT('2D SPACE',''
  ) );
#6819 = PCURVE('',#3131,#6820);
#6820 = DEFINITIONAL_REPRESENTATION('',(#6821),#6825);
#6821 = LINE('',#6822,#6823);
#6822 = CARTESIAN_POINT('',(-6.28318530718,4.));
#6823 = VECTOR('',#6824,1.);
#6824 = DIRECTION('',(1.,-0.));
#6825 = ( GEOMETRIC_REPRESENTATION_CONTEXT(2) 
PARAMETRIC_REPRESENTATION_CONTEXT() REPRESENTATION_CONTEXT('2D SPACE',''
  ) );
#6826 = ORIENTED_EDGE('',*,*,#6827,.T.);
#6827 = EDGE_CURVE('',#6804,#2859,#6828,.T.);
#6828 = SURFACE_CURVE('',#6829,(#6834,#6841),.PCURVE_S1.);
#6829 = CIRCLE('',#6830,2.);
#6830 = AXIS2_PLACEMENT_3D('',#6831,#6832,#6833);
#6831 = CARTESIAN_POINT('',(41.,-20.,-14.));
#6832 = DIRECTION('',(1.,6.123233995737E-17,-0.));
#6833 = DIRECTION('',(-6.123233995737E-17,1.,0.));
#6834 = PCURVE('',#2935,#6835);
#6835 = DEFINITIONAL_REPRESENTATION('',(#6836),#6840);
#6836 = LINE('',#6837,#6838);
#6837 = CARTESIAN_POINT('',(-1.570796326795,-6.28318530718));
#6838 = VECTOR('',#6839,1.);
#6839 = DIRECTION('',(-0.,1.));
#6840 = ( GEOMETRIC_REPRESENTATION_CONTEXT(2) 
PARAMETRIC_REPRESENTATION_CONTEXT() REPRESENTATION_CONTEXT('2D SPACE',''
  ) );
#6841 = PCURVE('',#2873,#6842);
#6842 = DEFINITIONAL_REPRESENTATION('',(#6843),#6847);
#6843 = LINE('',#6844,#6845);
#6844 = CARTESIAN_POINT('',(-6.28318530718,2.));
#6845 = VECTOR('',#6846,1.);
#6846 = DIRECTION('',(1.,-0.));
#6847 = ( GEOMETRIC_REPRESENTATION_CONTEXT(2) 
PARAMETRIC_REPRESENTATION_CONTEXT() REPRESENTATION_CONTEXT('2D SPACE',''
  ) );
#6848 = ORIENTED_EDGE('',*,*,#2884,.F.);
#6849 = ORIENTED_EDGE('',*,*,#6777,.F.);
#6850 = ADVANCED_FACE('',(#6851),#2873,.T.);
#6851 = FACE_BOUND('',#6852,.F.);
#6852 = EDGE_LOOP('',(#6853,#6854,#6882,#6904));
#6853 = ORIENTED_EDGE('',*,*,#6827,.F.);
#6854 = ORIENTED_EDGE('',*,*,#6855,.T.);
#6855 = EDGE_CURVE('',#6804,#6856,#6858,.T.);
#6856 = VERTEX_POINT('',#6857);
#6857 = CARTESIAN_POINT('',(57.,-20.,-16.));
#6858 = SURFACE_CURVE('',#6859,(#6863,#6870),.PCURVE_S1.);
#6859 = LINE('',#6860,#6861);
#6860 = CARTESIAN_POINT('',(39.,-20.,-16.));
#6861 = VECTOR('',#6862,1.);
#6862 = DIRECTION('',(1.,0.,0.));
#6863 = PCURVE('',#2873,#6864);
#6864 = DEFINITIONAL_REPRESENTATION('',(#6865),#6869);
#6865 = LINE('',#6866,#6867);
#6866 = CARTESIAN_POINT('',(-1.570796326795,0.));
#6867 = VECTOR('',#6868,1.);
#6868 = DIRECTION('',(-0.,1.));
#6869 = ( GEOMETRIC_REPRESENTATION_CONTEXT(2) 
PARAMETRIC_REPRESENTATION_CONTEXT() REPRESENTATION_CONTEXT('2D SPACE',''
  ) );
#6870 = PCURVE('',#6871,#6876);
#6871 = PLANE('',#6872);
#6872 = AXIS2_PLACEMENT_3D('',#6873,#6874,#6875);
#6873 = CARTESIAN_POINT('',(39.,-24.,-16.));
#6874 = DIRECTION('',(0.,0.,1.));
#6875 = DIRECTION('',(1.,0.,0.));
#6876 = DEFINITIONAL_REPRESENTATION('',(#6877),#6881);
#6877 = LINE('',#6878,#6879);
#6878 = CARTESIAN_POINT('',(0.,4.));
#6879 = VECTOR('',#6880,1.);
#6880 = DIRECTION('',(1.,0.));
#6881 = ( GEOMETRIC_REPRESENTATION_CONTEXT(2) 
PARAMETRIC_REPRESENTATION_CONTEXT() REPRESENTATION_CONTEXT('2D SPACE',''
  ) );
#6882 = ORIENTED_EDGE('',*,*,#6883,.T.);
#6883 = EDGE_CURVE('',#6856,#2788,#6884,.T.);
#6884 = SURFACE_CURVE('',#6885,(#6890,#6897),.PCURVE_S1.);
#6885 = CIRCLE('',#6886,2.);
#6886 = AXIS2_PLACEMENT_3D('',#6887,#6888,#6889);
#6887 = CARTESIAN_POINT('',(57.,-20.,-14.));
#6888 = DIRECTION('',(1.,-6.123233995737E-17,0.));
#6889 = DIRECTION('',(6.123233995737E-17,1.,0.));
#6890 = PCURVE('',#2873,#6891);
#6891 = DEFINITIONAL_REPRESENTATION('',(#6892),#6896);
#6892 = LINE('',#6893,#6894);
#6893 = CARTESIAN_POINT('',(-6.28318530718,18.));
#6894 = VECTOR('',#6895,1.);
#6895 = DIRECTION('',(1.,-0.));
#6896 = ( GEOMETRIC_REPRESENTATION_CONTEXT(2) 
PARAMETRIC_REPRESENTATION_CONTEXT() REPRESENTATION_CONTEXT('2D SPACE',''
  ) );
#6897 = PCURVE('',#2838,#6898);
#6898 = DEFINITIONAL_REPRESENTATION('',(#6899),#6903);
#6899 = LINE('',#6900,#6901);
#6900 = CARTESIAN_POINT('',(1.570796326795,-6.28318530718));
#6901 = VECTOR('',#6902,1.);
#6902 = DIRECTION('',(0.,1.));
#6903 = ( GEOMETRIC_REPRESENTATION_CONTEXT(2) 
PARAMETRIC_REPRESENTATION_CONTEXT() REPRESENTATION_CONTEXT('2D SPACE',''
  ) );
#6904 = ORIENTED_EDGE('',*,*,#2858,.F.);
#6905 = ADVANCED_FACE('',(#6906),#2838,.T.);
#6906 = FACE_BOUND('',#6907,.T.);
#6907 = EDGE_LOOP('',(#6908,#6930,#6931,#6932));
#6908 = ORIENTED_EDGE('',*,*,#6909,.F.);
#6909 = EDGE_CURVE('',#6856,#3382,#6910,.T.);
#6910 = SURFACE_CURVE('',#6911,(#6916,#6923),.PCURVE_S1.);
#6911 = CIRCLE('',#6912,2.);
#6912 = AXIS2_PLACEMENT_3D('',#6913,#6914,#6915);
#6913 = CARTESIAN_POINT('',(57.,-20.,-14.));
#6914 = DIRECTION('',(2.22044604925E-16,-1.,0.));
#6915 = DIRECTION('',(1.,2.22044604925E-16,0.));
#6916 = PCURVE('',#2838,#6917);
#6917 = DEFINITIONAL_REPRESENTATION('',(#6918),#6922);
#6918 = LINE('',#6919,#6920);
#6919 = CARTESIAN_POINT('',(0.,-6.28318530718));
#6920 = VECTOR('',#6921,1.);
#6921 = DIRECTION('',(0.,1.));
#6922 = ( GEOMETRIC_REPRESENTATION_CONTEXT(2) 
PARAMETRIC_REPRESENTATION_CONTEXT() REPRESENTATION_CONTEXT('2D SPACE',''
  ) );
#6923 = PCURVE('',#3397,#6924);
#6924 = DEFINITIONAL_REPRESENTATION('',(#6925),#6929);
#6925 = LINE('',#6926,#6927);
#6926 = CARTESIAN_POINT('',(6.28318530718,4.));
#6927 = VECTOR('',#6928,1.);
#6928 = DIRECTION('',(-1.,-0.));
#6929 = ( GEOMETRIC_REPRESENTATION_CONTEXT(2) 
PARAMETRIC_REPRESENTATION_CONTEXT() REPRESENTATION_CONTEXT('2D SPACE',''
  ) );
#6930 = ORIENTED_EDGE('',*,*,#6883,.T.);
#6931 = ORIENTED_EDGE('',*,*,#2787,.F.);
#6932 = ORIENTED_EDGE('',*,*,#6933,.F.);
#6933 = EDGE_CURVE('',#3382,#2748,#6934,.T.);
#6934 = SURFACE_CURVE('',#6935,(#6940,#6947),.PCURVE_S1.);
#6935 = CIRCLE('',#6936,2.);
#6936 = AXIS2_PLACEMENT_3D('',#6937,#6938,#6939);
#6937 = CARTESIAN_POINT('',(57.,-20.,-14.));
#6938 = DIRECTION('',(0.,0.,1.));
#6939 = DIRECTION('',(1.,2.22044604925E-16,-0.));
#6940 = PCURVE('',#2838,#6941);
#6941 = DEFINITIONAL_REPRESENTATION('',(#6942),#6946);
#6942 = LINE('',#6943,#6944);
#6943 = CARTESIAN_POINT('',(0.,0.));
#6944 = VECTOR('',#6945,1.);
#6945 = DIRECTION('',(1.,0.));
#6946 = ( GEOMETRIC_REPRESENTATION_CONTEXT(2) 
PARAMETRIC_REPRESENTATION_CONTEXT() REPRESENTATION_CONTEXT('2D SPACE',''
  ) );
#6947 = PCURVE('',#2771,#6948);
#6948 = DEFINITIONAL_REPRESENTATION('',(#6949),#6953);
#6949 = LINE('',#6950,#6951);
#6950 = CARTESIAN_POINT('',(0.,2.));
#6951 = VECTOR('',#6952,1.);
#6952 = DIRECTION('',(1.,0.));
#6953 = ( GEOMETRIC_REPRESENTATION_CONTEXT(2) 
PARAMETRIC_REPRESENTATION_CONTEXT() REPRESENTATION_CONTEXT('2D SPACE',''
  ) );
#6954 = ADVANCED_FACE('',(#6955),#2771,.T.);
#6955 = FACE_BOUND('',#6956,.T.);
#6956 = EDGE_LOOP('',(#6957,#6958,#6959));
#6957 = ORIENTED_EDGE('',*,*,#3409,.F.);
#6958 = ORIENTED_EDGE('',*,*,#6933,.T.);
#6959 = ORIENTED_EDGE('',*,*,#2747,.F.);
#6960 = ADVANCED_FACE('',(#6961),#2734,.T.);
#6961 = FACE_BOUND('',#6962,.F.);
#6962 = EDGE_LOOP('',(#6963,#6964,#6965));
#6963 = ORIENTED_EDGE('',*,*,#4144,.F.);
#6964 = ORIENTED_EDGE('',*,*,#2719,.T.);
#6965 = ORIENTED_EDGE('',*,*,#3465,.F.);
#6966 = ADVANCED_FACE('',(#6967),#2681,.T.);
#6967 = FACE_BOUND('',#6968,.T.);
#6968 = EDGE_LOOP('',(#6969,#6970,#6971,#6990));
#6969 = ORIENTED_EDGE('',*,*,#2666,.F.);
#6970 = ORIENTED_EDGE('',*,*,#4412,.T.);
#6971 = ORIENTED_EDGE('',*,*,#6972,.T.);
#6972 = EDGE_CURVE('',#4389,#4217,#6973,.T.);
#6973 = SURFACE_CURVE('',#6974,(#6978,#6984),.PCURVE_S1.);
#6974 = LINE('',#6975,#6976);
#6975 = CARTESIAN_POINT('',(-67.6,-16.1,-14.5364916731));
#6976 = VECTOR('',#6977,1.);
#6977 = DIRECTION('',(1.,0.,0.));
#6978 = PCURVE('',#2681,#6979);
#6979 = DEFINITIONAL_REPRESENTATION('',(#6980),#6983);
#6980 = B_SPLINE_CURVE_WITH_KNOTS('',1,(#6981,#6982),.UNSPECIFIED.,.F.,
  .F.,(2,2),(64.6,70.6),.PIECEWISE_BEZIER_KNOTS.);
#6981 = CARTESIAN_POINT('',(-0.5,-3.463508326896));
#6982 = CARTESIAN_POINT('',(5.5,-3.463508326896));
#6983 = ( GEOMETRIC_REPRESENTATION_CONTEXT(2) 
PARAMETRIC_REPRESENTATION_CONTEXT() REPRESENTATION_CONTEXT('2D SPACE',''
  ) );
#6984 = PCURVE('',#4260,#6985);
#6985 = DEFINITIONAL_REPRESENTATION('',(#6986),#6989);
#6986 = B_SPLINE_CURVE_WITH_KNOTS('',1,(#6987,#6988),.UNSPECIFIED.,.F.,
  .F.,(2,2),(64.6,70.6),.PIECEWISE_BEZIER_KNOTS.);
#6987 = CARTESIAN_POINT('',(1.318116071653,64.6));
#6988 = CARTESIAN_POINT('',(1.318116071653,70.6));
#6989 = ( GEOMETRIC_REPRESENTATION_CONTEXT(2) 
PARAMETRIC_REPRESENTATION_CONTEXT() REPRESENTATION_CONTEXT('2D SPACE',''
  ) );
#6990 = ORIENTED_EDGE('',*,*,#4216,.F.);
#6991 = ADVANCED_FACE('',(#6992),#2604,.T.);
#6992 = FACE_BOUND('',#6993,.T.);
#6993 = EDGE_LOOP('',(#6994,#6995,#6996,#7015));
#6994 = ORIENTED_EDGE('',*,*,#2589,.F.);
#6995 = ORIENTED_EDGE('',*,*,#4629,.T.);
#6996 = ORIENTED_EDGE('',*,*,#6997,.T.);
#6997 = EDGE_CURVE('',#4606,#4439,#6998,.T.);
#6998 = SURFACE_CURVE('',#6999,(#7003,#7009),.PCURVE_S1.);
#6999 = LINE('',#7000,#7001);
#7000 = CARTESIAN_POINT('',(-67.6,-16.1,-14.5364916731));
#7001 = VECTOR('',#7002,1.);
#7002 = DIRECTION('',(1.,0.,0.));
#7003 = PCURVE('',#2604,#7004);
#7004 = DEFINITIONAL_REPRESENTATION('',(#7005),#7008);
#7005 = B_SPLINE_CURVE_WITH_KNOTS('',1,(#7006,#7007),.UNSPECIFIED.,.F.,
  .F.,(2,2),(34.6,40.6),.PIECEWISE_BEZIER_KNOTS.);
#7006 = CARTESIAN_POINT('',(-0.5,-3.463508326896));
#7007 = CARTESIAN_POINT('',(5.5,-3.463508326896));
#7008 = ( GEOMETRIC_REPRESENTATION_CONTEXT(2) 
PARAMETRIC_REPRESENTATION_CONTEXT() REPRESENTATION_CONTEXT('2D SPACE',''
  ) );
#7009 = PCURVE('',#4260,#7010);
#7010 = DEFINITIONAL_REPRESENTATION('',(#7011),#7014);
#7011 = B_SPLINE_CURVE_WITH_KNOTS('',1,(#7012,#7013),.UNSPECIFIED.,.F.,
  .F.,(2,2),(34.6,40.6),.PIECEWISE_BEZIER_KNOTS.);
#7012 = CARTESIAN_POINT('',(1.318116071653,34.6));
#7013 = CARTESIAN_POINT('',(1.318116071653,40.6));
#7014 = ( GEOMETRIC_REPRESENTATION_CONTEXT(2) 
PARAMETRIC_REPRESENTATION_CONTEXT() REPRESENTATION_CONTEXT('2D SPACE',''
  ) );
#7015 = ORIENTED_EDGE('',*,*,#4438,.F.);
#7016 = ADVANCED_FACE('',(#7017),#3069,.T.);
#7017 = FACE_BOUND('',#7018,.T.);
#7018 = EDGE_LOOP('',(#7019,#7048,#7126,#7127));
#7019 = ORIENTED_EDGE('',*,*,#7020,.F.);
#7020 = EDGE_CURVE('',#7021,#3438,#7023,.T.);
#7021 = VERTEX_POINT('',#7022);
#7022 = CARTESIAN_POINT('',(67.559591794227,-16.,13.68343229005));
#7023 = SURFACE_CURVE('',#7024,(#7029,#7036),.PCURVE_S1.);
#7024 = CIRCLE('',#7025,4.);
#7025 = AXIS2_PLACEMENT_3D('',#7026,#7027,#7028);
#7026 = CARTESIAN_POINT('',(66.,-16.,10.));
#7027 = DIRECTION('',(-0.,1.,0.));
#7028 = DIRECTION('',(1.,0.,0.));
#7029 = PCURVE('',#3069,#7030);
#7030 = DEFINITIONAL_REPRESENTATION('',(#7031),#7035);
#7031 = LINE('',#7032,#7033);
#7032 = CARTESIAN_POINT('',(0.,-6.28318530718));
#7033 = VECTOR('',#7034,1.);
#7034 = DIRECTION('',(0.,1.));
#7035 = ( GEOMETRIC_REPRESENTATION_CONTEXT(2) 
PARAMETRIC_REPRESENTATION_CONTEXT() REPRESENTATION_CONTEXT('2D SPACE',''
  ) );
#7036 = PCURVE('',#7037,#7042);
#7037 = CYLINDRICAL_SURFACE('',#7038,4.);
#7038 = AXIS2_PLACEMENT_3D('',#7039,#7040,#7041);
#7039 = CARTESIAN_POINT('',(66.,-20.,10.));
#7040 = DIRECTION('',(0.,1.,0.));
#7041 = DIRECTION('',(1.,0.,-0.));
#7042 = DEFINITIONAL_REPRESENTATION('',(#7043),#7047);
#7043 = LINE('',#7044,#7045);
#7044 = CARTESIAN_POINT('',(-6.28318530718,4.));
#7045 = VECTOR('',#7046,1.);
#7046 = DIRECTION('',(1.,-0.));
#7047 = ( GEOMETRIC_REPRESENTATION_CONTEXT(2) 
PARAMETRIC_REPRESENTATION_CONTEXT() REPRESENTATION_CONTEXT('2D SPACE',''
  ) );
#7048 = ORIENTED_EDGE('',*,*,#7049,.T.);
#7049 = EDGE_CURVE('',#7021,#3021,#7050,.T.);
#7050 = SURFACE_CURVE('',#7051,(#7074,#7100),.PCURVE_S1.);
#7051 = B_SPLINE_CURVE_WITH_KNOTS('',6,(#7052,#7053,#7054,#7055,#7056,
    #7057,#7058,#7059,#7060,#7061,#7062,#7063,#7064,#7065,#7066,#7067,
    #7068,#7069,#7070,#7071,#7072,#7073),.UNSPECIFIED.,.F.,.F.,(7,5,5,5,
    7),(0.,0.192169255347,0.499734456832,0.815140369651,1.),
  .UNSPECIFIED.);
#7052 = CARTESIAN_POINT('',(67.559591794227,-16.,13.68343229005));
#7053 = CARTESIAN_POINT('',(67.544418540731,-16.0743334576,13.689856755)
  );
#7054 = CARTESIAN_POINT('',(67.525901892802,-16.14777899541,
    13.695808275648));
#7055 = CARTESIAN_POINT('',(67.504114061828,-16.22015500291,
    13.701278689252));
#7056 = CARTESIAN_POINT('',(67.479138405215,-16.29129171541,
    13.70626197213));
#7057 = CARTESIAN_POINT('',(67.451066735989,-16.36103062458,
    13.710753813916));
#7058 = CARTESIAN_POINT('',(67.370269205114,-16.53836660833,
    13.721148959958));
#7059 = CARTESIAN_POINT('',(67.312860911545,-16.64355048254,
    13.726280154501));
#7060 = CARTESIAN_POINT('',(67.248166969647,-16.74417996342,
    13.730133026906));
#7061 = CARTESIAN_POINT('',(67.176612312478,-16.83973621797,
    13.732704181221));
#7062 = CARTESIAN_POINT('',(67.098624855504,-16.92975054781,
    13.733992544541));
#7063 = CARTESIAN_POINT('',(66.928529821145,-17.09995007347,
    13.734003738043));
#7064 = CARTESIAN_POINT('',(66.836113925929,-17.17982523149,
    13.732660327802));
#7065 = CARTESIAN_POINT('',(66.737878440892,-17.25292671228,
    13.729967882737));
#7066 = CARTESIAN_POINT('',(66.634329275462,-17.31879334022,
    13.725927570335));
#7067 = CARTESIAN_POINT('',(66.52602860565,-17.3769668925,
    13.720543171614));
#7068 = CARTESIAN_POINT('',(66.347744607198,-17.456361741,
    13.709892258374));
#7069 = CARTESIAN_POINT('',(66.280455709293,-17.48291137045,
    13.705499405779));
#7070 = CARTESIAN_POINT('',(66.211889635483,-17.50658669991,
    13.700652234536));
#7071 = CARTESIAN_POINT('',(66.142188139844,-17.52730637238,
    13.695354663213));
#7072 = CARTESIAN_POINT('',(66.071503671919,-17.54499616831,
    13.689612183315));
#7073 = CARTESIAN_POINT('',(66.,-17.55959179422,13.68343229005));
#7074 = PCURVE('',#3069,#7075);
#7075 = DEFINITIONAL_REPRESENTATION('',(#7076),#7099);
#7076 = B_SPLINE_CURVE_WITH_KNOTS('',6,(#7077,#7078,#7079,#7080,#7081,
    #7082,#7083,#7084,#7085,#7086,#7087,#7088,#7089,#7090,#7091,#7092,
    #7093,#7094,#7095,#7096,#7097,#7098),.UNSPECIFIED.,.F.,.F.,(7,5,5,5,
    7),(0.,0.192169255347,0.499734456832,0.815140369651,1.),
  .UNSPECIFIED.);
#7077 = CARTESIAN_POINT('',(-8.881784197001E-15,-1.170275558813));
#7078 = CARTESIAN_POINT('',(4.766212407528E-02,-1.174394883481));
#7079 = CARTESIAN_POINT('',(9.586776011613E-02,-1.178259051459));
#7080 = CARTESIAN_POINT('',(0.144594502333,-1.181851785155));
#7081 = CARTESIAN_POINT('',(0.193810827411,-1.185157977431));
#7082 = CARTESIAN_POINT('',(0.243475842356,-1.188164127585));
#7083 = CARTESIAN_POINT('',(0.373664727166,-1.195171540573));
#7084 = CARTESIAN_POINT('',(0.454810759149,-1.198686387192));
#7085 = CARTESIAN_POINT('',(0.536779361645,-1.201356805418));
#7086 = CARTESIAN_POINT('',(0.619320208372,-1.203149388914));
#7087 = CARTESIAN_POINT('',(0.702144341772,-1.204047627155));
#7088 = CARTESIAN_POINT('',(0.869907117465,-1.204055431233));
#7089 = CARTESIAN_POINT('',(0.954844719821,-1.203118815499));
#7090 = CARTESIAN_POINT('',(1.039479010307,-1.201241579637));
#7091 = CARTESIAN_POINT('',(1.123497898995,-1.198441893288));
#7092 = CARTESIAN_POINT('',(1.206633355444,-1.194756623186));
#7093 = CARTESIAN_POINT('',(1.336761344702,-1.187587957723));
#7094 = CARTESIAN_POINT('',(1.384470775126,-1.184652368853));
#7095 = CARTESIAN_POINT('',(1.431761077767,-1.181440549655));
#7096 = CARTESIAN_POINT('',(1.478596497855,-1.177964606507));
#7097 = CARTESIAN_POINT('',(1.524948642687,-1.174238065726));
#7098 = CARTESIAN_POINT('',(1.570796326795,-1.170275558813));
#7099 = ( GEOMETRIC_REPRESENTATION_CONTEXT(2) 
PARAMETRIC_REPRESENTATION_CONTEXT() REPRESENTATION_CONTEXT('2D SPACE',''
  ) );
#7100 = PCURVE('',#3040,#7101);
#7101 = DEFINITIONAL_REPRESENTATION('',(#7102),#7125);
#7102 = B_SPLINE_CURVE_WITH_KNOTS('',6,(#7103,#7104,#7105,#7106,#7107,
    #7108,#7109,#7110,#7111,#7112,#7113,#7114,#7115,#7116,#7117,#7118,
    #7119,#7120,#7121,#7122,#7123,#7124),.UNSPECIFIED.,.F.,.F.,(7,5,5,5,
    7),(0.,0.192169255347,0.499734456832,0.815140369651,1.),
  .UNSPECIFIED.);
#7103 = CARTESIAN_POINT('',(-0.20135792079,28.28343229005));
#7104 = CARTESIAN_POINT('',(-0.239291054529,28.289856755));
#7105 = CARTESIAN_POINT('',(-0.277123526276,28.295808275648));
#7106 = CARTESIAN_POINT('',(-0.314857448274,28.301278689252));
#7107 = CARTESIAN_POINT('',(-0.352496848851,28.30626197213));
#7108 = CARTESIAN_POINT('',(-0.390047430192,28.310753813916));
#7109 = CARTESIAN_POINT('',(-0.48748496419,28.321148959958));
#7110 = CARTESIAN_POINT('',(-0.547244603348,28.326280154501));
#7111 = CARTESIAN_POINT('',(-0.606830647526,28.330133026906));
#7112 = CARTESIAN_POINT('',(-0.666293187209,28.332704181221));
#7113 = CARTESIAN_POINT('',(-0.725692076525,28.333992544541));
#7114 = CARTESIAN_POINT('',(-0.84600437769,28.334003738043));
#7115 = CARTESIAN_POINT('',(-0.906917081797,28.332660327802));
#7116 = CARTESIAN_POINT('',(-0.967898028267,28.329967882737));
#7117 = CARTESIAN_POINT('',(-1.02901166104,28.325927570335));
#7118 = CARTESIAN_POINT('',(-1.090311467293,28.320543171614));
#7119 = CARTESIAN_POINT('',(-1.187893133183,28.309892258374));
#7120 = CARTESIAN_POINT('',(-1.224028103441,28.305499405779));
#7121 = CARTESIAN_POINT('',(-1.260246126842,28.300652234536));
#7122 = CARTESIAN_POINT('',(-1.296552197572,28.295354663213));
#7123 = CARTESIAN_POINT('',(-1.332949341226,28.289612183315));
#7124 = CARTESIAN_POINT('',(-1.369438406005,28.28343229005));
#7125 = ( GEOMETRIC_REPRESENTATION_CONTEXT(2) 
PARAMETRIC_REPRESENTATION_CONTEXT() REPRESENTATION_CONTEXT('2D SPACE',''
  ) );
#7126 = ORIENTED_EDGE('',*,*,#3054,.T.);
#7127 = ORIENTED_EDGE('',*,*,#3488,.F.);
#7128 = ADVANCED_FACE('',(#7129),#3040,.F.);
#7129 = FACE_BOUND('',#7130,.T.);
#7130 = EDGE_LOOP('',(#7131,#7156,#7183,#7184,#7185,#7186));
#7131 = ORIENTED_EDGE('',*,*,#7132,.F.);
#7132 = EDGE_CURVE('',#7133,#7135,#7137,.T.);
#7133 = VERTEX_POINT('',#7134);
#7134 = CARTESIAN_POINT('',(67.6,-15.6,-12.6));
#7135 = VERTEX_POINT('',#7136);
#7136 = CARTESIAN_POINT('',(67.6,-15.6,13.666060555965));
#7137 = SURFACE_CURVE('',#7138,(#7142,#7149),.PCURVE_S1.);
#7138 = LINE('',#7139,#7140);
#7139 = CARTESIAN_POINT('',(67.6,-15.6,-14.6));
#7140 = VECTOR('',#7141,1.);
#7141 = DIRECTION('',(0.,0.,1.));
#7142 = PCURVE('',#3040,#7143);
#7143 = DEFINITIONAL_REPRESENTATION('',(#7144),#7148);
#7144 = LINE('',#7145,#7146);
#7145 = CARTESIAN_POINT('',(-0.,0.));
#7146 = VECTOR('',#7147,1.);
#7147 = DIRECTION('',(-0.,1.));
#7148 = ( GEOMETRIC_REPRESENTATION_CONTEXT(2) 
PARAMETRIC_REPRESENTATION_CONTEXT() REPRESENTATION_CONTEXT('2D SPACE',''
  ) );
#7149 = PCURVE('',#5699,#7150);
#7150 = DEFINITIONAL_REPRESENTATION('',(#7151),#7155);
#7151 = LINE('',#7152,#7153);
#7152 = CARTESIAN_POINT('',(0.,-2.));
#7153 = VECTOR('',#7154,1.);
#7154 = DIRECTION('',(1.,0.));
#7155 = ( GEOMETRIC_REPRESENTATION_CONTEXT(2) 
PARAMETRIC_REPRESENTATION_CONTEXT() REPRESENTATION_CONTEXT('2D SPACE',''
  ) );
#7156 = ORIENTED_EDGE('',*,*,#7157,.T.);
#7157 = EDGE_CURVE('',#7133,#5514,#7158,.T.);
#7158 = SURFACE_CURVE('',#7159,(#7164,#7171),.PCURVE_S1.);
#7159 = CIRCLE('',#7160,2.);
#7160 = AXIS2_PLACEMENT_3D('',#7161,#7162,#7163);
#7161 = CARTESIAN_POINT('',(65.6,-15.6,-12.6));
#7162 = DIRECTION('',(0.,-0.,-1.));
#7163 = DIRECTION('',(1.,0.,-0.));
#7164 = PCURVE('',#3040,#7165);
#7165 = DEFINITIONAL_REPRESENTATION('',(#7166),#7170);
#7166 = LINE('',#7167,#7168);
#7167 = CARTESIAN_POINT('',(-0.,2.));
#7168 = VECTOR('',#7169,1.);
#7169 = DIRECTION('',(-1.,0.));
#7170 = ( GEOMETRIC_REPRESENTATION_CONTEXT(2) 
PARAMETRIC_REPRESENTATION_CONTEXT() REPRESENTATION_CONTEXT('2D SPACE',''
  ) );
#7171 = PCURVE('',#7172,#7177);
#7172 = SPHERICAL_SURFACE('',#7173,2.);
#7173 = AXIS2_PLACEMENT_3D('',#7174,#7175,#7176);
#7174 = CARTESIAN_POINT('',(65.6,-15.6,-12.6));
#7175 = DIRECTION('',(0.,0.,1.));
#7176 = DIRECTION('',(1.,0.,-0.));
#7177 = DEFINITIONAL_REPRESENTATION('',(#7178),#7182);
#7178 = LINE('',#7179,#7180);
#7179 = CARTESIAN_POINT('',(-0.,0.));
#7180 = VECTOR('',#7181,1.);
#7181 = DIRECTION('',(-1.,0.));
#7182 = ( GEOMETRIC_REPRESENTATION_CONTEXT(2) 
PARAMETRIC_REPRESENTATION_CONTEXT() REPRESENTATION_CONTEXT('2D SPACE',''
  ) );
#7183 = ORIENTED_EDGE('',*,*,#5538,.T.);
#7184 = ORIENTED_EDGE('',*,*,#3020,.F.);
#7185 = ORIENTED_EDGE('',*,*,#7049,.F.);
#7186 = ORIENTED_EDGE('',*,*,#7187,.F.);
#7187 = EDGE_CURVE('',#7135,#7021,#7188,.T.);
#7188 = SURFACE_CURVE('',#7189,(#7195,#7204),.PCURVE_S1.);
#7189 = B_SPLINE_CURVE_WITH_KNOTS('',4,(#7190,#7191,#7192,#7193,#7194),
  .UNSPECIFIED.,.F.,.F.,(5,5),(0.,1.),.PIECEWISE_BEZIER_KNOTS.);
#7190 = CARTESIAN_POINT('',(67.6,-15.6,13.666060555965));
#7191 = CARTESIAN_POINT('',(67.6,-15.70051359119,13.666060555965));
#7192 = CARTESIAN_POINT('',(67.593264917931,-15.80101888216,
    13.669000248919));
#7193 = CARTESIAN_POINT('',(67.579795676674,-15.90102174901,
    13.674877821316));
#7194 = CARTESIAN_POINT('',(67.559591671752,-16.0000006,13.683432341906)
  );
#7195 = PCURVE('',#3040,#7196);
#7196 = DEFINITIONAL_REPRESENTATION('',(#7197),#7203);
#7197 = B_SPLINE_CURVE_WITH_KNOTS('',4,(#7198,#7199,#7200,#7201,#7202),
  .UNSPECIFIED.,.F.,.F.,(5,5),(0.,1.),.PIECEWISE_BEZIER_KNOTS.);
#7198 = CARTESIAN_POINT('',(0.,28.266060555965));
#7199 = CARTESIAN_POINT('',(-5.025679559832E-02,28.266060555965));
#7200 = CARTESIAN_POINT('',(-0.100509797227,28.269000248919));
#7201 = CARTESIAN_POINT('',(-0.150848290437,28.274877821316));
#7202 = CARTESIAN_POINT('',(-0.201358226977,28.283432341906));
#7203 = ( GEOMETRIC_REPRESENTATION_CONTEXT(2) 
PARAMETRIC_REPRESENTATION_CONTEXT() REPRESENTATION_CONTEXT('2D SPACE',''
  ) );
#7204 = PCURVE('',#7037,#7205);
#7205 = DEFINITIONAL_REPRESENTATION('',(#7206),#7212);
#7206 = B_SPLINE_CURVE_WITH_KNOTS('',4,(#7207,#7208,#7209,#7210,#7211),
  .UNSPECIFIED.,.F.,.F.,(5,5),(0.,1.),.PIECEWISE_BEZIER_KNOTS.);
#7207 = CARTESIAN_POINT('',(-1.159279480727,4.4));
#7208 = CARTESIAN_POINT('',(-1.159279480727,4.299486408803));
#7209 = CARTESIAN_POINT('',(-1.161116697696,4.198981117833));
#7210 = CARTESIAN_POINT('',(-1.164790489299,4.098978250983));
#7211 = CARTESIAN_POINT('',(-1.170275592064,3.9999994));
#7212 = ( GEOMETRIC_REPRESENTATION_CONTEXT(2) 
PARAMETRIC_REPRESENTATION_CONTEXT() REPRESENTATION_CONTEXT('2D SPACE',''
  ) );
#7213 = ADVANCED_FACE('',(#7214),#3103,.T.);
#7214 = FACE_BOUND('',#7215,.T.);
#7215 = EDGE_LOOP('',(#7216,#7217,#7246,#7274));
#7216 = ORIENTED_EDGE('',*,*,#3085,.F.);
#7217 = ORIENTED_EDGE('',*,*,#7218,.T.);
#7218 = EDGE_CURVE('',#3086,#7219,#7221,.T.);
#7219 = VERTEX_POINT('',#7220);
#7220 = CARTESIAN_POINT('',(41.,-24.,-14.));
#7221 = SURFACE_CURVE('',#7222,(#7227,#7234),.PCURVE_S1.);
#7222 = CIRCLE('',#7223,2.);
#7223 = AXIS2_PLACEMENT_3D('',#7224,#7225,#7226);
#7224 = CARTESIAN_POINT('',(41.,-22.,-14.));
#7225 = DIRECTION('',(0.,0.,1.));
#7226 = DIRECTION('',(-1.,0.,0.));
#7227 = PCURVE('',#3103,#7228);
#7228 = DEFINITIONAL_REPRESENTATION('',(#7229),#7233);
#7229 = LINE('',#7230,#7231);
#7230 = CARTESIAN_POINT('',(0.,2.));
#7231 = VECTOR('',#7232,1.);
#7232 = DIRECTION('',(1.,0.));
#7233 = ( GEOMETRIC_REPRESENTATION_CONTEXT(2) 
PARAMETRIC_REPRESENTATION_CONTEXT() REPRESENTATION_CONTEXT('2D SPACE',''
  ) );
#7234 = PCURVE('',#7235,#7240);
#7235 = SPHERICAL_SURFACE('',#7236,2.);
#7236 = AXIS2_PLACEMENT_3D('',#7237,#7238,#7239);
#7237 = CARTESIAN_POINT('',(41.,-22.,-14.));
#7238 = DIRECTION('',(0.,0.,1.));
#7239 = DIRECTION('',(-1.,0.,0.));
#7240 = DEFINITIONAL_REPRESENTATION('',(#7241),#7245);
#7241 = LINE('',#7242,#7243);
#7242 = CARTESIAN_POINT('',(0.,0.));
#7243 = VECTOR('',#7244,1.);
#7244 = DIRECTION('',(1.,0.));
#7245 = ( GEOMETRIC_REPRESENTATION_CONTEXT(2) 
PARAMETRIC_REPRESENTATION_CONTEXT() REPRESENTATION_CONTEXT('2D SPACE',''
  ) );
#7246 = ORIENTED_EDGE('',*,*,#7247,.T.);
#7247 = EDGE_CURVE('',#7219,#7248,#7250,.T.);
#7248 = VERTEX_POINT('',#7249);
#7249 = CARTESIAN_POINT('',(41.,-24.,1.));
#7250 = SURFACE_CURVE('',#7251,(#7255,#7262),.PCURVE_S1.);
#7251 = LINE('',#7252,#7253);
#7252 = CARTESIAN_POINT('',(41.,-24.,-16.));
#7253 = VECTOR('',#7254,1.);
#7254 = DIRECTION('',(0.,0.,1.));
#7255 = PCURVE('',#3103,#7256);
#7256 = DEFINITIONAL_REPRESENTATION('',(#7257),#7261);
#7257 = LINE('',#7258,#7259);
#7258 = CARTESIAN_POINT('',(1.570796326795,0.));
#7259 = VECTOR('',#7260,1.);
#7260 = DIRECTION('',(0.,1.));
#7261 = ( GEOMETRIC_REPRESENTATION_CONTEXT(2) 
PARAMETRIC_REPRESENTATION_CONTEXT() REPRESENTATION_CONTEXT('2D SPACE',''
  ) );
#7262 = PCURVE('',#7263,#7268);
#7263 = PLANE('',#7264);
#7264 = AXIS2_PLACEMENT_3D('',#7265,#7266,#7267);
#7265 = CARTESIAN_POINT('',(39.,-24.,-16.));
#7266 = DIRECTION('',(0.,1.,0.));
#7267 = DIRECTION('',(0.,0.,1.));
#7268 = DEFINITIONAL_REPRESENTATION('',(#7269),#7273);
#7269 = LINE('',#7270,#7271);
#7270 = CARTESIAN_POINT('',(0.,2.));
#7271 = VECTOR('',#7272,1.);
#7272 = DIRECTION('',(1.,0.));
#7273 = ( GEOMETRIC_REPRESENTATION_CONTEXT(2) 
PARAMETRIC_REPRESENTATION_CONTEXT() REPRESENTATION_CONTEXT('2D SPACE',''
  ) );
#7274 = ORIENTED_EDGE('',*,*,#7275,.F.);
#7275 = EDGE_CURVE('',#3088,#7248,#7276,.T.);
#7276 = SURFACE_CURVE('',#7277,(#7282,#7289),.PCURVE_S1.);
#7277 = CIRCLE('',#7278,2.);
#7278 = AXIS2_PLACEMENT_3D('',#7279,#7280,#7281);
#7279 = CARTESIAN_POINT('',(41.,-22.,1.));
#7280 = DIRECTION('',(0.,0.,1.));
#7281 = DIRECTION('',(-1.,0.,0.));
#7282 = PCURVE('',#3103,#7283);
#7283 = DEFINITIONAL_REPRESENTATION('',(#7284),#7288);
#7284 = LINE('',#7285,#7286);
#7285 = CARTESIAN_POINT('',(0.,17.));
#7286 = VECTOR('',#7287,1.);
#7287 = DIRECTION('',(1.,0.));
#7288 = ( GEOMETRIC_REPRESENTATION_CONTEXT(2) 
PARAMETRIC_REPRESENTATION_CONTEXT() REPRESENTATION_CONTEXT('2D SPACE',''
  ) );
#7289 = PCURVE('',#3206,#7290);
#7290 = DEFINITIONAL_REPRESENTATION('',(#7291),#7295);
#7291 = LINE('',#7292,#7293);
#7292 = CARTESIAN_POINT('',(-0.,0.));
#7293 = VECTOR('',#7294,1.);
#7294 = DIRECTION('',(-1.,0.));
#7295 = ( GEOMETRIC_REPRESENTATION_CONTEXT(2) 
PARAMETRIC_REPRESENTATION_CONTEXT() REPRESENTATION_CONTEXT('2D SPACE',''
  ) );
#7296 = ADVANCED_FACE('',(#7297),#3131,.T.);
#7297 = FACE_BOUND('',#7298,.F.);
#7298 = EDGE_LOOP('',(#7299,#7323,#7344,#7345));
#7299 = ORIENTED_EDGE('',*,*,#7300,.F.);
#7300 = EDGE_CURVE('',#7301,#3086,#7303,.T.);
#7301 = VERTEX_POINT('',#7302);
#7302 = CARTESIAN_POINT('',(41.,-22.,-16.));
#7303 = SURFACE_CURVE('',#7304,(#7309,#7316),.PCURVE_S1.);
#7304 = CIRCLE('',#7305,2.);
#7305 = AXIS2_PLACEMENT_3D('',#7306,#7307,#7308);
#7306 = CARTESIAN_POINT('',(41.,-22.,-14.));
#7307 = DIRECTION('',(0.,1.,-0.));
#7308 = DIRECTION('',(-1.,0.,0.));
#7309 = PCURVE('',#3131,#7310);
#7310 = DEFINITIONAL_REPRESENTATION('',(#7311),#7315);
#7311 = LINE('',#7312,#7313);
#7312 = CARTESIAN_POINT('',(-6.28318530718,2.));
#7313 = VECTOR('',#7314,1.);
#7314 = DIRECTION('',(1.,-0.));
#7315 = ( GEOMETRIC_REPRESENTATION_CONTEXT(2) 
PARAMETRIC_REPRESENTATION_CONTEXT() REPRESENTATION_CONTEXT('2D SPACE',''
  ) );
#7316 = PCURVE('',#7235,#7317);
#7317 = DEFINITIONAL_REPRESENTATION('',(#7318),#7322);
#7318 = LINE('',#7319,#7320);
#7319 = CARTESIAN_POINT('',(0.,-6.28318530718));
#7320 = VECTOR('',#7321,1.);
#7321 = DIRECTION('',(0.,1.));
#7322 = ( GEOMETRIC_REPRESENTATION_CONTEXT(2) 
PARAMETRIC_REPRESENTATION_CONTEXT() REPRESENTATION_CONTEXT('2D SPACE',''
  ) );
#7323 = ORIENTED_EDGE('',*,*,#7324,.T.);
#7324 = EDGE_CURVE('',#7301,#6804,#7325,.T.);
#7325 = SURFACE_CURVE('',#7326,(#7330,#7337),.PCURVE_S1.);
#7326 = LINE('',#7327,#7328);
#7327 = CARTESIAN_POINT('',(41.,-24.,-16.));
#7328 = VECTOR('',#7329,1.);
#7329 = DIRECTION('',(0.,1.,0.));
#7330 = PCURVE('',#3131,#7331);
#7331 = DEFINITIONAL_REPRESENTATION('',(#7332),#7336);
#7332 = LINE('',#7333,#7334);
#7333 = CARTESIAN_POINT('',(-1.570796326795,0.));
#7334 = VECTOR('',#7335,1.);
#7335 = DIRECTION('',(-0.,1.));
#7336 = ( GEOMETRIC_REPRESENTATION_CONTEXT(2) 
PARAMETRIC_REPRESENTATION_CONTEXT() REPRESENTATION_CONTEXT('2D SPACE',''
  ) );
#7337 = PCURVE('',#6871,#7338);
#7338 = DEFINITIONAL_REPRESENTATION('',(#7339),#7343);
#7339 = LINE('',#7340,#7341);
#7340 = CARTESIAN_POINT('',(2.,0.));
#7341 = VECTOR('',#7342,1.);
#7342 = DIRECTION('',(0.,1.));
#7343 = ( GEOMETRIC_REPRESENTATION_CONTEXT(2) 
PARAMETRIC_REPRESENTATION_CONTEXT() REPRESENTATION_CONTEXT('2D SPACE',''
  ) );
#7344 = ORIENTED_EDGE('',*,*,#6803,.T.);
#7345 = ORIENTED_EDGE('',*,*,#3115,.F.);
#7346 = ADVANCED_FACE('',(#7347),#3206,.T.);
#7347 = FACE_BOUND('',#7348,.F.);
#7348 = EDGE_LOOP('',(#7349,#7350,#7372));
#7349 = ORIENTED_EDGE('',*,*,#3189,.F.);
#7350 = ORIENTED_EDGE('',*,*,#7351,.T.);
#7351 = EDGE_CURVE('',#3190,#7248,#7352,.T.);
#7352 = SURFACE_CURVE('',#7353,(#7358,#7365),.PCURVE_S1.);
#7353 = CIRCLE('',#7354,2.);
#7354 = AXIS2_PLACEMENT_3D('',#7355,#7356,#7357);
#7355 = CARTESIAN_POINT('',(41.,-22.,1.));
#7356 = DIRECTION('',(1.,-6.123233995737E-17,0.));
#7357 = DIRECTION('',(-6.123233995737E-17,-1.,0.));
#7358 = PCURVE('',#3206,#7359);
#7359 = DEFINITIONAL_REPRESENTATION('',(#7360),#7364);
#7360 = LINE('',#7361,#7362);
#7361 = CARTESIAN_POINT('',(-1.570796326795,-6.28318530718));
#7362 = VECTOR('',#7363,1.);
#7363 = DIRECTION('',(-0.,1.));
#7364 = ( GEOMETRIC_REPRESENTATION_CONTEXT(2) 
PARAMETRIC_REPRESENTATION_CONTEXT() REPRESENTATION_CONTEXT('2D SPACE',''
  ) );
#7365 = PCURVE('',#3261,#7366);
#7366 = DEFINITIONAL_REPRESENTATION('',(#7367),#7371);
#7367 = LINE('',#7368,#7369);
#7368 = CARTESIAN_POINT('',(-6.28318530718,2.));
#7369 = VECTOR('',#7370,1.);
#7370 = DIRECTION('',(1.,-0.));
#7371 = ( GEOMETRIC_REPRESENTATION_CONTEXT(2) 
PARAMETRIC_REPRESENTATION_CONTEXT() REPRESENTATION_CONTEXT('2D SPACE',''
  ) );
#7372 = ORIENTED_EDGE('',*,*,#7275,.F.);
#7373 = ADVANCED_FACE('',(#7374),#3261,.T.);
#7374 = FACE_BOUND('',#7375,.F.);
#7375 = EDGE_LOOP('',(#7376,#7377,#7378,#7402));
#7376 = ORIENTED_EDGE('',*,*,#7351,.F.);
#7377 = ORIENTED_EDGE('',*,*,#3245,.T.);
#7378 = ORIENTED_EDGE('',*,*,#7379,.T.);
#7379 = EDGE_CURVE('',#3246,#7380,#7382,.T.);
#7380 = VERTEX_POINT('',#7381);
#7381 = CARTESIAN_POINT('',(57.,-24.,1.));
#7382 = SURFACE_CURVE('',#7383,(#7388,#7395),.PCURVE_S1.);
#7383 = CIRCLE('',#7384,2.);
#7384 = AXIS2_PLACEMENT_3D('',#7385,#7386,#7387);
#7385 = CARTESIAN_POINT('',(57.,-22.,1.));
#7386 = DIRECTION('',(1.,6.123233995737E-17,0.));
#7387 = DIRECTION('',(6.123233995737E-17,-1.,0.));
#7388 = PCURVE('',#3261,#7389);
#7389 = DEFINITIONAL_REPRESENTATION('',(#7390),#7394);
#7390 = LINE('',#7391,#7392);
#7391 = CARTESIAN_POINT('',(-6.28318530718,18.));
#7392 = VECTOR('',#7393,1.);
#7393 = DIRECTION('',(1.,-0.));
#7394 = ( GEOMETRIC_REPRESENTATION_CONTEXT(2) 
PARAMETRIC_REPRESENTATION_CONTEXT() REPRESENTATION_CONTEXT('2D SPACE',''
  ) );
#7395 = PCURVE('',#3315,#7396);
#7396 = DEFINITIONAL_REPRESENTATION('',(#7397),#7401);
#7397 = LINE('',#7398,#7399);
#7398 = CARTESIAN_POINT('',(1.570796326795,-6.28318530718));
#7399 = VECTOR('',#7400,1.);
#7400 = DIRECTION('',(0.,1.));
#7401 = ( GEOMETRIC_REPRESENTATION_CONTEXT(2) 
PARAMETRIC_REPRESENTATION_CONTEXT() REPRESENTATION_CONTEXT('2D SPACE',''
  ) );
#7402 = ORIENTED_EDGE('',*,*,#7403,.F.);
#7403 = EDGE_CURVE('',#7248,#7380,#7404,.T.);
#7404 = SURFACE_CURVE('',#7405,(#7409,#7416),.PCURVE_S1.);
#7405 = LINE('',#7406,#7407);
#7406 = CARTESIAN_POINT('',(39.,-24.,1.));
#7407 = VECTOR('',#7408,1.);
#7408 = DIRECTION('',(1.,0.,0.));
#7409 = PCURVE('',#3261,#7410);
#7410 = DEFINITIONAL_REPRESENTATION('',(#7411),#7415);
#7411 = LINE('',#7412,#7413);
#7412 = CARTESIAN_POINT('',(-0.,0.));
#7413 = VECTOR('',#7414,1.);
#7414 = DIRECTION('',(-0.,1.));
#7415 = ( GEOMETRIC_REPRESENTATION_CONTEXT(2) 
PARAMETRIC_REPRESENTATION_CONTEXT() REPRESENTATION_CONTEXT('2D SPACE',''
  ) );
#7416 = PCURVE('',#7263,#7417);
#7417 = DEFINITIONAL_REPRESENTATION('',(#7418),#7422);
#7418 = LINE('',#7419,#7420);
#7419 = CARTESIAN_POINT('',(17.,0.));
#7420 = VECTOR('',#7421,1.);
#7421 = DIRECTION('',(0.,1.));
#7422 = ( GEOMETRIC_REPRESENTATION_CONTEXT(2) 
PARAMETRIC_REPRESENTATION_CONTEXT() REPRESENTATION_CONTEXT('2D SPACE',''
  ) );
#7423 = ADVANCED_FACE('',(#7424),#3315,.T.);
#7424 = FACE_BOUND('',#7425,.T.);
#7425 = EDGE_LOOP('',(#7426,#7427,#7428));
#7426 = ORIENTED_EDGE('',*,*,#3298,.F.);
#7427 = ORIENTED_EDGE('',*,*,#7379,.T.);
#7428 = ORIENTED_EDGE('',*,*,#7429,.F.);
#7429 = EDGE_CURVE('',#3299,#7380,#7430,.T.);
#7430 = SURFACE_CURVE('',#7431,(#7436,#7443),.PCURVE_S1.);
#7431 = CIRCLE('',#7432,2.);
#7432 = AXIS2_PLACEMENT_3D('',#7433,#7434,#7435);
#7433 = CARTESIAN_POINT('',(57.,-22.,1.));
#7434 = DIRECTION('',(0.,0.,-1.));
#7435 = DIRECTION('',(1.,0.,0.));
#7436 = PCURVE('',#3315,#7437);
#7437 = DEFINITIONAL_REPRESENTATION('',(#7438),#7442);
#7438 = LINE('',#7439,#7440);
#7439 = CARTESIAN_POINT('',(0.,0.));
#7440 = VECTOR('',#7441,1.);
#7441 = DIRECTION('',(1.,0.));
#7442 = ( GEOMETRIC_REPRESENTATION_CONTEXT(2) 
PARAMETRIC_REPRESENTATION_CONTEXT() REPRESENTATION_CONTEXT('2D SPACE',''
  ) );
#7443 = PCURVE('',#3369,#7444);
#7444 = DEFINITIONAL_REPRESENTATION('',(#7445),#7449);
#7445 = LINE('',#7446,#7447);
#7446 = CARTESIAN_POINT('',(-0.,17.));
#7447 = VECTOR('',#7448,1.);
#7448 = DIRECTION('',(-1.,0.));
#7449 = ( GEOMETRIC_REPRESENTATION_CONTEXT(2) 
PARAMETRIC_REPRESENTATION_CONTEXT() REPRESENTATION_CONTEXT('2D SPACE',''
  ) );
#7450 = ADVANCED_FACE('',(#7451),#3369,.T.);
#7451 = FACE_BOUND('',#7452,.F.);
#7452 = EDGE_LOOP('',(#7453,#7454,#7483,#7504));
#7453 = ORIENTED_EDGE('',*,*,#3353,.F.);
#7454 = ORIENTED_EDGE('',*,*,#7455,.T.);
#7455 = EDGE_CURVE('',#3354,#7456,#7458,.T.);
#7456 = VERTEX_POINT('',#7457);
#7457 = CARTESIAN_POINT('',(57.,-24.,-14.));
#7458 = SURFACE_CURVE('',#7459,(#7464,#7471),.PCURVE_S1.);
#7459 = CIRCLE('',#7460,2.);
#7460 = AXIS2_PLACEMENT_3D('',#7461,#7462,#7463);
#7461 = CARTESIAN_POINT('',(57.,-22.,-14.));
#7462 = DIRECTION('',(0.,-0.,-1.));
#7463 = DIRECTION('',(1.,0.,-0.));
#7464 = PCURVE('',#3369,#7465);
#7465 = DEFINITIONAL_REPRESENTATION('',(#7466),#7470);
#7466 = LINE('',#7467,#7468);
#7467 = CARTESIAN_POINT('',(-0.,2.));
#7468 = VECTOR('',#7469,1.);
#7469 = DIRECTION('',(-1.,0.));
#7470 = ( GEOMETRIC_REPRESENTATION_CONTEXT(2) 
PARAMETRIC_REPRESENTATION_CONTEXT() REPRESENTATION_CONTEXT('2D SPACE',''
  ) );
#7471 = PCURVE('',#7472,#7477);
#7472 = SPHERICAL_SURFACE('',#7473,2.);
#7473 = AXIS2_PLACEMENT_3D('',#7474,#7475,#7476);
#7474 = CARTESIAN_POINT('',(57.,-22.,-14.));
#7475 = DIRECTION('',(0.,0.,1.));
#7476 = DIRECTION('',(1.,0.,-0.));
#7477 = DEFINITIONAL_REPRESENTATION('',(#7478),#7482);
#7478 = LINE('',#7479,#7480);
#7479 = CARTESIAN_POINT('',(-0.,0.));
#7480 = VECTOR('',#7481,1.);
#7481 = DIRECTION('',(-1.,0.));
#7482 = ( GEOMETRIC_REPRESENTATION_CONTEXT(2) 
PARAMETRIC_REPRESENTATION_CONTEXT() REPRESENTATION_CONTEXT('2D SPACE',''
  ) );
#7483 = ORIENTED_EDGE('',*,*,#7484,.T.);
#7484 = EDGE_CURVE('',#7456,#7380,#7485,.T.);
#7485 = SURFACE_CURVE('',#7486,(#7490,#7497),.PCURVE_S1.);
#7486 = LINE('',#7487,#7488);
#7487 = CARTESIAN_POINT('',(57.,-24.,-16.));
#7488 = VECTOR('',#7489,1.);
#7489 = DIRECTION('',(0.,0.,1.));
#7490 = PCURVE('',#3369,#7491);
#7491 = DEFINITIONAL_REPRESENTATION('',(#7492),#7496);
#7492 = LINE('',#7493,#7494);
#7493 = CARTESIAN_POINT('',(-1.570796326795,0.));
#7494 = VECTOR('',#7495,1.);
#7495 = DIRECTION('',(-0.,1.));
#7496 = ( GEOMETRIC_REPRESENTATION_CONTEXT(2) 
PARAMETRIC_REPRESENTATION_CONTEXT() REPRESENTATION_CONTEXT('2D SPACE',''
  ) );
#7497 = PCURVE('',#7263,#7498);
#7498 = DEFINITIONAL_REPRESENTATION('',(#7499),#7503);
#7499 = LINE('',#7500,#7501);
#7500 = CARTESIAN_POINT('',(0.,18.));
#7501 = VECTOR('',#7502,1.);
#7502 = DIRECTION('',(1.,0.));
#7503 = ( GEOMETRIC_REPRESENTATION_CONTEXT(2) 
PARAMETRIC_REPRESENTATION_CONTEXT() REPRESENTATION_CONTEXT('2D SPACE',''
  ) );
#7504 = ORIENTED_EDGE('',*,*,#7429,.F.);
#7505 = ADVANCED_FACE('',(#7506),#3397,.T.);
#7506 = FACE_BOUND('',#7507,.T.);
#7507 = EDGE_LOOP('',(#7508,#7532,#7553,#7554));
#7508 = ORIENTED_EDGE('',*,*,#7509,.F.);
#7509 = EDGE_CURVE('',#7510,#3354,#7512,.T.);
#7510 = VERTEX_POINT('',#7511);
#7511 = CARTESIAN_POINT('',(57.,-22.,-16.));
#7512 = SURFACE_CURVE('',#7513,(#7518,#7525),.PCURVE_S1.);
#7513 = CIRCLE('',#7514,2.);
#7514 = AXIS2_PLACEMENT_3D('',#7515,#7516,#7517);
#7515 = CARTESIAN_POINT('',(57.,-22.,-14.));
#7516 = DIRECTION('',(0.,-1.,0.));
#7517 = DIRECTION('',(1.,0.,0.));
#7518 = PCURVE('',#3397,#7519);
#7519 = DEFINITIONAL_REPRESENTATION('',(#7520),#7524);
#7520 = LINE('',#7521,#7522);
#7521 = CARTESIAN_POINT('',(6.28318530718,2.));
#7522 = VECTOR('',#7523,1.);
#7523 = DIRECTION('',(-1.,-0.));
#7524 = ( GEOMETRIC_REPRESENTATION_CONTEXT(2) 
PARAMETRIC_REPRESENTATION_CONTEXT() REPRESENTATION_CONTEXT('2D SPACE',''
  ) );
#7525 = PCURVE('',#7472,#7526);
#7526 = DEFINITIONAL_REPRESENTATION('',(#7527),#7531);
#7527 = LINE('',#7528,#7529);
#7528 = CARTESIAN_POINT('',(-0.,-6.28318530718));
#7529 = VECTOR('',#7530,1.);
#7530 = DIRECTION('',(-0.,1.));
#7531 = ( GEOMETRIC_REPRESENTATION_CONTEXT(2) 
PARAMETRIC_REPRESENTATION_CONTEXT() REPRESENTATION_CONTEXT('2D SPACE',''
  ) );
#7532 = ORIENTED_EDGE('',*,*,#7533,.T.);
#7533 = EDGE_CURVE('',#7510,#6856,#7534,.T.);
#7534 = SURFACE_CURVE('',#7535,(#7539,#7546),.PCURVE_S1.);
#7535 = LINE('',#7536,#7537);
#7536 = CARTESIAN_POINT('',(57.,-24.,-16.));
#7537 = VECTOR('',#7538,1.);
#7538 = DIRECTION('',(0.,1.,0.));
#7539 = PCURVE('',#3397,#7540);
#7540 = DEFINITIONAL_REPRESENTATION('',(#7541),#7545);
#7541 = LINE('',#7542,#7543);
#7542 = CARTESIAN_POINT('',(1.570796326795,0.));
#7543 = VECTOR('',#7544,1.);
#7544 = DIRECTION('',(0.,1.));
#7545 = ( GEOMETRIC_REPRESENTATION_CONTEXT(2) 
PARAMETRIC_REPRESENTATION_CONTEXT() REPRESENTATION_CONTEXT('2D SPACE',''
  ) );
#7546 = PCURVE('',#6871,#7547);
#7547 = DEFINITIONAL_REPRESENTATION('',(#7548),#7552);
#7548 = LINE('',#7549,#7550);
#7549 = CARTESIAN_POINT('',(18.,0.));
#7550 = VECTOR('',#7551,1.);
#7551 = DIRECTION('',(0.,1.));
#7552 = ( GEOMETRIC_REPRESENTATION_CONTEXT(2) 
PARAMETRIC_REPRESENTATION_CONTEXT() REPRESENTATION_CONTEXT('2D SPACE',''
  ) );
#7553 = ORIENTED_EDGE('',*,*,#6909,.T.);
#7554 = ORIENTED_EDGE('',*,*,#3381,.F.);
#7555 = ADVANCED_FACE('',(#7556),#3453,.T.);
#7556 = FACE_BOUND('',#7557,.T.);
#7557 = EDGE_LOOP('',(#7558,#7559,#7560,#7561,#7562,#7583,#7609,#7635));
#7558 = ORIENTED_EDGE('',*,*,#3435,.F.);
#7559 = ORIENTED_EDGE('',*,*,#4191,.T.);
#7560 = ORIENTED_EDGE('',*,*,#5589,.T.);
#7561 = ORIENTED_EDGE('',*,*,#5738,.T.);
#7562 = ORIENTED_EDGE('',*,*,#7563,.T.);
#7563 = EDGE_CURVE('',#5711,#7564,#7566,.T.);
#7564 = VERTEX_POINT('',#7565);
#7565 = CARTESIAN_POINT('',(70.,-12.8,9.));
#7566 = SURFACE_CURVE('',#7567,(#7571,#7577),.PCURVE_S1.);
#7567 = LINE('',#7568,#7569);
#7568 = CARTESIAN_POINT('',(70.,-12.8,-4.));
#7569 = VECTOR('',#7570,1.);
#7570 = DIRECTION('',(0.,-0.,1.));
#7571 = PCURVE('',#3453,#7572);
#7572 = DEFINITIONAL_REPRESENTATION('',(#7573),#7576);
#7573 = B_SPLINE_CURVE_WITH_KNOTS('',1,(#7574,#7575),.UNSPECIFIED.,.F.,
  .F.,(2,2),(-5.,13.),.PIECEWISE_BEZIER_KNOTS.);
#7574 = CARTESIAN_POINT('',(8.,-7.2));
#7575 = CARTESIAN_POINT('',(26.,-7.2));
#7576 = ( GEOMETRIC_REPRESENTATION_CONTEXT(2) 
PARAMETRIC_REPRESENTATION_CONTEXT() REPRESENTATION_CONTEXT('2D SPACE',''
  ) );
#7577 = PCURVE('',#5726,#7578);
#7578 = DEFINITIONAL_REPRESENTATION('',(#7579),#7582);
#7579 = B_SPLINE_CURVE_WITH_KNOTS('',1,(#7580,#7581),.UNSPECIFIED.,.F.,
  .F.,(2,2),(-5.,13.),.PIECEWISE_BEZIER_KNOTS.);
#7580 = CARTESIAN_POINT('',(18.,-10.));
#7581 = CARTESIAN_POINT('',(0.,-10.));
#7582 = ( GEOMETRIC_REPRESENTATION_CONTEXT(2) 
PARAMETRIC_REPRESENTATION_CONTEXT() REPRESENTATION_CONTEXT('2D SPACE',''
  ) );
#7583 = ORIENTED_EDGE('',*,*,#7584,.T.);
#7584 = EDGE_CURVE('',#7564,#7585,#7587,.T.);
#7585 = VERTEX_POINT('',#7586);
#7586 = CARTESIAN_POINT('',(70.,-12.,9.));
#7587 = SURFACE_CURVE('',#7588,(#7592,#7598),.PCURVE_S1.);
#7588 = LINE('',#7589,#7590);
#7589 = CARTESIAN_POINT('',(70.,2.1,9.));
#7590 = VECTOR('',#7591,1.);
#7591 = DIRECTION('',(-0.,1.,0.));
#7592 = PCURVE('',#3453,#7593);
#7593 = DEFINITIONAL_REPRESENTATION('',(#7594),#7597);
#7594 = B_SPLINE_CURVE_WITH_KNOTS('',1,(#7595,#7596),.UNSPECIFIED.,.F.,
  .F.,(2,2),(-14.9,13.9),.PIECEWISE_BEZIER_KNOTS.);
#7595 = CARTESIAN_POINT('',(26.,-7.2));
#7596 = CARTESIAN_POINT('',(26.,-36.));
#7597 = ( GEOMETRIC_REPRESENTATION_CONTEXT(2) 
PARAMETRIC_REPRESENTATION_CONTEXT() REPRESENTATION_CONTEXT('2D SPACE',''
  ) );
#7598 = PCURVE('',#7599,#7604);
#7599 = PLANE('',#7600);
#7600 = AXIS2_PLACEMENT_3D('',#7601,#7602,#7603);
#7601 = CARTESIAN_POINT('',(60.,24.2,9.));
#7602 = DIRECTION('',(0.,0.,-1.));
#7603 = DIRECTION('',(0.,-1.,0.));
#7604 = DEFINITIONAL_REPRESENTATION('',(#7605),#7608);
#7605 = B_SPLINE_CURVE_WITH_KNOTS('',1,(#7606,#7607),.UNSPECIFIED.,.F.,
  .F.,(2,2),(-14.9,13.9),.PIECEWISE_BEZIER_KNOTS.);
#7606 = CARTESIAN_POINT('',(37.,-10.));
#7607 = CARTESIAN_POINT('',(8.2,-10.));
#7608 = ( GEOMETRIC_REPRESENTATION_CONTEXT(2) 
PARAMETRIC_REPRESENTATION_CONTEXT() REPRESENTATION_CONTEXT('2D SPACE',''
  ) );
#7609 = ORIENTED_EDGE('',*,*,#7610,.T.);
#7610 = EDGE_CURVE('',#7585,#7611,#7613,.T.);
#7611 = VERTEX_POINT('',#7612);
#7612 = CARTESIAN_POINT('',(70.,-12.,10.));
#7613 = SURFACE_CURVE('',#7614,(#7618,#7624),.PCURVE_S1.);
#7614 = LINE('',#7615,#7616);
#7615 = CARTESIAN_POINT('',(70.,-12.,-1.));
#7616 = VECTOR('',#7617,1.);
#7617 = DIRECTION('',(0.,-0.,1.));
#7618 = PCURVE('',#3453,#7619);
#7619 = DEFINITIONAL_REPRESENTATION('',(#7620),#7623);
#7620 = B_SPLINE_CURVE_WITH_KNOTS('',1,(#7621,#7622),.UNSPECIFIED.,.F.,
  .F.,(2,2),(6.,11.),.PIECEWISE_BEZIER_KNOTS.);
#7621 = CARTESIAN_POINT('',(22.,-8.));
#7622 = CARTESIAN_POINT('',(27.,-8.));
#7623 = ( GEOMETRIC_REPRESENTATION_CONTEXT(2) 
PARAMETRIC_REPRESENTATION_CONTEXT() REPRESENTATION_CONTEXT('2D SPACE',''
  ) );
#7624 = PCURVE('',#7625,#7630);
#7625 = PLANE('',#7626);
#7626 = AXIS2_PLACEMENT_3D('',#7627,#7628,#7629);
#7627 = CARTESIAN_POINT('',(64.,-12.,15.));
#7628 = DIRECTION('',(-0.,1.,0.));
#7629 = DIRECTION('',(0.,0.,-1.));
#7630 = DEFINITIONAL_REPRESENTATION('',(#7631),#7634);
#7631 = B_SPLINE_CURVE_WITH_KNOTS('',1,(#7632,#7633),.UNSPECIFIED.,.F.,
  .F.,(2,2),(6.,11.),.PIECEWISE_BEZIER_KNOTS.);
#7632 = CARTESIAN_POINT('',(10.,-6.));
#7633 = CARTESIAN_POINT('',(5.,-6.));
#7634 = ( GEOMETRIC_REPRESENTATION_CONTEXT(2) 
PARAMETRIC_REPRESENTATION_CONTEXT() REPRESENTATION_CONTEXT('2D SPACE',''
  ) );
#7635 = ORIENTED_EDGE('',*,*,#7636,.F.);
#7636 = EDGE_CURVE('',#3438,#7611,#7637,.T.);
#7637 = SURFACE_CURVE('',#7638,(#7642,#7649),.PCURVE_S1.);
#7638 = LINE('',#7639,#7640);
#7639 = CARTESIAN_POINT('',(70.,-20.,10.));
#7640 = VECTOR('',#7641,1.);
#7641 = DIRECTION('',(0.,1.,0.));
#7642 = PCURVE('',#3453,#7643);
#7643 = DEFINITIONAL_REPRESENTATION('',(#7644),#7648);
#7644 = LINE('',#7645,#7646);
#7645 = CARTESIAN_POINT('',(27.,0.));
#7646 = VECTOR('',#7647,1.);
#7647 = DIRECTION('',(0.,-1.));
#7648 = ( GEOMETRIC_REPRESENTATION_CONTEXT(2) 
PARAMETRIC_REPRESENTATION_CONTEXT() REPRESENTATION_CONTEXT('2D SPACE',''
  ) );
#7649 = PCURVE('',#7037,#7650);
#7650 = DEFINITIONAL_REPRESENTATION('',(#7651),#7655);
#7651 = LINE('',#7652,#7653);
#7652 = CARTESIAN_POINT('',(-0.,0.));
#7653 = VECTOR('',#7654,1.);
#7654 = DIRECTION('',(-0.,1.));
#7655 = ( GEOMETRIC_REPRESENTATION_CONTEXT(2) 
PARAMETRIC_REPRESENTATION_CONTEXT() REPRESENTATION_CONTEXT('2D SPACE',''
  ) );
#7656 = ADVANCED_FACE('',(#7657),#3684,.T.);
#7657 = FACE_BOUND('',#7658,.T.);
#7658 = EDGE_LOOP('',(#7659,#7660,#7661));
#7659 = ORIENTED_EDGE('',*,*,#4167,.F.);
#7660 = ORIENTED_EDGE('',*,*,#3669,.T.);
#7661 = ORIENTED_EDGE('',*,*,#5612,.F.);
#7662 = ADVANCED_FACE('',(#7663),#3631,.T.);
#7663 = FACE_BOUND('',#7664,.T.);
#7664 = EDGE_LOOP('',(#7665,#7666,#7667,#7686));
#7665 = ORIENTED_EDGE('',*,*,#3616,.T.);
#7666 = ORIENTED_EDGE('',*,*,#4119,.T.);
#7667 = ORIENTED_EDGE('',*,*,#7668,.F.);
#7668 = EDGE_CURVE('',#3929,#4092,#7669,.T.);
#7669 = SURFACE_CURVE('',#7670,(#7674,#7680),.PCURVE_S1.);
#7670 = LINE('',#7671,#7672);
#7671 = CARTESIAN_POINT('',(-67.6,16.1,-14.5364916731));
#7672 = VECTOR('',#7673,1.);
#7673 = DIRECTION('',(1.,0.,0.));
#7674 = PCURVE('',#3631,#7675);
#7675 = DEFINITIONAL_REPRESENTATION('',(#7676),#7679);
#7676 = B_SPLINE_CURVE_WITH_KNOTS('',1,(#7677,#7678),.UNSPECIFIED.,.F.,
  .F.,(2,2),(64.6,70.6),.PIECEWISE_BEZIER_KNOTS.);
#7677 = CARTESIAN_POINT('',(5.5,-3.463508326896));
#7678 = CARTESIAN_POINT('',(-0.5,-3.463508326896));
#7679 = ( GEOMETRIC_REPRESENTATION_CONTEXT(2) 
PARAMETRIC_REPRESENTATION_CONTEXT() REPRESENTATION_CONTEXT('2D SPACE',''
  ) );
#7680 = PCURVE('',#3741,#7681);
#7681 = DEFINITIONAL_REPRESENTATION('',(#7682),#7685);
#7682 = B_SPLINE_CURVE_WITH_KNOTS('',1,(#7683,#7684),.UNSPECIFIED.,.F.,
  .F.,(2,2),(64.6,70.6),.PIECEWISE_BEZIER_KNOTS.);
#7683 = CARTESIAN_POINT('',(-1.318116071653,64.6));
#7684 = CARTESIAN_POINT('',(-1.318116071653,70.6));
#7685 = ( GEOMETRIC_REPRESENTATION_CONTEXT(2) 
PARAMETRIC_REPRESENTATION_CONTEXT() REPRESENTATION_CONTEXT('2D SPACE',''
  ) );
#7686 = ORIENTED_EDGE('',*,*,#3928,.F.);
#7687 = ADVANCED_FACE('',(#7688),#3554,.T.);
#7688 = FACE_BOUND('',#7689,.T.);
#7689 = EDGE_LOOP('',(#7690,#7691,#7692,#7711));
#7690 = ORIENTED_EDGE('',*,*,#3539,.T.);
#7691 = ORIENTED_EDGE('',*,*,#3902,.T.);
#7692 = ORIENTED_EDGE('',*,*,#7693,.F.);
#7693 = EDGE_CURVE('',#3702,#3875,#7694,.T.);
#7694 = SURFACE_CURVE('',#7695,(#7699,#7705),.PCURVE_S1.);
#7695 = LINE('',#7696,#7697);
#7696 = CARTESIAN_POINT('',(-67.6,16.1,-14.5364916731));
#7697 = VECTOR('',#7698,1.);
#7698 = DIRECTION('',(1.,0.,0.));
#7699 = PCURVE('',#3554,#7700);
#7700 = DEFINITIONAL_REPRESENTATION('',(#7701),#7704);
#7701 = B_SPLINE_CURVE_WITH_KNOTS('',1,(#7702,#7703),.UNSPECIFIED.,.F.,
  .F.,(2,2),(34.6,40.6),.PIECEWISE_BEZIER_KNOTS.);
#7702 = CARTESIAN_POINT('',(5.5,-3.463508326896));
#7703 = CARTESIAN_POINT('',(-0.5,-3.463508326896));
#7704 = ( GEOMETRIC_REPRESENTATION_CONTEXT(2) 
PARAMETRIC_REPRESENTATION_CONTEXT() REPRESENTATION_CONTEXT('2D SPACE',''
  ) );
#7705 = PCURVE('',#3741,#7706);
#7706 = DEFINITIONAL_REPRESENTATION('',(#7707),#7710);
#7707 = B_SPLINE_CURVE_WITH_KNOTS('',1,(#7708,#7709),.UNSPECIFIED.,.F.,
  .F.,(2,2),(34.6,40.6),.PIECEWISE_BEZIER_KNOTS.);
#7708 = CARTESIAN_POINT('',(-1.318116071653,34.6));
#7709 = CARTESIAN_POINT('',(-1.318116071653,40.6));
#7710 = ( GEOMETRIC_REPRESENTATION_CONTEXT(2) 
PARAMETRIC_REPRESENTATION_CONTEXT() REPRESENTATION_CONTEXT('2D SPACE',''
  ) );
#7711 = ORIENTED_EDGE('',*,*,#3701,.F.);
#7712 = ADVANCED_FACE('',(#7713,#8188,#8302,#8333,#8364,#8478,#8509),
  #3768,.T.);
#7713 = FACE_BOUND('',#7714,.T.);
#7714 = EDGE_LOOP('',(#7715,#7716,#7739,#7768,#7792,#7813,#7814,#7815,
    #7816,#7837,#7838,#7839,#7840,#7863,#7892,#7916,#7939,#7967,#7990,
    #8019,#8043,#8064,#8065,#8066,#8067,#8088,#8089,#8090,#8091,#8114,
    #8143,#8167));
#7715 = ORIENTED_EDGE('',*,*,#5487,.F.);
#7716 = ORIENTED_EDGE('',*,*,#7717,.T.);
#7717 = EDGE_CURVE('',#5464,#7718,#7720,.T.);
#7718 = VERTEX_POINT('',#7719);
#7719 = CARTESIAN_POINT('',(-64.40440890611,-15.6,-14.6));
#7720 = SURFACE_CURVE('',#7721,(#7725,#7732),.PCURVE_S1.);
#7721 = LINE('',#7722,#7723);
#7722 = CARTESIAN_POINT('',(-67.6,-15.6,-14.6));
#7723 = VECTOR('',#7724,1.);
#7724 = DIRECTION('',(1.,0.,0.));
#7725 = PCURVE('',#3768,#7726);
#7726 = DEFINITIONAL_REPRESENTATION('',(#7727),#7731);
#7727 = LINE('',#7728,#7729);
#7728 = CARTESIAN_POINT('',(0.,2.));
#7729 = VECTOR('',#7730,1.);
#7730 = DIRECTION('',(1.,0.));
#7731 = ( GEOMETRIC_REPRESENTATION_CONTEXT(2) 
PARAMETRIC_REPRESENTATION_CONTEXT() REPRESENTATION_CONTEXT('2D SPACE',''
  ) );
#7732 = PCURVE('',#4260,#7733);
#7733 = DEFINITIONAL_REPRESENTATION('',(#7734),#7738);
#7734 = LINE('',#7735,#7736);
#7735 = CARTESIAN_POINT('',(1.570796326795,0.));
#7736 = VECTOR('',#7737,1.);
#7737 = DIRECTION('',(0.,1.));
#7738 = ( GEOMETRIC_REPRESENTATION_CONTEXT(2) 
PARAMETRIC_REPRESENTATION_CONTEXT() REPRESENTATION_CONTEXT('2D SPACE',''
  ) );
#7739 = ORIENTED_EDGE('',*,*,#7740,.F.);
#7740 = EDGE_CURVE('',#7741,#7718,#7743,.T.);
#7741 = VERTEX_POINT('',#7742);
#7742 = CARTESIAN_POINT('',(-57.,-13.5,-14.6));
#7743 = SURFACE_CURVE('',#7744,(#7749,#7756),.PCURVE_S1.);
#7744 = CIRCLE('',#7745,4.);
#7745 = AXIS2_PLACEMENT_3D('',#7746,#7747,#7748);
#7746 = CARTESIAN_POINT('',(-61.,-13.5,-14.6));
#7747 = DIRECTION('',(0.,0.,1.));
#7748 = DIRECTION('',(1.,0.,0.));
#7749 = PCURVE('',#3768,#7750);
#7750 = DEFINITIONAL_REPRESENTATION('',(#7751),#7755);
#7751 = CIRCLE('',#7752,4.);
#7752 = AXIS2_PLACEMENT_2D('',#7753,#7754);
#7753 = CARTESIAN_POINT('',(6.6,4.1));
#7754 = DIRECTION('',(1.,0.));
#7755 = ( GEOMETRIC_REPRESENTATION_CONTEXT(2) 
PARAMETRIC_REPRESENTATION_CONTEXT() REPRESENTATION_CONTEXT('2D SPACE',''
  ) );
#7756 = PCURVE('',#7757,#7762);
#7757 = CYLINDRICAL_SURFACE('',#7758,4.);
#7758 = AXIS2_PLACEMENT_3D('',#7759,#7760,#7761);
#7759 = CARTESIAN_POINT('',(-61.,-13.5,-14.6));
#7760 = DIRECTION('',(-0.,-0.,-1.));
#7761 = DIRECTION('',(1.,0.,0.));
#7762 = DEFINITIONAL_REPRESENTATION('',(#7763),#7767);
#7763 = LINE('',#7764,#7765);
#7764 = CARTESIAN_POINT('',(-0.,0.));
#7765 = VECTOR('',#7766,1.);
#7766 = DIRECTION('',(-1.,0.));
#7767 = ( GEOMETRIC_REPRESENTATION_CONTEXT(2) 
PARAMETRIC_REPRESENTATION_CONTEXT() REPRESENTATION_CONTEXT('2D SPACE',''
  ) );
#7768 = ORIENTED_EDGE('',*,*,#7769,.F.);
#7769 = EDGE_CURVE('',#7770,#7741,#7772,.T.);
#7770 = VERTEX_POINT('',#7771);
#7771 = CARTESIAN_POINT('',(-57.59559109389,-15.6,-14.6));
#7772 = SURFACE_CURVE('',#7773,(#7778,#7785),.PCURVE_S1.);
#7773 = CIRCLE('',#7774,4.);
#7774 = AXIS2_PLACEMENT_3D('',#7775,#7776,#7777);
#7775 = CARTESIAN_POINT('',(-61.,-13.5,-14.6));
#7776 = DIRECTION('',(0.,0.,1.));
#7777 = DIRECTION('',(1.,0.,0.));
#7778 = PCURVE('',#3768,#7779);
#7779 = DEFINITIONAL_REPRESENTATION('',(#7780),#7784);
#7780 = CIRCLE('',#7781,4.);
#7781 = AXIS2_PLACEMENT_2D('',#7782,#7783);
#7782 = CARTESIAN_POINT('',(6.6,4.1));
#7783 = DIRECTION('',(1.,0.));
#7784 = ( GEOMETRIC_REPRESENTATION_CONTEXT(2) 
PARAMETRIC_REPRESENTATION_CONTEXT() REPRESENTATION_CONTEXT('2D SPACE',''
  ) );
#7785 = PCURVE('',#7757,#7786);
#7786 = DEFINITIONAL_REPRESENTATION('',(#7787),#7791);
#7787 = LINE('',#7788,#7789);
#7788 = CARTESIAN_POINT('',(-0.,0.));
#7789 = VECTOR('',#7790,1.);
#7790 = DIRECTION('',(-1.,0.));
#7791 = ( GEOMETRIC_REPRESENTATION_CONTEXT(2) 
PARAMETRIC_REPRESENTATION_CONTEXT() REPRESENTATION_CONTEXT('2D SPACE',''
  ) );
#7792 = ORIENTED_EDGE('',*,*,#7793,.T.);
#7793 = EDGE_CURVE('',#7770,#4585,#7794,.T.);
#7794 = SURFACE_CURVE('',#7795,(#7799,#7806),.PCURVE_S1.);
#7795 = LINE('',#7796,#7797);
#7796 = CARTESIAN_POINT('',(-67.6,-15.6,-14.6));
#7797 = VECTOR('',#7798,1.);
#7798 = DIRECTION('',(1.,0.,0.));
#7799 = PCURVE('',#3768,#7800);
#7800 = DEFINITIONAL_REPRESENTATION('',(#7801),#7805);
#7801 = LINE('',#7802,#7803);
#7802 = CARTESIAN_POINT('',(0.,2.));
#7803 = VECTOR('',#7804,1.);
#7804 = DIRECTION('',(1.,0.));
#7805 = ( GEOMETRIC_REPRESENTATION_CONTEXT(2) 
PARAMETRIC_REPRESENTATION_CONTEXT() REPRESENTATION_CONTEXT('2D SPACE',''
  ) );
#7806 = PCURVE('',#4260,#7807);
#7807 = DEFINITIONAL_REPRESENTATION('',(#7808),#7812);
#7808 = LINE('',#7809,#7810);
#7809 = CARTESIAN_POINT('',(1.570796326795,0.));
#7810 = VECTOR('',#7811,1.);
#7811 = DIRECTION('',(0.,1.));
#7812 = ( GEOMETRIC_REPRESENTATION_CONTEXT(2) 
PARAMETRIC_REPRESENTATION_CONTEXT() REPRESENTATION_CONTEXT('2D SPACE',''
  ) );
#7813 = ORIENTED_EDGE('',*,*,#4584,.T.);
#7814 = ORIENTED_EDGE('',*,*,#4537,.T.);
#7815 = ORIENTED_EDGE('',*,*,#4489,.T.);
#7816 = ORIENTED_EDGE('',*,*,#7817,.T.);
#7817 = EDGE_CURVE('',#4462,#4368,#7818,.T.);
#7818 = SURFACE_CURVE('',#7819,(#7823,#7830),.PCURVE_S1.);
#7819 = LINE('',#7820,#7821);
#7820 = CARTESIAN_POINT('',(-67.6,-15.6,-14.6));
#7821 = VECTOR('',#7822,1.);
#7822 = DIRECTION('',(1.,0.,0.));
#7823 = PCURVE('',#3768,#7824);
#7824 = DEFINITIONAL_REPRESENTATION('',(#7825),#7829);
#7825 = LINE('',#7826,#7827);
#7826 = CARTESIAN_POINT('',(0.,2.));
#7827 = VECTOR('',#7828,1.);
#7828 = DIRECTION('',(1.,0.));
#7829 = ( GEOMETRIC_REPRESENTATION_CONTEXT(2) 
PARAMETRIC_REPRESENTATION_CONTEXT() REPRESENTATION_CONTEXT('2D SPACE',''
  ) );
#7830 = PCURVE('',#4260,#7831);
#7831 = DEFINITIONAL_REPRESENTATION('',(#7832),#7836);
#7832 = LINE('',#7833,#7834);
#7833 = CARTESIAN_POINT('',(1.570796326795,0.));
#7834 = VECTOR('',#7835,1.);
#7835 = DIRECTION('',(0.,1.));
#7836 = ( GEOMETRIC_REPRESENTATION_CONTEXT(2) 
PARAMETRIC_REPRESENTATION_CONTEXT() REPRESENTATION_CONTEXT('2D SPACE',''
  ) );
#7837 = ORIENTED_EDGE('',*,*,#4367,.T.);
#7838 = ORIENTED_EDGE('',*,*,#4320,.T.);
#7839 = ORIENTED_EDGE('',*,*,#4272,.T.);
#7840 = ORIENTED_EDGE('',*,*,#7841,.T.);
#7841 = EDGE_CURVE('',#4240,#7842,#7844,.T.);
#7842 = VERTEX_POINT('',#7843);
#7843 = CARTESIAN_POINT('',(28.59559109389,-15.6,-14.6));
#7844 = SURFACE_CURVE('',#7845,(#7849,#7856),.PCURVE_S1.);
#7845 = LINE('',#7846,#7847);
#7846 = CARTESIAN_POINT('',(-67.6,-15.6,-14.6));
#7847 = VECTOR('',#7848,1.);
#7848 = DIRECTION('',(1.,0.,0.));
#7849 = PCURVE('',#3768,#7850);
#7850 = DEFINITIONAL_REPRESENTATION('',(#7851),#7855);
#7851 = LINE('',#7852,#7853);
#7852 = CARTESIAN_POINT('',(0.,2.));
#7853 = VECTOR('',#7854,1.);
#7854 = DIRECTION('',(1.,0.));
#7855 = ( GEOMETRIC_REPRESENTATION_CONTEXT(2) 
PARAMETRIC_REPRESENTATION_CONTEXT() REPRESENTATION_CONTEXT('2D SPACE',''
  ) );
#7856 = PCURVE('',#4260,#7857);
#7857 = DEFINITIONAL_REPRESENTATION('',(#7858),#7862);
#7858 = LINE('',#7859,#7860);
#7859 = CARTESIAN_POINT('',(1.570796326795,0.));
#7860 = VECTOR('',#7861,1.);
#7861 = DIRECTION('',(0.,1.));
#7862 = ( GEOMETRIC_REPRESENTATION_CONTEXT(2) 
PARAMETRIC_REPRESENTATION_CONTEXT() REPRESENTATION_CONTEXT('2D SPACE',''
  ) );
#7863 = ORIENTED_EDGE('',*,*,#7864,.F.);
#7864 = EDGE_CURVE('',#7865,#7842,#7867,.T.);
#7865 = VERTEX_POINT('',#7866);
#7866 = CARTESIAN_POINT('',(36.,-13.5,-14.6));
#7867 = SURFACE_CURVE('',#7868,(#7873,#7880),.PCURVE_S1.);
#7868 = CIRCLE('',#7869,4.);
#7869 = AXIS2_PLACEMENT_3D('',#7870,#7871,#7872);
#7870 = CARTESIAN_POINT('',(32.,-13.5,-14.6));
#7871 = DIRECTION('',(0.,0.,1.));
#7872 = DIRECTION('',(1.,0.,0.));
#7873 = PCURVE('',#3768,#7874);
#7874 = DEFINITIONAL_REPRESENTATION('',(#7875),#7879);
#7875 = CIRCLE('',#7876,4.);
#7876 = AXIS2_PLACEMENT_2D('',#7877,#7878);
#7877 = CARTESIAN_POINT('',(99.6,4.1));
#7878 = DIRECTION('',(1.,0.));
#7879 = ( GEOMETRIC_REPRESENTATION_CONTEXT(2) 
PARAMETRIC_REPRESENTATION_CONTEXT() REPRESENTATION_CONTEXT('2D SPACE',''
  ) );
#7880 = PCURVE('',#7881,#7886);
#7881 = CYLINDRICAL_SURFACE('',#7882,4.);
#7882 = AXIS2_PLACEMENT_3D('',#7883,#7884,#7885);
#7883 = CARTESIAN_POINT('',(32.,-13.5,-14.6));
#7884 = DIRECTION('',(-0.,-0.,-1.));
#7885 = DIRECTION('',(1.,0.,0.));
#7886 = DEFINITIONAL_REPRESENTATION('',(#7887),#7891);
#7887 = LINE('',#7888,#7889);
#7888 = CARTESIAN_POINT('',(-0.,0.));
#7889 = VECTOR('',#7890,1.);
#7890 = DIRECTION('',(-1.,0.));
#7891 = ( GEOMETRIC_REPRESENTATION_CONTEXT(2) 
PARAMETRIC_REPRESENTATION_CONTEXT() REPRESENTATION_CONTEXT('2D SPACE',''
  ) );
#7892 = ORIENTED_EDGE('',*,*,#7893,.F.);
#7893 = EDGE_CURVE('',#7894,#7865,#7896,.T.);
#7894 = VERTEX_POINT('',#7895);
#7895 = CARTESIAN_POINT('',(35.40440890611,-15.6,-14.6));
#7896 = SURFACE_CURVE('',#7897,(#7902,#7909),.PCURVE_S1.);
#7897 = CIRCLE('',#7898,4.);
#7898 = AXIS2_PLACEMENT_3D('',#7899,#7900,#7901);
#7899 = CARTESIAN_POINT('',(32.,-13.5,-14.6));
#7900 = DIRECTION('',(0.,0.,1.));
#7901 = DIRECTION('',(1.,0.,0.));
#7902 = PCURVE('',#3768,#7903);
#7903 = DEFINITIONAL_REPRESENTATION('',(#7904),#7908);
#7904 = CIRCLE('',#7905,4.);
#7905 = AXIS2_PLACEMENT_2D('',#7906,#7907);
#7906 = CARTESIAN_POINT('',(99.6,4.1));
#7907 = DIRECTION('',(1.,0.));
#7908 = ( GEOMETRIC_REPRESENTATION_CONTEXT(2) 
PARAMETRIC_REPRESENTATION_CONTEXT() REPRESENTATION_CONTEXT('2D SPACE',''
  ) );
#7909 = PCURVE('',#7881,#7910);
#7910 = DEFINITIONAL_REPRESENTATION('',(#7911),#7915);
#7911 = LINE('',#7912,#7913);
#7912 = CARTESIAN_POINT('',(-0.,0.));
#7913 = VECTOR('',#7914,1.);
#7914 = DIRECTION('',(-1.,0.));
#7915 = ( GEOMETRIC_REPRESENTATION_CONTEXT(2) 
PARAMETRIC_REPRESENTATION_CONTEXT() REPRESENTATION_CONTEXT('2D SPACE',''
  ) );
#7916 = ORIENTED_EDGE('',*,*,#7917,.T.);
#7917 = EDGE_CURVE('',#7894,#7918,#7920,.T.);
#7918 = VERTEX_POINT('',#7919);
#7919 = CARTESIAN_POINT('',(65.6,-15.6,-14.6));
#7920 = SURFACE_CURVE('',#7921,(#7925,#7932),.PCURVE_S1.);
#7921 = LINE('',#7922,#7923);
#7922 = CARTESIAN_POINT('',(-67.6,-15.6,-14.6));
#7923 = VECTOR('',#7924,1.);
#7924 = DIRECTION('',(1.,0.,0.));
#7925 = PCURVE('',#3768,#7926);
#7926 = DEFINITIONAL_REPRESENTATION('',(#7927),#7931);
#7927 = LINE('',#7928,#7929);
#7928 = CARTESIAN_POINT('',(0.,2.));
#7929 = VECTOR('',#7930,1.);
#7930 = DIRECTION('',(1.,0.));
#7931 = ( GEOMETRIC_REPRESENTATION_CONTEXT(2) 
PARAMETRIC_REPRESENTATION_CONTEXT() REPRESENTATION_CONTEXT('2D SPACE',''
  ) );
#7932 = PCURVE('',#4260,#7933);
#7933 = DEFINITIONAL_REPRESENTATION('',(#7934),#7938);
#7934 = LINE('',#7935,#7936);
#7935 = CARTESIAN_POINT('',(1.570796326795,0.));
#7936 = VECTOR('',#7937,1.);
#7937 = DIRECTION('',(0.,1.));
#7938 = ( GEOMETRIC_REPRESENTATION_CONTEXT(2) 
PARAMETRIC_REPRESENTATION_CONTEXT() REPRESENTATION_CONTEXT('2D SPACE',''
  ) );
#7939 = ORIENTED_EDGE('',*,*,#7940,.T.);
#7940 = EDGE_CURVE('',#7918,#7941,#7943,.T.);
#7941 = VERTEX_POINT('',#7942);
#7942 = CARTESIAN_POINT('',(65.6,15.6,-14.6));
#7943 = SURFACE_CURVE('',#7944,(#7948,#7955),.PCURVE_S1.);
#7944 = LINE('',#7945,#7946);
#7945 = CARTESIAN_POINT('',(65.6,-17.6,-14.6));
#7946 = VECTOR('',#7947,1.);
#7947 = DIRECTION('',(0.,1.,0.));
#7948 = PCURVE('',#3768,#7949);
#7949 = DEFINITIONAL_REPRESENTATION('',(#7950),#7954);
#7950 = LINE('',#7951,#7952);
#7951 = CARTESIAN_POINT('',(133.2,0.));
#7952 = VECTOR('',#7953,1.);
#7953 = DIRECTION('',(0.,1.));
#7954 = ( GEOMETRIC_REPRESENTATION_CONTEXT(2) 
PARAMETRIC_REPRESENTATION_CONTEXT() REPRESENTATION_CONTEXT('2D SPACE',''
  ) );
#7955 = PCURVE('',#7956,#7961);
#7956 = CYLINDRICAL_SURFACE('',#7957,2.);
#7957 = AXIS2_PLACEMENT_3D('',#7958,#7959,#7960);
#7958 = CARTESIAN_POINT('',(65.6,-17.6,-12.6));
#7959 = DIRECTION('',(0.,1.,0.));
#7960 = DIRECTION('',(1.,0.,-0.));
#7961 = DEFINITIONAL_REPRESENTATION('',(#7962),#7966);
#7962 = LINE('',#7963,#7964);
#7963 = CARTESIAN_POINT('',(1.570796326795,0.));
#7964 = VECTOR('',#7965,1.);
#7965 = DIRECTION('',(0.,1.));
#7966 = ( GEOMETRIC_REPRESENTATION_CONTEXT(2) 
PARAMETRIC_REPRESENTATION_CONTEXT() REPRESENTATION_CONTEXT('2D SPACE',''
  ) );
#7967 = ORIENTED_EDGE('',*,*,#7968,.F.);
#7968 = EDGE_CURVE('',#7969,#7941,#7971,.T.);
#7969 = VERTEX_POINT('',#7970);
#7970 = CARTESIAN_POINT('',(35.40440890611,15.6,-14.6));
#7971 = SURFACE_CURVE('',#7972,(#7976,#7983),.PCURVE_S1.);
#7972 = LINE('',#7973,#7974);
#7973 = CARTESIAN_POINT('',(-67.6,15.6,-14.6));
#7974 = VECTOR('',#7975,1.);
#7975 = DIRECTION('',(1.,0.,0.));
#7976 = PCURVE('',#3768,#7977);
#7977 = DEFINITIONAL_REPRESENTATION('',(#7978),#7982);
#7978 = LINE('',#7979,#7980);
#7979 = CARTESIAN_POINT('',(0.,33.2));
#7980 = VECTOR('',#7981,1.);
#7981 = DIRECTION('',(1.,0.));
#7982 = ( GEOMETRIC_REPRESENTATION_CONTEXT(2) 
PARAMETRIC_REPRESENTATION_CONTEXT() REPRESENTATION_CONTEXT('2D SPACE',''
  ) );
#7983 = PCURVE('',#3741,#7984);
#7984 = DEFINITIONAL_REPRESENTATION('',(#7985),#7989);
#7985 = LINE('',#7986,#7987);
#7986 = CARTESIAN_POINT('',(-1.570796326795,0.));
#7987 = VECTOR('',#7988,1.);
#7988 = DIRECTION('',(-0.,1.));
#7989 = ( GEOMETRIC_REPRESENTATION_CONTEXT(2) 
PARAMETRIC_REPRESENTATION_CONTEXT() REPRESENTATION_CONTEXT('2D SPACE',''
  ) );
#7990 = ORIENTED_EDGE('',*,*,#7991,.F.);
#7991 = EDGE_CURVE('',#7992,#7969,#7994,.T.);
#7992 = VERTEX_POINT('',#7993);
#7993 = CARTESIAN_POINT('',(36.,13.5,-14.6));
#7994 = SURFACE_CURVE('',#7995,(#8000,#8007),.PCURVE_S1.);
#7995 = CIRCLE('',#7996,4.);
#7996 = AXIS2_PLACEMENT_3D('',#7997,#7998,#7999);
#7997 = CARTESIAN_POINT('',(32.,13.5,-14.6));
#7998 = DIRECTION('',(0.,0.,1.));
#7999 = DIRECTION('',(1.,0.,0.));
#8000 = PCURVE('',#3768,#8001);
#8001 = DEFINITIONAL_REPRESENTATION('',(#8002),#8006);
#8002 = CIRCLE('',#8003,4.);
#8003 = AXIS2_PLACEMENT_2D('',#8004,#8005);
#8004 = CARTESIAN_POINT('',(99.6,31.1));
#8005 = DIRECTION('',(1.,0.));
#8006 = ( GEOMETRIC_REPRESENTATION_CONTEXT(2) 
PARAMETRIC_REPRESENTATION_CONTEXT() REPRESENTATION_CONTEXT('2D SPACE',''
  ) );
#8007 = PCURVE('',#8008,#8013);
#8008 = CYLINDRICAL_SURFACE('',#8009,4.);
#8009 = AXIS2_PLACEMENT_3D('',#8010,#8011,#8012);
#8010 = CARTESIAN_POINT('',(32.,13.5,-14.6));
#8011 = DIRECTION('',(-0.,-0.,-1.));
#8012 = DIRECTION('',(1.,0.,0.));
#8013 = DEFINITIONAL_REPRESENTATION('',(#8014),#8018);
#8014 = LINE('',#8015,#8016);
#8015 = CARTESIAN_POINT('',(-0.,0.));
#8016 = VECTOR('',#8017,1.);
#8017 = DIRECTION('',(-1.,0.));
#8018 = ( GEOMETRIC_REPRESENTATION_CONTEXT(2) 
PARAMETRIC_REPRESENTATION_CONTEXT() REPRESENTATION_CONTEXT('2D SPACE',''
  ) );
#8019 = ORIENTED_EDGE('',*,*,#8020,.F.);
#8020 = EDGE_CURVE('',#8021,#7992,#8023,.T.);
#8021 = VERTEX_POINT('',#8022);
#8022 = CARTESIAN_POINT('',(28.59559109389,15.6,-14.6));
#8023 = SURFACE_CURVE('',#8024,(#8029,#8036),.PCURVE_S1.);
#8024 = CIRCLE('',#8025,4.);
#8025 = AXIS2_PLACEMENT_3D('',#8026,#8027,#8028);
#8026 = CARTESIAN_POINT('',(32.,13.5,-14.6));
#8027 = DIRECTION('',(0.,0.,1.));
#8028 = DIRECTION('',(1.,0.,0.));
#8029 = PCURVE('',#3768,#8030);
#8030 = DEFINITIONAL_REPRESENTATION('',(#8031),#8035);
#8031 = CIRCLE('',#8032,4.);
#8032 = AXIS2_PLACEMENT_2D('',#8033,#8034);
#8033 = CARTESIAN_POINT('',(99.6,31.1));
#8034 = DIRECTION('',(1.,0.));
#8035 = ( GEOMETRIC_REPRESENTATION_CONTEXT(2) 
PARAMETRIC_REPRESENTATION_CONTEXT() REPRESENTATION_CONTEXT('2D SPACE',''
  ) );
#8036 = PCURVE('',#8008,#8037);
#8037 = DEFINITIONAL_REPRESENTATION('',(#8038),#8042);
#8038 = LINE('',#8039,#8040);
#8039 = CARTESIAN_POINT('',(-0.,0.));
#8040 = VECTOR('',#8041,1.);
#8041 = DIRECTION('',(-1.,0.));
#8042 = ( GEOMETRIC_REPRESENTATION_CONTEXT(2) 
PARAMETRIC_REPRESENTATION_CONTEXT() REPRESENTATION_CONTEXT('2D SPACE',''
  ) );
#8043 = ORIENTED_EDGE('',*,*,#8044,.F.);
#8044 = EDGE_CURVE('',#4071,#8021,#8045,.T.);
#8045 = SURFACE_CURVE('',#8046,(#8050,#8057),.PCURVE_S1.);
#8046 = LINE('',#8047,#8048);
#8047 = CARTESIAN_POINT('',(-67.6,15.6,-14.6));
#8048 = VECTOR('',#8049,1.);
#8049 = DIRECTION('',(1.,0.,0.));
#8050 = PCURVE('',#3768,#8051);
#8051 = DEFINITIONAL_REPRESENTATION('',(#8052),#8056);
#8052 = LINE('',#8053,#8054);
#8053 = CARTESIAN_POINT('',(0.,33.2));
#8054 = VECTOR('',#8055,1.);
#8055 = DIRECTION('',(1.,0.));
#8056 = ( GEOMETRIC_REPRESENTATION_CONTEXT(2) 
PARAMETRIC_REPRESENTATION_CONTEXT() REPRESENTATION_CONTEXT('2D SPACE',''
  ) );
#8057 = PCURVE('',#3741,#8058);
#8058 = DEFINITIONAL_REPRESENTATION('',(#8059),#8063);
#8059 = LINE('',#8060,#8061);
#8060 = CARTESIAN_POINT('',(-1.570796326795,0.));
#8061 = VECTOR('',#8062,1.);
#8062 = DIRECTION('',(-0.,1.));
#8063 = ( GEOMETRIC_REPRESENTATION_CONTEXT(2) 
PARAMETRIC_REPRESENTATION_CONTEXT() REPRESENTATION_CONTEXT('2D SPACE',''
  ) );
#8064 = ORIENTED_EDGE('',*,*,#4070,.T.);
#8065 = ORIENTED_EDGE('',*,*,#4023,.T.);
#8066 = ORIENTED_EDGE('',*,*,#3975,.T.);
#8067 = ORIENTED_EDGE('',*,*,#8068,.F.);
#8068 = EDGE_CURVE('',#3854,#3952,#8069,.T.);
#8069 = SURFACE_CURVE('',#8070,(#8074,#8081),.PCURVE_S1.);
#8070 = LINE('',#8071,#8072);
#8071 = CARTESIAN_POINT('',(-67.6,15.6,-14.6));
#8072 = VECTOR('',#8073,1.);
#8073 = DIRECTION('',(1.,0.,0.));
#8074 = PCURVE('',#3768,#8075);
#8075 = DEFINITIONAL_REPRESENTATION('',(#8076),#8080);
#8076 = LINE('',#8077,#8078);
#8077 = CARTESIAN_POINT('',(0.,33.2));
#8078 = VECTOR('',#8079,1.);
#8079 = DIRECTION('',(1.,0.));
#8080 = ( GEOMETRIC_REPRESENTATION_CONTEXT(2) 
PARAMETRIC_REPRESENTATION_CONTEXT() REPRESENTATION_CONTEXT('2D SPACE',''
  ) );
#8081 = PCURVE('',#3741,#8082);
#8082 = DEFINITIONAL_REPRESENTATION('',(#8083),#8087);
#8083 = LINE('',#8084,#8085);
#8084 = CARTESIAN_POINT('',(-1.570796326795,0.));
#8085 = VECTOR('',#8086,1.);
#8086 = DIRECTION('',(-0.,1.));
#8087 = ( GEOMETRIC_REPRESENTATION_CONTEXT(2) 
PARAMETRIC_REPRESENTATION_CONTEXT() REPRESENTATION_CONTEXT('2D SPACE',''
  ) );
#8088 = ORIENTED_EDGE('',*,*,#3853,.T.);
#8089 = ORIENTED_EDGE('',*,*,#3806,.T.);
#8090 = ORIENTED_EDGE('',*,*,#3753,.T.);
#8091 = ORIENTED_EDGE('',*,*,#8092,.F.);
#8092 = EDGE_CURVE('',#8093,#3725,#8095,.T.);
#8093 = VERTEX_POINT('',#8094);
#8094 = CARTESIAN_POINT('',(-57.59559109389,15.6,-14.6));
#8095 = SURFACE_CURVE('',#8096,(#8100,#8107),.PCURVE_S1.);
#8096 = LINE('',#8097,#8098);
#8097 = CARTESIAN_POINT('',(-67.6,15.6,-14.6));
#8098 = VECTOR('',#8099,1.);
#8099 = DIRECTION('',(1.,0.,0.));
#8100 = PCURVE('',#3768,#8101);
#8101 = DEFINITIONAL_REPRESENTATION('',(#8102),#8106);
#8102 = LINE('',#8103,#8104);
#8103 = CARTESIAN_POINT('',(0.,33.2));
#8104 = VECTOR('',#8105,1.);
#8105 = DIRECTION('',(1.,0.));
#8106 = ( GEOMETRIC_REPRESENTATION_CONTEXT(2) 
PARAMETRIC_REPRESENTATION_CONTEXT() REPRESENTATION_CONTEXT('2D SPACE',''
  ) );
#8107 = PCURVE('',#3741,#8108);
#8108 = DEFINITIONAL_REPRESENTATION('',(#8109),#8113);
#8109 = LINE('',#8110,#8111);
#8110 = CARTESIAN_POINT('',(-1.570796326795,0.));
#8111 = VECTOR('',#8112,1.);
#8112 = DIRECTION('',(-0.,1.));
#8113 = ( GEOMETRIC_REPRESENTATION_CONTEXT(2) 
PARAMETRIC_REPRESENTATION_CONTEXT() REPRESENTATION_CONTEXT('2D SPACE',''
  ) );
#8114 = ORIENTED_EDGE('',*,*,#8115,.F.);
#8115 = EDGE_CURVE('',#8116,#8093,#8118,.T.);
#8116 = VERTEX_POINT('',#8117);
#8117 = CARTESIAN_POINT('',(-57.,13.5,-14.6));
#8118 = SURFACE_CURVE('',#8119,(#8124,#8131),.PCURVE_S1.);
#8119 = CIRCLE('',#8120,4.);
#8120 = AXIS2_PLACEMENT_3D('',#8121,#8122,#8123);
#8121 = CARTESIAN_POINT('',(-61.,13.5,-14.6));
#8122 = DIRECTION('',(0.,0.,1.));
#8123 = DIRECTION('',(1.,0.,0.));
#8124 = PCURVE('',#3768,#8125);
#8125 = DEFINITIONAL_REPRESENTATION('',(#8126),#8130);
#8126 = CIRCLE('',#8127,4.);
#8127 = AXIS2_PLACEMENT_2D('',#8128,#8129);
#8128 = CARTESIAN_POINT('',(6.6,31.1));
#8129 = DIRECTION('',(1.,0.));
#8130 = ( GEOMETRIC_REPRESENTATION_CONTEXT(2) 
PARAMETRIC_REPRESENTATION_CONTEXT() REPRESENTATION_CONTEXT('2D SPACE',''
  ) );
#8131 = PCURVE('',#8132,#8137);
#8132 = CYLINDRICAL_SURFACE('',#8133,4.);
#8133 = AXIS2_PLACEMENT_3D('',#8134,#8135,#8136);
#8134 = CARTESIAN_POINT('',(-61.,13.5,-14.6));
#8135 = DIRECTION('',(-0.,-0.,-1.));
#8136 = DIRECTION('',(1.,0.,0.));
#8137 = DEFINITIONAL_REPRESENTATION('',(#8138),#8142);
#8138 = LINE('',#8139,#8140);
#8139 = CARTESIAN_POINT('',(-0.,0.));
#8140 = VECTOR('',#8141,1.);
#8141 = DIRECTION('',(-1.,0.));
#8142 = ( GEOMETRIC_REPRESENTATION_CONTEXT(2) 
PARAMETRIC_REPRESENTATION_CONTEXT() REPRESENTATION_CONTEXT('2D SPACE',''
  ) );
#8143 = ORIENTED_EDGE('',*,*,#8144,.F.);
#8144 = EDGE_CURVE('',#8145,#8116,#8147,.T.);
#8145 = VERTEX_POINT('',#8146);
#8146 = CARTESIAN_POINT('',(-64.40440890611,15.6,-14.6));
#8147 = SURFACE_CURVE('',#8148,(#8153,#8160),.PCURVE_S1.);
#8148 = CIRCLE('',#8149,4.);
#8149 = AXIS2_PLACEMENT_3D('',#8150,#8151,#8152);
#8150 = CARTESIAN_POINT('',(-61.,13.5,-14.6));
#8151 = DIRECTION('',(0.,0.,1.));
#8152 = DIRECTION('',(1.,0.,0.));
#8153 = PCURVE('',#3768,#8154);
#8154 = DEFINITIONAL_REPRESENTATION('',(#8155),#8159);
#8155 = CIRCLE('',#8156,4.);
#8156 = AXIS2_PLACEMENT_2D('',#8157,#8158);
#8157 = CARTESIAN_POINT('',(6.6,31.1));
#8158 = DIRECTION('',(1.,0.));
#8159 = ( GEOMETRIC_REPRESENTATION_CONTEXT(2) 
PARAMETRIC_REPRESENTATION_CONTEXT() REPRESENTATION_CONTEXT('2D SPACE',''
  ) );
#8160 = PCURVE('',#8132,#8161);
#8161 = DEFINITIONAL_REPRESENTATION('',(#8162),#8166);
#8162 = LINE('',#8163,#8164);
#8163 = CARTESIAN_POINT('',(-0.,0.));
#8164 = VECTOR('',#8165,1.);
#8165 = DIRECTION('',(-1.,0.));
#8166 = ( GEOMETRIC_REPRESENTATION_CONTEXT(2) 
PARAMETRIC_REPRESENTATION_CONTEXT() REPRESENTATION_CONTEXT('2D SPACE',''
  ) );
#8167 = ORIENTED_EDGE('',*,*,#8168,.F.);
#8168 = EDGE_CURVE('',#5414,#8145,#8169,.T.);
#8169 = SURFACE_CURVE('',#8170,(#8174,#8181),.PCURVE_S1.);
#8170 = LINE('',#8171,#8172);
#8171 = CARTESIAN_POINT('',(-67.6,15.6,-14.6));
#8172 = VECTOR('',#8173,1.);
#8173 = DIRECTION('',(1.,0.,0.));
#8174 = PCURVE('',#3768,#8175);
#8175 = DEFINITIONAL_REPRESENTATION('',(#8176),#8180);
#8176 = LINE('',#8177,#8178);
#8177 = CARTESIAN_POINT('',(0.,33.2));
#8178 = VECTOR('',#8179,1.);
#8179 = DIRECTION('',(1.,0.));
#8180 = ( GEOMETRIC_REPRESENTATION_CONTEXT(2) 
PARAMETRIC_REPRESENTATION_CONTEXT() REPRESENTATION_CONTEXT('2D SPACE',''
  ) );
#8181 = PCURVE('',#3741,#8182);
#8182 = DEFINITIONAL_REPRESENTATION('',(#8183),#8187);
#8183 = LINE('',#8184,#8185);
#8184 = CARTESIAN_POINT('',(-1.570796326795,0.));
#8185 = VECTOR('',#8186,1.);
#8186 = DIRECTION('',(-0.,1.));
#8187 = ( GEOMETRIC_REPRESENTATION_CONTEXT(2) 
PARAMETRIC_REPRESENTATION_CONTEXT() REPRESENTATION_CONTEXT('2D SPACE',''
  ) );
#8188 = FACE_BOUND('',#8189,.T.);
#8189 = EDGE_LOOP('',(#8190,#8220,#8248,#8276));
#8190 = ORIENTED_EDGE('',*,*,#8191,.F.);
#8191 = EDGE_CURVE('',#8192,#8194,#8196,.T.);
#8192 = VERTEX_POINT('',#8193);
#8193 = CARTESIAN_POINT('',(-45.5,-13.2,-14.6));
#8194 = VERTEX_POINT('',#8195);
#8195 = CARTESIAN_POINT('',(15.5,-13.2,-14.6));
#8196 = SURFACE_CURVE('',#8197,(#8201,#8208),.PCURVE_S1.);
#8197 = LINE('',#8198,#8199);
#8198 = CARTESIAN_POINT('',(-46.,-13.2,-14.6));
#8199 = VECTOR('',#8200,1.);
#8200 = DIRECTION('',(1.,0.,0.));
#8201 = PCURVE('',#3768,#8202);
#8202 = DEFINITIONAL_REPRESENTATION('',(#8203),#8207);
#8203 = LINE('',#8204,#8205);
#8204 = CARTESIAN_POINT('',(21.6,4.4));
#8205 = VECTOR('',#8206,1.);
#8206 = DIRECTION('',(1.,0.));
#8207 = ( GEOMETRIC_REPRESENTATION_CONTEXT(2) 
PARAMETRIC_REPRESENTATION_CONTEXT() REPRESENTATION_CONTEXT('2D SPACE',''
  ) );
#8208 = PCURVE('',#8209,#8214);
#8209 = CYLINDRICAL_SURFACE('',#8210,0.5);
#8210 = AXIS2_PLACEMENT_3D('',#8211,#8212,#8213);
#8211 = CARTESIAN_POINT('',(-46.,-13.2,-14.1));
#8212 = DIRECTION('',(1.,0.,0.));
#8213 = DIRECTION('',(0.,-1.,0.));
#8214 = DEFINITIONAL_REPRESENTATION('',(#8215),#8219);
#8215 = LINE('',#8216,#8217);
#8216 = CARTESIAN_POINT('',(1.570796326795,0.));
#8217 = VECTOR('',#8218,1.);
#8218 = DIRECTION('',(0.,1.));
#8219 = ( GEOMETRIC_REPRESENTATION_CONTEXT(2) 
PARAMETRIC_REPRESENTATION_CONTEXT() REPRESENTATION_CONTEXT('2D SPACE',''
  ) );
#8220 = ORIENTED_EDGE('',*,*,#8221,.T.);
#8221 = EDGE_CURVE('',#8192,#8222,#8224,.T.);
#8222 = VERTEX_POINT('',#8223);
#8223 = CARTESIAN_POINT('',(-45.5,-12.,-14.6));
#8224 = SURFACE_CURVE('',#8225,(#8229,#8236),.PCURVE_S1.);
#8225 = LINE('',#8226,#8227);
#8226 = CARTESIAN_POINT('',(-45.5,-13.7,-14.6));
#8227 = VECTOR('',#8228,1.);
#8228 = DIRECTION('',(0.,1.,0.));
#8229 = PCURVE('',#3768,#8230);
#8230 = DEFINITIONAL_REPRESENTATION('',(#8231),#8235);
#8231 = LINE('',#8232,#8233);
#8232 = CARTESIAN_POINT('',(22.1,3.9));
#8233 = VECTOR('',#8234,1.);
#8234 = DIRECTION('',(0.,1.));
#8235 = ( GEOMETRIC_REPRESENTATION_CONTEXT(2) 
PARAMETRIC_REPRESENTATION_CONTEXT() REPRESENTATION_CONTEXT('2D SPACE',''
  ) );
#8236 = PCURVE('',#8237,#8242);
#8237 = CYLINDRICAL_SURFACE('',#8238,0.5);
#8238 = AXIS2_PLACEMENT_3D('',#8239,#8240,#8241);
#8239 = CARTESIAN_POINT('',(-45.5,-13.7,-14.1));
#8240 = DIRECTION('',(0.,1.,0.));
#8241 = DIRECTION('',(-1.,0.,0.));
#8242 = DEFINITIONAL_REPRESENTATION('',(#8243),#8247);
#8243 = LINE('',#8244,#8245);
#8244 = CARTESIAN_POINT('',(-1.570796326795,0.));
#8245 = VECTOR('',#8246,1.);
#8246 = DIRECTION('',(-0.,1.));
#8247 = ( GEOMETRIC_REPRESENTATION_CONTEXT(2) 
PARAMETRIC_REPRESENTATION_CONTEXT() REPRESENTATION_CONTEXT('2D SPACE',''
  ) );
#8248 = ORIENTED_EDGE('',*,*,#8249,.T.);
#8249 = EDGE_CURVE('',#8222,#8250,#8252,.T.);
#8250 = VERTEX_POINT('',#8251);
#8251 = CARTESIAN_POINT('',(15.5,-12.,-14.6));
#8252 = SURFACE_CURVE('',#8253,(#8257,#8264),.PCURVE_S1.);
#8253 = LINE('',#8254,#8255);
#8254 = CARTESIAN_POINT('',(-46.,-12.,-14.6));
#8255 = VECTOR('',#8256,1.);
#8256 = DIRECTION('',(1.,0.,0.));
#8257 = PCURVE('',#3768,#8258);
#8258 = DEFINITIONAL_REPRESENTATION('',(#8259),#8263);
#8259 = LINE('',#8260,#8261);
#8260 = CARTESIAN_POINT('',(21.6,5.6));
#8261 = VECTOR('',#8262,1.);
#8262 = DIRECTION('',(1.,0.));
#8263 = ( GEOMETRIC_REPRESENTATION_CONTEXT(2) 
PARAMETRIC_REPRESENTATION_CONTEXT() REPRESENTATION_CONTEXT('2D SPACE',''
  ) );
#8264 = PCURVE('',#8265,#8270);
#8265 = CYLINDRICAL_SURFACE('',#8266,0.5);
#8266 = AXIS2_PLACEMENT_3D('',#8267,#8268,#8269);
#8267 = CARTESIAN_POINT('',(-46.,-12.,-14.1));
#8268 = DIRECTION('',(1.,0.,0.));
#8269 = DIRECTION('',(-0.,1.,0.));
#8270 = DEFINITIONAL_REPRESENTATION('',(#8271),#8275);
#8271 = LINE('',#8272,#8273);
#8272 = CARTESIAN_POINT('',(-1.570796326795,0.));
#8273 = VECTOR('',#8274,1.);
#8274 = DIRECTION('',(-0.,1.));
#8275 = ( GEOMETRIC_REPRESENTATION_CONTEXT(2) 
PARAMETRIC_REPRESENTATION_CONTEXT() REPRESENTATION_CONTEXT('2D SPACE',''
  ) );
#8276 = ORIENTED_EDGE('',*,*,#8277,.F.);
#8277 = EDGE_CURVE('',#8194,#8250,#8278,.T.);
#8278 = SURFACE_CURVE('',#8279,(#8283,#8290),.PCURVE_S1.);
#8279 = LINE('',#8280,#8281);
#8280 = CARTESIAN_POINT('',(15.5,-13.7,-14.6));
#8281 = VECTOR('',#8282,1.);
#8282 = DIRECTION('',(0.,1.,0.));
#8283 = PCURVE('',#3768,#8284);
#8284 = DEFINITIONAL_REPRESENTATION('',(#8285),#8289);
#8285 = LINE('',#8286,#8287);
#8286 = CARTESIAN_POINT('',(83.1,3.9));
#8287 = VECTOR('',#8288,1.);
#8288 = DIRECTION('',(0.,1.));
#8289 = ( GEOMETRIC_REPRESENTATION_CONTEXT(2) 
PARAMETRIC_REPRESENTATION_CONTEXT() REPRESENTATION_CONTEXT('2D SPACE',''
  ) );
#8290 = PCURVE('',#8291,#8296);
#8291 = CYLINDRICAL_SURFACE('',#8292,0.5);
#8292 = AXIS2_PLACEMENT_3D('',#8293,#8294,#8295);
#8293 = CARTESIAN_POINT('',(15.5,-13.7,-14.1));
#8294 = DIRECTION('',(0.,1.,0.));
#8295 = DIRECTION('',(1.,0.,-0.));
#8296 = DEFINITIONAL_REPRESENTATION('',(#8297),#8301);
#8297 = LINE('',#8298,#8299);
#8298 = CARTESIAN_POINT('',(1.570796326795,0.));
#8299 = VECTOR('',#8300,1.);
#8300 = DIRECTION('',(0.,1.));
#8301 = ( GEOMETRIC_REPRESENTATION_CONTEXT(2) 
PARAMETRIC_REPRESENTATION_CONTEXT() REPRESENTATION_CONTEXT('2D SPACE',''
  ) );
#8302 = FACE_BOUND('',#8303,.T.);
#8303 = EDGE_LOOP('',(#8304));
#8304 = ORIENTED_EDGE('',*,*,#8305,.F.);
#8305 = EDGE_CURVE('',#8306,#8306,#8308,.T.);
#8306 = VERTEX_POINT('',#8307);
#8307 = CARTESIAN_POINT('',(17.84,-6.35,-14.6));
#8308 = SURFACE_CURVE('',#8309,(#8314,#8321),.PCURVE_S1.);
#8309 = CIRCLE('',#8310,3.);
#8310 = AXIS2_PLACEMENT_3D('',#8311,#8312,#8313);
#8311 = CARTESIAN_POINT('',(14.84,-6.35,-14.6));
#8312 = DIRECTION('',(0.,0.,1.));
#8313 = DIRECTION('',(1.,0.,0.));
#8314 = PCURVE('',#3768,#8315);
#8315 = DEFINITIONAL_REPRESENTATION('',(#8316),#8320);
#8316 = CIRCLE('',#8317,3.);
#8317 = AXIS2_PLACEMENT_2D('',#8318,#8319);
#8318 = CARTESIAN_POINT('',(82.44,11.25));
#8319 = DIRECTION('',(1.,0.));
#8320 = ( GEOMETRIC_REPRESENTATION_CONTEXT(2) 
PARAMETRIC_REPRESENTATION_CONTEXT() REPRESENTATION_CONTEXT('2D SPACE',''
  ) );
#8321 = PCURVE('',#8322,#8327);
#8322 = CYLINDRICAL_SURFACE('',#8323,3.);
#8323 = AXIS2_PLACEMENT_3D('',#8324,#8325,#8326);
#8324 = CARTESIAN_POINT('',(14.84,-6.35,-14.6));
#8325 = DIRECTION('',(-0.,-0.,-1.));
#8326 = DIRECTION('',(1.,0.,0.));
#8327 = DEFINITIONAL_REPRESENTATION('',(#8328),#8332);
#8328 = LINE('',#8329,#8330);
#8329 = CARTESIAN_POINT('',(-0.,0.));
#8330 = VECTOR('',#8331,1.);
#8331 = DIRECTION('',(-1.,0.));
#8332 = ( GEOMETRIC_REPRESENTATION_CONTEXT(2) 
PARAMETRIC_REPRESENTATION_CONTEXT() REPRESENTATION_CONTEXT('2D SPACE',''
  ) );
#8333 = FACE_BOUND('',#8334,.T.);
#8334 = EDGE_LOOP('',(#8335));
#8335 = ORIENTED_EDGE('',*,*,#8336,.F.);
#8336 = EDGE_CURVE('',#8337,#8337,#8339,.T.);
#8337 = VERTEX_POINT('',#8338);
#8338 = CARTESIAN_POINT('',(38.16,-6.35,-14.6));
#8339 = SURFACE_CURVE('',#8340,(#8345,#8352),.PCURVE_S1.);
#8340 = CIRCLE('',#8341,3.);
#8341 = AXIS2_PLACEMENT_3D('',#8342,#8343,#8344);
#8342 = CARTESIAN_POINT('',(35.16,-6.35,-14.6));
#8343 = DIRECTION('',(0.,0.,1.));
#8344 = DIRECTION('',(1.,0.,0.));
#8345 = PCURVE('',#3768,#8346);
#8346 = DEFINITIONAL_REPRESENTATION('',(#8347),#8351);
#8347 = CIRCLE('',#8348,3.);
#8348 = AXIS2_PLACEMENT_2D('',#8349,#8350);
#8349 = CARTESIAN_POINT('',(102.76,11.25));
#8350 = DIRECTION('',(1.,0.));
#8351 = ( GEOMETRIC_REPRESENTATION_CONTEXT(2) 
PARAMETRIC_REPRESENTATION_CONTEXT() REPRESENTATION_CONTEXT('2D SPACE',''
  ) );
#8352 = PCURVE('',#8353,#8358);
#8353 = CYLINDRICAL_SURFACE('',#8354,3.);
#8354 = AXIS2_PLACEMENT_3D('',#8355,#8356,#8357);
#8355 = CARTESIAN_POINT('',(35.16,-6.35,-14.6));
#8356 = DIRECTION('',(-0.,-0.,-1.));
#8357 = DIRECTION('',(1.,0.,0.));
#8358 = DEFINITIONAL_REPRESENTATION('',(#8359),#8363);
#8359 = LINE('',#8360,#8361);
#8360 = CARTESIAN_POINT('',(-0.,0.));
#8361 = VECTOR('',#8362,1.);
#8362 = DIRECTION('',(-1.,0.));
#8363 = ( GEOMETRIC_REPRESENTATION_CONTEXT(2) 
PARAMETRIC_REPRESENTATION_CONTEXT() REPRESENTATION_CONTEXT('2D SPACE',''
  ) );
#8364 = FACE_BOUND('',#8365,.T.);
#8365 = EDGE_LOOP('',(#8366,#8396,#8424,#8452));
#8366 = ORIENTED_EDGE('',*,*,#8367,.F.);
#8367 = EDGE_CURVE('',#8368,#8370,#8372,.T.);
#8368 = VERTEX_POINT('',#8369);
#8369 = CARTESIAN_POINT('',(-45.5,12.,-14.6));
#8370 = VERTEX_POINT('',#8371);
#8371 = CARTESIAN_POINT('',(15.5,12.,-14.6));
#8372 = SURFACE_CURVE('',#8373,(#8377,#8384),.PCURVE_S1.);
#8373 = LINE('',#8374,#8375);
#8374 = CARTESIAN_POINT('',(-46.,12.,-14.6));
#8375 = VECTOR('',#8376,1.);
#8376 = DIRECTION('',(1.,0.,0.));
#8377 = PCURVE('',#3768,#8378);
#8378 = DEFINITIONAL_REPRESENTATION('',(#8379),#8383);
#8379 = LINE('',#8380,#8381);
#8380 = CARTESIAN_POINT('',(21.6,29.6));
#8381 = VECTOR('',#8382,1.);
#8382 = DIRECTION('',(1.,0.));
#8383 = ( GEOMETRIC_REPRESENTATION_CONTEXT(2) 
PARAMETRIC_REPRESENTATION_CONTEXT() REPRESENTATION_CONTEXT('2D SPACE',''
  ) );
#8384 = PCURVE('',#8385,#8390);
#8385 = CYLINDRICAL_SURFACE('',#8386,0.5);
#8386 = AXIS2_PLACEMENT_3D('',#8387,#8388,#8389);
#8387 = CARTESIAN_POINT('',(-46.,12.,-14.1));
#8388 = DIRECTION('',(1.,0.,0.));
#8389 = DIRECTION('',(0.,-1.,0.));
#8390 = DEFINITIONAL_REPRESENTATION('',(#8391),#8395);
#8391 = LINE('',#8392,#8393);
#8392 = CARTESIAN_POINT('',(1.570796326795,0.));
#8393 = VECTOR('',#8394,1.);
#8394 = DIRECTION('',(0.,1.));
#8395 = ( GEOMETRIC_REPRESENTATION_CONTEXT(2) 
PARAMETRIC_REPRESENTATION_CONTEXT() REPRESENTATION_CONTEXT('2D SPACE',''
  ) );
#8396 = ORIENTED_EDGE('',*,*,#8397,.T.);
#8397 = EDGE_CURVE('',#8368,#8398,#8400,.T.);
#8398 = VERTEX_POINT('',#8399);
#8399 = CARTESIAN_POINT('',(-45.5,13.2,-14.6));
#8400 = SURFACE_CURVE('',#8401,(#8405,#8412),.PCURVE_S1.);
#8401 = LINE('',#8402,#8403);
#8402 = CARTESIAN_POINT('',(-45.5,11.5,-14.6));
#8403 = VECTOR('',#8404,1.);
#8404 = DIRECTION('',(0.,1.,0.));
#8405 = PCURVE('',#3768,#8406);
#8406 = DEFINITIONAL_REPRESENTATION('',(#8407),#8411);
#8407 = LINE('',#8408,#8409);
#8408 = CARTESIAN_POINT('',(22.1,29.1));
#8409 = VECTOR('',#8410,1.);
#8410 = DIRECTION('',(0.,1.));
#8411 = ( GEOMETRIC_REPRESENTATION_CONTEXT(2) 
PARAMETRIC_REPRESENTATION_CONTEXT() REPRESENTATION_CONTEXT('2D SPACE',''
  ) );
#8412 = PCURVE('',#8413,#8418);
#8413 = CYLINDRICAL_SURFACE('',#8414,0.5);
#8414 = AXIS2_PLACEMENT_3D('',#8415,#8416,#8417);
#8415 = CARTESIAN_POINT('',(-45.5,11.5,-14.1));
#8416 = DIRECTION('',(0.,1.,0.));
#8417 = DIRECTION('',(-1.,0.,0.));
#8418 = DEFINITIONAL_REPRESENTATION('',(#8419),#8423);
#8419 = LINE('',#8420,#8421);
#8420 = CARTESIAN_POINT('',(-1.570796326795,0.));
#8421 = VECTOR('',#8422,1.);
#8422 = DIRECTION('',(-0.,1.));
#8423 = ( GEOMETRIC_REPRESENTATION_CONTEXT(2) 
PARAMETRIC_REPRESENTATION_CONTEXT() REPRESENTATION_CONTEXT('2D SPACE',''
  ) );
#8424 = ORIENTED_EDGE('',*,*,#8425,.T.);
#8425 = EDGE_CURVE('',#8398,#8426,#8428,.T.);
#8426 = VERTEX_POINT('',#8427);
#8427 = CARTESIAN_POINT('',(15.5,13.2,-14.6));
#8428 = SURFACE_CURVE('',#8429,(#8433,#8440),.PCURVE_S1.);
#8429 = LINE('',#8430,#8431);
#8430 = CARTESIAN_POINT('',(-46.,13.2,-14.6));
#8431 = VECTOR('',#8432,1.);
#8432 = DIRECTION('',(1.,0.,0.));
#8433 = PCURVE('',#3768,#8434);
#8434 = DEFINITIONAL_REPRESENTATION('',(#8435),#8439);
#8435 = LINE('',#8436,#8437);
#8436 = CARTESIAN_POINT('',(21.6,30.8));
#8437 = VECTOR('',#8438,1.);
#8438 = DIRECTION('',(1.,0.));
#8439 = ( GEOMETRIC_REPRESENTATION_CONTEXT(2) 
PARAMETRIC_REPRESENTATION_CONTEXT() REPRESENTATION_CONTEXT('2D SPACE',''
  ) );
#8440 = PCURVE('',#8441,#8446);
#8441 = CYLINDRICAL_SURFACE('',#8442,0.5);
#8442 = AXIS2_PLACEMENT_3D('',#8443,#8444,#8445);
#8443 = CARTESIAN_POINT('',(-46.,13.2,-14.1));
#8444 = DIRECTION('',(1.,0.,0.));
#8445 = DIRECTION('',(-0.,1.,0.));
#8446 = DEFINITIONAL_REPRESENTATION('',(#8447),#8451);
#8447 = LINE('',#8448,#8449);
#8448 = CARTESIAN_POINT('',(-1.570796326795,0.));
#8449 = VECTOR('',#8450,1.);
#8450 = DIRECTION('',(-0.,1.));
#8451 = ( GEOMETRIC_REPRESENTATION_CONTEXT(2) 
PARAMETRIC_REPRESENTATION_CONTEXT() REPRESENTATION_CONTEXT('2D SPACE',''
  ) );
#8452 = ORIENTED_EDGE('',*,*,#8453,.F.);
#8453 = EDGE_CURVE('',#8370,#8426,#8454,.T.);
#8454 = SURFACE_CURVE('',#8455,(#8459,#8466),.PCURVE_S1.);
#8455 = LINE('',#8456,#8457);
#8456 = CARTESIAN_POINT('',(15.5,11.5,-14.6));
#8457 = VECTOR('',#8458,1.);
#8458 = DIRECTION('',(0.,1.,0.));
#8459 = PCURVE('',#3768,#8460);
#8460 = DEFINITIONAL_REPRESENTATION('',(#8461),#8465);
#8461 = LINE('',#8462,#8463);
#8462 = CARTESIAN_POINT('',(83.1,29.1));
#8463 = VECTOR('',#8464,1.);
#8464 = DIRECTION('',(0.,1.));
#8465 = ( GEOMETRIC_REPRESENTATION_CONTEXT(2) 
PARAMETRIC_REPRESENTATION_CONTEXT() REPRESENTATION_CONTEXT('2D SPACE',''
  ) );
#8466 = PCURVE('',#8467,#8472);
#8467 = CYLINDRICAL_SURFACE('',#8468,0.5);
#8468 = AXIS2_PLACEMENT_3D('',#8469,#8470,#8471);
#8469 = CARTESIAN_POINT('',(15.5,11.5,-14.1));
#8470 = DIRECTION('',(0.,1.,0.));
#8471 = DIRECTION('',(1.,0.,-0.));
#8472 = DEFINITIONAL_REPRESENTATION('',(#8473),#8477);
#8473 = LINE('',#8474,#8475);
#8474 = CARTESIAN_POINT('',(1.570796326795,0.));
#8475 = VECTOR('',#8476,1.);
#8476 = DIRECTION('',(0.,1.));
#8477 = ( GEOMETRIC_REPRESENTATION_CONTEXT(2) 
PARAMETRIC_REPRESENTATION_CONTEXT() REPRESENTATION_CONTEXT('2D SPACE',''
  ) );
#8478 = FACE_BOUND('',#8479,.T.);
#8479 = EDGE_LOOP('',(#8480));
#8480 = ORIENTED_EDGE('',*,*,#8481,.F.);
#8481 = EDGE_CURVE('',#8482,#8482,#8484,.T.);
#8482 = VERTEX_POINT('',#8483);
#8483 = CARTESIAN_POINT('',(17.84,6.35,-14.6));
#8484 = SURFACE_CURVE('',#8485,(#8490,#8497),.PCURVE_S1.);
#8485 = CIRCLE('',#8486,3.);
#8486 = AXIS2_PLACEMENT_3D('',#8487,#8488,#8489);
#8487 = CARTESIAN_POINT('',(14.84,6.35,-14.6));
#8488 = DIRECTION('',(0.,0.,1.));
#8489 = DIRECTION('',(1.,0.,0.));
#8490 = PCURVE('',#3768,#8491);
#8491 = DEFINITIONAL_REPRESENTATION('',(#8492),#8496);
#8492 = CIRCLE('',#8493,3.);
#8493 = AXIS2_PLACEMENT_2D('',#8494,#8495);
#8494 = CARTESIAN_POINT('',(82.44,23.95));
#8495 = DIRECTION('',(1.,0.));
#8496 = ( GEOMETRIC_REPRESENTATION_CONTEXT(2) 
PARAMETRIC_REPRESENTATION_CONTEXT() REPRESENTATION_CONTEXT('2D SPACE',''
  ) );
#8497 = PCURVE('',#8498,#8503);
#8498 = CYLINDRICAL_SURFACE('',#8499,3.);
#8499 = AXIS2_PLACEMENT_3D('',#8500,#8501,#8502);
#8500 = CARTESIAN_POINT('',(14.84,6.35,-14.6));
#8501 = DIRECTION('',(-0.,-0.,-1.));
#8502 = DIRECTION('',(1.,0.,0.));
#8503 = DEFINITIONAL_REPRESENTATION('',(#8504),#8508);
#8504 = LINE('',#8505,#8506);
#8505 = CARTESIAN_POINT('',(-0.,0.));
#8506 = VECTOR('',#8507,1.);
#8507 = DIRECTION('',(-1.,0.));
#8508 = ( GEOMETRIC_REPRESENTATION_CONTEXT(2) 
PARAMETRIC_REPRESENTATION_CONTEXT() REPRESENTATION_CONTEXT('2D SPACE',''
  ) );
#8509 = FACE_BOUND('',#8510,.T.);
#8510 = EDGE_LOOP('',(#8511));
#8511 = ORIENTED_EDGE('',*,*,#8512,.F.);
#8512 = EDGE_CURVE('',#8513,#8513,#8515,.T.);
#8513 = VERTEX_POINT('',#8514);
#8514 = CARTESIAN_POINT('',(38.16,6.35,-14.6));
#8515 = SURFACE_CURVE('',#8516,(#8521,#8528),.PCURVE_S1.);
#8516 = CIRCLE('',#8517,3.);
#8517 = AXIS2_PLACEMENT_3D('',#8518,#8519,#8520);
#8518 = CARTESIAN_POINT('',(35.16,6.35,-14.6));
#8519 = DIRECTION('',(0.,0.,1.));
#8520 = DIRECTION('',(1.,0.,0.));
#8521 = PCURVE('',#3768,#8522);
#8522 = DEFINITIONAL_REPRESENTATION('',(#8523),#8527);
#8523 = CIRCLE('',#8524,3.);
#8524 = AXIS2_PLACEMENT_2D('',#8525,#8526);
#8525 = CARTESIAN_POINT('',(102.76,23.95));
#8526 = DIRECTION('',(1.,0.));
#8527 = ( GEOMETRIC_REPRESENTATION_CONTEXT(2) 
PARAMETRIC_REPRESENTATION_CONTEXT() REPRESENTATION_CONTEXT('2D SPACE',''
  ) );
#8528 = PCURVE('',#8529,#8534);
#8529 = CYLINDRICAL_SURFACE('',#8530,3.);
#8530 = AXIS2_PLACEMENT_3D('',#8531,#8532,#8533);
#8531 = CARTESIAN_POINT('',(35.16,6.35,-14.6));
#8532 = DIRECTION('',(-0.,-0.,-1.));
#8533 = DIRECTION('',(1.,0.,0.));
#8534 = DEFINITIONAL_REPRESENTATION('',(#8535),#8539);
#8535 = LINE('',#8536,#8537);
#8536 = CARTESIAN_POINT('',(-0.,0.));
#8537 = VECTOR('',#8538,1.);
#8538 = DIRECTION('',(-1.,0.));
#8539 = ( GEOMETRIC_REPRESENTATION_CONTEXT(2) 
PARAMETRIC_REPRESENTATION_CONTEXT() REPRESENTATION_CONTEXT('2D SPACE',''
  ) );
#8540 = ADVANCED_FACE('',(#8541),#3741,.F.);
#8541 = FACE_BOUND('',#8542,.T.);
#8542 = EDGE_LOOP('',(#8543,#8544,#8545,#8773,#8774,#8775,#8776,#8777,
    #8778,#8779,#8780,#8781,#8782,#9010,#9011,#9038));
#8543 = ORIENTED_EDGE('',*,*,#5437,.F.);
#8544 = ORIENTED_EDGE('',*,*,#8168,.T.);
#8545 = ORIENTED_EDGE('',*,*,#8546,.F.);
#8546 = EDGE_CURVE('',#8093,#8145,#8547,.T.);
#8547 = SURFACE_CURVE('',#8548,(#8621,#8697),.PCURVE_S1.);
#8548 = B_SPLINE_CURVE_WITH_KNOTS('',8,(#8549,#8550,#8551,#8552,#8553,
    #8554,#8555,#8556,#8557,#8558,#8559,#8560,#8561,#8562,#8563,#8564,
    #8565,#8566,#8567,#8568,#8569,#8570,#8571,#8572,#8573,#8574,#8575,
    #8576,#8577,#8578,#8579,#8580,#8581,#8582,#8583,#8584,#8585,#8586,
    #8587,#8588,#8589,#8590,#8591,#8592,#8593,#8594,#8595,#8596,#8597,
    #8598,#8599,#8600,#8601,#8602,#8603,#8604,#8605,#8606,#8607,#8608,
    #8609,#8610,#8611,#8612,#8613,#8614,#8615,#8616,#8617,#8618,#8619,
    #8620),.UNSPECIFIED.,.F.,.F.,(9,7,7,7,7,7,7,7,7,7,9),(0.,
    8.563738104584E-02,0.306399306892,0.437465231687,0.499251112431,
    0.54837187878,0.599263777219,0.692400567029,0.809065359675,
    0.916386050133,1.),.UNSPECIFIED.);
#8549 = CARTESIAN_POINT('',(-57.59559109389,15.6,-14.6));
#8550 = CARTESIAN_POINT('',(-57.65019549802,15.688521771311,-14.6));
#8551 = CARTESIAN_POINT('',(-57.70695714055,15.774653488366,
    -14.59552224461));
#8552 = CARTESIAN_POINT('',(-57.76566904189,15.85823844685,
    -14.58698978628));
#8553 = CARTESIAN_POINT('',(-57.82611763252,15.939157745056,
    -14.57479821049));
#8554 = CARTESIAN_POINT('',(-57.88808622444,16.017323835437,
    -14.55931950969));
#8555 = CARTESIAN_POINT('',(-57.95135757211,16.092675366408,
    -14.54090509974));
#8556 = CARTESIAN_POINT('',(-58.01571552278,16.165173314403,
    -14.51988797905));
#8557 = CARTESIAN_POINT('',(-58.24910073491,16.414282752361,
    -14.43650950931));
#8558 = CARTESIAN_POINT('',(-58.42427136379,16.575976031239,
    -14.36080397899));
#8559 = CARTESIAN_POINT('',(-58.60418612934,16.720403709483,
    -14.27403757949));
#8560 = CARTESIAN_POINT('',(-58.78717580564,16.848634662135,
    -14.17959105714));
#8561 = CARTESIAN_POINT('',(-58.97225936298,16.961993634761,
    -14.0798942416));
#8562 = CARTESIAN_POINT('',(-59.15925763607,17.061755801992,
    -13.97684205174));
#8563 = CARTESIAN_POINT('',(-59.34858713219,17.149128788433,
    -13.87166020928));
#8564 = CARTESIAN_POINT('',(-59.65743081584,17.269983043788,
    -13.70323181685));
#8565 = CARTESIAN_POINT('',(-59.77154052954,17.309952738624,
    -13.64168412678));
#8566 = CARTESIAN_POINT('',(-59.88662729516,17.345980230292,
    -13.58081432509));
#8567 = CARTESIAN_POINT('',(-60.00403726378,17.378455091296,
    -13.52056370854));
#8568 = CARTESIAN_POINT('',(-60.12423491874,17.407218052664,
    -13.46165424929));
#8569 = CARTESIAN_POINT('',(-60.24693260773,17.431937107546,
    -13.4057610093));
#8570 = CARTESIAN_POINT('',(-60.37161036817,17.452398465703,
    -13.35540569201));
#8571 = CARTESIAN_POINT('',(-60.5581397105,17.47597633769,
    -13.29365784075));
#8572 = CARTESIAN_POINT('',(-60.6193344764,17.482666706247,
    -13.27541866566));
#8573 = CARTESIAN_POINT('',(-60.68142479288,17.488345173798,
    -13.2593172077));
#8574 = CARTESIAN_POINT('',(-60.74407355739,17.492939992292,
    -13.24584426096));
#8575 = CARTESIAN_POINT('',(-60.80710968773,17.496420962818,
    -13.23538745537));
#8576 = CARTESIAN_POINT('',(-60.8704915672,17.498772723544,
    -13.22823336154));
#8577 = CARTESIAN_POINT('',(-60.93426973818,17.499976417014,
    -13.22457154944));
#8578 = CARTESIAN_POINT('',(-61.04965176421,17.500018276347,
    -13.22444419532));
#8579 = CARTESIAN_POINT('',(-61.10054689048,17.499290582623,
    -13.22665805443));
#8580 = CARTESIAN_POINT('',(-61.15124172058,17.497827344933,
    -13.23111096812));
#8581 = CARTESIAN_POINT('',(-61.20172764054,17.49563766109,
    -13.23772433794));
#8582 = CARTESIAN_POINT('',(-61.2519629781,17.492731380432,
    -13.24637022046));
#8583 = CARTESIAN_POINT('',(-61.30185626721,17.489124574565,
    -13.25687002092));
#8584 = CARTESIAN_POINT('',(-61.3512497236,17.484848135753,
    -13.26899383672));
#8585 = CARTESIAN_POINT('',(-61.45031041254,17.474894602343,
    -13.29641262663));
#8586 = CARTESIAN_POINT('',(-61.50016329149,17.46914843296,
    -13.31187256107));
#8587 = CARTESIAN_POINT('',(-61.54951352385,17.462740389878,
    -13.32864318236));
#8588 = CARTESIAN_POINT('',(-61.598392597,17.455686825796,-13.3465403678
    ));
#8589 = CARTESIAN_POINT('',(-61.64682055157,17.448002899865,
    -13.36539709757));
#8590 = CARTESIAN_POINT('',(-61.69481503945,17.43970254255,
    -13.38506703703));
#8591 = CARTESIAN_POINT('',(-61.74240041821,17.430796536604,
    -13.40542754772));
#8592 = CARTESIAN_POINT('',(-61.87602729337,17.403888536652,
    -13.46473090755));
#8593 = CARTESIAN_POINT('',(-61.96159082844,17.384394466665,
    -13.50524204546));
#8594 = CARTESIAN_POINT('',(-62.04620410299,17.362864817484,
    -13.54720860587));
#8595 = CARTESIAN_POINT('',(-62.1298136628,17.339356747229,
    -13.59008521984));
#8596 = CARTESIAN_POINT('',(-62.21246622406,17.313905497971,
    -13.63350697678));
#8597 = CARTESIAN_POINT('',(-62.29433053134,17.286490216208,
    -13.67727094457));
#8598 = CARTESIAN_POINT('',(-62.37568571805,17.257005179872,
    -13.72129473546));
#8599 = CARTESIAN_POINT('',(-62.55856524493,17.185484741465,
    -13.82102217696));
#8600 = CARTESIAN_POINT('',(-62.6593366194,17.142417358363,
    -13.87650826542));
#8601 = CARTESIAN_POINT('',(-62.75933369659,17.095954212002,
    -13.93170866249));
#8602 = CARTESIAN_POINT('',(-62.85863396529,17.045975986028,
    -13.98635365888));
#8603 = CARTESIAN_POINT('',(-62.95725969336,16.992348326649,
    -14.04018412464));
#8604 = CARTESIAN_POINT('',(-63.05518745212,16.934927271445,
    -14.09292563671));
#8605 = CARTESIAN_POINT('',(-63.15235135633,16.873564723891,
    -14.14427258401));
#8606 = CARTESIAN_POINT('',(-63.33721657806,16.747905408902,
    -14.23951849967));
#8607 = CARTESIAN_POINT('',(-63.425047122,16.684241132619,
    -14.28368140982));
#8608 = CARTESIAN_POINT('',(-63.51212772819,16.616951896855,
    -14.32614610773));
#8609 = CARTESIAN_POINT('',(-63.59839783579,16.545867383987,
    -14.36663859333));
#8610 = CARTESIAN_POINT('',(-63.68374263436,16.470823346103,
    -14.40482898747));
#8611 = CARTESIAN_POINT('',(-63.76799587044,16.391669869807,
    -14.44032407426));
#8612 = CARTESIAN_POINT('',(-63.85094307255,16.308280766358,
    -14.47265913773));
#8613 = CARTESIAN_POINT('',(-63.99573030938,16.152223695526,
    -14.52359479716));
#8614 = CARTESIAN_POINT('',(-64.05828271618,16.081151648407,
    -14.54368564778));
#8615 = CARTESIAN_POINT('',(-64.11978131345,16.007369592488,
    -14.56126579356));
#8616 = CARTESIAN_POINT('',(-64.18002385346,15.930917360853,
    -14.57602416142));
#8617 = CARTESIAN_POINT('',(-64.23880763067,15.851855277018,
    -14.58763329467));
#8618 = CARTESIAN_POINT('',(-64.29593095528,15.770267570084,
    -14.59574745672));
#8619 = CARTESIAN_POINT('',(-64.35119541233,15.686266901008,-14.6));
#8620 = CARTESIAN_POINT('',(-64.40440890611,15.6,-14.6));
#8621 = PCURVE('',#3741,#8622);
#8622 = DEFINITIONAL_REPRESENTATION('',(#8623),#8696);
#8623 = B_SPLINE_CURVE_WITH_KNOTS('',8,(#8624,#8625,#8626,#8627,#8628,
    #8629,#8630,#8631,#8632,#8633,#8634,#8635,#8636,#8637,#8638,#8639,
    #8640,#8641,#8642,#8643,#8644,#8645,#8646,#8647,#8648,#8649,#8650,
    #8651,#8652,#8653,#8654,#8655,#8656,#8657,#8658,#8659,#8660,#8661,
    #8662,#8663,#8664,#8665,#8666,#8667,#8668,#8669,#8670,#8671,#8672,
    #8673,#8674,#8675,#8676,#8677,#8678,#8679,#8680,#8681,#8682,#8683,
    #8684,#8685,#8686,#8687,#8688,#8689,#8690,#8691,#8692,#8693,#8694,
    #8695),.UNSPECIFIED.,.F.,.F.,(9,7,7,7,7,7,7,7,7,7,9),(0.,
    8.563738104584E-02,0.306399306892,0.437465231687,0.499251112431,
    0.54837187878,0.599263777219,0.692400567029,0.809065359675,
    0.916386050133,1.),.UNSPECIFIED.);
#8624 = CARTESIAN_POINT('',(-1.570796326795,10.00440890611));
#8625 = CARTESIAN_POINT('',(-1.526535441139,9.949804501974));
#8626 = CARTESIAN_POINT('',(-1.483469557634,9.893042859449));
#8627 = CARTESIAN_POINT('',(-1.441545019305,9.83433095811));
#8628 = CARTESIAN_POINT('',(-1.400718902674,9.77388236748));
#8629 = CARTESIAN_POINT('',(-1.360956865775,9.711913775556));
#8630 = CARTESIAN_POINT('',(-1.322231545098,9.648642427887));
#8631 = CARTESIAN_POINT('',(-1.284521501454,9.584284477218));
#8632 = CARTESIAN_POINT('',(-1.153175126079,9.350899265085));
#8633 = CARTESIAN_POINT('',(-1.064494599719,9.175728636208));
#8634 = CARTESIAN_POINT('',(-0.980952844989,8.995813870652));
#8635 = CARTESIAN_POINT('',(-0.90197341638,8.812824194362));
#8636 = CARTESIAN_POINT('',(-0.827000442887,8.627740637011));
#8637 = CARTESIAN_POINT('',(-0.755637312342,8.440742363926));
#8638 = CARTESIAN_POINT('',(-0.687439466995,8.251412867802));
#8639 = CARTESIAN_POINT('',(-0.583788762206,7.942569184156));
#8640 = CARTESIAN_POINT('',(-0.547134949308,7.828459470457));
#8641 = CARTESIAN_POINT('',(-0.511816571974,7.713372704833));
#8642 = CARTESIAN_POINT('',(-0.477650023827,7.595962736211));
#8643 = CARTESIAN_POINT('',(-0.444919385825,7.475765081253));
#8644 = CARTESIAN_POINT('',(-0.414385975834,7.353067392265));
#8645 = CARTESIAN_POINT('',(-0.387215041074,7.228389631826));
#8646 = CARTESIAN_POINT('',(-0.354166920166,7.041860289497));
#8647 = CARTESIAN_POINT('',(-0.344454058166,6.980665523597));
#8648 = CARTESIAN_POINT('',(-0.335918221333,6.91857520712));
#8649 = CARTESIAN_POINT('',(-0.328801296305,6.855926442604));
#8650 = CARTESIAN_POINT('',(-0.323290912956,6.792890312266));
#8651 = CARTESIAN_POINT('',(-0.319525439939,6.729508432796));
#8652 = CARTESIAN_POINT('',(-0.317598192244,6.66573026182));
#8653 = CARTESIAN_POINT('',(-0.317531163752,6.550348235788));
#8654 = CARTESIAN_POINT('',(-0.318696348011,6.499453109517));
#8655 = CARTESIAN_POINT('',(-0.321039954872,6.448758279417));
#8656 = CARTESIAN_POINT('',(-0.32452315803,6.398272359458));
#8657 = CARTESIAN_POINT('',(-0.329083668873,6.348037021899));
#8658 = CARTESIAN_POINT('',(-0.334634434558,6.298143732785));
#8659 = CARTESIAN_POINT('',(-0.341062118862,6.248750276392));
#8660 = CARTESIAN_POINT('',(-0.355646895748,6.149689587454));
#8661 = CARTESIAN_POINT('',(-0.36389329593,6.099836708506));
#8662 = CARTESIAN_POINT('',(-0.37286923951,6.05048647615));
#8663 = CARTESIAN_POINT('',(-0.382486635529,6.001607403));
#8664 = CARTESIAN_POINT('',(-0.392666289259,5.953179448425));
#8665 = CARTESIAN_POINT('',(-0.403339573603,5.905184960549));
#8666 = CARTESIAN_POINT('',(-0.414450111585,5.857599581782));
#8667 = CARTESIAN_POINT('',(-0.447011319134,5.723972706621));
#8668 = CARTESIAN_POINT('',(-0.469484339087,5.638409171556));
#8669 = CARTESIAN_POINT('',(-0.49305474264,5.553795897002));
#8670 = CARTESIAN_POINT('',(-0.517484908264,5.470186337196));
#8671 = CARTESIAN_POINT('',(-0.542629109079,5.387533775933));
#8672 = CARTESIAN_POINT('',(-0.568430468747,5.305669468651));
#8673 = CARTESIAN_POINT('',(-0.594909617756,5.224314281946));
#8674 = CARTESIAN_POINT('',(-0.656270712309,5.041434755066));
#8675 = CARTESIAN_POINT('',(-0.691364934155,4.940663380595));
#8676 = CARTESIAN_POINT('',(-0.727393177276,4.840666303405));
#8677 = CARTESIAN_POINT('',(-0.764355478711,4.741366034701));
#8678 = CARTESIAN_POINT('',(-0.802275542192,4.642740306638));
#8679 = CARTESIAN_POINT('',(-0.84119117611,4.54481254788));
#8680 = CARTESIAN_POINT('',(-0.88115055174,4.447648643667));
#8681 = CARTESIAN_POINT('',(-0.959989070075,4.262783421932));
#8682 = CARTESIAN_POINT('',(-0.998695905221,4.174952877998));
#8683 = CARTESIAN_POINT('',(-1.038416277761,4.087872271803));
#8684 = CARTESIAN_POINT('',(-1.079234718393,4.001602164202));
#8685 = CARTESIAN_POINT('',(-1.121238338229,3.916257365631));
#8686 = CARTESIAN_POINT('',(-1.164518018586,3.832004129557));
#8687 = CARTESIAN_POINT('',(-1.209171250222,3.74905692745));
#8688 = CARTESIAN_POINT('',(-1.291250862122,3.604269690612));
#8689 = CARTESIAN_POINT('',(-1.328149922574,3.541717283811));
#8690 = CARTESIAN_POINT('',(-1.366018297339,3.480218686545));
#8691 = CARTESIAN_POINT('',(-1.404875482912,3.419976146532));
#8692 = CARTESIAN_POINT('',(-1.444746439054,3.36119236933));
#8693 = CARTESIAN_POINT('',(-1.485662520021,3.304069044715));
#8694 = CARTESIAN_POINT('',(-1.527662876291,3.248804587661));
#8695 = CARTESIAN_POINT('',(-1.570796326795,3.19559109389));
#8696 = ( GEOMETRIC_REPRESENTATION_CONTEXT(2) 
PARAMETRIC_REPRESENTATION_CONTEXT() REPRESENTATION_CONTEXT('2D SPACE',''
  ) );
#8697 = PCURVE('',#8132,#8698);
#8698 = DEFINITIONAL_REPRESENTATION('',(#8699),#8772);
#8699 = B_SPLINE_CURVE_WITH_KNOTS('',8,(#8700,#8701,#8702,#8703,#8704,
    #8705,#8706,#8707,#8708,#8709,#8710,#8711,#8712,#8713,#8714,#8715,
    #8716,#8717,#8718,#8719,#8720,#8721,#8722,#8723,#8724,#8725,#8726,
    #8727,#8728,#8729,#8730,#8731,#8732,#8733,#8734,#8735,#8736,#8737,
    #8738,#8739,#8740,#8741,#8742,#8743,#8744,#8745,#8746,#8747,#8748,
    #8749,#8750,#8751,#8752,#8753,#8754,#8755,#8756,#8757,#8758,#8759,
    #8760,#8761,#8762,#8763,#8764,#8765,#8766,#8767,#8768,#8769,#8770,
    #8771),.UNSPECIFIED.,.F.,.F.,(9,7,7,7,7,7,7,7,7,7,9),(0.,
    8.563738104584E-02,0.306399306892,0.437465231687,0.499251112431,
    0.54837187878,0.599263777219,0.692400567029,0.809065359675,
    0.916386050133,1.),.UNSPECIFIED.);
#8700 = CARTESIAN_POINT('',(-0.552715113097,1.7763568394E-15));
#8701 = CARTESIAN_POINT('',(-0.578717210304,1.7763568394E-15));
#8702 = CARTESIAN_POINT('',(-0.604493895854,-4.477755384757E-03));
#8703 = CARTESIAN_POINT('',(-0.630011468877,-1.301021371419E-02));
#8704 = CARTESIAN_POINT('',(-0.655241403125,-2.520178950246E-02));
#8705 = CARTESIAN_POINT('',(-0.680158827989,-4.068049030996E-02));
#8706 = CARTESIAN_POINT('',(-0.704741366196,-5.909490025483E-02));
#8707 = CARTESIAN_POINT('',(-0.728968328171,-8.011202094395E-02));
#8708 = CARTESIAN_POINT('',(-0.814307419932,-0.163490490689));
#8709 = CARTESIAN_POINT('',(-0.873747977286,-0.239196021005));
#8710 = CARTESIAN_POINT('',(-0.931203245298,-0.325962420506));
#8711 = CARTESIAN_POINT('',(-0.986840025583,-0.420408942852));
#8712 = CARTESIAN_POINT('',(-1.040901532754,-0.520105758392));
#8713 = CARTESIAN_POINT('',(-1.093739411611,-0.623157948254));
#8714 = CARTESIAN_POINT('',(-1.145777065978,-0.728339790716));
#8715 = CARTESIAN_POINT('',(-1.228688981574,-0.896768183143));
#8716 = CARTESIAN_POINT('',(-1.258896085574,-0.95831587322));
#8717 = CARTESIAN_POINT('',(-1.289016831049,-1.01918567491));
#8718 = CARTESIAN_POINT('',(-1.319435451652,-1.079436291451));
#8719 = CARTESIAN_POINT('',(-1.350294195723,-1.138345750702));
#8720 = CARTESIAN_POINT('',(-1.381550743529,-1.194238990698));
#8721 = CARTESIAN_POINT('',(-1.413115692605,-1.24459430799));
#8722 = CARTESIAN_POINT('',(-1.460119091151,-1.306342159245));
#8723 = CARTESIAN_POINT('',(-1.475506748644,-1.324581334333));
#8724 = CARTESIAN_POINT('',(-1.491090045499,-1.340682792297));
#8725 = CARTESIAN_POINT('',(-1.506789202969,-1.354155739033));
#8726 = CARTESIAN_POINT('',(-1.522567085827,-1.364612544626));
#8727 = CARTESIAN_POINT('',(-1.538419118585,-1.371766638454));
#8728 = CARTESIAN_POINT('',(-1.554363760274,-1.37542845056));
#8729 = CARTESIAN_POINT('',(-1.583209268681,-1.375555804678));
#8730 = CARTESIAN_POINT('',(-1.595932980041,-1.373341945565));
#8731 = CARTESIAN_POINT('',(-1.608609740542,-1.368889031871));
#8732 = CARTESIAN_POINT('',(-1.621240438804,-1.36227566206));
#8733 = CARTESIAN_POINT('',(-1.633817661239,-1.353629779537));
#8734 = CARTESIAN_POINT('',(-1.646321431302,-1.343129979075));
#8735 = CARTESIAN_POINT('',(-1.658714810128,-1.331006163276));
#8736 = CARTESIAN_POINT('',(-1.683604683722,-1.303587373369));
#8737 = CARTESIAN_POINT('',(-1.696149082813,-1.288127438929));
#8738 = CARTESIAN_POINT('',(-1.708588080309,-1.271356817638));
#8739 = CARTESIAN_POINT('',(-1.720931965475,-1.253459632193));
#8740 = CARTESIAN_POINT('',(-1.733188021696,-1.234602902424));
#8741 = CARTESIAN_POINT('',(-1.745362822796,-1.214932962964));
#8742 = CARTESIAN_POINT('',(-1.75746459637,-1.194572452273));
#8743 = CARTESIAN_POINT('',(-1.791541881902,-1.135269092445));
#8744 = CARTESIAN_POINT('',(-1.813473895773,-1.094757954536));
#8745 = CARTESIAN_POINT('',(-1.835289765916,-1.052791394126));
#8746 = CARTESIAN_POINT('',(-1.856989287491,-1.009914780151));
#8747 = CARTESIAN_POINT('',(-1.878596884222,-0.966493023212));
#8748 = CARTESIAN_POINT('',(-1.900169293862,-0.922729055426));
#8749 = CARTESIAN_POINT('',(-1.92179583616,-0.878705264539));
#8750 = CARTESIAN_POINT('',(-1.970887647126,-0.778977823035));
#8751 = CARTESIAN_POINT('',(-1.998271574379,-0.723491734575));
#8752 = CARTESIAN_POINT('',(-2.025815392784,-0.668291337501));
#8753 = CARTESIAN_POINT('',(-2.053579893631,-0.613646341113));
#8754 = CARTESIAN_POINT('',(-2.081616766331,-0.559815875359));
#8755 = CARTESIAN_POINT('',(-2.109971533316,-0.507074363287));
#8756 = CARTESIAN_POINT('',(-2.138684765959,-0.455727415987));
#8757 = CARTESIAN_POINT('',(-2.194567127695,-0.36048150033));
#8758 = CARTESIAN_POINT('',(-2.221674091667,-0.316318590174));
#8759 = CARTESIAN_POINT('',(-2.249164717539,-0.27385389227));
#8760 = CARTESIAN_POINT('',(-2.277082687189,-0.233361406665));
#8761 = CARTESIAN_POINT('',(-2.305463977848,-0.195171012528));
#8762 = CARTESIAN_POINT('',(-2.334337279674,-0.159675925737));
#8763 = CARTESIAN_POINT('',(-2.363723973328,-0.127340862267));
#8764 = CARTESIAN_POINT('',(-2.416943538168,-7.640520283389E-02));
#8765 = CARTESIAN_POINT('',(-2.440605046106,-5.631435221915E-02));
#8766 = CARTESIAN_POINT('',(-2.46460333628,-3.873420643882E-02));
#8767 = CARTESIAN_POINT('',(-2.488918454263,-2.397583857574E-02));
#8768 = CARTESIAN_POINT('',(-2.513528927063,-1.236670532749E-02));
#8769 = CARTESIAN_POINT('',(-2.538411035986,-4.252543277445E-03));
#8770 = CARTESIAN_POINT('',(-2.563537781555,1.7763568394E-15));
#8771 = CARTESIAN_POINT('',(-2.588877540493,1.7763568394E-15));
#8772 = ( GEOMETRIC_REPRESENTATION_CONTEXT(2) 
PARAMETRIC_REPRESENTATION_CONTEXT() REPRESENTATION_CONTEXT('2D SPACE',''
  ) );
#8773 = ORIENTED_EDGE('',*,*,#8092,.T.);
#8774 = ORIENTED_EDGE('',*,*,#3724,.T.);
#8775 = ORIENTED_EDGE('',*,*,#7693,.T.);
#8776 = ORIENTED_EDGE('',*,*,#3874,.F.);
#8777 = ORIENTED_EDGE('',*,*,#8068,.T.);
#8778 = ORIENTED_EDGE('',*,*,#3951,.T.);
#8779 = ORIENTED_EDGE('',*,*,#7668,.T.);
#8780 = ORIENTED_EDGE('',*,*,#4091,.F.);
#8781 = ORIENTED_EDGE('',*,*,#8044,.T.);
#8782 = ORIENTED_EDGE('',*,*,#8783,.F.);
#8783 = EDGE_CURVE('',#7969,#8021,#8784,.T.);
#8784 = SURFACE_CURVE('',#8785,(#8858,#8934),.PCURVE_S1.);
#8785 = B_SPLINE_CURVE_WITH_KNOTS('',8,(#8786,#8787,#8788,#8789,#8790,
    #8791,#8792,#8793,#8794,#8795,#8796,#8797,#8798,#8799,#8800,#8801,
    #8802,#8803,#8804,#8805,#8806,#8807,#8808,#8809,#8810,#8811,#8812,
    #8813,#8814,#8815,#8816,#8817,#8818,#8819,#8820,#8821,#8822,#8823,
    #8824,#8825,#8826,#8827,#8828,#8829,#8830,#8831,#8832,#8833,#8834,
    #8835,#8836,#8837,#8838,#8839,#8840,#8841,#8842,#8843,#8844,#8845,
    #8846,#8847,#8848,#8849,#8850,#8851,#8852,#8853,#8854,#8855,#8856,
    #8857),.UNSPECIFIED.,.F.,.F.,(9,7,7,7,7,7,7,7,7,7,9),(0.,
    8.563738090316E-02,0.306399306374,0.437465230944,0.499251111583,
    0.548371877953,0.599263776514,0.69240056649,0.809065359341,
    0.916386049987,1.),.UNSPECIFIED.);
#8786 = CARTESIAN_POINT('',(35.40440890611,15.6,-14.6));
#8787 = CARTESIAN_POINT('',(35.349804501974,15.688521771311,-14.6));
#8788 = CARTESIAN_POINT('',(35.293042859449,15.774653488366,
    -14.59552224461));
#8789 = CARTESIAN_POINT('',(35.23433095811,15.85823844685,
    -14.58698978628));
#8790 = CARTESIAN_POINT('',(35.17388236748,15.939157745057,
    -14.57479821049));
#8791 = CARTESIAN_POINT('',(35.111913775556,16.017323835437,
    -14.55931950969));
#8792 = CARTESIAN_POINT('',(35.048642427887,16.092675366408,
    -14.54090509974));
#8793 = CARTESIAN_POINT('',(34.984284477218,16.165173314403,
    -14.51988797905));
#8794 = CARTESIAN_POINT('',(34.750899265091,16.414282752355,
    -14.43650950931));
#8795 = CARTESIAN_POINT('',(34.575728636192,16.575976031253,
    -14.36080397899));
#8796 = CARTESIAN_POINT('',(34.395813870676,16.720403709469,
    -14.27403757949));
#8797 = CARTESIAN_POINT('',(34.212824194335,16.848634662144,
    -14.17959105714));
#8798 = CARTESIAN_POINT('',(34.027740637037,16.961993634754,
    -14.07989424161));
#8799 = CARTESIAN_POINT('',(33.840742363913,17.061755801996,
    -13.97684205174));
#8800 = CARTESIAN_POINT('',(33.651412867805,17.149128788432,
    -13.87166020928));
#8801 = CARTESIAN_POINT('',(33.342569184155,17.269983043788,
    -13.70323181685));
#8802 = CARTESIAN_POINT('',(33.228459470457,17.309952738624,
    -13.64168412678));
#8803 = CARTESIAN_POINT('',(33.113372704836,17.345980230292,
    -13.58081432509));
#8804 = CARTESIAN_POINT('',(32.995962736211,17.378455091296,
    -13.52056370854));
#8805 = CARTESIAN_POINT('',(32.87576508125,17.407218052665,
    -13.46165424929));
#8806 = CARTESIAN_POINT('',(32.753067392266,17.431937107546,
    -13.4057610093));
#8807 = CARTESIAN_POINT('',(32.628389631827,17.452398465703,
    -13.35540569201));
#8808 = CARTESIAN_POINT('',(32.441860289497,17.47597633769,
    -13.29365784075));
#8809 = CARTESIAN_POINT('',(32.380665523597,17.482666706247,
    -13.27541866566));
#8810 = CARTESIAN_POINT('',(32.31857520712,17.488345173798,
    -13.2593172077));
#8811 = CARTESIAN_POINT('',(32.255926442604,17.492939992292,
    -13.24584426096));
#8812 = CARTESIAN_POINT('',(32.192890312266,17.496420962818,
    -13.23538745537));
#8813 = CARTESIAN_POINT('',(32.129508432797,17.498772723544,
    -13.22823336154));
#8814 = CARTESIAN_POINT('',(32.06573026182,17.499976417014,
    -13.22457154944));
#8815 = CARTESIAN_POINT('',(31.950348235677,17.500018276347,
    -13.22444419532));
#8816 = CARTESIAN_POINT('',(31.899453109467,17.499290582619,
    -13.22665805444));
#8817 = CARTESIAN_POINT('',(31.848758279469,17.497827344933,
    -13.23111096813));
#8818 = CARTESIAN_POINT('',(31.798272359562,17.495637661095,
    -13.23772433792));
#8819 = CARTESIAN_POINT('',(31.748037021968,17.492731380439,
    -13.24637022044));
#8820 = CARTESIAN_POINT('',(31.698143732749,17.489124574564,
    -13.25687002092));
#8821 = CARTESIAN_POINT('',(31.648750276274,17.484848135742,
    -13.26899383675));
#8822 = CARTESIAN_POINT('',(31.549689587479,17.474894602345,
    -13.29641262662));
#8823 = CARTESIAN_POINT('',(31.49983670852,17.469148432962,
    -13.31187256106));
#8824 = CARTESIAN_POINT('',(31.45048647614,17.462740389877,
    -13.32864318236));
#8825 = CARTESIAN_POINT('',(31.401607402976,17.455686825793,
    -13.34654036781));
#8826 = CARTESIAN_POINT('',(31.353179448407,17.448002899861,
    -13.36539709758));
#8827 = CARTESIAN_POINT('',(31.305184960555,17.439702542551,
    -13.38506703703));
#8828 = CARTESIAN_POINT('',(31.25759958181,17.43079653661,
    -13.40542754771));
#8829 = CARTESIAN_POINT('',(31.123972706622,17.403888536652,
    -13.46473090755));
#8830 = CARTESIAN_POINT('',(31.038409171557,17.384394466665,
    -13.50524204546));
#8831 = CARTESIAN_POINT('',(30.953795897002,17.362864817484,
    -13.54720860587));
#8832 = CARTESIAN_POINT('',(30.870186337195,17.339356747228,
    -13.59008521984));
#8833 = CARTESIAN_POINT('',(30.787533775933,17.313905497971,
    -13.63350697678));
#8834 = CARTESIAN_POINT('',(30.705669468651,17.286490216208,
    -13.67727094457));
#8835 = CARTESIAN_POINT('',(30.624314281947,17.257005179873,
    -13.72129473546));
#8836 = CARTESIAN_POINT('',(30.441434755067,17.185484741465,
    -13.82102217696));
#8837 = CARTESIAN_POINT('',(30.340663380595,17.142417358363,
    -13.87650826542));
#8838 = CARTESIAN_POINT('',(30.240666303404,17.095954212001,
    -13.9317086625));
#8839 = CARTESIAN_POINT('',(30.141366034701,17.045975986028,
    -13.98635365888));
#8840 = CARTESIAN_POINT('',(30.042740306638,16.992348326649,
    -14.04018412464));
#8841 = CARTESIAN_POINT('',(29.944812547881,16.934927271445,
    -14.09292563671));
#8842 = CARTESIAN_POINT('',(29.847648643667,16.873564723891,
    -14.14427258401));
#8843 = CARTESIAN_POINT('',(29.662783421932,16.747905408902,
    -14.23951849967));
#8844 = CARTESIAN_POINT('',(29.574952877999,16.684241132619,
    -14.28368140982));
#8845 = CARTESIAN_POINT('',(29.487872271803,16.616951896855,
    -14.32614610773));
#8846 = CARTESIAN_POINT('',(29.401602164202,16.545867383987,
    -14.36663859333));
#8847 = CARTESIAN_POINT('',(29.316257365631,16.470823346104,
    -14.40482898747));
#8848 = CARTESIAN_POINT('',(29.232004129557,16.391669869807,
    -14.44032407426));
#8849 = CARTESIAN_POINT('',(29.14905692745,16.308280766358,
    -14.47265913773));
#8850 = CARTESIAN_POINT('',(29.004269690612,16.152223695526,
    -14.52359479716));
#8851 = CARTESIAN_POINT('',(28.941717283811,16.081151648407,
    -14.54368564778));
#8852 = CARTESIAN_POINT('',(28.880218686545,16.007369592488,
    -14.56126579356));
#8853 = CARTESIAN_POINT('',(28.819976146533,15.930917360853,
    -14.57602416142));
#8854 = CARTESIAN_POINT('',(28.76119236933,15.851855277018,
    -14.58763329467));
#8855 = CARTESIAN_POINT('',(28.704069044715,15.770267570084,
    -14.59574745672));
#8856 = CARTESIAN_POINT('',(28.648804587661,15.686266901008,-14.6));
#8857 = CARTESIAN_POINT('',(28.59559109389,15.6,-14.6));
#8858 = PCURVE('',#3741,#8859);
#8859 = DEFINITIONAL_REPRESENTATION('',(#8860),#8933);
#8860 = B_SPLINE_CURVE_WITH_KNOTS('',8,(#8861,#8862,#8863,#8864,#8865,
    #8866,#8867,#8868,#8869,#8870,#8871,#8872,#8873,#8874,#8875,#8876,
    #8877,#8878,#8879,#8880,#8881,#8882,#8883,#8884,#8885,#8886,#8887,
    #8888,#8889,#8890,#8891,#8892,#8893,#8894,#8895,#8896,#8897,#8898,
    #8899,#8900,#8901,#8902,#8903,#8904,#8905,#8906,#8907,#8908,#8909,
    #8910,#8911,#8912,#8913,#8914,#8915,#8916,#8917,#8918,#8919,#8920,
    #8921,#8922,#8923,#8924,#8925,#8926,#8927,#8928,#8929,#8930,#8931,
    #8932),.UNSPECIFIED.,.F.,.F.,(9,7,7,7,7,7,7,7,7,7,9),(0.,
    8.563738090316E-02,0.306399306374,0.437465230944,0.499251111583,
    0.548371877953,0.599263776514,0.69240056649,0.809065359341,
    0.916386049987,1.),.UNSPECIFIED.);
#8861 = CARTESIAN_POINT('',(-1.570796326795,103.00440890611));
#8862 = CARTESIAN_POINT('',(-1.526535441139,102.94980450197));
#8863 = CARTESIAN_POINT('',(-1.483469557634,102.89304285944));
#8864 = CARTESIAN_POINT('',(-1.441545019305,102.83433095811));
#8865 = CARTESIAN_POINT('',(-1.400718902674,102.77388236748));
#8866 = CARTESIAN_POINT('',(-1.360956865775,102.71191377555));
#8867 = CARTESIAN_POINT('',(-1.322231545098,102.64864242788));
#8868 = CARTESIAN_POINT('',(-1.284521501454,102.58428447721));
#8869 = CARTESIAN_POINT('',(-1.153175126082,102.35089926509));
#8870 = CARTESIAN_POINT('',(-1.064494599712,102.17572863619));
#8871 = CARTESIAN_POINT('',(-0.980952844996,101.99581387067));
#8872 = CARTESIAN_POINT('',(-0.901973416375,101.81282419433));
#8873 = CARTESIAN_POINT('',(-0.827000442892,101.62774063703));
#8874 = CARTESIAN_POINT('',(-0.755637312339,101.44074236391));
#8875 = CARTESIAN_POINT('',(-0.687439466995,101.2514128678));
#8876 = CARTESIAN_POINT('',(-0.583788762206,100.94256918415));
#8877 = CARTESIAN_POINT('',(-0.547134949308,100.82845947045));
#8878 = CARTESIAN_POINT('',(-0.511816571975,100.71337270483));
#8879 = CARTESIAN_POINT('',(-0.477650023827,100.59596273621));
#8880 = CARTESIAN_POINT('',(-0.444919385824,100.47576508125));
#8881 = CARTESIAN_POINT('',(-0.414385975835,100.35306739226));
#8882 = CARTESIAN_POINT('',(-0.387215041074,100.22838963182));
#8883 = CARTESIAN_POINT('',(-0.354166920166,100.04186028949));
#8884 = CARTESIAN_POINT('',(-0.344454058166,99.980665523597));
#8885 = CARTESIAN_POINT('',(-0.335918221333,99.91857520712));
#8886 = CARTESIAN_POINT('',(-0.328801296305,99.855926442604));
#8887 = CARTESIAN_POINT('',(-0.323290912956,99.792890312266));
#8888 = CARTESIAN_POINT('',(-0.319525439939,99.729508432797));
#8889 = CARTESIAN_POINT('',(-0.317598192244,99.66573026182));
#8890 = CARTESIAN_POINT('',(-0.317531163752,99.550348235677));
#8891 = CARTESIAN_POINT('',(-0.318696348016,99.499453109467));
#8892 = CARTESIAN_POINT('',(-0.321039954873,99.448758279469));
#8893 = CARTESIAN_POINT('',(-0.324523158022,99.398272359562));
#8894 = CARTESIAN_POINT('',(-0.329083668863,99.348037021968));
#8895 = CARTESIAN_POINT('',(-0.334634434559,99.298143732749));
#8896 = CARTESIAN_POINT('',(-0.341062118879,99.248750276274));
#8897 = CARTESIAN_POINT('',(-0.355646895745,99.149689587479));
#8898 = CARTESIAN_POINT('',(-0.363893295927,99.09983670852));
#8899 = CARTESIAN_POINT('',(-0.372869239511,99.05048647614));
#8900 = CARTESIAN_POINT('',(-0.382486635534,99.001607402976));
#8901 = CARTESIAN_POINT('',(-0.392666289263,98.953179448407));
#8902 = CARTESIAN_POINT('',(-0.403339573602,98.905184960555));
#8903 = CARTESIAN_POINT('',(-0.414450111578,98.85759958181));
#8904 = CARTESIAN_POINT('',(-0.447011319134,98.723972706622));
#8905 = CARTESIAN_POINT('',(-0.469484339087,98.638409171557));
#8906 = CARTESIAN_POINT('',(-0.49305474264,98.553795897002));
#8907 = CARTESIAN_POINT('',(-0.517484908264,98.470186337195));
#8908 = CARTESIAN_POINT('',(-0.542629109079,98.387533775933));
#8909 = CARTESIAN_POINT('',(-0.568430468747,98.305669468651));
#8910 = CARTESIAN_POINT('',(-0.594909617756,98.224314281947));
#8911 = CARTESIAN_POINT('',(-0.656270712309,98.041434755067));
#8912 = CARTESIAN_POINT('',(-0.691364934155,97.940663380595));
#8913 = CARTESIAN_POINT('',(-0.727393177276,97.840666303404));
#8914 = CARTESIAN_POINT('',(-0.764355478711,97.741366034701));
#8915 = CARTESIAN_POINT('',(-0.802275542191,97.642740306638));
#8916 = CARTESIAN_POINT('',(-0.84119117611,97.544812547881));
#8917 = CARTESIAN_POINT('',(-0.88115055174,97.447648643667));
#8918 = CARTESIAN_POINT('',(-0.959989070075,97.262783421932));
#8919 = CARTESIAN_POINT('',(-0.998695905221,97.174952877999));
#8920 = CARTESIAN_POINT('',(-1.038416277761,97.087872271803));
#8921 = CARTESIAN_POINT('',(-1.079234718393,97.001602164202));
#8922 = CARTESIAN_POINT('',(-1.121238338229,96.916257365631));
#8923 = CARTESIAN_POINT('',(-1.164518018586,96.832004129557));
#8924 = CARTESIAN_POINT('',(-1.209171250222,96.74905692745));
#8925 = CARTESIAN_POINT('',(-1.291250862122,96.604269690612));
#8926 = CARTESIAN_POINT('',(-1.328149922574,96.541717283811));
#8927 = CARTESIAN_POINT('',(-1.366018297339,96.480218686545));
#8928 = CARTESIAN_POINT('',(-1.404875482912,96.419976146533));
#8929 = CARTESIAN_POINT('',(-1.444746439054,96.36119236933));
#8930 = CARTESIAN_POINT('',(-1.485662520021,96.304069044715));
#8931 = CARTESIAN_POINT('',(-1.527662876291,96.248804587661));
#8932 = CARTESIAN_POINT('',(-1.570796326795,96.19559109389));
#8933 = ( GEOMETRIC_REPRESENTATION_CONTEXT(2) 
PARAMETRIC_REPRESENTATION_CONTEXT() REPRESENTATION_CONTEXT('2D SPACE',''
  ) );
#8934 = PCURVE('',#8008,#8935);
#8935 = DEFINITIONAL_REPRESENTATION('',(#8936),#9009);
#8936 = B_SPLINE_CURVE_WITH_KNOTS('',8,(#8937,#8938,#8939,#8940,#8941,
    #8942,#8943,#8944,#8945,#8946,#8947,#8948,#8949,#8950,#8951,#8952,
    #8953,#8954,#8955,#8956,#8957,#8958,#8959,#8960,#8961,#8962,#8963,
    #8964,#8965,#8966,#8967,#8968,#8969,#8970,#8971,#8972,#8973,#8974,
    #8975,#8976,#8977,#8978,#8979,#8980,#8981,#8982,#8983,#8984,#8985,
    #8986,#8987,#8988,#8989,#8990,#8991,#8992,#8993,#8994,#8995,#8996,
    #8997,#8998,#8999,#9000,#9001,#9002,#9003,#9004,#9005,#9006,#9007,
    #9008),.UNSPECIFIED.,.F.,.F.,(9,7,7,7,7,7,7,7,7,7,9),(0.,
    8.563738090316E-02,0.306399306374,0.437465230944,0.499251111583,
    0.548371877953,0.599263776514,0.69240056649,0.809065359341,
    0.916386049987,1.),.UNSPECIFIED.);
#8937 = CARTESIAN_POINT('',(-0.552715113097,1.7763568394E-15));
#8938 = CARTESIAN_POINT('',(-0.578717210304,1.7763568394E-15));
#8939 = CARTESIAN_POINT('',(-0.604493895854,-4.477755384731E-03));
#8940 = CARTESIAN_POINT('',(-0.630011468877,-1.301021371419E-02));
#8941 = CARTESIAN_POINT('',(-0.655241403125,-2.520178950249E-02));
#8942 = CARTESIAN_POINT('',(-0.680158827989,-4.068049030997E-02));
#8943 = CARTESIAN_POINT('',(-0.704741366196,-5.909490025479E-02));
#8944 = CARTESIAN_POINT('',(-0.728968328171,-8.011202094388E-02));
#8945 = CARTESIAN_POINT('',(-0.81430741993,-0.163490490687));
#8946 = CARTESIAN_POINT('',(-0.87374797729,-0.239196021009));
#8947 = CARTESIAN_POINT('',(-0.931203245293,-0.325962420503));
#8948 = CARTESIAN_POINT('',(-0.986840025587,-0.420408942855));
#8949 = CARTESIAN_POINT('',(-1.04090153275,-0.520105758386));
#8950 = CARTESIAN_POINT('',(-1.093739411614,-0.623157948259));
#8951 = CARTESIAN_POINT('',(-1.145777065977,-0.728339790715));
#8952 = CARTESIAN_POINT('',(-1.228688981575,-0.896768183144));
#8953 = CARTESIAN_POINT('',(-1.258896085574,-0.95831587322));
#8954 = CARTESIAN_POINT('',(-1.289016831049,-1.019185674909));
#8955 = CARTESIAN_POINT('',(-1.319435451652,-1.079436291451));
#8956 = CARTESIAN_POINT('',(-1.350294195723,-1.138345750703));
#8957 = CARTESIAN_POINT('',(-1.381550743529,-1.194238990697));
#8958 = CARTESIAN_POINT('',(-1.413115692605,-1.24459430799));
#8959 = CARTESIAN_POINT('',(-1.460119091151,-1.306342159245));
#8960 = CARTESIAN_POINT('',(-1.475506748644,-1.324581334333));
#8961 = CARTESIAN_POINT('',(-1.491090045499,-1.340682792297));
#8962 = CARTESIAN_POINT('',(-1.506789202969,-1.354155739033));
#8963 = CARTESIAN_POINT('',(-1.522567085827,-1.364612544626));
#8964 = CARTESIAN_POINT('',(-1.538419118585,-1.371766638454));
#8965 = CARTESIAN_POINT('',(-1.554363760274,-1.37542845056));
#8966 = CARTESIAN_POINT('',(-1.583209268708,-1.375555804678));
#8967 = CARTESIAN_POINT('',(-1.595932980054,-1.373341945555));
#8968 = CARTESIAN_POINT('',(-1.608609740529,-1.368889031869));
#8969 = CARTESIAN_POINT('',(-1.621240438777,-1.362275662075));
#8970 = CARTESIAN_POINT('',(-1.633817661222,-1.353629779557));
#8971 = CARTESIAN_POINT('',(-1.646321431311,-1.343129979073));
#8972 = CARTESIAN_POINT('',(-1.658714810158,-1.331006163243));
#8973 = CARTESIAN_POINT('',(-1.683604683716,-1.303587373375));
#8974 = CARTESIAN_POINT('',(-1.69614908281,-1.288127438935));
#8975 = CARTESIAN_POINT('',(-1.708588080311,-1.271356817636));
#8976 = CARTESIAN_POINT('',(-1.720931965482,-1.253459632184));
#8977 = CARTESIAN_POINT('',(-1.733188021701,-1.234602902415));
#8978 = CARTESIAN_POINT('',(-1.745362822794,-1.214932962966));
#8979 = CARTESIAN_POINT('',(-1.757464596363,-1.194572452285));
#8980 = CARTESIAN_POINT('',(-1.791541881901,-1.135269092446));
#8981 = CARTESIAN_POINT('',(-1.813473895773,-1.094757954536));
#8982 = CARTESIAN_POINT('',(-1.835289765916,-1.052791394126));
#8983 = CARTESIAN_POINT('',(-1.856989287491,-1.009914780151));
#8984 = CARTESIAN_POINT('',(-1.878596884222,-0.966493023212));
#8985 = CARTESIAN_POINT('',(-1.900169293862,-0.922729055426));
#8986 = CARTESIAN_POINT('',(-1.92179583616,-0.87870526454));
#8987 = CARTESIAN_POINT('',(-1.970887647125,-0.778977823036));
#8988 = CARTESIAN_POINT('',(-1.998271574379,-0.723491734575));
#8989 = CARTESIAN_POINT('',(-2.025815392784,-0.6682913375));
#8990 = CARTESIAN_POINT('',(-2.053579893631,-0.613646341113));
#8991 = CARTESIAN_POINT('',(-2.081616766331,-0.559815875359));
#8992 = CARTESIAN_POINT('',(-2.109971533315,-0.507074363288));
#8993 = CARTESIAN_POINT('',(-2.138684765959,-0.455727415987));
#8994 = CARTESIAN_POINT('',(-2.194567127695,-0.36048150033));
#8995 = CARTESIAN_POINT('',(-2.221674091667,-0.316318590175));
#8996 = CARTESIAN_POINT('',(-2.249164717539,-0.27385389227));
#8997 = CARTESIAN_POINT('',(-2.277082687189,-0.233361406665));
#8998 = CARTESIAN_POINT('',(-2.305463977848,-0.195171012528));
#8999 = CARTESIAN_POINT('',(-2.334337279674,-0.159675925737));
#9000 = CARTESIAN_POINT('',(-2.363723973328,-0.127340862268));
#9001 = CARTESIAN_POINT('',(-2.416943538168,-7.640520283395E-02));
#9002 = CARTESIAN_POINT('',(-2.440605046106,-5.631435221919E-02));
#9003 = CARTESIAN_POINT('',(-2.46460333628,-3.873420643884E-02));
#9004 = CARTESIAN_POINT('',(-2.488918454263,-2.397583857576E-02));
#9005 = CARTESIAN_POINT('',(-2.513528927062,-1.23667053275E-02));
#9006 = CARTESIAN_POINT('',(-2.538411035986,-4.252543277446E-03));
#9007 = CARTESIAN_POINT('',(-2.563537781555,1.7763568394E-15));
#9008 = CARTESIAN_POINT('',(-2.588877540493,1.7763568394E-15));
#9009 = ( GEOMETRIC_REPRESENTATION_CONTEXT(2) 
PARAMETRIC_REPRESENTATION_CONTEXT() REPRESENTATION_CONTEXT('2D SPACE',''
  ) );
#9010 = ORIENTED_EDGE('',*,*,#7968,.T.);
#9011 = ORIENTED_EDGE('',*,*,#9012,.T.);
#9012 = EDGE_CURVE('',#7941,#4950,#9013,.T.);
#9013 = SURFACE_CURVE('',#9014,(#9019,#9026),.PCURVE_S1.);
#9014 = CIRCLE('',#9015,2.);
#9015 = AXIS2_PLACEMENT_3D('',#9016,#9017,#9018);
#9016 = CARTESIAN_POINT('',(65.6,15.6,-12.6));
#9017 = DIRECTION('',(1.,-6.123233995737E-17,0.));
#9018 = DIRECTION('',(6.123233995737E-17,1.,0.));
#9019 = PCURVE('',#3741,#9020);
#9020 = DEFINITIONAL_REPRESENTATION('',(#9021),#9025);
#9021 = LINE('',#9022,#9023);
#9022 = CARTESIAN_POINT('',(-6.28318530718,133.2));
#9023 = VECTOR('',#9024,1.);
#9024 = DIRECTION('',(1.,-0.));
#9025 = ( GEOMETRIC_REPRESENTATION_CONTEXT(2) 
PARAMETRIC_REPRESENTATION_CONTEXT() REPRESENTATION_CONTEXT('2D SPACE',''
  ) );
#9026 = PCURVE('',#9027,#9032);
#9027 = SPHERICAL_SURFACE('',#9028,2.);
#9028 = AXIS2_PLACEMENT_3D('',#9029,#9030,#9031);
#9029 = CARTESIAN_POINT('',(65.6,15.6,-12.6));
#9030 = DIRECTION('',(0.,0.,1.));
#9031 = DIRECTION('',(1.,0.,-0.));
#9032 = DEFINITIONAL_REPRESENTATION('',(#9033),#9037);
#9033 = LINE('',#9034,#9035);
#9034 = CARTESIAN_POINT('',(1.570796326795,-6.28318530718));
#9035 = VECTOR('',#9036,1.);
#9036 = DIRECTION('',(0.,1.));
#9037 = ( GEOMETRIC_REPRESENTATION_CONTEXT(2) 
PARAMETRIC_REPRESENTATION_CONTEXT() REPRESENTATION_CONTEXT('2D SPACE',''
  ) );
#9038 = ORIENTED_EDGE('',*,*,#4949,.F.);
#9039 = ADVANCED_FACE('',(#9040),#4260,.F.);
#9040 = FACE_BOUND('',#9041,.F.);
#9041 = EDGE_LOOP('',(#9042,#9043,#9044,#9272,#9273,#9274,#9275,#9276,
    #9277,#9278,#9279,#9280,#9281,#9509,#9510,#9532));
#9042 = ORIENTED_EDGE('',*,*,#5563,.F.);
#9043 = ORIENTED_EDGE('',*,*,#7717,.T.);
#9044 = ORIENTED_EDGE('',*,*,#9045,.T.);
#9045 = EDGE_CURVE('',#7718,#7770,#9046,.T.);
#9046 = SURFACE_CURVE('',#9047,(#9120,#9196),.PCURVE_S1.);
#9047 = B_SPLINE_CURVE_WITH_KNOTS('',8,(#9048,#9049,#9050,#9051,#9052,
    #9053,#9054,#9055,#9056,#9057,#9058,#9059,#9060,#9061,#9062,#9063,
    #9064,#9065,#9066,#9067,#9068,#9069,#9070,#9071,#9072,#9073,#9074,
    #9075,#9076,#9077,#9078,#9079,#9080,#9081,#9082,#9083,#9084,#9085,
    #9086,#9087,#9088,#9089,#9090,#9091,#9092,#9093,#9094,#9095,#9096,
    #9097,#9098,#9099,#9100,#9101,#9102,#9103,#9104,#9105,#9106,#9107,
    #9108,#9109,#9110,#9111,#9112,#9113,#9114,#9115,#9116,#9117,#9118,
    #9119),.UNSPECIFIED.,.F.,.F.,(9,7,7,7,7,7,7,7,7,7,9),(0.,
    8.563738104874E-02,0.306399306896,0.437465231689,0.499251112433,
    0.548371878781,0.599263777221,0.692400567032,0.809065359682,
    0.916386050145,1.),.UNSPECIFIED.);
#9048 = CARTESIAN_POINT('',(-64.40440890611,-15.6,-14.6));
#9049 = CARTESIAN_POINT('',(-64.34980450197,-15.68852177131,-14.6));
#9050 = CARTESIAN_POINT('',(-64.29304285944,-15.77465348836,
    -14.59552224461));
#9051 = CARTESIAN_POINT('',(-64.23433095811,-15.85823844685,
    -14.58698978628));
#9052 = CARTESIAN_POINT('',(-64.17388236748,-15.93915774505,
    -14.57479821049));
#9053 = CARTESIAN_POINT('',(-64.11191377555,-16.01732383543,
    -14.55931950969));
#9054 = CARTESIAN_POINT('',(-64.04864242788,-16.0926753664,
    -14.54090509974));
#9055 = CARTESIAN_POINT('',(-63.98428447721,-16.1651733144,
    -14.51988797905));
#9056 = CARTESIAN_POINT('',(-63.75089926509,-16.41428275235,
    -14.43650950931));
#9057 = CARTESIAN_POINT('',(-63.57572863619,-16.57597603125,
    -14.36080397899));
#9058 = CARTESIAN_POINT('',(-63.39581387067,-16.72040370946,
    -14.27403757949));
#9059 = CARTESIAN_POINT('',(-63.21282419434,-16.84863466214,
    -14.17959105714));
#9060 = CARTESIAN_POINT('',(-63.02774063703,-16.96199363475,
    -14.07989424161));
#9061 = CARTESIAN_POINT('',(-62.84074236391,-17.06175580199,
    -13.97684205174));
#9062 = CARTESIAN_POINT('',(-62.6514128678,-17.14912878843,
    -13.87166020928));
#9063 = CARTESIAN_POINT('',(-62.34256918415,-17.26998304378,
    -13.70323181685));
#9064 = CARTESIAN_POINT('',(-62.22845947045,-17.30995273862,
    -13.64168412678));
#9065 = CARTESIAN_POINT('',(-62.11337270483,-17.34598023029,
    -13.58081432509));
#9066 = CARTESIAN_POINT('',(-61.99596273621,-17.37845509129,
    -13.52056370854));
#9067 = CARTESIAN_POINT('',(-61.87576508125,-17.40721805266,
    -13.46165424929));
#9068 = CARTESIAN_POINT('',(-61.75306739226,-17.43193710754,
    -13.4057610093));
#9069 = CARTESIAN_POINT('',(-61.62838963182,-17.4523984657,
    -13.35540569201));
#9070 = CARTESIAN_POINT('',(-61.44186028949,-17.47597633769,
    -13.29365784075));
#9071 = CARTESIAN_POINT('',(-61.38066552359,-17.48266670624,
    -13.27541866566));
#9072 = CARTESIAN_POINT('',(-61.31857520712,-17.48834517379,
    -13.2593172077));
#9073 = CARTESIAN_POINT('',(-61.2559264426,-17.49293999229,
    -13.24584426096));
#9074 = CARTESIAN_POINT('',(-61.19289031226,-17.49642096281,
    -13.23538745537));
#9075 = CARTESIAN_POINT('',(-61.12950843279,-17.49877272354,
    -13.22823336154));
#9076 = CARTESIAN_POINT('',(-61.06573026182,-17.49997641701,
    -13.22457154944));
#9077 = CARTESIAN_POINT('',(-60.95034823578,-17.50001827634,
    -13.22444419532));
#9078 = CARTESIAN_POINT('',(-60.89945310951,-17.49929058262,
    -13.22665805443));
#9079 = CARTESIAN_POINT('',(-60.84875827941,-17.49782734493,
    -13.23111096812));
#9080 = CARTESIAN_POINT('',(-60.79827235945,-17.49563766109,
    -13.23772433794));
#9081 = CARTESIAN_POINT('',(-60.74803702189,-17.49273138043,
    -13.24637022046));
#9082 = CARTESIAN_POINT('',(-60.69814373278,-17.48912457456,
    -13.25687002092));
#9083 = CARTESIAN_POINT('',(-60.64875027639,-17.48484813575,
    -13.26899383672));
#9084 = CARTESIAN_POINT('',(-60.54968958745,-17.47489460234,
    -13.29641262663));
#9085 = CARTESIAN_POINT('',(-60.4998367085,-17.46914843296,
    -13.31187256107));
#9086 = CARTESIAN_POINT('',(-60.45048647615,-17.46274038987,
    -13.32864318236));
#9087 = CARTESIAN_POINT('',(-60.401607403,-17.45568682579,-13.3465403678
    ));
#9088 = CARTESIAN_POINT('',(-60.35317944842,-17.44800289986,
    -13.36539709757));
#9089 = CARTESIAN_POINT('',(-60.30518496054,-17.43970254255,
    -13.38506703703));
#9090 = CARTESIAN_POINT('',(-60.25759958178,-17.4307965366,
    -13.40542754772));
#9091 = CARTESIAN_POINT('',(-60.12397270662,-17.40388853665,
    -13.46473090755));
#9092 = CARTESIAN_POINT('',(-60.03840917155,-17.38439446666,
    -13.50524204546));
#9093 = CARTESIAN_POINT('',(-59.953795897,-17.36286481748,
    -13.54720860587));
#9094 = CARTESIAN_POINT('',(-59.87018633719,-17.33935674722,
    -13.59008521984));
#9095 = CARTESIAN_POINT('',(-59.78753377593,-17.31390549797,
    -13.63350697678));
#9096 = CARTESIAN_POINT('',(-59.70566946865,-17.2864902162,
    -13.67727094457));
#9097 = CARTESIAN_POINT('',(-59.62431428194,-17.25700517987,
    -13.72129473546));
#9098 = CARTESIAN_POINT('',(-59.44143475506,-17.18548474146,
    -13.82102217696));
#9099 = CARTESIAN_POINT('',(-59.34066338059,-17.14241735836,
    -13.87650826542));
#9100 = CARTESIAN_POINT('',(-59.2406663034,-17.095954212,-13.93170866249
    ));
#9101 = CARTESIAN_POINT('',(-59.1413660347,-17.04597598602,
    -13.98635365888));
#9102 = CARTESIAN_POINT('',(-59.04274030663,-16.99234832664,
    -14.04018412464));
#9103 = CARTESIAN_POINT('',(-58.94481254788,-16.93492727144,
    -14.09292563671));
#9104 = CARTESIAN_POINT('',(-58.84764864366,-16.87356472389,
    -14.14427258401));
#9105 = CARTESIAN_POINT('',(-58.66278342193,-16.7479054089,
    -14.23951849967));
#9106 = CARTESIAN_POINT('',(-58.57495287799,-16.68424113261,
    -14.28368140982));
#9107 = CARTESIAN_POINT('',(-58.4878722718,-16.61695189685,
    -14.32614610773));
#9108 = CARTESIAN_POINT('',(-58.4016021642,-16.54586738398,
    -14.36663859333));
#9109 = CARTESIAN_POINT('',(-58.31625736563,-16.4708233461,
    -14.40482898747));
#9110 = CARTESIAN_POINT('',(-58.23200412955,-16.3916698698,
    -14.44032407426));
#9111 = CARTESIAN_POINT('',(-58.14905692745,-16.30828076635,
    -14.47265913773));
#9112 = CARTESIAN_POINT('',(-58.00426969062,-16.15222369553,
    -14.52359479716));
#9113 = CARTESIAN_POINT('',(-57.94171728381,-16.08115164841,
    -14.54368564778));
#9114 = CARTESIAN_POINT('',(-57.88021868653,-16.00736959248,
    -14.56126579356));
#9115 = CARTESIAN_POINT('',(-57.81997614652,-15.93091736084,
    -14.57602416142));
#9116 = CARTESIAN_POINT('',(-57.76119236932,-15.85185527701,
    -14.58763329467));
#9117 = CARTESIAN_POINT('',(-57.70406904472,-15.77026757009,
    -14.59574745672));
#9118 = CARTESIAN_POINT('',(-57.64880458767,-15.68626690102,-14.6));
#9119 = CARTESIAN_POINT('',(-57.59559109389,-15.6,-14.6));
#9120 = PCURVE('',#4260,#9121);
#9121 = DEFINITIONAL_REPRESENTATION('',(#9122),#9195);
#9122 = B_SPLINE_CURVE_WITH_KNOTS('',8,(#9123,#9124,#9125,#9126,#9127,
    #9128,#9129,#9130,#9131,#9132,#9133,#9134,#9135,#9136,#9137,#9138,
    #9139,#9140,#9141,#9142,#9143,#9144,#9145,#9146,#9147,#9148,#9149,
    #9150,#9151,#9152,#9153,#9154,#9155,#9156,#9157,#9158,#9159,#9160,
    #9161,#9162,#9163,#9164,#9165,#9166,#9167,#9168,#9169,#9170,#9171,
    #9172,#9173,#9174,#9175,#9176,#9177,#9178,#9179,#9180,#9181,#9182,
    #9183,#9184,#9185,#9186,#9187,#9188,#9189,#9190,#9191,#9192,#9193,
    #9194),.UNSPECIFIED.,.F.,.F.,(9,7,7,7,7,7,7,7,7,7,9),(0.,
    8.563738104874E-02,0.306399306896,0.437465231689,0.499251112433,
    0.548371878781,0.599263777221,0.692400567032,0.809065359682,
    0.916386050145,1.),.UNSPECIFIED.);
#9123 = CARTESIAN_POINT('',(1.570796326795,3.19559109389));
#9124 = CARTESIAN_POINT('',(1.526535441139,3.250195498026));
#9125 = CARTESIAN_POINT('',(1.483469557634,3.306957140551));
#9126 = CARTESIAN_POINT('',(1.441545019305,3.36566904189));
#9127 = CARTESIAN_POINT('',(1.400718902674,3.42611763252));
#9128 = CARTESIAN_POINT('',(1.360956865775,3.488086224444));
#9129 = CARTESIAN_POINT('',(1.322231545098,3.551357572113));
#9130 = CARTESIAN_POINT('',(1.284521501454,3.615715522782));
#9131 = CARTESIAN_POINT('',(1.153175126081,3.84910073491));
#9132 = CARTESIAN_POINT('',(1.064494599712,4.024271363806));
#9133 = CARTESIAN_POINT('',(0.980952844997,4.204186129328));
#9134 = CARTESIAN_POINT('',(0.901973416374,4.387175805658));
#9135 = CARTESIAN_POINT('',(0.827000442892,4.57225936297));
#9136 = CARTESIAN_POINT('',(0.755637312339,4.759257636085));
#9137 = CARTESIAN_POINT('',(0.687439466996,4.948587132195));
#9138 = CARTESIAN_POINT('',(0.583788762206,5.257430815845));
#9139 = CARTESIAN_POINT('',(0.547134949308,5.371540529542));
#9140 = CARTESIAN_POINT('',(0.511816571975,5.486627295167));
#9141 = CARTESIAN_POINT('',(0.477650023827,5.60403726379));
#9142 = CARTESIAN_POINT('',(0.444919385825,5.724234918748));
#9143 = CARTESIAN_POINT('',(0.414385975834,5.846932607735));
#9144 = CARTESIAN_POINT('',(0.387215041074,5.971610368173));
#9145 = CARTESIAN_POINT('',(0.354166920166,6.158139710503));
#9146 = CARTESIAN_POINT('',(0.344454058166,6.219334476403));
#9147 = CARTESIAN_POINT('',(0.335918221333,6.28142479288));
#9148 = CARTESIAN_POINT('',(0.328801296305,6.344073557397));
#9149 = CARTESIAN_POINT('',(0.323290912956,6.407109687734));
#9150 = CARTESIAN_POINT('',(0.319525439939,6.470491567203));
#9151 = CARTESIAN_POINT('',(0.317598192244,6.53426973818));
#9152 = CARTESIAN_POINT('',(0.317531163752,6.649651764213));
#9153 = CARTESIAN_POINT('',(0.318696348011,6.700546890483));
#9154 = CARTESIAN_POINT('',(0.321039954872,6.751241720583));
#9155 = CARTESIAN_POINT('',(0.32452315803,6.801727640542));
#9156 = CARTESIAN_POINT('',(0.329083668873,6.851962978101));
#9157 = CARTESIAN_POINT('',(0.334634434558,6.901856267215));
#9158 = CARTESIAN_POINT('',(0.341062118862,6.951249723608));
#9159 = CARTESIAN_POINT('',(0.355646895748,7.050310412547));
#9160 = CARTESIAN_POINT('',(0.36389329593,7.100163291495));
#9161 = CARTESIAN_POINT('',(0.37286923951,7.14951352385));
#9162 = CARTESIAN_POINT('',(0.382486635529,7.198392596999));
#9163 = CARTESIAN_POINT('',(0.392666289258,7.246820551575));
#9164 = CARTESIAN_POINT('',(0.403339573603,7.294815039452));
#9165 = CARTESIAN_POINT('',(0.414450111585,7.342400418219));
#9166 = CARTESIAN_POINT('',(0.447011319134,7.476027293378));
#9167 = CARTESIAN_POINT('',(0.469484339087,7.561590828444));
#9168 = CARTESIAN_POINT('',(0.49305474264,7.646204103));
#9169 = CARTESIAN_POINT('',(0.517484908263,7.729813662804));
#9170 = CARTESIAN_POINT('',(0.542629109078,7.812466224064));
#9171 = CARTESIAN_POINT('',(0.568430468747,7.89433053135));
#9172 = CARTESIAN_POINT('',(0.594909617757,7.975685718056));
#9173 = CARTESIAN_POINT('',(0.65627071231,8.158565244935));
#9174 = CARTESIAN_POINT('',(0.691364934155,8.259336619406));
#9175 = CARTESIAN_POINT('',(0.727393177276,8.359333696595));
#9176 = CARTESIAN_POINT('',(0.764355478711,8.458633965298));
#9177 = CARTESIAN_POINT('',(0.802275542192,8.557259693362));
#9178 = CARTESIAN_POINT('',(0.84119117611,8.65518745212));
#9179 = CARTESIAN_POINT('',(0.88115055174,8.752351356333));
#9180 = CARTESIAN_POINT('',(0.959989070075,8.937216578068));
#9181 = CARTESIAN_POINT('',(0.998695905221,9.025047122002));
#9182 = CARTESIAN_POINT('',(1.038416277761,9.112127728197));
#9183 = CARTESIAN_POINT('',(1.079234718393,9.198397835797));
#9184 = CARTESIAN_POINT('',(1.121238338229,9.283742634369));
#9185 = CARTESIAN_POINT('',(1.164518018586,9.367995870443));
#9186 = CARTESIAN_POINT('',(1.209171250222,9.45094307255));
#9187 = CARTESIAN_POINT('',(1.291250862115,9.595730309376));
#9188 = CARTESIAN_POINT('',(1.328149922572,9.658282716187));
#9189 = CARTESIAN_POINT('',(1.366018297343,9.719781313463));
#9190 = CARTESIAN_POINT('',(1.404875482919,9.780023853477));
#9191 = CARTESIAN_POINT('',(1.444746439057,9.838807630674));
#9192 = CARTESIAN_POINT('',(1.485662520017,9.895930955279));
#9193 = CARTESIAN_POINT('',(1.527662876283,9.95119541233));
#9194 = CARTESIAN_POINT('',(1.570796326795,10.00440890611));
#9195 = ( GEOMETRIC_REPRESENTATION_CONTEXT(2) 
PARAMETRIC_REPRESENTATION_CONTEXT() REPRESENTATION_CONTEXT('2D SPACE',''
  ) );
#9196 = PCURVE('',#7757,#9197);
#9197 = DEFINITIONAL_REPRESENTATION('',(#9198),#9271);
#9198 = B_SPLINE_CURVE_WITH_KNOTS('',8,(#9199,#9200,#9201,#9202,#9203,
    #9204,#9205,#9206,#9207,#9208,#9209,#9210,#9211,#9212,#9213,#9214,
    #9215,#9216,#9217,#9218,#9219,#9220,#9221,#9222,#9223,#9224,#9225,
    #9226,#9227,#9228,#9229,#9230,#9231,#9232,#9233,#9234,#9235,#9236,
    #9237,#9238,#9239,#9240,#9241,#9242,#9243,#9244,#9245,#9246,#9247,
    #9248,#9249,#9250,#9251,#9252,#9253,#9254,#9255,#9256,#9257,#9258,
    #9259,#9260,#9261,#9262,#9263,#9264,#9265,#9266,#9267,#9268,#9269,
    #9270),.UNSPECIFIED.,.F.,.F.,(9,7,7,7,7,7,7,7,7,7,9),(0.,
    8.563738104874E-02,0.306399306896,0.437465231689,0.499251112433,
    0.548371878781,0.599263777221,0.692400567032,0.809065359682,
    0.916386050145,1.),.UNSPECIFIED.);
#9199 = CARTESIAN_POINT('',(-3.694307766687,1.7763568394E-15));
#9200 = CARTESIAN_POINT('',(-3.720309863894,1.7763568394E-15));
#9201 = CARTESIAN_POINT('',(-3.746086549444,-4.477755384761E-03));
#9202 = CARTESIAN_POINT('',(-3.771604122467,-1.301021371419E-02));
#9203 = CARTESIAN_POINT('',(-3.796834056715,-2.520178950246E-02));
#9204 = CARTESIAN_POINT('',(-3.821751481578,-4.068049030996E-02));
#9205 = CARTESIAN_POINT('',(-3.846334019786,-5.909490025482E-02));
#9206 = CARTESIAN_POINT('',(-3.870560981761,-8.011202094394E-02));
#9207 = CARTESIAN_POINT('',(-3.95590007352,-0.163490490687));
#9208 = CARTESIAN_POINT('',(-4.01534063088,-0.239196021009));
#9209 = CARTESIAN_POINT('',(-4.072795898883,-0.325962420503));
#9210 = CARTESIAN_POINT('',(-4.128432679177,-0.420408942855));
#9211 = CARTESIAN_POINT('',(-4.18249418634,-0.520105758387));
#9212 = CARTESIAN_POINT('',(-4.235332065203,-0.623157948258));
#9213 = CARTESIAN_POINT('',(-4.287369719567,-0.728339790715));
#9214 = CARTESIAN_POINT('',(-4.370281635164,-0.896768183143));
#9215 = CARTESIAN_POINT('',(-4.400488739164,-0.95831587322));
#9216 = CARTESIAN_POINT('',(-4.430609484639,-1.01918567491));
#9217 = CARTESIAN_POINT('',(-4.461028105241,-1.079436291451));
#9218 = CARTESIAN_POINT('',(-4.491886849312,-1.138345750702));
#9219 = CARTESIAN_POINT('',(-4.523143397119,-1.194238990698));
#9220 = CARTESIAN_POINT('',(-4.554708346195,-1.24459430799));
#9221 = CARTESIAN_POINT('',(-4.601711744741,-1.306342159245));
#9222 = CARTESIAN_POINT('',(-4.617099402234,-1.324581334333));
#9223 = CARTESIAN_POINT('',(-4.632682699089,-1.340682792297));
#9224 = CARTESIAN_POINT('',(-4.648381856559,-1.354155739033));
#9225 = CARTESIAN_POINT('',(-4.664159739417,-1.364612544626));
#9226 = CARTESIAN_POINT('',(-4.680011772175,-1.371766638454));
#9227 = CARTESIAN_POINT('',(-4.695956413864,-1.37542845056));
#9228 = CARTESIAN_POINT('',(-4.724801922271,-1.375555804678));
#9229 = CARTESIAN_POINT('',(-4.737525633631,-1.373341945565));
#9230 = CARTESIAN_POINT('',(-4.750202394132,-1.368889031871));
#9231 = CARTESIAN_POINT('',(-4.762833092393,-1.36227566206));
#9232 = CARTESIAN_POINT('',(-4.775410314829,-1.353629779537));
#9233 = CARTESIAN_POINT('',(-4.787914084892,-1.343129979075));
#9234 = CARTESIAN_POINT('',(-4.800307463718,-1.331006163276));
#9235 = CARTESIAN_POINT('',(-4.825197337312,-1.303587373368));
#9236 = CARTESIAN_POINT('',(-4.837741736403,-1.288127438929));
#9237 = CARTESIAN_POINT('',(-4.850180733898,-1.271356817638));
#9238 = CARTESIAN_POINT('',(-4.862524619065,-1.253459632193));
#9239 = CARTESIAN_POINT('',(-4.874780675286,-1.234602902424));
#9240 = CARTESIAN_POINT('',(-4.886955476385,-1.214932962964));
#9241 = CARTESIAN_POINT('',(-4.89905724996,-1.194572452272));
#9242 = CARTESIAN_POINT('',(-4.933134535491,-1.135269092446));
#9243 = CARTESIAN_POINT('',(-4.955066549363,-1.094757954536));
#9244 = CARTESIAN_POINT('',(-4.976882419506,-1.052791394125));
#9245 = CARTESIAN_POINT('',(-4.99858194108,-1.009914780151));
#9246 = CARTESIAN_POINT('',(-5.020189537811,-0.966493023213));
#9247 = CARTESIAN_POINT('',(-5.041761947452,-0.922729055426));
#9248 = CARTESIAN_POINT('',(-5.06338848975,-0.878705264538));
#9249 = CARTESIAN_POINT('',(-5.112480300716,-0.778977823034));
#9250 = CARTESIAN_POINT('',(-5.139864227969,-0.723491734575));
#9251 = CARTESIAN_POINT('',(-5.167408046373,-0.668291337501));
#9252 = CARTESIAN_POINT('',(-5.19517254722,-0.613646341113));
#9253 = CARTESIAN_POINT('',(-5.223209419921,-0.559815875359));
#9254 = CARTESIAN_POINT('',(-5.251564186906,-0.507074363287));
#9255 = CARTESIAN_POINT('',(-5.280277419549,-0.455727415987));
#9256 = CARTESIAN_POINT('',(-5.336159781285,-0.36048150033));
#9257 = CARTESIAN_POINT('',(-5.363266745256,-0.316318590174));
#9258 = CARTESIAN_POINT('',(-5.390757371128,-0.27385389227));
#9259 = CARTESIAN_POINT('',(-5.418675340779,-0.233361406665));
#9260 = CARTESIAN_POINT('',(-5.447056631438,-0.195171012528));
#9261 = CARTESIAN_POINT('',(-5.475929933264,-0.159675925737));
#9262 = CARTESIAN_POINT('',(-5.505316626918,-0.127340862267));
#9263 = CARTESIAN_POINT('',(-5.558536191753,-7.640520283807E-02));
#9264 = CARTESIAN_POINT('',(-5.582197699694,-5.631435221932E-02));
#9265 = CARTESIAN_POINT('',(-5.606195989873,-3.873420643608E-02));
#9266 = CARTESIAN_POINT('',(-5.630511107856,-2.397583857369E-02));
#9267 = CARTESIAN_POINT('',(-5.655121580654,-1.236670532792E-02));
#9268 = CARTESIAN_POINT('',(-5.680003689573,-4.252543278984E-03));
#9269 = CARTESIAN_POINT('',(-5.70513043514,1.7763568394E-15));
#9270 = CARTESIAN_POINT('',(-5.730470194083,1.7763568394E-15));
#9271 = ( GEOMETRIC_REPRESENTATION_CONTEXT(2) 
PARAMETRIC_REPRESENTATION_CONTEXT() REPRESENTATION_CONTEXT('2D SPACE',''
  ) );
#9272 = ORIENTED_EDGE('',*,*,#7793,.T.);
#9273 = ORIENTED_EDGE('',*,*,#4605,.F.);
#9274 = ORIENTED_EDGE('',*,*,#6997,.T.);
#9275 = ORIENTED_EDGE('',*,*,#4461,.T.);
#9276 = ORIENTED_EDGE('',*,*,#7817,.T.);
#9277 = ORIENTED_EDGE('',*,*,#4388,.F.);
#9278 = ORIENTED_EDGE('',*,*,#6972,.T.);
#9279 = ORIENTED_EDGE('',*,*,#4239,.T.);
#9280 = ORIENTED_EDGE('',*,*,#7841,.T.);
#9281 = ORIENTED_EDGE('',*,*,#9282,.T.);
#9282 = EDGE_CURVE('',#7842,#7894,#9283,.T.);
#9283 = SURFACE_CURVE('',#9284,(#9357,#9433),.PCURVE_S1.);
#9284 = B_SPLINE_CURVE_WITH_KNOTS('',8,(#9285,#9286,#9287,#9288,#9289,
    #9290,#9291,#9292,#9293,#9294,#9295,#9296,#9297,#9298,#9299,#9300,
    #9301,#9302,#9303,#9304,#9305,#9306,#9307,#9308,#9309,#9310,#9311,
    #9312,#9313,#9314,#9315,#9316,#9317,#9318,#9319,#9320,#9321,#9322,
    #9323,#9324,#9325,#9326,#9327,#9328,#9329,#9330,#9331,#9332,#9333,
    #9334,#9335,#9336,#9337,#9338,#9339,#9340,#9341,#9342,#9343,#9344,
    #9345,#9346,#9347,#9348,#9349,#9350,#9351,#9352,#9353,#9354,#9355,
    #9356),.UNSPECIFIED.,.F.,.F.,(9,7,7,7,7,7,7,7,7,7,9),(0.,
    8.563738103277E-02,0.306399306889,0.437465231686,0.499251112432,
    0.548371878783,0.599263777222,0.692400567032,0.809065359687,
    0.916386050152,1.),.UNSPECIFIED.);
#9285 = CARTESIAN_POINT('',(28.59559109389,-15.6,-14.6));
#9286 = CARTESIAN_POINT('',(28.650195498037,-15.68852177133,-14.6));
#9287 = CARTESIAN_POINT('',(28.706957140557,-15.77465348837,
    -14.59552224461));
#9288 = CARTESIAN_POINT('',(28.765669041885,-15.85823844684,
    -14.58698978628));
#9289 = CARTESIAN_POINT('',(28.826117632508,-15.93915774504,
    -14.5747982105));
#9290 = CARTESIAN_POINT('',(28.888086224435,-16.01732383542,
    -14.55931950969));
#9291 = CARTESIAN_POINT('',(28.951357572116,-16.09267536641,
    -14.54090509974));
#9292 = CARTESIAN_POINT('',(29.015715522797,-16.16517331441,
    -14.51988797905));
#9293 = CARTESIAN_POINT('',(29.249100734909,-16.41428275235,
    -14.43650950931));
#9294 = CARTESIAN_POINT('',(29.424271363806,-16.57597603125,
    -14.36080397899));
#9295 = CARTESIAN_POINT('',(29.604186129329,-16.72040370946,
    -14.27403757949));
#9296 = CARTESIAN_POINT('',(29.787175805655,-16.84863466214,
    -14.17959105714));
#9297 = CARTESIAN_POINT('',(29.972259362972,-16.96199363475,
    -14.07989424161));
#9298 = CARTESIAN_POINT('',(30.159257636085,-17.06175580199,
    -13.97684205174));
#9299 = CARTESIAN_POINT('',(30.348587132195,-17.14912878843,
    -13.87166020928));
#9300 = CARTESIAN_POINT('',(30.657430815844,-17.26998304378,
    -13.70323181685));
#9301 = CARTESIAN_POINT('',(30.771540529543,-17.30995273862,
    -13.64168412678));
#9302 = CARTESIAN_POINT('',(30.886627295166,-17.34598023029,
    -13.58081432509));
#9303 = CARTESIAN_POINT('',(31.004037263789,-17.37845509129,
    -13.52056370854));
#9304 = CARTESIAN_POINT('',(31.124234918748,-17.40721805266,
    -13.46165424929));
#9305 = CARTESIAN_POINT('',(31.246932607734,-17.43193710754,
    -13.4057610093));
#9306 = CARTESIAN_POINT('',(31.371610368173,-17.4523984657,
    -13.35540569201));
#9307 = CARTESIAN_POINT('',(31.558139710503,-17.47597633768,
    -13.29365784075));
#9308 = CARTESIAN_POINT('',(31.619334476403,-17.48266670624,
    -13.27541866566));
#9309 = CARTESIAN_POINT('',(31.68142479288,-17.48834517379,
    -13.2593172077));
#9310 = CARTESIAN_POINT('',(31.744073557396,-17.49293999229,
    -13.24584426096));
#9311 = CARTESIAN_POINT('',(31.807109687734,-17.49642096281,
    -13.23538745537));
#9312 = CARTESIAN_POINT('',(31.870491567203,-17.49877272354,
    -13.22823336154));
#9313 = CARTESIAN_POINT('',(31.93426973818,-17.49997641701,
    -13.22457154944));
#9314 = CARTESIAN_POINT('',(32.049651764212,-17.50001827634,
    -13.22444419532));
#9315 = CARTESIAN_POINT('',(32.100546890483,-17.49929058262,
    -13.22665805443));
#9316 = CARTESIAN_POINT('',(32.151241720582,-17.49782734493,
    -13.23111096812));
#9317 = CARTESIAN_POINT('',(32.201727640542,-17.49563766109,
    -13.23772433794));
#9318 = CARTESIAN_POINT('',(32.251962978101,-17.49273138043,
    -13.24637022046));
#9319 = CARTESIAN_POINT('',(32.301856267215,-17.48912457456,
    -13.25687002092));
#9320 = CARTESIAN_POINT('',(32.351249723608,-17.48484813575,
    -13.26899383672));
#9321 = CARTESIAN_POINT('',(32.450310412546,-17.47489460234,
    -13.29641262663));
#9322 = CARTESIAN_POINT('',(32.500163291494,-17.46914843296,
    -13.31187256107));
#9323 = CARTESIAN_POINT('',(32.54951352385,-17.46274038987,
    -13.32864318236));
#9324 = CARTESIAN_POINT('',(32.598392596999,-17.45568682579,
    -13.3465403678));
#9325 = CARTESIAN_POINT('',(32.646820551575,-17.44800289986,
    -13.36539709757));
#9326 = CARTESIAN_POINT('',(32.694815039452,-17.43970254255,
    -13.38506703703));
#9327 = CARTESIAN_POINT('',(32.742400418218,-17.4307965366,
    -13.40542754772));
#9328 = CARTESIAN_POINT('',(32.876027293377,-17.40388853665,
    -13.46473090755));
#9329 = CARTESIAN_POINT('',(32.961590828447,-17.38439446666,
    -13.50524204546));
#9330 = CARTESIAN_POINT('',(33.046204103002,-17.36286481748,
    -13.54720860587));
#9331 = CARTESIAN_POINT('',(33.129813662801,-17.33935674722,
    -13.59008521984));
#9332 = CARTESIAN_POINT('',(33.212466224058,-17.31390549797,
    -13.63350697678));
#9333 = CARTESIAN_POINT('',(33.294330531349,-17.2864902162,
    -13.67727094457));
#9334 = CARTESIAN_POINT('',(33.375685718063,-17.25700517986,
    -13.72129473546));
#9335 = CARTESIAN_POINT('',(33.558565244931,-17.18548474146,
    -13.82102217696));
#9336 = CARTESIAN_POINT('',(33.659336619405,-17.14241735836,
    -13.87650826542));
#9337 = CARTESIAN_POINT('',(33.759333696596,-17.095954212,-13.9317086625
    ));
#9338 = CARTESIAN_POINT('',(33.8586339653,-17.04597598602,
    -13.98635365888));
#9339 = CARTESIAN_POINT('',(33.957259693362,-16.99234832664,
    -14.04018412464));
#9340 = CARTESIAN_POINT('',(34.055187452119,-16.93492727144,
    -14.09292563671));
#9341 = CARTESIAN_POINT('',(34.152351356333,-16.87356472389,
    -14.14427258401));
#9342 = CARTESIAN_POINT('',(34.337216578068,-16.7479054089,
    -14.23951849967));
#9343 = CARTESIAN_POINT('',(34.425047122002,-16.68424113261,
    -14.28368140982));
#9344 = CARTESIAN_POINT('',(34.512127728197,-16.61695189685,
    -14.32614610773));
#9345 = CARTESIAN_POINT('',(34.598397835797,-16.54586738398,
    -14.36663859333));
#9346 = CARTESIAN_POINT('',(34.683742634368,-16.4708233461,
    -14.40482898747));
#9347 = CARTESIAN_POINT('',(34.767995870443,-16.3916698698,
    -14.44032407426));
#9348 = CARTESIAN_POINT('',(34.85094307255,-16.30828076635,
    -14.47265913773));
#9349 = CARTESIAN_POINT('',(34.995730309369,-16.15222369554,
    -14.52359479715));
#9350 = CARTESIAN_POINT('',(35.058282716185,-16.08115164841,
    -14.54368564778));
#9351 = CARTESIAN_POINT('',(35.119781313467,-16.00736959247,
    -14.56126579356));
#9352 = CARTESIAN_POINT('',(35.180023853483,-15.93091736083,
    -14.57602416142));
#9353 = CARTESIAN_POINT('',(35.238807630676,-15.851855277,
    -14.58763329467));
#9354 = CARTESIAN_POINT('',(35.295930955275,-15.77026757009,
    -14.59574745672));
#9355 = CARTESIAN_POINT('',(35.351195412324,-15.68626690103,-14.6));
#9356 = CARTESIAN_POINT('',(35.40440890611,-15.6,-14.6));
#9357 = PCURVE('',#4260,#9358);
#9358 = DEFINITIONAL_REPRESENTATION('',(#9359),#9432);
#9359 = B_SPLINE_CURVE_WITH_KNOTS('',8,(#9360,#9361,#9362,#9363,#9364,
    #9365,#9366,#9367,#9368,#9369,#9370,#9371,#9372,#9373,#9374,#9375,
    #9376,#9377,#9378,#9379,#9380,#9381,#9382,#9383,#9384,#9385,#9386,
    #9387,#9388,#9389,#9390,#9391,#9392,#9393,#9394,#9395,#9396,#9397,
    #9398,#9399,#9400,#9401,#9402,#9403,#9404,#9405,#9406,#9407,#9408,
    #9409,#9410,#9411,#9412,#9413,#9414,#9415,#9416,#9417,#9418,#9419,
    #9420,#9421,#9422,#9423,#9424,#9425,#9426,#9427,#9428,#9429,#9430,
    #9431),.UNSPECIFIED.,.F.,.F.,(9,7,7,7,7,7,7,7,7,7,9),(0.,
    8.563738103277E-02,0.306399306889,0.437465231686,0.499251112432,
    0.548371878783,0.599263777222,0.692400567032,0.809065359687,
    0.916386050152,1.),.UNSPECIFIED.);
#9360 = CARTESIAN_POINT('',(1.570796326795,96.19559109389));
#9361 = CARTESIAN_POINT('',(1.52653544113,96.250195498037));
#9362 = CARTESIAN_POINT('',(1.48346955763,96.306957140557));
#9363 = CARTESIAN_POINT('',(1.441545019309,96.365669041885));
#9364 = CARTESIAN_POINT('',(1.400718902682,96.426117632508));
#9365 = CARTESIAN_POINT('',(1.36095686578,96.488086224435));
#9366 = CARTESIAN_POINT('',(1.322231545096,96.551357572116));
#9367 = CARTESIAN_POINT('',(1.284521501445,96.615715522797));
#9368 = CARTESIAN_POINT('',(1.153175126082,96.849100734909));
#9369 = CARTESIAN_POINT('',(1.064494599712,97.024271363807));
#9370 = CARTESIAN_POINT('',(0.980952844996,97.204186129329));
#9371 = CARTESIAN_POINT('',(0.901973416376,97.387175805656));
#9372 = CARTESIAN_POINT('',(0.827000442891,97.572259362971));
#9373 = CARTESIAN_POINT('',(0.755637312339,97.759257636085));
#9374 = CARTESIAN_POINT('',(0.687439466996,97.948587132195));
#9375 = CARTESIAN_POINT('',(0.583788762206,98.257430815844));
#9376 = CARTESIAN_POINT('',(0.547134949308,98.371540529543));
#9377 = CARTESIAN_POINT('',(0.511816571975,98.486627295166));
#9378 = CARTESIAN_POINT('',(0.477650023827,98.604037263789));
#9379 = CARTESIAN_POINT('',(0.444919385825,98.724234918748));
#9380 = CARTESIAN_POINT('',(0.414385975834,98.846932607734));
#9381 = CARTESIAN_POINT('',(0.387215041074,98.971610368173));
#9382 = CARTESIAN_POINT('',(0.354166920166,99.158139710503));
#9383 = CARTESIAN_POINT('',(0.344454058166,99.219334476403));
#9384 = CARTESIAN_POINT('',(0.335918221333,99.28142479288));
#9385 = CARTESIAN_POINT('',(0.328801296305,99.344073557396));
#9386 = CARTESIAN_POINT('',(0.323290912956,99.407109687734));
#9387 = CARTESIAN_POINT('',(0.319525439939,99.470491567203));
#9388 = CARTESIAN_POINT('',(0.317598192244,99.53426973818));
#9389 = CARTESIAN_POINT('',(0.317531163752,99.649651764212));
#9390 = CARTESIAN_POINT('',(0.318696348011,99.700546890483));
#9391 = CARTESIAN_POINT('',(0.321039954872,99.751241720582));
#9392 = CARTESIAN_POINT('',(0.32452315803,99.801727640542));
#9393 = CARTESIAN_POINT('',(0.329083668873,99.851962978101));
#9394 = CARTESIAN_POINT('',(0.334634434558,99.901856267215));
#9395 = CARTESIAN_POINT('',(0.341062118862,99.951249723608));
#9396 = CARTESIAN_POINT('',(0.355646895748,100.05031041254));
#9397 = CARTESIAN_POINT('',(0.36389329593,100.10016329149));
#9398 = CARTESIAN_POINT('',(0.37286923951,100.14951352385));
#9399 = CARTESIAN_POINT('',(0.382486635529,100.19839259699));
#9400 = CARTESIAN_POINT('',(0.392666289259,100.24682055157));
#9401 = CARTESIAN_POINT('',(0.403339573603,100.29481503945));
#9402 = CARTESIAN_POINT('',(0.414450111585,100.34240041821));
#9403 = CARTESIAN_POINT('',(0.447011319133,100.47602729337));
#9404 = CARTESIAN_POINT('',(0.469484339088,100.56159082844));
#9405 = CARTESIAN_POINT('',(0.493054742641,100.646204103));
#9406 = CARTESIAN_POINT('',(0.517484908263,100.7298136628));
#9407 = CARTESIAN_POINT('',(0.542629109077,100.81246622405));
#9408 = CARTESIAN_POINT('',(0.568430468746,100.89433053134));
#9409 = CARTESIAN_POINT('',(0.594909617759,100.97568571806));
#9410 = CARTESIAN_POINT('',(0.656270712308,101.15856524493));
#9411 = CARTESIAN_POINT('',(0.691364934155,101.2593366194));
#9412 = CARTESIAN_POINT('',(0.727393177276,101.35933369659));
#9413 = CARTESIAN_POINT('',(0.764355478712,101.4586339653));
#9414 = CARTESIAN_POINT('',(0.802275542192,101.55725969336));
#9415 = CARTESIAN_POINT('',(0.841191176109,101.65518745211));
#9416 = CARTESIAN_POINT('',(0.88115055174,101.75235135633));
#9417 = CARTESIAN_POINT('',(0.959989070075,101.93721657806));
#9418 = CARTESIAN_POINT('',(0.998695905221,102.025047122));
#9419 = CARTESIAN_POINT('',(1.038416277761,102.11212772819));
#9420 = CARTESIAN_POINT('',(1.079234718393,102.19839783579));
#9421 = CARTESIAN_POINT('',(1.121238338229,102.28374263436));
#9422 = CARTESIAN_POINT('',(1.164518018586,102.36799587044));
#9423 = CARTESIAN_POINT('',(1.209171250222,102.45094307255));
#9424 = CARTESIAN_POINT('',(1.291250862111,102.59573030936));
#9425 = CARTESIAN_POINT('',(1.328149922571,102.65828271618));
#9426 = CARTESIAN_POINT('',(1.366018297346,102.71978131346));
#9427 = CARTESIAN_POINT('',(1.404875482923,102.78002385348));
#9428 = CARTESIAN_POINT('',(1.444746439059,102.83880763067));
#9429 = CARTESIAN_POINT('',(1.485662520015,102.89593095527));
#9430 = CARTESIAN_POINT('',(1.527662876278,102.95119541232));
#9431 = CARTESIAN_POINT('',(1.570796326795,103.00440890611));
#9432 = ( GEOMETRIC_REPRESENTATION_CONTEXT(2) 
PARAMETRIC_REPRESENTATION_CONTEXT() REPRESENTATION_CONTEXT('2D SPACE',''
  ) );
#9433 = PCURVE('',#7881,#9434);
#9434 = DEFINITIONAL_REPRESENTATION('',(#9435),#9508);
#9435 = B_SPLINE_CURVE_WITH_KNOTS('',8,(#9436,#9437,#9438,#9439,#9440,
    #9441,#9442,#9443,#9444,#9445,#9446,#9447,#9448,#9449,#9450,#9451,
    #9452,#9453,#9454,#9455,#9456,#9457,#9458,#9459,#9460,#9461,#9462,
    #9463,#9464,#9465,#9466,#9467,#9468,#9469,#9470,#9471,#9472,#9473,
    #9474,#9475,#9476,#9477,#9478,#9479,#9480,#9481,#9482,#9483,#9484,
    #9485,#9486,#9487,#9488,#9489,#9490,#9491,#9492,#9493,#9494,#9495,
    #9496,#9497,#9498,#9499,#9500,#9501,#9502,#9503,#9504,#9505,#9506,
    #9507),.UNSPECIFIED.,.F.,.F.,(9,7,7,7,7,7,7,7,7,7,9),(0.,
    8.563738103277E-02,0.306399306889,0.437465231686,0.499251112432,
    0.548371878783,0.599263777222,0.692400567032,0.809065359687,
    0.916386050152,1.),.UNSPECIFIED.);
#9436 = CARTESIAN_POINT('',(-3.694307766687,1.7763568394E-15));
#9437 = CARTESIAN_POINT('',(-3.7203098639,1.7763568394E-15));
#9438 = CARTESIAN_POINT('',(-3.746086549447,-4.477755386603E-03));
#9439 = CARTESIAN_POINT('',(-3.771604122465,-1.301021371463E-02));
#9440 = CARTESIAN_POINT('',(-3.79683405671,-2.520178949985E-02));
#9441 = CARTESIAN_POINT('',(-3.821751481575,-4.068049030656E-02));
#9442 = CARTESIAN_POINT('',(-3.846334019788,-5.90949002551E-02));
#9443 = CARTESIAN_POINT('',(-3.870560981766,-8.011202094921E-02));
#9444 = CARTESIAN_POINT('',(-3.95590007352,-0.163490490687));
#9445 = CARTESIAN_POINT('',(-4.01534063088,-0.239196021009));
#9446 = CARTESIAN_POINT('',(-4.072795898883,-0.325962420503));
#9447 = CARTESIAN_POINT('',(-4.128432679176,-0.420408942854));
#9448 = CARTESIAN_POINT('',(-4.182494186341,-0.520105758388));
#9449 = CARTESIAN_POINT('',(-4.235332065203,-0.623157948258));
#9450 = CARTESIAN_POINT('',(-4.287369719567,-0.728339790715));
#9451 = CARTESIAN_POINT('',(-4.370281635164,-0.896768183143));
#9452 = CARTESIAN_POINT('',(-4.400488739164,-0.95831587322));
#9453 = CARTESIAN_POINT('',(-4.430609484639,-1.019185674909));
#9454 = CARTESIAN_POINT('',(-4.461028105241,-1.079436291451));
#9455 = CARTESIAN_POINT('',(-4.491886849312,-1.138345750702));
#9456 = CARTESIAN_POINT('',(-4.523143397119,-1.194238990698));
#9457 = CARTESIAN_POINT('',(-4.554708346195,-1.24459430799));
#9458 = CARTESIAN_POINT('',(-4.601711744741,-1.306342159245));
#9459 = CARTESIAN_POINT('',(-4.617099402234,-1.324581334333));
#9460 = CARTESIAN_POINT('',(-4.632682699089,-1.340682792297));
#9461 = CARTESIAN_POINT('',(-4.648381856559,-1.354155739033));
#9462 = CARTESIAN_POINT('',(-4.664159739416,-1.364612544626));
#9463 = CARTESIAN_POINT('',(-4.680011772175,-1.371766638453));
#9464 = CARTESIAN_POINT('',(-4.695956413864,-1.37542845056));
#9465 = CARTESIAN_POINT('',(-4.724801922271,-1.375555804678));
#9466 = CARTESIAN_POINT('',(-4.737525633631,-1.373341945565));
#9467 = CARTESIAN_POINT('',(-4.750202394132,-1.368889031871));
#9468 = CARTESIAN_POINT('',(-4.762833092393,-1.36227566206));
#9469 = CARTESIAN_POINT('',(-4.775410314829,-1.353629779537));
#9470 = CARTESIAN_POINT('',(-4.787914084892,-1.343129979075));
#9471 = CARTESIAN_POINT('',(-4.800307463718,-1.331006163276));
#9472 = CARTESIAN_POINT('',(-4.825197337312,-1.303587373369));
#9473 = CARTESIAN_POINT('',(-4.837741736403,-1.288127438929));
#9474 = CARTESIAN_POINT('',(-4.850180733899,-1.271356817638));
#9475 = CARTESIAN_POINT('',(-4.862524619065,-1.253459632193));
#9476 = CARTESIAN_POINT('',(-4.874780675286,-1.234602902424));
#9477 = CARTESIAN_POINT('',(-4.886955476385,-1.214932962964));
#9478 = CARTESIAN_POINT('',(-4.89905724996,-1.194572452273));
#9479 = CARTESIAN_POINT('',(-4.933134535491,-1.135269092446));
#9480 = CARTESIAN_POINT('',(-4.955066549364,-1.094757954534));
#9481 = CARTESIAN_POINT('',(-4.976882419507,-1.052791394123));
#9482 = CARTESIAN_POINT('',(-4.998581941079,-1.009914780153));
#9483 = CARTESIAN_POINT('',(-5.02018953781,-0.966493023216));
#9484 = CARTESIAN_POINT('',(-5.041761947451,-0.922729055427));
#9485 = CARTESIAN_POINT('',(-5.063388489752,-0.878705264534));
#9486 = CARTESIAN_POINT('',(-5.112480300715,-0.778977823036));
#9487 = CARTESIAN_POINT('',(-5.139864227969,-0.723491734575));
#9488 = CARTESIAN_POINT('',(-5.167408046374,-0.6682913375));
#9489 = CARTESIAN_POINT('',(-5.195172547221,-0.613646341112));
#9490 = CARTESIAN_POINT('',(-5.223209419921,-0.559815875359));
#9491 = CARTESIAN_POINT('',(-5.251564186905,-0.507074363288));
#9492 = CARTESIAN_POINT('',(-5.280277419549,-0.455727415987));
#9493 = CARTESIAN_POINT('',(-5.336159781285,-0.36048150033));
#9494 = CARTESIAN_POINT('',(-5.363266745256,-0.316318590174));
#9495 = CARTESIAN_POINT('',(-5.390757371128,-0.27385389227));
#9496 = CARTESIAN_POINT('',(-5.418675340779,-0.233361406665));
#9497 = CARTESIAN_POINT('',(-5.447056631438,-0.195171012528));
#9498 = CARTESIAN_POINT('',(-5.475929933264,-0.159675925737));
#9499 = CARTESIAN_POINT('',(-5.505316626918,-0.127340862267));
#9500 = CARTESIAN_POINT('',(-5.55853619175,-7.640520284074E-02));
#9501 = CARTESIAN_POINT('',(-5.582197699694,-5.631435221943E-02));
#9502 = CARTESIAN_POINT('',(-5.606195989874,-3.87342064344E-02));
#9503 = CARTESIAN_POINT('',(-5.630511107859,-2.397583857245E-02));
#9504 = CARTESIAN_POINT('',(-5.655121580655,-1.23667053282E-02));
#9505 = CARTESIAN_POINT('',(-5.680003689572,-4.25254327992E-03));
#9506 = CARTESIAN_POINT('',(-5.705130435137,1.7763568394E-15));
#9507 = CARTESIAN_POINT('',(-5.730470194083,1.7763568394E-15));
#9508 = ( GEOMETRIC_REPRESENTATION_CONTEXT(2) 
PARAMETRIC_REPRESENTATION_CONTEXT() REPRESENTATION_CONTEXT('2D SPACE',''
  ) );
#9509 = ORIENTED_EDGE('',*,*,#7917,.T.);
#9510 = ORIENTED_EDGE('',*,*,#9511,.T.);
#9511 = EDGE_CURVE('',#7918,#5514,#9512,.T.);
#9512 = SURFACE_CURVE('',#9513,(#9518,#9525),.PCURVE_S1.);
#9513 = CIRCLE('',#9514,2.);
#9514 = AXIS2_PLACEMENT_3D('',#9515,#9516,#9517);
#9515 = CARTESIAN_POINT('',(65.6,-15.6,-12.6));
#9516 = DIRECTION('',(-1.,-6.123233995737E-17,0.));
#9517 = DIRECTION('',(6.123233995737E-17,-1.,-0.));
#9518 = PCURVE('',#4260,#9519);
#9519 = DEFINITIONAL_REPRESENTATION('',(#9520),#9524);
#9520 = LINE('',#9521,#9522);
#9521 = CARTESIAN_POINT('',(6.28318530718,133.2));
#9522 = VECTOR('',#9523,1.);
#9523 = DIRECTION('',(-1.,-0.));
#9524 = ( GEOMETRIC_REPRESENTATION_CONTEXT(2) 
PARAMETRIC_REPRESENTATION_CONTEXT() REPRESENTATION_CONTEXT('2D SPACE',''
  ) );
#9525 = PCURVE('',#7172,#9526);
#9526 = DEFINITIONAL_REPRESENTATION('',(#9527),#9531);
#9527 = LINE('',#9528,#9529);
#9528 = CARTESIAN_POINT('',(-1.570796326795,-6.28318530718));
#9529 = VECTOR('',#9530,1.);
#9530 = DIRECTION('',(-0.,1.));
#9531 = ( GEOMETRIC_REPRESENTATION_CONTEXT(2) 
PARAMETRIC_REPRESENTATION_CONTEXT() REPRESENTATION_CONTEXT('2D SPACE',''
  ) );
#9532 = ORIENTED_EDGE('',*,*,#5513,.F.);
#9533 = ADVANCED_FACE('',(#9534),#4863,.T.);
#9534 = FACE_BOUND('',#9535,.T.);
#9535 = EDGE_LOOP('',(#9536,#9537,#9538,#9561));
#9536 = ORIENTED_EDGE('',*,*,#6721,.F.);
#9537 = ORIENTED_EDGE('',*,*,#4848,.T.);
#9538 = ORIENTED_EDGE('',*,*,#9539,.T.);
#9539 = EDGE_CURVE('',#4770,#9540,#9542,.T.);
#9540 = VERTEX_POINT('',#9541);
#9541 = CARTESIAN_POINT('',(60.5,26.5,11.));
#9542 = SURFACE_CURVE('',#9543,(#9547,#9554),.PCURVE_S1.);
#9543 = LINE('',#9544,#9545);
#9544 = CARTESIAN_POINT('',(60.5,-16.3,11.));
#9545 = VECTOR('',#9546,1.);
#9546 = DIRECTION('',(0.,1.,0.));
#9547 = PCURVE('',#4863,#9548);
#9548 = DEFINITIONAL_REPRESENTATION('',(#9549),#9553);
#9549 = LINE('',#9550,#9551);
#9550 = CARTESIAN_POINT('',(1.8,0.));
#9551 = VECTOR('',#9552,1.);
#9552 = DIRECTION('',(0.,1.));
#9553 = ( GEOMETRIC_REPRESENTATION_CONTEXT(2) 
PARAMETRIC_REPRESENTATION_CONTEXT() REPRESENTATION_CONTEXT('2D SPACE',''
  ) );
#9554 = PCURVE('',#4819,#9555);
#9555 = DEFINITIONAL_REPRESENTATION('',(#9556),#9560);
#9556 = LINE('',#9557,#9558);
#9557 = CARTESIAN_POINT('',(-1.570796326795,0.));
#9558 = VECTOR('',#9559,1.);
#9559 = DIRECTION('',(-0.,1.));
#9560 = ( GEOMETRIC_REPRESENTATION_CONTEXT(2) 
PARAMETRIC_REPRESENTATION_CONTEXT() REPRESENTATION_CONTEXT('2D SPACE',''
  ) );
#9561 = ORIENTED_EDGE('',*,*,#9562,.F.);
#9562 = EDGE_CURVE('',#6722,#9540,#9563,.T.);
#9563 = SURFACE_CURVE('',#9564,(#9568,#9575),.PCURVE_S1.);
#9564 = LINE('',#9565,#9566);
#9565 = CARTESIAN_POINT('',(58.7,26.5,11.));
#9566 = VECTOR('',#9567,1.);
#9567 = DIRECTION('',(1.,0.,0.));
#9568 = PCURVE('',#4863,#9569);
#9569 = DEFINITIONAL_REPRESENTATION('',(#9570),#9574);
#9570 = LINE('',#9571,#9572);
#9571 = CARTESIAN_POINT('',(0.,42.8));
#9572 = VECTOR('',#9573,1.);
#9573 = DIRECTION('',(1.,0.));
#9574 = ( GEOMETRIC_REPRESENTATION_CONTEXT(2) 
PARAMETRIC_REPRESENTATION_CONTEXT() REPRESENTATION_CONTEXT('2D SPACE',''
  ) );
#9575 = PCURVE('',#9576,#9581);
#9576 = CYLINDRICAL_SURFACE('',#9577,1.2);
#9577 = AXIS2_PLACEMENT_3D('',#9578,#9579,#9580);
#9578 = CARTESIAN_POINT('',(58.7,26.5,9.8));
#9579 = DIRECTION('',(1.,0.,0.));
#9580 = DIRECTION('',(-0.,1.,0.));
#9581 = DEFINITIONAL_REPRESENTATION('',(#9582),#9586);
#9582 = LINE('',#9583,#9584);
#9583 = CARTESIAN_POINT('',(1.570796326795,0.));
#9584 = VECTOR('',#9585,1.);
#9585 = DIRECTION('',(0.,1.));
#9586 = ( GEOMETRIC_REPRESENTATION_CONTEXT(2) 
PARAMETRIC_REPRESENTATION_CONTEXT() REPRESENTATION_CONTEXT('2D SPACE',''
  ) );
#9587 = ADVANCED_FACE('',(#9588),#4819,.T.);
#9588 = FACE_BOUND('',#9589,.F.);
#9589 = EDGE_LOOP('',(#9590,#9591,#9592,#9619,#9620));
#9590 = ORIENTED_EDGE('',*,*,#4769,.T.);
#9591 = ORIENTED_EDGE('',*,*,#9539,.T.);
#9592 = ORIENTED_EDGE('',*,*,#9593,.F.);
#9593 = EDGE_CURVE('',#5860,#9540,#9594,.T.);
#9594 = SURFACE_CURVE('',#9595,(#9600,#9607),.PCURVE_S1.);
#9595 = CIRCLE('',#9596,1.2);
#9596 = AXIS2_PLACEMENT_3D('',#9597,#9598,#9599);
#9597 = CARTESIAN_POINT('',(60.5,26.5,9.8));
#9598 = DIRECTION('',(-0.,-1.,0.));
#9599 = DIRECTION('',(1.,-0.,0.));
#9600 = PCURVE('',#4819,#9601);
#9601 = DEFINITIONAL_REPRESENTATION('',(#9602),#9606);
#9602 = LINE('',#9603,#9604);
#9603 = CARTESIAN_POINT('',(-0.,42.8));
#9604 = VECTOR('',#9605,1.);
#9605 = DIRECTION('',(-1.,0.));
#9606 = ( GEOMETRIC_REPRESENTATION_CONTEXT(2) 
PARAMETRIC_REPRESENTATION_CONTEXT() REPRESENTATION_CONTEXT('2D SPACE',''
  ) );
#9607 = PCURVE('',#9608,#9613);
#9608 = SPHERICAL_SURFACE('',#9609,1.2);
#9609 = AXIS2_PLACEMENT_3D('',#9610,#9611,#9612);
#9610 = CARTESIAN_POINT('',(60.5,26.5,9.8));
#9611 = DIRECTION('',(-0.,-1.,-0.));
#9612 = DIRECTION('',(1.,-0.,0.));
#9613 = DEFINITIONAL_REPRESENTATION('',(#9614),#9618);
#9614 = LINE('',#9615,#9616);
#9615 = CARTESIAN_POINT('',(0.,0.));
#9616 = VECTOR('',#9617,1.);
#9617 = DIRECTION('',(1.,0.));
#9618 = ( GEOMETRIC_REPRESENTATION_CONTEXT(2) 
PARAMETRIC_REPRESENTATION_CONTEXT() REPRESENTATION_CONTEXT('2D SPACE',''
  ) );
#9619 = ORIENTED_EDGE('',*,*,#5887,.F.);
#9620 = ORIENTED_EDGE('',*,*,#9621,.F.);
#9621 = EDGE_CURVE('',#4742,#5888,#9622,.T.);
#9622 = SURFACE_CURVE('',#9623,(#9628,#9635),.PCURVE_S1.);
#9623 = CIRCLE('',#9624,1.2);
#9624 = AXIS2_PLACEMENT_3D('',#9625,#9626,#9627);
#9625 = CARTESIAN_POINT('',(60.5,20.,9.8));
#9626 = DIRECTION('',(0.,1.,0.));
#9627 = DIRECTION('',(1.,0.,-0.));
#9628 = PCURVE('',#4819,#9629);
#9629 = DEFINITIONAL_REPRESENTATION('',(#9630),#9634);
#9630 = LINE('',#9631,#9632);
#9631 = CARTESIAN_POINT('',(-6.28318530718,36.3));
#9632 = VECTOR('',#9633,1.);
#9633 = DIRECTION('',(1.,-0.));
#9634 = ( GEOMETRIC_REPRESENTATION_CONTEXT(2) 
PARAMETRIC_REPRESENTATION_CONTEXT() REPRESENTATION_CONTEXT('2D SPACE',''
  ) );
#9635 = PCURVE('',#4757,#9636);
#9636 = DEFINITIONAL_REPRESENTATION('',(#9637),#9641);
#9637 = CIRCLE('',#9638,1.2);
#9638 = AXIS2_PLACEMENT_2D('',#9639,#9640);
#9639 = CARTESIAN_POINT('',(26.8,130.5));
#9640 = DIRECTION('',(0.,1.));
#9641 = ( GEOMETRIC_REPRESENTATION_CONTEXT(2) 
PARAMETRIC_REPRESENTATION_CONTEXT() REPRESENTATION_CONTEXT('2D SPACE',''
  ) );
#9642 = ADVANCED_FACE('',(#9643),#4757,.T.);
#9643 = FACE_BOUND('',#9644,.T.);
#9644 = EDGE_LOOP('',(#9645,#9646,#9647,#9675,#9694));
#9645 = ORIENTED_EDGE('',*,*,#9621,.F.);
#9646 = ORIENTED_EDGE('',*,*,#4741,.T.);
#9647 = ORIENTED_EDGE('',*,*,#9648,.F.);
#9648 = EDGE_CURVE('',#9649,#4713,#9651,.T.);
#9649 = VERTEX_POINT('',#9650);
#9650 = CARTESIAN_POINT('',(66.,20.,9.));
#9651 = SURFACE_CURVE('',#9652,(#9656,#9663),.PCURVE_S1.);
#9652 = LINE('',#9653,#9654);
#9653 = CARTESIAN_POINT('',(66.,20.,-17.));
#9654 = VECTOR('',#9655,1.);
#9655 = DIRECTION('',(0.,0.,1.));
#9656 = PCURVE('',#4757,#9657);
#9657 = DEFINITIONAL_REPRESENTATION('',(#9658),#9662);
#9658 = LINE('',#9659,#9660);
#9659 = CARTESIAN_POINT('',(0.,136.));
#9660 = VECTOR('',#9661,1.);
#9661 = DIRECTION('',(1.,0.));
#9662 = ( GEOMETRIC_REPRESENTATION_CONTEXT(2) 
PARAMETRIC_REPRESENTATION_CONTEXT() REPRESENTATION_CONTEXT('2D SPACE',''
  ) );
#9663 = PCURVE('',#9664,#9669);
#9664 = CYLINDRICAL_SURFACE('',#9665,4.);
#9665 = AXIS2_PLACEMENT_3D('',#9666,#9667,#9668);
#9666 = CARTESIAN_POINT('',(66.,16.,-17.));
#9667 = DIRECTION('',(0.,0.,1.));
#9668 = DIRECTION('',(1.,0.,-0.));
#9669 = DEFINITIONAL_REPRESENTATION('',(#9670),#9674);
#9670 = LINE('',#9671,#9672);
#9671 = CARTESIAN_POINT('',(1.570796326795,0.));
#9672 = VECTOR('',#9673,1.);
#9673 = DIRECTION('',(0.,1.));
#9674 = ( GEOMETRIC_REPRESENTATION_CONTEXT(2) 
PARAMETRIC_REPRESENTATION_CONTEXT() REPRESENTATION_CONTEXT('2D SPACE',''
  ) );
#9675 = ORIENTED_EDGE('',*,*,#9676,.T.);
#9676 = EDGE_CURVE('',#9649,#5911,#9677,.T.);
#9677 = SURFACE_CURVE('',#9678,(#9682,#9688),.PCURVE_S1.);
#9678 = LINE('',#9679,#9680);
#9679 = CARTESIAN_POINT('',(-5.,20.,9.));
#9680 = VECTOR('',#9681,1.);
#9681 = DIRECTION('',(-1.,0.,0.));
#9682 = PCURVE('',#4757,#9683);
#9683 = DEFINITIONAL_REPRESENTATION('',(#9684),#9687);
#9684 = B_SPLINE_CURVE_WITH_KNOTS('',1,(#9685,#9686),.UNSPECIFIED.,.F.,
  .F.,(2,2),(-71.,-65.),.PIECEWISE_BEZIER_KNOTS.);
#9685 = CARTESIAN_POINT('',(26.,136.));
#9686 = CARTESIAN_POINT('',(26.,130.));
#9687 = ( GEOMETRIC_REPRESENTATION_CONTEXT(2) 
PARAMETRIC_REPRESENTATION_CONTEXT() REPRESENTATION_CONTEXT('2D SPACE',''
  ) );
#9688 = PCURVE('',#5012,#9689);
#9689 = DEFINITIONAL_REPRESENTATION('',(#9690),#9693);
#9690 = B_SPLINE_CURVE_WITH_KNOTS('',1,(#9691,#9692),.UNSPECIFIED.,.F.,
  .F.,(2,2),(-71.,-65.),.PIECEWISE_BEZIER_KNOTS.);
#9691 = CARTESIAN_POINT('',(4.2,-6.));
#9692 = CARTESIAN_POINT('',(4.2,0.));
#9693 = ( GEOMETRIC_REPRESENTATION_CONTEXT(2) 
PARAMETRIC_REPRESENTATION_CONTEXT() REPRESENTATION_CONTEXT('2D SPACE',''
  ) );
#9694 = ORIENTED_EDGE('',*,*,#5910,.F.);
#9695 = ADVANCED_FACE('',(#9696),#4729,.T.);
#9696 = FACE_BOUND('',#9697,.T.);
#9697 = EDGE_LOOP('',(#9698,#9722,#9723,#9803));
#9698 = ORIENTED_EDGE('',*,*,#9699,.F.);
#9699 = EDGE_CURVE('',#4713,#9700,#9702,.T.);
#9700 = VERTEX_POINT('',#9701);
#9701 = CARTESIAN_POINT('',(70.,16.,10.));
#9702 = SURFACE_CURVE('',#9703,(#9708,#9715),.PCURVE_S1.);
#9703 = CIRCLE('',#9704,4.);
#9704 = AXIS2_PLACEMENT_3D('',#9705,#9706,#9707);
#9705 = CARTESIAN_POINT('',(66.,16.,10.));
#9706 = DIRECTION('',(0.,0.,-1.));
#9707 = DIRECTION('',(1.,0.,0.));
#9708 = PCURVE('',#4729,#9709);
#9709 = DEFINITIONAL_REPRESENTATION('',(#9710),#9714);
#9710 = LINE('',#9711,#9712);
#9711 = CARTESIAN_POINT('',(0.,-6.28318530718));
#9712 = VECTOR('',#9713,1.);
#9713 = DIRECTION('',(0.,1.));
#9714 = ( GEOMETRIC_REPRESENTATION_CONTEXT(2) 
PARAMETRIC_REPRESENTATION_CONTEXT() REPRESENTATION_CONTEXT('2D SPACE',''
  ) );
#9715 = PCURVE('',#9664,#9716);
#9716 = DEFINITIONAL_REPRESENTATION('',(#9717),#9721);
#9717 = LINE('',#9718,#9719);
#9718 = CARTESIAN_POINT('',(6.28318530718,27.));
#9719 = VECTOR('',#9720,1.);
#9720 = DIRECTION('',(-1.,-0.));
#9721 = ( GEOMETRIC_REPRESENTATION_CONTEXT(2) 
PARAMETRIC_REPRESENTATION_CONTEXT() REPRESENTATION_CONTEXT('2D SPACE',''
  ) );
#9722 = ORIENTED_EDGE('',*,*,#4712,.T.);
#9723 = ORIENTED_EDGE('',*,*,#9724,.F.);
#9724 = EDGE_CURVE('',#9725,#4679,#9727,.T.);
#9725 = VERTEX_POINT('',#9726);
#9726 = CARTESIAN_POINT('',(67.559591794227,16.,13.68343229005));
#9727 = SURFACE_CURVE('',#9728,(#9751,#9777),.PCURVE_S1.);
#9728 = B_SPLINE_CURVE_WITH_KNOTS('',5,(#9729,#9730,#9731,#9732,#9733,
    #9734,#9735,#9736,#9737,#9738,#9739,#9740,#9741,#9742,#9743,#9744,
    #9745,#9746,#9747,#9748,#9749,#9750),.UNSPECIFIED.,.F.,.F.,(6,4,4,4,
    4,6),(0.,0.191121171693,0.306063591268,0.554016636489,0.854900833957
    ,1.),.UNSPECIFIED.);
#9729 = CARTESIAN_POINT('',(67.559591794227,16.,13.68343229005));
#9730 = CARTESIAN_POINT('',(67.541774923675,16.087284483328,
    13.690976081525));
#9731 = CARTESIAN_POINT('',(67.519080997387,16.173662359782,
    13.697872455017));
#9732 = CARTESIAN_POINT('',(67.491565926479,16.258759801535,
    13.704093647741));
#9733 = CARTESIAN_POINT('',(67.459330902695,16.342210919041,
    13.709616767928));
#9734 = CARTESIAN_POINT('',(67.400385350444,16.472640806726,
    13.717314794797));
#9735 = CARTESIAN_POINT('',(67.376594066708,16.52089924399,
    13.71994680667));
#9736 = CARTESIAN_POINT('',(67.351180470294,16.568355498288,
    13.722315929354));
#9737 = CARTESIAN_POINT('',(67.324182303967,16.614934410088,
    13.724418979744));
#9738 = CARTESIAN_POINT('',(67.234078608721,16.758993441009,
    13.730210892268));
#9739 = CARTESIAN_POINT('',(67.165340982383,16.853005563305,
    13.732918759008));
#9740 = CARTESIAN_POINT('',(67.089871997511,16.94186346079,
    13.734352167471));
#9741 = CARTESIAN_POINT('',(67.008225736918,17.024913517915,
    13.734503001016));
#9742 = CARTESIAN_POINT('',(66.815289039653,17.194653409338,
    13.732017660146));
#9743 = CARTESIAN_POINT('',(66.701380929882,17.278344089606,
    13.728779479899));
#9744 = CARTESIAN_POINT('',(66.580521320212,17.351668975382,
    13.723681950176));
#9745 = CARTESIAN_POINT('',(66.45403746479,17.413910190498,
    13.716777176164));
#9746 = CARTESIAN_POINT('',(66.2603237846,17.48905857549,13.703987473347
    ));
#9747 = CARTESIAN_POINT('',(66.196319512719,17.510824475929,
    13.699425368274));
#9748 = CARTESIAN_POINT('',(66.131492117243,17.529856798784,
    13.694471490455));
#9749 = CARTESIAN_POINT('',(66.065999419713,17.546119719092,
    13.689136463814));
#9750 = CARTESIAN_POINT('',(66.,17.559591794227,13.68343229005));
#9751 = PCURVE('',#4729,#9752);
#9752 = DEFINITIONAL_REPRESENTATION('',(#9753),#9776);
#9753 = B_SPLINE_CURVE_WITH_KNOTS('',5,(#9754,#9755,#9756,#9757,#9758,
    #9759,#9760,#9761,#9762,#9763,#9764,#9765,#9766,#9767,#9768,#9769,
    #9770,#9771,#9772,#9773,#9774,#9775),.UNSPECIFIED.,.F.,.F.,(6,4,4,4,
    4,6),(0.,0.191121171693,0.306063591268,0.554016636489,0.854900833957
    ,1.),.UNSPECIFIED.);
#9754 = CARTESIAN_POINT('',(1.170275558813,3.552713678801E-15));
#9755 = CARTESIAN_POINT('',(1.175112588287,-2.182112083192E-02));
#9756 = CARTESIAN_POINT('',(1.181009037341,-4.341540708387E-02));
#9757 = CARTESIAN_POINT('',(1.187964895954,-6.47117902936E-02));
#9758 = CARTESIAN_POINT('',(1.195980073454,-8.563658104937E-02));
#9759 = CARTESIAN_POINT('',(1.210511799544,-0.11842849942));
#9760 = CARTESIAN_POINT('',(1.216352168371,-0.130581536747));
#9761 = CARTESIAN_POINT('',(1.222575336467,-0.142555941613));
#9762 = CARTESIAN_POINT('',(1.22918046351,-0.154334771063));
#9763 = CARTESIAN_POINT('',(1.251235272232,-0.19085089517));
#9764 = CARTESIAN_POINT('',(1.268075285682,-0.214811343532));
#9765 = CARTESIAN_POINT('',(1.286668304312,-0.237607606255));
#9766 = CARTESIAN_POINT('',(1.306978893516,-0.259062955652));
#9767 = CARTESIAN_POINT('',(1.355537904462,-0.303204904787));
#9768 = CARTESIAN_POINT('',(1.384557358593,-0.325178786609));
#9769 = CARTESIAN_POINT('',(1.415814795504,-0.344619780205));
#9770 = CARTESIAN_POINT('',(1.449040504547,-0.36125015662));
#9771 = CARTESIAN_POINT('',(1.500587796225,-0.381439288591));
#9772 = CARTESIAN_POINT('',(1.517719956634,-0.387308140883));
#9773 = CARTESIAN_POINT('',(1.535167338756,-0.392455146768));
#9774 = CARTESIAN_POINT('',(1.552878413687,-0.396863289284));
#9775 = CARTESIAN_POINT('',(1.570796326795,-0.400520767981));
#9776 = ( GEOMETRIC_REPRESENTATION_CONTEXT(2) 
PARAMETRIC_REPRESENTATION_CONTEXT() REPRESENTATION_CONTEXT('2D SPACE',''
  ) );
#9777 = PCURVE('',#4698,#9778);
#9778 = DEFINITIONAL_REPRESENTATION('',(#9779),#9802);
#9779 = B_SPLINE_CURVE_WITH_KNOTS('',5,(#9780,#9781,#9782,#9783,#9784,
    #9785,#9786,#9787,#9788,#9789,#9790,#9791,#9792,#9793,#9794,#9795,
    #9796,#9797,#9798,#9799,#9800,#9801),.UNSPECIFIED.,.F.,.F.,(6,4,4,4,
    4,6),(0.,0.191121171693,0.306063591268,0.554016636489,0.854900833957
    ,1.),.UNSPECIFIED.);
#9780 = CARTESIAN_POINT('',(0.20135792079,28.28343229005));
#9781 = CARTESIAN_POINT('',(0.245900097169,28.290976081525));
#9782 = CARTESIAN_POINT('',(0.290485538421,28.297872455017));
#9783 = CARTESIAN_POINT('',(0.335110796489,28.304093647741));
#9784 = CARTESIAN_POINT('',(0.379771055436,28.309616767928));
#9785 = CARTESIAN_POINT('',(0.451336643765,28.317314794797));
#9786 = CARTESIAN_POINT('',(0.478223607875,28.31994680667));
#9787 = CARTESIAN_POINT('',(0.505119652626,28.322315929354));
#9788 = CARTESIAN_POINT('',(0.532023246333,28.324418979744));
#9789 = CARTESIAN_POINT('',(0.616981589488,28.330210892268));
#9790 = CARTESIAN_POINT('',(0.675059502043,28.332918759008));
#9791 = CARTESIAN_POINT('',(0.733144714371,28.334352167471));
#9792 = CARTESIAN_POINT('',(0.791223236522,28.334503001016));
#9793 = CARTESIAN_POINT('',(0.919710784452,28.332017660146));
#9794 = CARTESIAN_POINT('',(0.990111907016,28.328779479899));
#9795 = CARTESIAN_POINT('',(1.060427683937,28.323681950176));
#9796 = CARTESIAN_POINT('',(1.1306440439,28.316777176164));
#9797 = CARTESIAN_POINT('',(1.234533732584,28.303987473347));
#9798 = CARTESIAN_POINT('',(1.268305492534,28.299425368273));
#9799 = CARTESIAN_POINT('',(1.3020472524,28.294471490455));
#9800 = CARTESIAN_POINT('',(1.335758218168,28.289136463814));
#9801 = CARTESIAN_POINT('',(1.369438406005,28.28343229005));
#9802 = ( GEOMETRIC_REPRESENTATION_CONTEXT(2) 
PARAMETRIC_REPRESENTATION_CONTEXT() REPRESENTATION_CONTEXT('2D SPACE',''
  ) );
#9803 = ORIENTED_EDGE('',*,*,#9804,.F.);
#9804 = EDGE_CURVE('',#9700,#9725,#9805,.T.);
#9805 = SURFACE_CURVE('',#9806,(#9811,#9818),.PCURVE_S1.);
#9806 = CIRCLE('',#9807,4.);
#9807 = AXIS2_PLACEMENT_3D('',#9808,#9809,#9810);
#9808 = CARTESIAN_POINT('',(66.,16.,10.));
#9809 = DIRECTION('',(-0.,-1.,0.));
#9810 = DIRECTION('',(1.,-0.,0.));
#9811 = PCURVE('',#4729,#9812);
#9812 = DEFINITIONAL_REPRESENTATION('',(#9813),#9817);
#9813 = LINE('',#9814,#9815);
#9814 = CARTESIAN_POINT('',(0.,0.));
#9815 = VECTOR('',#9816,1.);
#9816 = DIRECTION('',(1.,0.));
#9817 = ( GEOMETRIC_REPRESENTATION_CONTEXT(2) 
PARAMETRIC_REPRESENTATION_CONTEXT() REPRESENTATION_CONTEXT('2D SPACE',''
  ) );
#9818 = PCURVE('',#9819,#9824);
#9819 = CYLINDRICAL_SURFACE('',#9820,4.);
#9820 = AXIS2_PLACEMENT_3D('',#9821,#9822,#9823);
#9821 = CARTESIAN_POINT('',(66.,-20.,10.));
#9822 = DIRECTION('',(0.,1.,0.));
#9823 = DIRECTION('',(1.,0.,-0.));
#9824 = DEFINITIONAL_REPRESENTATION('',(#9825),#9829);
#9825 = LINE('',#9826,#9827);
#9826 = CARTESIAN_POINT('',(-0.,36.));
#9827 = VECTOR('',#9828,1.);
#9828 = DIRECTION('',(-1.,0.));
#9829 = ( GEOMETRIC_REPRESENTATION_CONTEXT(2) 
PARAMETRIC_REPRESENTATION_CONTEXT() REPRESENTATION_CONTEXT('2D SPACE',''
  ) );
#9830 = ADVANCED_FACE('',(#9831),#4698,.F.);
#9831 = FACE_BOUND('',#9832,.F.);
#9832 = EDGE_LOOP('',(#9833,#9863,#9889,#9890,#9891,#9892));
#9833 = ORIENTED_EDGE('',*,*,#9834,.F.);
#9834 = EDGE_CURVE('',#9835,#9837,#9839,.T.);
#9835 = VERTEX_POINT('',#9836);
#9836 = CARTESIAN_POINT('',(67.6,15.6,9.));
#9837 = VERTEX_POINT('',#9838);
#9838 = CARTESIAN_POINT('',(67.6,15.6,13.666060555965));
#9839 = SURFACE_CURVE('',#9840,(#9844,#9851),.PCURVE_S1.);
#9840 = LINE('',#9841,#9842);
#9841 = CARTESIAN_POINT('',(67.6,15.6,-14.6));
#9842 = VECTOR('',#9843,1.);
#9843 = DIRECTION('',(0.,0.,1.));
#9844 = PCURVE('',#4698,#9845);
#9845 = DEFINITIONAL_REPRESENTATION('',(#9846),#9850);
#9846 = LINE('',#9847,#9848);
#9847 = CARTESIAN_POINT('',(0.,0.));
#9848 = VECTOR('',#9849,1.);
#9849 = DIRECTION('',(0.,1.));
#9850 = ( GEOMETRIC_REPRESENTATION_CONTEXT(2) 
PARAMETRIC_REPRESENTATION_CONTEXT() REPRESENTATION_CONTEXT('2D SPACE',''
  ) );
#9851 = PCURVE('',#9852,#9857);
#9852 = PLANE('',#9853);
#9853 = AXIS2_PLACEMENT_3D('',#9854,#9855,#9856);
#9854 = CARTESIAN_POINT('',(67.6,-17.6,-14.6));
#9855 = DIRECTION('',(1.,0.,0.));
#9856 = DIRECTION('',(0.,0.,1.));
#9857 = DEFINITIONAL_REPRESENTATION('',(#9858),#9862);
#9858 = LINE('',#9859,#9860);
#9859 = CARTESIAN_POINT('',(0.,-33.2));
#9860 = VECTOR('',#9861,1.);
#9861 = DIRECTION('',(1.,0.));
#9862 = ( GEOMETRIC_REPRESENTATION_CONTEXT(2) 
PARAMETRIC_REPRESENTATION_CONTEXT() REPRESENTATION_CONTEXT('2D SPACE',''
  ) );
#9863 = ORIENTED_EDGE('',*,*,#9864,.T.);
#9864 = EDGE_CURVE('',#9835,#4975,#9865,.T.);
#9865 = SURFACE_CURVE('',#9866,(#9871,#9878),.PCURVE_S1.);
#9866 = CIRCLE('',#9867,2.);
#9867 = AXIS2_PLACEMENT_3D('',#9868,#9869,#9870);
#9868 = CARTESIAN_POINT('',(65.6,15.6,9.));
#9869 = DIRECTION('',(0.,0.,1.));
#9870 = DIRECTION('',(1.,0.,-0.));
#9871 = PCURVE('',#4698,#9872);
#9872 = DEFINITIONAL_REPRESENTATION('',(#9873),#9877);
#9873 = LINE('',#9874,#9875);
#9874 = CARTESIAN_POINT('',(0.,23.6));
#9875 = VECTOR('',#9876,1.);
#9876 = DIRECTION('',(1.,0.));
#9877 = ( GEOMETRIC_REPRESENTATION_CONTEXT(2) 
PARAMETRIC_REPRESENTATION_CONTEXT() REPRESENTATION_CONTEXT('2D SPACE',''
  ) );
#9878 = PCURVE('',#5012,#9879);
#9879 = DEFINITIONAL_REPRESENTATION('',(#9880),#9888);
#9880 = ( BOUNDED_CURVE() B_SPLINE_CURVE(2,(#9881,#9882,#9883,#9884,
#9885,#9886,#9887),.UNSPECIFIED.,.T.,.F.) B_SPLINE_CURVE_WITH_KNOTS((1,2
    ,2,2,2,1),(-2.094395102393,0.,2.094395102393,4.188790204786,
6.28318530718,8.377580409573),.UNSPECIFIED.) CURVE() 
GEOMETRIC_REPRESENTATION_ITEM() RATIONAL_B_SPLINE_CURVE((1.,0.5,1.,0.5,
1.,0.5,1.)) REPRESENTATION_ITEM('') );
#9881 = CARTESIAN_POINT('',(8.6,-7.6));
#9882 = CARTESIAN_POINT('',(5.135898384862,-7.6));
#9883 = CARTESIAN_POINT('',(6.867949192431,-4.6));
#9884 = CARTESIAN_POINT('',(8.6,-1.6));
#9885 = CARTESIAN_POINT('',(10.332050807569,-4.6));
#9886 = CARTESIAN_POINT('',(12.064101615138,-7.6));
#9887 = CARTESIAN_POINT('',(8.6,-7.6));
#9888 = ( GEOMETRIC_REPRESENTATION_CONTEXT(2) 
PARAMETRIC_REPRESENTATION_CONTEXT() REPRESENTATION_CONTEXT('2D SPACE',''
  ) );
#9889 = ORIENTED_EDGE('',*,*,#4974,.T.);
#9890 = ORIENTED_EDGE('',*,*,#4678,.F.);
#9891 = ORIENTED_EDGE('',*,*,#9724,.F.);
#9892 = ORIENTED_EDGE('',*,*,#9893,.F.);
#9893 = EDGE_CURVE('',#9837,#9725,#9894,.T.);
#9894 = SURFACE_CURVE('',#9895,(#9901,#9910),.PCURVE_S1.);
#9895 = B_SPLINE_CURVE_WITH_KNOTS('',4,(#9896,#9897,#9898,#9899,#9900),
  .UNSPECIFIED.,.F.,.F.,(5,5),(0.,1.),.PIECEWISE_BEZIER_KNOTS.);
#9896 = CARTESIAN_POINT('',(67.6,15.6,13.666060555965));
#9897 = CARTESIAN_POINT('',(67.6,15.700513591197,13.666060555965));
#9898 = CARTESIAN_POINT('',(67.593264917931,15.801018882167,
    13.669000248919));
#9899 = CARTESIAN_POINT('',(67.579795676674,15.901021749017,
    13.674877821316));
#9900 = CARTESIAN_POINT('',(67.559591671752,16.0000006,13.683432341906)
  );
#9901 = PCURVE('',#4698,#9902);
#9902 = DEFINITIONAL_REPRESENTATION('',(#9903),#9909);
#9903 = B_SPLINE_CURVE_WITH_KNOTS('',4,(#9904,#9905,#9906,#9907,#9908),
  .UNSPECIFIED.,.F.,.F.,(5,5),(0.,1.),.PIECEWISE_BEZIER_KNOTS.);
#9904 = CARTESIAN_POINT('',(0.,28.266060555965));
#9905 = CARTESIAN_POINT('',(5.025679559833E-02,28.266060555965));
#9906 = CARTESIAN_POINT('',(0.100509797227,28.269000248919));
#9907 = CARTESIAN_POINT('',(0.150848290437,28.274877821316));
#9908 = CARTESIAN_POINT('',(0.201358226977,28.283432341906));
#9909 = ( GEOMETRIC_REPRESENTATION_CONTEXT(2) 
PARAMETRIC_REPRESENTATION_CONTEXT() REPRESENTATION_CONTEXT('2D SPACE',''
  ) );
#9910 = PCURVE('',#9819,#9911);
#9911 = DEFINITIONAL_REPRESENTATION('',(#9912),#9918);
#9912 = B_SPLINE_CURVE_WITH_KNOTS('',4,(#9913,#9914,#9915,#9916,#9917),
  .UNSPECIFIED.,.F.,.F.,(5,5),(0.,1.),.PIECEWISE_BEZIER_KNOTS.);
#9913 = CARTESIAN_POINT('',(-1.159279480727,35.6));
#9914 = CARTESIAN_POINT('',(-1.159279480727,35.700513591197));
#9915 = CARTESIAN_POINT('',(-1.161116697696,35.801018882167));
#9916 = CARTESIAN_POINT('',(-1.164790489299,35.901021749017));
#9917 = CARTESIAN_POINT('',(-1.170275592064,36.0000006));
#9918 = ( GEOMETRIC_REPRESENTATION_CONTEXT(2) 
PARAMETRIC_REPRESENTATION_CONTEXT() REPRESENTATION_CONTEXT('2D SPACE',''
  ) );
#9919 = ADVANCED_FACE('',(#9920),#5398,.F.);
#9920 = FACE_BOUND('',#9921,.F.);
#9921 = EDGE_LOOP('',(#9922,#9945,#9967,#9968));
#9922 = ORIENTED_EDGE('',*,*,#9923,.F.);
#9923 = EDGE_CURVE('',#9924,#5661,#9926,.T.);
#9924 = VERTEX_POINT('',#9925);
#9925 = CARTESIAN_POINT('',(67.6,15.6,-12.6));
#9926 = SURFACE_CURVE('',#9927,(#9931,#9938),.PCURVE_S1.);
#9927 = LINE('',#9928,#9929);
#9928 = CARTESIAN_POINT('',(67.6,15.6,-14.6));
#9929 = VECTOR('',#9930,1.);
#9930 = DIRECTION('',(0.,0.,1.));
#9931 = PCURVE('',#5398,#9932);
#9932 = DEFINITIONAL_REPRESENTATION('',(#9933),#9937);
#9933 = LINE('',#9934,#9935);
#9934 = CARTESIAN_POINT('',(0.,0.));
#9935 = VECTOR('',#9936,1.);
#9936 = DIRECTION('',(0.,1.));
#9937 = ( GEOMETRIC_REPRESENTATION_CONTEXT(2) 
PARAMETRIC_REPRESENTATION_CONTEXT() REPRESENTATION_CONTEXT('2D SPACE',''
  ) );
#9938 = PCURVE('',#5699,#9939);
#9939 = DEFINITIONAL_REPRESENTATION('',(#9940),#9944);
#9940 = LINE('',#9941,#9942);
#9941 = CARTESIAN_POINT('',(0.,-33.2));
#9942 = VECTOR('',#9943,1.);
#9943 = DIRECTION('',(1.,0.));
#9944 = ( GEOMETRIC_REPRESENTATION_CONTEXT(2) 
PARAMETRIC_REPRESENTATION_CONTEXT() REPRESENTATION_CONTEXT('2D SPACE',''
  ) );
#9945 = ORIENTED_EDGE('',*,*,#9946,.T.);
#9946 = EDGE_CURVE('',#9924,#4950,#9947,.T.);
#9947 = SURFACE_CURVE('',#9948,(#9953,#9960),.PCURVE_S1.);
#9948 = CIRCLE('',#9949,2.);
#9949 = AXIS2_PLACEMENT_3D('',#9950,#9951,#9952);
#9950 = CARTESIAN_POINT('',(65.6,15.6,-12.6));
#9951 = DIRECTION('',(0.,0.,1.));
#9952 = DIRECTION('',(1.,0.,-0.));
#9953 = PCURVE('',#5398,#9954);
#9954 = DEFINITIONAL_REPRESENTATION('',(#9955),#9959);
#9955 = LINE('',#9956,#9957);
#9956 = CARTESIAN_POINT('',(0.,2.));
#9957 = VECTOR('',#9958,1.);
#9958 = DIRECTION('',(1.,0.));
#9959 = ( GEOMETRIC_REPRESENTATION_CONTEXT(2) 
PARAMETRIC_REPRESENTATION_CONTEXT() REPRESENTATION_CONTEXT('2D SPACE',''
  ) );
#9960 = PCURVE('',#9027,#9961);
#9961 = DEFINITIONAL_REPRESENTATION('',(#9962),#9966);
#9962 = LINE('',#9963,#9964);
#9963 = CARTESIAN_POINT('',(0.,0.));
#9964 = VECTOR('',#9965,1.);
#9965 = DIRECTION('',(1.,0.));
#9966 = ( GEOMETRIC_REPRESENTATION_CONTEXT(2) 
PARAMETRIC_REPRESENTATION_CONTEXT() REPRESENTATION_CONTEXT('2D SPACE',''
  ) );
#9967 = ORIENTED_EDGE('',*,*,#5384,.T.);
#9968 = ORIENTED_EDGE('',*,*,#5660,.F.);
#9969 = ADVANCED_FACE('',(#9970),#5330,.T.);
#9970 = FACE_BOUND('',#9971,.T.);
#9971 = EDGE_LOOP('',(#9972,#10001,#10022,#10023));
#9972 = ORIENTED_EDGE('',*,*,#9973,.F.);
#9973 = EDGE_CURVE('',#9974,#5783,#9976,.T.);
#9974 = VERTEX_POINT('',#9975);
#9975 = CARTESIAN_POINT('',(60.5,-15.1,-11.));
#9976 = SURFACE_CURVE('',#9977,(#9982,#9989),.PCURVE_S1.);
#9977 = CIRCLE('',#9978,1.2);
#9978 = AXIS2_PLACEMENT_3D('',#9979,#9980,#9981);
#9979 = CARTESIAN_POINT('',(60.5,-15.1,-9.8));
#9980 = DIRECTION('',(0.,-1.,0.));
#9981 = DIRECTION('',(1.,0.,0.));
#9982 = PCURVE('',#5330,#9983);
#9983 = DEFINITIONAL_REPRESENTATION('',(#9984),#9988);
#9984 = LINE('',#9985,#9986);
#9985 = CARTESIAN_POINT('',(6.28318530718,1.2));
#9986 = VECTOR('',#9987,1.);
#9987 = DIRECTION('',(-1.,-0.));
#9988 = ( GEOMETRIC_REPRESENTATION_CONTEXT(2) 
PARAMETRIC_REPRESENTATION_CONTEXT() REPRESENTATION_CONTEXT('2D SPACE',''
  ) );
#9989 = PCURVE('',#9990,#9995);
#9990 = SPHERICAL_SURFACE('',#9991,1.2);
#9991 = AXIS2_PLACEMENT_3D('',#9992,#9993,#9994);
#9992 = CARTESIAN_POINT('',(60.5,-15.1,-9.8));
#9993 = DIRECTION('',(0.,0.,1.));
#9994 = DIRECTION('',(1.,0.,-0.));
#9995 = DEFINITIONAL_REPRESENTATION('',(#9996),#10000);
#9996 = LINE('',#9997,#9998);
#9997 = CARTESIAN_POINT('',(-0.,-6.28318530718));
#9998 = VECTOR('',#9999,1.);
#9999 = DIRECTION('',(-0.,1.));
#10000 = ( GEOMETRIC_REPRESENTATION_CONTEXT(2) 
PARAMETRIC_REPRESENTATION_CONTEXT() REPRESENTATION_CONTEXT('2D SPACE',''
  ) );
#10001 = ORIENTED_EDGE('',*,*,#10002,.T.);
#10002 = EDGE_CURVE('',#9974,#5288,#10003,.T.);
#10003 = SURFACE_CURVE('',#10004,(#10008,#10015),.PCURVE_S1.);
#10004 = LINE('',#10005,#10006);
#10005 = CARTESIAN_POINT('',(60.5,-16.3,-11.));
#10006 = VECTOR('',#10007,1.);
#10007 = DIRECTION('',(0.,1.,0.));
#10008 = PCURVE('',#5330,#10009);
#10009 = DEFINITIONAL_REPRESENTATION('',(#10010),#10014);
#10010 = LINE('',#10011,#10012);
#10011 = CARTESIAN_POINT('',(1.570796326795,0.));
#10012 = VECTOR('',#10013,1.);
#10013 = DIRECTION('',(0.,1.));
#10014 = ( GEOMETRIC_REPRESENTATION_CONTEXT(2) 
PARAMETRIC_REPRESENTATION_CONTEXT() REPRESENTATION_CONTEXT('2D SPACE',''
  ) );
#10015 = PCURVE('',#5302,#10016);
#10016 = DEFINITIONAL_REPRESENTATION('',(#10017),#10021);
#10017 = LINE('',#10018,#10019);
#10018 = CARTESIAN_POINT('',(1.8,0.));
#10019 = VECTOR('',#10020,1.);
#10020 = DIRECTION('',(0.,1.));
#10021 = ( GEOMETRIC_REPRESENTATION_CONTEXT(2) 
PARAMETRIC_REPRESENTATION_CONTEXT() REPRESENTATION_CONTEXT('2D SPACE',''
  ) );
#10022 = ORIENTED_EDGE('',*,*,#5313,.F.);
#10023 = ORIENTED_EDGE('',*,*,#5812,.F.);
#10024 = ADVANCED_FACE('',(#10025),#5302,.F.);
#10025 = FACE_BOUND('',#10026,.F.);
#10026 = EDGE_LOOP('',(#10027,#10050,#10076,#10077));
#10027 = ORIENTED_EDGE('',*,*,#10028,.F.);
#10028 = EDGE_CURVE('',#10029,#5259,#10031,.T.);
#10029 = VERTEX_POINT('',#10030);
#10030 = CARTESIAN_POINT('',(59.9,-15.1,-11.));
#10031 = SURFACE_CURVE('',#10032,(#10036,#10043),.PCURVE_S1.);
#10032 = LINE('',#10033,#10034);
#10033 = CARTESIAN_POINT('',(59.9,-16.3,-11.));
#10034 = VECTOR('',#10035,1.);
#10035 = DIRECTION('',(0.,1.,0.));
#10036 = PCURVE('',#5302,#10037);
#10037 = DEFINITIONAL_REPRESENTATION('',(#10038),#10042);
#10038 = LINE('',#10039,#10040);
#10039 = CARTESIAN_POINT('',(1.2,0.));
#10040 = VECTOR('',#10041,1.);
#10041 = DIRECTION('',(0.,1.));
#10042 = ( GEOMETRIC_REPRESENTATION_CONTEXT(2) 
PARAMETRIC_REPRESENTATION_CONTEXT() REPRESENTATION_CONTEXT('2D SPACE',''
  ) );
#10043 = PCURVE('',#5275,#10044);
#10044 = DEFINITIONAL_REPRESENTATION('',(#10045),#10049);
#10045 = LINE('',#10046,#10047);
#10046 = CARTESIAN_POINT('',(-1.570796326795,0.));
#10047 = VECTOR('',#10048,1.);
#10048 = DIRECTION('',(-0.,1.));
#10049 = ( GEOMETRIC_REPRESENTATION_CONTEXT(2) 
PARAMETRIC_REPRESENTATION_CONTEXT() REPRESENTATION_CONTEXT('2D SPACE',''
  ) );
#10050 = ORIENTED_EDGE('',*,*,#10051,.T.);
#10051 = EDGE_CURVE('',#10029,#9974,#10052,.T.);
#10052 = SURFACE_CURVE('',#10053,(#10057,#10064),.PCURVE_S1.);
#10053 = LINE('',#10054,#10055);
#10054 = CARTESIAN_POINT('',(58.7,-15.1,-11.));
#10055 = VECTOR('',#10056,1.);
#10056 = DIRECTION('',(1.,0.,0.));
#10057 = PCURVE('',#5302,#10058);
#10058 = DEFINITIONAL_REPRESENTATION('',(#10059),#10063);
#10059 = LINE('',#10060,#10061);
#10060 = CARTESIAN_POINT('',(0.,1.2));
#10061 = VECTOR('',#10062,1.);
#10062 = DIRECTION('',(1.,0.));
#10063 = ( GEOMETRIC_REPRESENTATION_CONTEXT(2) 
PARAMETRIC_REPRESENTATION_CONTEXT() REPRESENTATION_CONTEXT('2D SPACE',''
  ) );
#10064 = PCURVE('',#10065,#10070);
#10065 = CYLINDRICAL_SURFACE('',#10066,1.2);
#10066 = AXIS2_PLACEMENT_3D('',#10067,#10068,#10069);
#10067 = CARTESIAN_POINT('',(58.7,-15.1,-9.8));
#10068 = DIRECTION('',(1.,0.,0.));
#10069 = DIRECTION('',(0.,-1.,0.));
#10070 = DEFINITIONAL_REPRESENTATION('',(#10071),#10075);
#10071 = LINE('',#10072,#10073);
#10072 = CARTESIAN_POINT('',(1.570796326795,0.));
#10073 = VECTOR('',#10074,1.);
#10074 = DIRECTION('',(0.,1.));
#10075 = ( GEOMETRIC_REPRESENTATION_CONTEXT(2) 
PARAMETRIC_REPRESENTATION_CONTEXT() REPRESENTATION_CONTEXT('2D SPACE',''
  ) );
#10076 = ORIENTED_EDGE('',*,*,#10002,.T.);
#10077 = ORIENTED_EDGE('',*,*,#5287,.F.);
#10078 = ADVANCED_FACE('',(#10079),#5275,.T.);
#10079 = FACE_BOUND('',#10080,.F.);
#10080 = EDGE_LOOP('',(#10081,#10110,#10111,#10112));
#10081 = ORIENTED_EDGE('',*,*,#10082,.F.);
#10082 = EDGE_CURVE('',#10029,#10083,#10085,.T.);
#10083 = VERTEX_POINT('',#10084);
#10084 = CARTESIAN_POINT('',(58.7,-15.1,-9.8));
#10085 = SURFACE_CURVE('',#10086,(#10091,#10098),.PCURVE_S1.);
#10086 = CIRCLE('',#10087,1.2);
#10087 = AXIS2_PLACEMENT_3D('',#10088,#10089,#10090);
#10088 = CARTESIAN_POINT('',(59.9,-15.1,-9.8));
#10089 = DIRECTION('',(0.,1.,-0.));
#10090 = DIRECTION('',(-1.,0.,0.));
#10091 = PCURVE('',#5275,#10092);
#10092 = DEFINITIONAL_REPRESENTATION('',(#10093),#10097);
#10093 = LINE('',#10094,#10095);
#10094 = CARTESIAN_POINT('',(-6.28318530718,1.2));
#10095 = VECTOR('',#10096,1.);
#10096 = DIRECTION('',(1.,-0.));
#10097 = ( GEOMETRIC_REPRESENTATION_CONTEXT(2) 
PARAMETRIC_REPRESENTATION_CONTEXT() REPRESENTATION_CONTEXT('2D SPACE',''
  ) );
#10098 = PCURVE('',#10099,#10104);
#10099 = SPHERICAL_SURFACE('',#10100,1.2);
#10100 = AXIS2_PLACEMENT_3D('',#10101,#10102,#10103);
#10101 = CARTESIAN_POINT('',(59.9,-15.1,-9.8));
#10102 = DIRECTION('',(0.,0.,1.));
#10103 = DIRECTION('',(-1.,0.,0.));
#10104 = DEFINITIONAL_REPRESENTATION('',(#10105),#10109);
#10105 = LINE('',#10106,#10107);
#10106 = CARTESIAN_POINT('',(0.,-6.28318530718));
#10107 = VECTOR('',#10108,1.);
#10108 = DIRECTION('',(0.,1.));
#10109 = ( GEOMETRIC_REPRESENTATION_CONTEXT(2) 
PARAMETRIC_REPRESENTATION_CONTEXT() REPRESENTATION_CONTEXT('2D SPACE',''
  ) );
#10110 = ORIENTED_EDGE('',*,*,#10028,.T.);
#10111 = ORIENTED_EDGE('',*,*,#5258,.T.);
#10112 = ORIENTED_EDGE('',*,*,#10113,.F.);
#10113 = EDGE_CURVE('',#10083,#5233,#10114,.T.);
#10114 = SURFACE_CURVE('',#10115,(#10119,#10126),.PCURVE_S1.);
#10115 = LINE('',#10116,#10117);
#10116 = CARTESIAN_POINT('',(58.7,-16.3,-9.8));
#10117 = VECTOR('',#10118,1.);
#10118 = DIRECTION('',(0.,1.,0.));
#10119 = PCURVE('',#5275,#10120);
#10120 = DEFINITIONAL_REPRESENTATION('',(#10121),#10125);
#10121 = LINE('',#10122,#10123);
#10122 = CARTESIAN_POINT('',(-0.,0.));
#10123 = VECTOR('',#10124,1.);
#10124 = DIRECTION('',(-0.,1.));
#10125 = ( GEOMETRIC_REPRESENTATION_CONTEXT(2) 
PARAMETRIC_REPRESENTATION_CONTEXT() REPRESENTATION_CONTEXT('2D SPACE',''
  ) );
#10126 = PCURVE('',#5247,#10127);
#10127 = DEFINITIONAL_REPRESENTATION('',(#10128),#10132);
#10128 = LINE('',#10129,#10130);
#10129 = CARTESIAN_POINT('',(1.2,0.));
#10130 = VECTOR('',#10131,1.);
#10131 = DIRECTION('',(0.,-1.));
#10132 = ( GEOMETRIC_REPRESENTATION_CONTEXT(2) 
PARAMETRIC_REPRESENTATION_CONTEXT() REPRESENTATION_CONTEXT('2D SPACE',''
  ) );
#10133 = ADVANCED_FACE('',(#10134),#5247,.F.);
#10134 = FACE_BOUND('',#10135,.F.);
#10135 = EDGE_LOOP('',(#10136,#10164,#10165,#10166,#10187,#10208));
#10136 = ORIENTED_EDGE('',*,*,#10137,.F.);
#10137 = EDGE_CURVE('',#10083,#10138,#10140,.T.);
#10138 = VERTEX_POINT('',#10139);
#10139 = CARTESIAN_POINT('',(58.7,-15.1,-9.5));
#10140 = SURFACE_CURVE('',#10141,(#10145,#10152),.PCURVE_S1.);
#10141 = LINE('',#10142,#10143);
#10142 = CARTESIAN_POINT('',(58.7,-15.1,-11.));
#10143 = VECTOR('',#10144,1.);
#10144 = DIRECTION('',(0.,0.,1.));
#10145 = PCURVE('',#5247,#10146);
#10146 = DEFINITIONAL_REPRESENTATION('',(#10147),#10151);
#10147 = LINE('',#10148,#10149);
#10148 = CARTESIAN_POINT('',(0.,-1.2));
#10149 = VECTOR('',#10150,1.);
#10150 = DIRECTION('',(1.,0.));
#10151 = ( GEOMETRIC_REPRESENTATION_CONTEXT(2) 
PARAMETRIC_REPRESENTATION_CONTEXT() REPRESENTATION_CONTEXT('2D SPACE',''
  ) );
#10152 = PCURVE('',#10153,#10158);
#10153 = CYLINDRICAL_SURFACE('',#10154,1.2);
#10154 = AXIS2_PLACEMENT_3D('',#10155,#10156,#10157);
#10155 = CARTESIAN_POINT('',(59.9,-15.1,-11.));
#10156 = DIRECTION('',(0.,0.,1.));
#10157 = DIRECTION('',(-1.,-0.,0.));
#10158 = DEFINITIONAL_REPRESENTATION('',(#10159),#10163);
#10159 = LINE('',#10160,#10161);
#10160 = CARTESIAN_POINT('',(0.,0.));
#10161 = VECTOR('',#10162,1.);
#10162 = DIRECTION('',(0.,1.));
#10163 = ( GEOMETRIC_REPRESENTATION_CONTEXT(2) 
PARAMETRIC_REPRESENTATION_CONTEXT() REPRESENTATION_CONTEXT('2D SPACE',''
  ) );
#10164 = ORIENTED_EDGE('',*,*,#10113,.T.);
#10165 = ORIENTED_EDGE('',*,*,#5232,.F.);
#10166 = ORIENTED_EDGE('',*,*,#10167,.T.);
#10167 = EDGE_CURVE('',#5207,#10168,#10170,.T.);
#10168 = VERTEX_POINT('',#10169);
#10169 = CARTESIAN_POINT('',(58.7,1.7,-6.5));
#10170 = SURFACE_CURVE('',#10171,(#10175,#10181),.PCURVE_S1.);
#10171 = LINE('',#10172,#10173);
#10172 = CARTESIAN_POINT('',(58.7,-11.3,-6.5));
#10173 = VECTOR('',#10174,1.);
#10174 = DIRECTION('',(0.,-1.,0.));
#10175 = PCURVE('',#5247,#10176);
#10176 = DEFINITIONAL_REPRESENTATION('',(#10177),#10180);
#10177 = B_SPLINE_CURVE_WITH_KNOTS('',1,(#10178,#10179),.UNSPECIFIED.,
  .F.,.F.,(2,2),(-29.,-5.),.PIECEWISE_BEZIER_KNOTS.);
#10178 = CARTESIAN_POINT('',(4.5,-34.));
#10179 = CARTESIAN_POINT('',(4.5,-10.));
#10180 = ( GEOMETRIC_REPRESENTATION_CONTEXT(2) 
PARAMETRIC_REPRESENTATION_CONTEXT() REPRESENTATION_CONTEXT('2D SPACE',''
  ) );
#10181 = PCURVE('',#5221,#10182);
#10182 = DEFINITIONAL_REPRESENTATION('',(#10183),#10186);
#10183 = B_SPLINE_CURVE_WITH_KNOTS('',1,(#10184,#10185),.UNSPECIFIED.,
  .F.,.F.,(2,2),(-29.,-5.),.PIECEWISE_BEZIER_KNOTS.);
#10184 = CARTESIAN_POINT('',(24.,-1.5));
#10185 = CARTESIAN_POINT('',(0.,-1.5));
#10186 = ( GEOMETRIC_REPRESENTATION_CONTEXT(2) 
PARAMETRIC_REPRESENTATION_CONTEXT() REPRESENTATION_CONTEXT('2D SPACE',''
  ) );
#10187 = ORIENTED_EDGE('',*,*,#10188,.T.);
#10188 = EDGE_CURVE('',#10168,#10189,#10191,.T.);
#10189 = VERTEX_POINT('',#10190);
#10190 = CARTESIAN_POINT('',(58.7,1.7,-9.5));
#10191 = SURFACE_CURVE('',#10192,(#10196,#10202),.PCURVE_S1.);
#10192 = LINE('',#10193,#10194);
#10193 = CARTESIAN_POINT('',(58.7,1.7,-10.25));
#10194 = VECTOR('',#10195,1.);
#10195 = DIRECTION('',(0.,0.,-1.));
#10196 = PCURVE('',#5247,#10197);
#10197 = DEFINITIONAL_REPRESENTATION('',(#10198),#10201);
#10198 = B_SPLINE_CURVE_WITH_KNOTS('',1,(#10199,#10200),.UNSPECIFIED.,
  .F.,.F.,(2,2),(-10.75,-0.75),.PIECEWISE_BEZIER_KNOTS.);
#10199 = CARTESIAN_POINT('',(11.5,-18.));
#10200 = CARTESIAN_POINT('',(1.5,-18.));
#10201 = ( GEOMETRIC_REPRESENTATION_CONTEXT(2) 
PARAMETRIC_REPRESENTATION_CONTEXT() REPRESENTATION_CONTEXT('2D SPACE',''
  ) );
#10202 = PCURVE('',#6137,#10203);
#10203 = DEFINITIONAL_REPRESENTATION('',(#10204),#10207);
#10204 = B_SPLINE_CURVE_WITH_KNOTS('',1,(#10205,#10206),.UNSPECIFIED.,
  .F.,.F.,(2,2),(-10.75,-0.75),.PIECEWISE_BEZIER_KNOTS.);
#10205 = CARTESIAN_POINT('',(10.,-1.5));
#10206 = CARTESIAN_POINT('',(0.,-1.5));
#10207 = ( GEOMETRIC_REPRESENTATION_CONTEXT(2) 
PARAMETRIC_REPRESENTATION_CONTEXT() REPRESENTATION_CONTEXT('2D SPACE',''
  ) );
#10208 = ORIENTED_EDGE('',*,*,#10209,.T.);
#10209 = EDGE_CURVE('',#10189,#10138,#10210,.T.);
#10210 = SURFACE_CURVE('',#10211,(#10215,#10221),.PCURVE_S1.);
#10211 = LINE('',#10212,#10213);
#10212 = CARTESIAN_POINT('',(58.7,-16.3,-9.5));
#10213 = VECTOR('',#10214,1.);
#10214 = DIRECTION('',(0.,-1.,0.));
#10215 = PCURVE('',#5247,#10216);
#10216 = DEFINITIONAL_REPRESENTATION('',(#10217),#10220);
#10217 = B_SPLINE_CURVE_WITH_KNOTS('',1,(#10218,#10219),.UNSPECIFIED.,
  .F.,.F.,(2,2),(-18.,-1.2),.PIECEWISE_BEZIER_KNOTS.);
#10218 = CARTESIAN_POINT('',(1.5,-18.));
#10219 = CARTESIAN_POINT('',(1.5,-1.2));
#10220 = ( GEOMETRIC_REPRESENTATION_CONTEXT(2) 
PARAMETRIC_REPRESENTATION_CONTEXT() REPRESENTATION_CONTEXT('2D SPACE',''
  ) );
#10221 = PCURVE('',#6161,#10222);
#10222 = DEFINITIONAL_REPRESENTATION('',(#10223),#10226);
#10223 = B_SPLINE_CURVE_WITH_KNOTS('',1,(#10224,#10225),.UNSPECIFIED.,
  .F.,.F.,(2,2),(-18.,-1.2),.PIECEWISE_BEZIER_KNOTS.);
#10224 = CARTESIAN_POINT('',(18.,-1.5));
#10225 = CARTESIAN_POINT('',(1.2,-1.5));
#10226 = ( GEOMETRIC_REPRESENTATION_CONTEXT(2) 
PARAMETRIC_REPRESENTATION_CONTEXT() REPRESENTATION_CONTEXT('2D SPACE',''
  ) );
#10227 = ADVANCED_FACE('',(#10228),#5221,.T.);
#10228 = FACE_BOUND('',#10229,.T.);
#10229 = EDGE_LOOP('',(#10230,#10253,#10272,#10273,#10274,#10293));
#10230 = ORIENTED_EDGE('',*,*,#10231,.F.);
#10231 = EDGE_CURVE('',#10232,#6076,#10234,.T.);
#10232 = VERTEX_POINT('',#10233);
#10233 = CARTESIAN_POINT('',(60.,17.7,-6.5));
#10234 = SURFACE_CURVE('',#10235,(#10239,#10246),.PCURVE_S1.);
#10235 = LINE('',#10236,#10237);
#10236 = CARTESIAN_POINT('',(57.2,17.7,-6.5));
#10237 = VECTOR('',#10238,1.);
#10238 = DIRECTION('',(1.,0.,0.));
#10239 = PCURVE('',#5221,#10240);
#10240 = DEFINITIONAL_REPRESENTATION('',(#10241),#10245);
#10241 = LINE('',#10242,#10243);
#10242 = CARTESIAN_POINT('',(24.,0.));
#10243 = VECTOR('',#10244,1.);
#10244 = DIRECTION('',(0.,-1.));
#10245 = ( GEOMETRIC_REPRESENTATION_CONTEXT(2) 
PARAMETRIC_REPRESENTATION_CONTEXT() REPRESENTATION_CONTEXT('2D SPACE',''
  ) );
#10246 = PCURVE('',#6090,#10247);
#10247 = DEFINITIONAL_REPRESENTATION('',(#10248),#10252);
#10248 = LINE('',#10249,#10250);
#10249 = CARTESIAN_POINT('',(0.,0.));
#10250 = VECTOR('',#10251,1.);
#10251 = DIRECTION('',(0.,-1.));
#10252 = ( GEOMETRIC_REPRESENTATION_CONTEXT(2) 
PARAMETRIC_REPRESENTATION_CONTEXT() REPRESENTATION_CONTEXT('2D SPACE',''
  ) );
#10253 = ORIENTED_EDGE('',*,*,#10254,.T.);
#10254 = EDGE_CURVE('',#10232,#5181,#10255,.T.);
#10255 = SURFACE_CURVE('',#10256,(#10260,#10266),.PCURVE_S1.);
#10256 = LINE('',#10257,#10258);
#10257 = CARTESIAN_POINT('',(60.,-0.3,-6.5));
#10258 = VECTOR('',#10259,1.);
#10259 = DIRECTION('',(0.,-1.,0.));
#10260 = PCURVE('',#5221,#10261);
#10261 = DEFINITIONAL_REPRESENTATION('',(#10262),#10265);
#10262 = B_SPLINE_CURVE_WITH_KNOTS('',1,(#10263,#10264),.UNSPECIFIED.,
  .F.,.F.,(2,2),(-18.,-17.9),.PIECEWISE_BEZIER_KNOTS.);
#10263 = CARTESIAN_POINT('',(24.,-2.8));
#10264 = CARTESIAN_POINT('',(23.9,-2.8));
#10265 = ( GEOMETRIC_REPRESENTATION_CONTEXT(2) 
PARAMETRIC_REPRESENTATION_CONTEXT() REPRESENTATION_CONTEXT('2D SPACE',''
  ) );
#10266 = PCURVE('',#5195,#10267);
#10267 = DEFINITIONAL_REPRESENTATION('',(#10268),#10271);
#10268 = B_SPLINE_CURVE_WITH_KNOTS('',1,(#10269,#10270),.UNSPECIFIED.,
  .F.,.F.,(2,2),(-18.,-17.9),.PIECEWISE_BEZIER_KNOTS.);
#10269 = CARTESIAN_POINT('',(-6.5,-12.));
#10270 = CARTESIAN_POINT('',(-6.5,-11.9));
#10271 = ( GEOMETRIC_REPRESENTATION_CONTEXT(2) 
PARAMETRIC_REPRESENTATION_CONTEXT() REPRESENTATION_CONTEXT('2D SPACE',''
  ) );
#10272 = ORIENTED_EDGE('',*,*,#5206,.F.);
#10273 = ORIENTED_EDGE('',*,*,#10167,.T.);
#10274 = ORIENTED_EDGE('',*,*,#10275,.T.);
#10275 = EDGE_CURVE('',#10168,#6102,#10276,.T.);
#10276 = SURFACE_CURVE('',#10277,(#10281,#10287),.PCURVE_S1.);
#10277 = LINE('',#10278,#10279);
#10278 = CARTESIAN_POINT('',(57.2,1.7,-6.5));
#10279 = VECTOR('',#10280,1.);
#10280 = DIRECTION('',(1.,0.,-0.));
#10281 = PCURVE('',#5221,#10282);
#10282 = DEFINITIONAL_REPRESENTATION('',(#10283),#10286);
#10283 = B_SPLINE_CURVE_WITH_KNOTS('',1,(#10284,#10285),.UNSPECIFIED.,
  .F.,.F.,(2,2),(1.5,4.5),.PIECEWISE_BEZIER_KNOTS.);
#10284 = CARTESIAN_POINT('',(8.,-1.5));
#10285 = CARTESIAN_POINT('',(8.,-4.5));
#10286 = ( GEOMETRIC_REPRESENTATION_CONTEXT(2) 
PARAMETRIC_REPRESENTATION_CONTEXT() REPRESENTATION_CONTEXT('2D SPACE',''
  ) );
#10287 = PCURVE('',#6137,#10288);
#10288 = DEFINITIONAL_REPRESENTATION('',(#10289),#10292);
#10289 = B_SPLINE_CURVE_WITH_KNOTS('',1,(#10290,#10291),.UNSPECIFIED.,
  .F.,.F.,(2,2),(1.5,4.5),.PIECEWISE_BEZIER_KNOTS.);
#10290 = CARTESIAN_POINT('',(3.,-1.5));
#10291 = CARTESIAN_POINT('',(3.,-4.5));
#10292 = ( GEOMETRIC_REPRESENTATION_CONTEXT(2) 
PARAMETRIC_REPRESENTATION_CONTEXT() REPRESENTATION_CONTEXT('2D SPACE',''
  ) );
#10293 = ORIENTED_EDGE('',*,*,#6101,.F.);
#10294 = ADVANCED_FACE('',(#10295),#5195,.T.);
#10295 = FACE_BOUND('',#10296,.T.);
#10296 = EDGE_LOOP('',(#10297,#10318,#10319,#10320));
#10297 = ORIENTED_EDGE('',*,*,#10298,.F.);
#10298 = EDGE_CURVE('',#5155,#10299,#10301,.T.);
#10299 = VERTEX_POINT('',#10300);
#10300 = CARTESIAN_POINT('',(60.,17.7,6.5));
#10301 = SURFACE_CURVE('',#10302,(#10306,#10312),.PCURVE_S1.);
#10302 = LINE('',#10303,#10304);
#10303 = CARTESIAN_POINT('',(60.,11.7,6.5));
#10304 = VECTOR('',#10305,1.);
#10305 = DIRECTION('',(-0.,1.,0.));
#10306 = PCURVE('',#5195,#10307);
#10307 = DEFINITIONAL_REPRESENTATION('',(#10308),#10311);
#10308 = B_SPLINE_CURVE_WITH_KNOTS('',1,(#10309,#10310),.UNSPECIFIED.,
  .F.,.F.,(2,2),(5.9,6.),.PIECEWISE_BEZIER_KNOTS.);
#10309 = CARTESIAN_POINT('',(6.5,-11.9));
#10310 = CARTESIAN_POINT('',(6.5,-12.));
#10311 = ( GEOMETRIC_REPRESENTATION_CONTEXT(2) 
PARAMETRIC_REPRESENTATION_CONTEXT() REPRESENTATION_CONTEXT('2D SPACE',''
  ) );
#10312 = PCURVE('',#5169,#10313);
#10313 = DEFINITIONAL_REPRESENTATION('',(#10314),#10317);
#10314 = B_SPLINE_CURVE_WITH_KNOTS('',1,(#10315,#10316),.UNSPECIFIED.,
  .F.,.F.,(2,2),(5.9,6.),.PIECEWISE_BEZIER_KNOTS.);
#10315 = CARTESIAN_POINT('',(1.E-01,-2.8));
#10316 = CARTESIAN_POINT('',(0.,-2.8));
#10317 = ( GEOMETRIC_REPRESENTATION_CONTEXT(2) 
PARAMETRIC_REPRESENTATION_CONTEXT() REPRESENTATION_CONTEXT('2D SPACE',''
  ) );
#10318 = ORIENTED_EDGE('',*,*,#5180,.T.);
#10319 = ORIENTED_EDGE('',*,*,#10254,.F.);
#10320 = ORIENTED_EDGE('',*,*,#10321,.F.);
#10321 = EDGE_CURVE('',#10299,#10232,#10322,.T.);
#10322 = SURFACE_CURVE('',#10323,(#10327,#10333),.PCURVE_S1.);
#10323 = LINE('',#10324,#10325);
#10324 = CARTESIAN_POINT('',(60.,17.7,-3.25));
#10325 = VECTOR('',#10326,1.);
#10326 = DIRECTION('',(0.,0.,-1.));
#10327 = PCURVE('',#5195,#10328);
#10328 = DEFINITIONAL_REPRESENTATION('',(#10329),#10332);
#10329 = B_SPLINE_CURVE_WITH_KNOTS('',1,(#10330,#10331),.UNSPECIFIED.,
  .F.,.F.,(2,2),(-9.75,3.25),.PIECEWISE_BEZIER_KNOTS.);
#10330 = CARTESIAN_POINT('',(6.5,-12.));
#10331 = CARTESIAN_POINT('',(-6.5,-12.));
#10332 = ( GEOMETRIC_REPRESENTATION_CONTEXT(2) 
PARAMETRIC_REPRESENTATION_CONTEXT() REPRESENTATION_CONTEXT('2D SPACE',''
  ) );
#10333 = PCURVE('',#6090,#10334);
#10334 = DEFINITIONAL_REPRESENTATION('',(#10335),#10338);
#10335 = B_SPLINE_CURVE_WITH_KNOTS('',1,(#10336,#10337),.UNSPECIFIED.,
  .F.,.F.,(2,2),(-9.75,3.25),.PIECEWISE_BEZIER_KNOTS.);
#10336 = CARTESIAN_POINT('',(13.,-2.8));
#10337 = CARTESIAN_POINT('',(0.,-2.8));
#10338 = ( GEOMETRIC_REPRESENTATION_CONTEXT(2) 
PARAMETRIC_REPRESENTATION_CONTEXT() REPRESENTATION_CONTEXT('2D SPACE',''
  ) );
#10339 = ADVANCED_FACE('',(#10340),#5169,.T.);
#10340 = FACE_BOUND('',#10341,.T.);
#10341 = EDGE_LOOP('',(#10342,#10365,#10384,#10385,#10386,#10407));
#10342 = ORIENTED_EDGE('',*,*,#10343,.F.);
#10343 = EDGE_CURVE('',#10344,#6029,#10346,.T.);
#10344 = VERTEX_POINT('',#10345);
#10345 = CARTESIAN_POINT('',(58.7,-6.3,6.5));
#10346 = SURFACE_CURVE('',#10347,(#10351,#10358),.PCURVE_S1.);
#10347 = LINE('',#10348,#10349);
#10348 = CARTESIAN_POINT('',(57.2,-6.3,6.5));
#10349 = VECTOR('',#10350,1.);
#10350 = DIRECTION('',(1.,0.,0.));
#10351 = PCURVE('',#5169,#10352);
#10352 = DEFINITIONAL_REPRESENTATION('',(#10353),#10357);
#10353 = LINE('',#10354,#10355);
#10354 = CARTESIAN_POINT('',(24.,0.));
#10355 = VECTOR('',#10356,1.);
#10356 = DIRECTION('',(0.,-1.));
#10357 = ( GEOMETRIC_REPRESENTATION_CONTEXT(2) 
PARAMETRIC_REPRESENTATION_CONTEXT() REPRESENTATION_CONTEXT('2D SPACE',''
  ) );
#10358 = PCURVE('',#6043,#10359);
#10359 = DEFINITIONAL_REPRESENTATION('',(#10360),#10364);
#10360 = LINE('',#10361,#10362);
#10361 = CARTESIAN_POINT('',(0.,0.));
#10362 = VECTOR('',#10363,1.);
#10363 = DIRECTION('',(0.,-1.));
#10364 = ( GEOMETRIC_REPRESENTATION_CONTEXT(2) 
PARAMETRIC_REPRESENTATION_CONTEXT() REPRESENTATION_CONTEXT('2D SPACE',''
  ) );
#10365 = ORIENTED_EDGE('',*,*,#10366,.T.);
#10366 = EDGE_CURVE('',#10344,#5129,#10367,.T.);
#10367 = SURFACE_CURVE('',#10368,(#10372,#10378),.PCURVE_S1.);
#10368 = LINE('',#10369,#10370);
#10369 = CARTESIAN_POINT('',(58.7,0.7,6.5));
#10370 = VECTOR('',#10371,1.);
#10371 = DIRECTION('',(-0.,1.,0.));
#10372 = PCURVE('',#5169,#10373);
#10373 = DEFINITIONAL_REPRESENTATION('',(#10374),#10377);
#10374 = B_SPLINE_CURVE_WITH_KNOTS('',1,(#10375,#10376),.UNSPECIFIED.,
  .F.,.F.,(2,2),(-7.,17.),.PIECEWISE_BEZIER_KNOTS.);
#10375 = CARTESIAN_POINT('',(24.,-1.5));
#10376 = CARTESIAN_POINT('',(0.,-1.5));
#10377 = ( GEOMETRIC_REPRESENTATION_CONTEXT(2) 
PARAMETRIC_REPRESENTATION_CONTEXT() REPRESENTATION_CONTEXT('2D SPACE',''
  ) );
#10378 = PCURVE('',#5143,#10379);
#10379 = DEFINITIONAL_REPRESENTATION('',(#10380),#10383);
#10380 = B_SPLINE_CURVE_WITH_KNOTS('',1,(#10381,#10382),.UNSPECIFIED.,
  .F.,.F.,(2,2),(-7.,17.),.PIECEWISE_BEZIER_KNOTS.);
#10381 = CARTESIAN_POINT('',(17.5,-10.));
#10382 = CARTESIAN_POINT('',(17.5,-34.));
#10383 = ( GEOMETRIC_REPRESENTATION_CONTEXT(2) 
PARAMETRIC_REPRESENTATION_CONTEXT() REPRESENTATION_CONTEXT('2D SPACE',''
  ) );
#10384 = ORIENTED_EDGE('',*,*,#5154,.F.);
#10385 = ORIENTED_EDGE('',*,*,#10298,.T.);
#10386 = ORIENTED_EDGE('',*,*,#10387,.T.);
#10387 = EDGE_CURVE('',#10299,#6055,#10388,.T.);
#10388 = SURFACE_CURVE('',#10389,(#10393,#10400),.PCURVE_S1.);
#10389 = LINE('',#10390,#10391);
#10390 = CARTESIAN_POINT('',(57.2,17.7,6.5));
#10391 = VECTOR('',#10392,1.);
#10392 = DIRECTION('',(1.,0.,0.));
#10393 = PCURVE('',#5169,#10394);
#10394 = DEFINITIONAL_REPRESENTATION('',(#10395),#10399);
#10395 = LINE('',#10396,#10397);
#10396 = CARTESIAN_POINT('',(0.,-0.));
#10397 = VECTOR('',#10398,1.);
#10398 = DIRECTION('',(0.,-1.));
#10399 = ( GEOMETRIC_REPRESENTATION_CONTEXT(2) 
PARAMETRIC_REPRESENTATION_CONTEXT() REPRESENTATION_CONTEXT('2D SPACE',''
  ) );
#10400 = PCURVE('',#6090,#10401);
#10401 = DEFINITIONAL_REPRESENTATION('',(#10402),#10406);
#10402 = LINE('',#10403,#10404);
#10403 = CARTESIAN_POINT('',(13.,0.));
#10404 = VECTOR('',#10405,1.);
#10405 = DIRECTION('',(0.,-1.));
#10406 = ( GEOMETRIC_REPRESENTATION_CONTEXT(2) 
PARAMETRIC_REPRESENTATION_CONTEXT() REPRESENTATION_CONTEXT('2D SPACE',''
  ) );
#10407 = ORIENTED_EDGE('',*,*,#6054,.F.);
#10408 = ADVANCED_FACE('',(#10409,#10504),#5143,.F.);
#10409 = FACE_BOUND('',#10410,.F.);
#10410 = EDGE_LOOP('',(#10411,#10412,#10413,#10436,#10464,#10485));
#10411 = ORIENTED_EDGE('',*,*,#10366,.T.);
#10412 = ORIENTED_EDGE('',*,*,#5128,.F.);
#10413 = ORIENTED_EDGE('',*,*,#10414,.F.);
#10414 = EDGE_CURVE('',#10415,#5100,#10417,.T.);
#10415 = VERTEX_POINT('',#10416);
#10416 = CARTESIAN_POINT('',(58.7,-15.1,9.8));
#10417 = SURFACE_CURVE('',#10418,(#10422,#10429),.PCURVE_S1.);
#10418 = LINE('',#10419,#10420);
#10419 = CARTESIAN_POINT('',(58.7,-16.3,9.8));
#10420 = VECTOR('',#10421,1.);
#10421 = DIRECTION('',(0.,1.,0.));
#10422 = PCURVE('',#5143,#10423);
#10423 = DEFINITIONAL_REPRESENTATION('',(#10424),#10428);
#10424 = LINE('',#10425,#10426);
#10425 = CARTESIAN_POINT('',(20.8,0.));
#10426 = VECTOR('',#10427,1.);
#10427 = DIRECTION('',(0.,-1.));
#10428 = ( GEOMETRIC_REPRESENTATION_CONTEXT(2) 
PARAMETRIC_REPRESENTATION_CONTEXT() REPRESENTATION_CONTEXT('2D SPACE',''
  ) );
#10429 = PCURVE('',#5116,#10430);
#10430 = DEFINITIONAL_REPRESENTATION('',(#10431),#10435);
#10431 = LINE('',#10432,#10433);
#10432 = CARTESIAN_POINT('',(0.,0.));
#10433 = VECTOR('',#10434,1.);
#10434 = DIRECTION('',(0.,1.));
#10435 = ( GEOMETRIC_REPRESENTATION_CONTEXT(2) 
PARAMETRIC_REPRESENTATION_CONTEXT() REPRESENTATION_CONTEXT('2D SPACE',''
  ) );
#10436 = ORIENTED_EDGE('',*,*,#10437,.F.);
#10437 = EDGE_CURVE('',#10438,#10415,#10440,.T.);
#10438 = VERTEX_POINT('',#10439);
#10439 = CARTESIAN_POINT('',(58.7,-15.1,0.5));
#10440 = SURFACE_CURVE('',#10441,(#10445,#10452),.PCURVE_S1.);
#10441 = LINE('',#10442,#10443);
#10442 = CARTESIAN_POINT('',(58.7,-15.1,-11.));
#10443 = VECTOR('',#10444,1.);
#10444 = DIRECTION('',(0.,0.,1.));
#10445 = PCURVE('',#5143,#10446);
#10446 = DEFINITIONAL_REPRESENTATION('',(#10447),#10451);
#10447 = LINE('',#10448,#10449);
#10448 = CARTESIAN_POINT('',(0.,-1.2));
#10449 = VECTOR('',#10450,1.);
#10450 = DIRECTION('',(1.,0.));
#10451 = ( GEOMETRIC_REPRESENTATION_CONTEXT(2) 
PARAMETRIC_REPRESENTATION_CONTEXT() REPRESENTATION_CONTEXT('2D SPACE',''
  ) );
#10452 = PCURVE('',#10453,#10458);
#10453 = CYLINDRICAL_SURFACE('',#10454,1.2);
#10454 = AXIS2_PLACEMENT_3D('',#10455,#10456,#10457);
#10455 = CARTESIAN_POINT('',(59.9,-15.1,-11.));
#10456 = DIRECTION('',(0.,0.,1.));
#10457 = DIRECTION('',(-1.,-0.,0.));
#10458 = DEFINITIONAL_REPRESENTATION('',(#10459),#10463);
#10459 = LINE('',#10460,#10461);
#10460 = CARTESIAN_POINT('',(0.,0.));
#10461 = VECTOR('',#10462,1.);
#10462 = DIRECTION('',(0.,1.));
#10463 = ( GEOMETRIC_REPRESENTATION_CONTEXT(2) 
PARAMETRIC_REPRESENTATION_CONTEXT() REPRESENTATION_CONTEXT('2D SPACE',''
  ) );
#10464 = ORIENTED_EDGE('',*,*,#10465,.T.);
#10465 = EDGE_CURVE('',#10438,#10466,#10468,.T.);
#10466 = VERTEX_POINT('',#10467);
#10467 = CARTESIAN_POINT('',(58.7,-6.3,0.5));
#10468 = SURFACE_CURVE('',#10469,(#10473,#10479),.PCURVE_S1.);
#10469 = LINE('',#10470,#10471);
#10470 = CARTESIAN_POINT('',(58.7,-7.3,0.5));
#10471 = VECTOR('',#10472,1.);
#10472 = DIRECTION('',(-0.,1.,0.));
#10473 = PCURVE('',#5143,#10474);
#10474 = DEFINITIONAL_REPRESENTATION('',(#10475),#10478);
#10475 = B_SPLINE_CURVE_WITH_KNOTS('',1,(#10476,#10477),.UNSPECIFIED.,
  .F.,.F.,(2,2),(-7.8,9.),.PIECEWISE_BEZIER_KNOTS.);
#10476 = CARTESIAN_POINT('',(11.5,-1.2));
#10477 = CARTESIAN_POINT('',(11.5,-18.));
#10478 = ( GEOMETRIC_REPRESENTATION_CONTEXT(2) 
PARAMETRIC_REPRESENTATION_CONTEXT() REPRESENTATION_CONTEXT('2D SPACE',''
  ) );
#10479 = PCURVE('',#6017,#10480);
#10480 = DEFINITIONAL_REPRESENTATION('',(#10481),#10484);
#10481 = B_SPLINE_CURVE_WITH_KNOTS('',1,(#10482,#10483),.UNSPECIFIED.,
  .F.,.F.,(2,2),(-7.8,9.),.PIECEWISE_BEZIER_KNOTS.);
#10482 = CARTESIAN_POINT('',(16.8,-1.5));
#10483 = CARTESIAN_POINT('',(0.,-1.5));
#10484 = ( GEOMETRIC_REPRESENTATION_CONTEXT(2) 
PARAMETRIC_REPRESENTATION_CONTEXT() REPRESENTATION_CONTEXT('2D SPACE',''
  ) );
#10485 = ORIENTED_EDGE('',*,*,#10486,.T.);
#10486 = EDGE_CURVE('',#10466,#10344,#10487,.T.);
#10487 = SURFACE_CURVE('',#10488,(#10492,#10498),.PCURVE_S1.);
#10488 = LINE('',#10489,#10490);
#10489 = CARTESIAN_POINT('',(58.7,-6.3,-2.25));
#10490 = VECTOR('',#10491,1.);
#10491 = DIRECTION('',(0.,-0.,1.));
#10492 = PCURVE('',#5143,#10493);
#10493 = DEFINITIONAL_REPRESENTATION('',(#10494),#10497);
#10494 = B_SPLINE_CURVE_WITH_KNOTS('',1,(#10495,#10496),.UNSPECIFIED.,
  .F.,.F.,(2,2),(-4.25,8.75),.PIECEWISE_BEZIER_KNOTS.);
#10495 = CARTESIAN_POINT('',(4.5,-10.));
#10496 = CARTESIAN_POINT('',(17.5,-10.));
#10497 = ( GEOMETRIC_REPRESENTATION_CONTEXT(2) 
PARAMETRIC_REPRESENTATION_CONTEXT() REPRESENTATION_CONTEXT('2D SPACE',''
  ) );
#10498 = PCURVE('',#6043,#10499);
#10499 = DEFINITIONAL_REPRESENTATION('',(#10500),#10503);
#10500 = B_SPLINE_CURVE_WITH_KNOTS('',1,(#10501,#10502),.UNSPECIFIED.,
  .F.,.F.,(2,2),(-4.25,8.75),.PIECEWISE_BEZIER_KNOTS.);
#10501 = CARTESIAN_POINT('',(13.,-1.5));
#10502 = CARTESIAN_POINT('',(0.,-1.5));
#10503 = ( GEOMETRIC_REPRESENTATION_CONTEXT(2) 
PARAMETRIC_REPRESENTATION_CONTEXT() REPRESENTATION_CONTEXT('2D SPACE',''
  ) );
#10504 = FACE_BOUND('',#10505,.F.);
#10505 = EDGE_LOOP('',(#10506));
#10506 = ORIENTED_EDGE('',*,*,#10507,.T.);
#10507 = EDGE_CURVE('',#10508,#10508,#10510,.T.);
#10508 = VERTEX_POINT('',#10509);
#10509 = CARTESIAN_POINT('',(58.7,-6.95,3.5));
#10510 = SURFACE_CURVE('',#10511,(#10516,#10527),.PCURVE_S1.);
#10511 = CIRCLE('',#10512,1.35);
#10512 = AXIS2_PLACEMENT_3D('',#10513,#10514,#10515);
#10513 = CARTESIAN_POINT('',(58.7,-8.3,3.5));
#10514 = DIRECTION('',(-1.,1.110223024625E-16,-1.232595164408E-32));
#10515 = DIRECTION('',(1.110223024625E-16,1.,-1.110223024625E-16));
#10516 = PCURVE('',#5143,#10517);
#10517 = DEFINITIONAL_REPRESENTATION('',(#10518),#10526);
#10518 = ( BOUNDED_CURVE() B_SPLINE_CURVE(2,(#10519,#10520,#10521,#10522
    ,#10523,#10524,#10525),.UNSPECIFIED.,.T.,.F.) 
B_SPLINE_CURVE_WITH_KNOTS((1,2,2,2,2,1),(-2.094395102393,0.,
    2.094395102393,4.188790204786,6.28318530718,8.377580409573),
.UNSPECIFIED.) CURVE() GEOMETRIC_REPRESENTATION_ITEM() 
RATIONAL_B_SPLINE_CURVE((1.,0.5,1.,0.5,1.,0.5,1.)) REPRESENTATION_ITEM(
  '') );
#10519 = CARTESIAN_POINT('',(14.5,-9.35));
#10520 = CARTESIAN_POINT('',(12.161731409782,-9.35));
#10521 = CARTESIAN_POINT('',(13.330865704891,-7.325));
#10522 = CARTESIAN_POINT('',(14.5,-5.3));
#10523 = CARTESIAN_POINT('',(15.669134295109,-7.325));
#10524 = CARTESIAN_POINT('',(16.838268590218,-9.35));
#10525 = CARTESIAN_POINT('',(14.5,-9.35));
#10526 = ( GEOMETRIC_REPRESENTATION_CONTEXT(2) 
PARAMETRIC_REPRESENTATION_CONTEXT() REPRESENTATION_CONTEXT('2D SPACE',''
  ) );
#10527 = PCURVE('',#6255,#10528);
#10528 = DEFINITIONAL_REPRESENTATION('',(#10529),#10533);
#10529 = LINE('',#10530,#10531);
#10530 = CARTESIAN_POINT('',(-6.28318530718,-3.2));
#10531 = VECTOR('',#10532,1.);
#10532 = DIRECTION('',(1.,-0.));
#10533 = ( GEOMETRIC_REPRESENTATION_CONTEXT(2) 
PARAMETRIC_REPRESENTATION_CONTEXT() REPRESENTATION_CONTEXT('2D SPACE',''
  ) );
#10534 = ADVANCED_FACE('',(#10535),#5116,.T.);
#10535 = FACE_BOUND('',#10536,.T.);
#10536 = EDGE_LOOP('',(#10537,#10566,#10587,#10588));
#10537 = ORIENTED_EDGE('',*,*,#10538,.F.);
#10538 = EDGE_CURVE('',#10539,#10415,#10541,.T.);
#10539 = VERTEX_POINT('',#10540);
#10540 = CARTESIAN_POINT('',(59.9,-15.1,11.));
#10541 = SURFACE_CURVE('',#10542,(#10547,#10554),.PCURVE_S1.);
#10542 = CIRCLE('',#10543,1.2);
#10543 = AXIS2_PLACEMENT_3D('',#10544,#10545,#10546);
#10544 = CARTESIAN_POINT('',(59.9,-15.1,9.8));
#10545 = DIRECTION('',(0.,-1.,0.));
#10546 = DIRECTION('',(-1.,0.,0.));
#10547 = PCURVE('',#5116,#10548);
#10548 = DEFINITIONAL_REPRESENTATION('',(#10549),#10553);
#10549 = LINE('',#10550,#10551);
#10550 = CARTESIAN_POINT('',(6.28318530718,1.2));
#10551 = VECTOR('',#10552,1.);
#10552 = DIRECTION('',(-1.,-0.));
#10553 = ( GEOMETRIC_REPRESENTATION_CONTEXT(2) 
PARAMETRIC_REPRESENTATION_CONTEXT() REPRESENTATION_CONTEXT('2D SPACE',''
  ) );
#10554 = PCURVE('',#10555,#10560);
#10555 = SPHERICAL_SURFACE('',#10556,1.2);
#10556 = AXIS2_PLACEMENT_3D('',#10557,#10558,#10559);
#10557 = CARTESIAN_POINT('',(59.9,-15.1,9.8));
#10558 = DIRECTION('',(-0.,-0.,-1.));
#10559 = DIRECTION('',(-1.,0.,0.));
#10560 = DEFINITIONAL_REPRESENTATION('',(#10561),#10565);
#10561 = LINE('',#10562,#10563);
#10562 = CARTESIAN_POINT('',(-0.,-6.28318530718));
#10563 = VECTOR('',#10564,1.);
#10564 = DIRECTION('',(-0.,1.));
#10565 = ( GEOMETRIC_REPRESENTATION_CONTEXT(2) 
PARAMETRIC_REPRESENTATION_CONTEXT() REPRESENTATION_CONTEXT('2D SPACE',''
  ) );
#10566 = ORIENTED_EDGE('',*,*,#10567,.T.);
#10567 = EDGE_CURVE('',#10539,#5074,#10568,.T.);
#10568 = SURFACE_CURVE('',#10569,(#10573,#10580),.PCURVE_S1.);
#10569 = LINE('',#10570,#10571);
#10570 = CARTESIAN_POINT('',(59.9,-16.3,11.));
#10571 = VECTOR('',#10572,1.);
#10572 = DIRECTION('',(0.,1.,0.));
#10573 = PCURVE('',#5116,#10574);
#10574 = DEFINITIONAL_REPRESENTATION('',(#10575),#10579);
#10575 = LINE('',#10576,#10577);
#10576 = CARTESIAN_POINT('',(1.570796326795,0.));
#10577 = VECTOR('',#10578,1.);
#10578 = DIRECTION('',(0.,1.));
#10579 = ( GEOMETRIC_REPRESENTATION_CONTEXT(2) 
PARAMETRIC_REPRESENTATION_CONTEXT() REPRESENTATION_CONTEXT('2D SPACE',''
  ) );
#10580 = PCURVE('',#5088,#10581);
#10581 = DEFINITIONAL_REPRESENTATION('',(#10582),#10586);
#10582 = LINE('',#10583,#10584);
#10583 = CARTESIAN_POINT('',(1.2,0.));
#10584 = VECTOR('',#10585,1.);
#10585 = DIRECTION('',(0.,1.));
#10586 = ( GEOMETRIC_REPRESENTATION_CONTEXT(2) 
PARAMETRIC_REPRESENTATION_CONTEXT() REPRESENTATION_CONTEXT('2D SPACE',''
  ) );
#10587 = ORIENTED_EDGE('',*,*,#5099,.F.);
#10588 = ORIENTED_EDGE('',*,*,#10414,.F.);
#10589 = ADVANCED_FACE('',(#10590),#5088,.T.);
#10590 = FACE_BOUND('',#10591,.T.);
#10591 = EDGE_LOOP('',(#10592,#10593,#10621,#10642));
#10592 = ORIENTED_EDGE('',*,*,#10567,.F.);
#10593 = ORIENTED_EDGE('',*,*,#10594,.T.);
#10594 = EDGE_CURVE('',#10539,#10595,#10597,.T.);
#10595 = VERTEX_POINT('',#10596);
#10596 = CARTESIAN_POINT('',(60.5,-15.1,11.));
#10597 = SURFACE_CURVE('',#10598,(#10602,#10609),.PCURVE_S1.);
#10598 = LINE('',#10599,#10600);
#10599 = CARTESIAN_POINT('',(58.7,-15.1,11.));
#10600 = VECTOR('',#10601,1.);
#10601 = DIRECTION('',(1.,0.,0.));
#10602 = PCURVE('',#5088,#10603);
#10603 = DEFINITIONAL_REPRESENTATION('',(#10604),#10608);
#10604 = LINE('',#10605,#10606);
#10605 = CARTESIAN_POINT('',(0.,1.2));
#10606 = VECTOR('',#10607,1.);
#10607 = DIRECTION('',(1.,0.));
#10608 = ( GEOMETRIC_REPRESENTATION_CONTEXT(2) 
PARAMETRIC_REPRESENTATION_CONTEXT() REPRESENTATION_CONTEXT('2D SPACE',''
  ) );
#10609 = PCURVE('',#10610,#10615);
#10610 = CYLINDRICAL_SURFACE('',#10611,1.2);
#10611 = AXIS2_PLACEMENT_3D('',#10612,#10613,#10614);
#10612 = CARTESIAN_POINT('',(58.7,-15.1,9.8));
#10613 = DIRECTION('',(1.,0.,0.));
#10614 = DIRECTION('',(0.,-1.,0.));
#10615 = DEFINITIONAL_REPRESENTATION('',(#10616),#10620);
#10616 = LINE('',#10617,#10618);
#10617 = CARTESIAN_POINT('',(-1.570796326795,0.));
#10618 = VECTOR('',#10619,1.);
#10619 = DIRECTION('',(-0.,1.));
#10620 = ( GEOMETRIC_REPRESENTATION_CONTEXT(2) 
PARAMETRIC_REPRESENTATION_CONTEXT() REPRESENTATION_CONTEXT('2D SPACE',''
  ) );
#10621 = ORIENTED_EDGE('',*,*,#10622,.T.);
#10622 = EDGE_CURVE('',#10595,#5045,#10623,.T.);
#10623 = SURFACE_CURVE('',#10624,(#10628,#10635),.PCURVE_S1.);
#10624 = LINE('',#10625,#10626);
#10625 = CARTESIAN_POINT('',(60.5,-16.3,11.));
#10626 = VECTOR('',#10627,1.);
#10627 = DIRECTION('',(0.,1.,0.));
#10628 = PCURVE('',#5088,#10629);
#10629 = DEFINITIONAL_REPRESENTATION('',(#10630),#10634);
#10630 = LINE('',#10631,#10632);
#10631 = CARTESIAN_POINT('',(1.8,0.));
#10632 = VECTOR('',#10633,1.);
#10633 = DIRECTION('',(0.,1.));
#10634 = ( GEOMETRIC_REPRESENTATION_CONTEXT(2) 
PARAMETRIC_REPRESENTATION_CONTEXT() REPRESENTATION_CONTEXT('2D SPACE',''
  ) );
#10635 = PCURVE('',#5061,#10636);
#10636 = DEFINITIONAL_REPRESENTATION('',(#10637),#10641);
#10637 = LINE('',#10638,#10639);
#10638 = CARTESIAN_POINT('',(-1.570796326795,0.));
#10639 = VECTOR('',#10640,1.);
#10640 = DIRECTION('',(-0.,1.));
#10641 = ( GEOMETRIC_REPRESENTATION_CONTEXT(2) 
PARAMETRIC_REPRESENTATION_CONTEXT() REPRESENTATION_CONTEXT('2D SPACE',''
  ) );
#10642 = ORIENTED_EDGE('',*,*,#5073,.F.);
#10643 = ADVANCED_FACE('',(#10644),#5061,.T.);
#10644 = FACE_BOUND('',#10645,.F.);
#10645 = EDGE_LOOP('',(#10646,#10673,#10674,#10675));
#10646 = ORIENTED_EDGE('',*,*,#10647,.F.);
#10647 = EDGE_CURVE('',#10595,#5952,#10648,.T.);
#10648 = SURFACE_CURVE('',#10649,(#10654,#10661),.PCURVE_S1.);
#10649 = CIRCLE('',#10650,1.2);
#10650 = AXIS2_PLACEMENT_3D('',#10651,#10652,#10653);
#10651 = CARTESIAN_POINT('',(60.5,-15.1,9.8));
#10652 = DIRECTION('',(-0.,1.,0.));
#10653 = DIRECTION('',(1.,0.,0.));
#10654 = PCURVE('',#5061,#10655);
#10655 = DEFINITIONAL_REPRESENTATION('',(#10656),#10660);
#10656 = LINE('',#10657,#10658);
#10657 = CARTESIAN_POINT('',(-6.28318530718,1.2));
#10658 = VECTOR('',#10659,1.);
#10659 = DIRECTION('',(1.,-0.));
#10660 = ( GEOMETRIC_REPRESENTATION_CONTEXT(2) 
PARAMETRIC_REPRESENTATION_CONTEXT() REPRESENTATION_CONTEXT('2D SPACE',''
  ) );
#10661 = PCURVE('',#10662,#10667);
#10662 = SPHERICAL_SURFACE('',#10663,1.2);
#10663 = AXIS2_PLACEMENT_3D('',#10664,#10665,#10666);
#10664 = CARTESIAN_POINT('',(60.5,-15.1,9.8));
#10665 = DIRECTION('',(-0.,-0.,-1.));
#10666 = DIRECTION('',(1.,0.,0.));
#10667 = DEFINITIONAL_REPRESENTATION('',(#10668),#10672);
#10668 = LINE('',#10669,#10670);
#10669 = CARTESIAN_POINT('',(0.,-6.28318530718));
#10670 = VECTOR('',#10671,1.);
#10671 = DIRECTION('',(0.,1.));
#10672 = ( GEOMETRIC_REPRESENTATION_CONTEXT(2) 
PARAMETRIC_REPRESENTATION_CONTEXT() REPRESENTATION_CONTEXT('2D SPACE',''
  ) );
#10673 = ORIENTED_EDGE('',*,*,#10622,.T.);
#10674 = ORIENTED_EDGE('',*,*,#5044,.T.);
#10675 = ORIENTED_EDGE('',*,*,#5951,.F.);
#10676 = ADVANCED_FACE('',(#10677),#5012,.T.);
#10677 = FACE_BOUND('',#10678,.T.);
#10678 = EDGE_LOOP('',(#10679,#10680,#10681,#10709,#10735,#10761,#10780,
    #10781));
#10679 = ORIENTED_EDGE('',*,*,#5931,.F.);
#10680 = ORIENTED_EDGE('',*,*,#9676,.F.);
#10681 = ORIENTED_EDGE('',*,*,#10682,.F.);
#10682 = EDGE_CURVE('',#10683,#9649,#10685,.T.);
#10683 = VERTEX_POINT('',#10684);
#10684 = CARTESIAN_POINT('',(70.,16.,9.));
#10685 = SURFACE_CURVE('',#10686,(#10691,#10702),.PCURVE_S1.);
#10686 = CIRCLE('',#10687,4.);
#10687 = AXIS2_PLACEMENT_3D('',#10688,#10689,#10690);
#10688 = CARTESIAN_POINT('',(66.,16.,9.));
#10689 = DIRECTION('',(0.,0.,1.));
#10690 = DIRECTION('',(1.,0.,-0.));
#10691 = PCURVE('',#5012,#10692);
#10692 = DEFINITIONAL_REPRESENTATION('',(#10693),#10701);
#10693 = ( BOUNDED_CURVE() B_SPLINE_CURVE(2,(#10694,#10695,#10696,#10697
    ,#10698,#10699,#10700),.UNSPECIFIED.,.T.,.F.) 
B_SPLINE_CURVE_WITH_KNOTS((1,2,2,2,2,1),(-2.094395102393,0.,
    2.094395102393,4.188790204786,6.28318530718,8.377580409573),
.UNSPECIFIED.) CURVE() GEOMETRIC_REPRESENTATION_ITEM() 
RATIONAL_B_SPLINE_CURVE((1.,0.5,1.,0.5,1.,0.5,1.)) REPRESENTATION_ITEM(
  '') );
#10694 = CARTESIAN_POINT('',(8.2,-10.));
#10695 = CARTESIAN_POINT('',(1.271796769724,-10.));
#10696 = CARTESIAN_POINT('',(4.735898384862,-4.));
#10697 = CARTESIAN_POINT('',(8.2,2.));
#10698 = CARTESIAN_POINT('',(11.664101615138,-4.));
#10699 = CARTESIAN_POINT('',(15.128203230276,-10.));
#10700 = CARTESIAN_POINT('',(8.2,-10.));
#10701 = ( GEOMETRIC_REPRESENTATION_CONTEXT(2) 
PARAMETRIC_REPRESENTATION_CONTEXT() REPRESENTATION_CONTEXT('2D SPACE',''
  ) );
#10702 = PCURVE('',#9664,#10703);
#10703 = DEFINITIONAL_REPRESENTATION('',(#10704),#10708);
#10704 = LINE('',#10705,#10706);
#10705 = CARTESIAN_POINT('',(0.,26.));
#10706 = VECTOR('',#10707,1.);
#10707 = DIRECTION('',(1.,0.));
#10708 = ( GEOMETRIC_REPRESENTATION_CONTEXT(2) 
PARAMETRIC_REPRESENTATION_CONTEXT() REPRESENTATION_CONTEXT('2D SPACE',''
  ) );
#10709 = ORIENTED_EDGE('',*,*,#10710,.F.);
#10710 = EDGE_CURVE('',#10711,#10683,#10713,.T.);
#10711 = VERTEX_POINT('',#10712);
#10712 = CARTESIAN_POINT('',(70.,12.,9.));
#10713 = SURFACE_CURVE('',#10714,(#10718,#10724),.PCURVE_S1.);
#10714 = LINE('',#10715,#10716);
#10715 = CARTESIAN_POINT('',(70.,2.1,9.));
#10716 = VECTOR('',#10717,1.);
#10717 = DIRECTION('',(-0.,1.,0.));
#10718 = PCURVE('',#5012,#10719);
#10719 = DEFINITIONAL_REPRESENTATION('',(#10720),#10723);
#10720 = B_SPLINE_CURVE_WITH_KNOTS('',1,(#10721,#10722),.UNSPECIFIED.,
  .F.,.F.,(2,2),(-14.9,13.9),.PIECEWISE_BEZIER_KNOTS.);
#10721 = CARTESIAN_POINT('',(37.,-10.));
#10722 = CARTESIAN_POINT('',(8.2,-10.));
#10723 = ( GEOMETRIC_REPRESENTATION_CONTEXT(2) 
PARAMETRIC_REPRESENTATION_CONTEXT() REPRESENTATION_CONTEXT('2D SPACE',''
  ) );
#10724 = PCURVE('',#10725,#10730);
#10725 = PLANE('',#10726);
#10726 = AXIS2_PLACEMENT_3D('',#10727,#10728,#10729);
#10727 = CARTESIAN_POINT('',(70.,-20.,-17.));
#10728 = DIRECTION('',(1.,0.,0.));
#10729 = DIRECTION('',(0.,0.,1.));
#10730 = DEFINITIONAL_REPRESENTATION('',(#10731),#10734);
#10731 = B_SPLINE_CURVE_WITH_KNOTS('',1,(#10732,#10733),.UNSPECIFIED.,
  .F.,.F.,(2,2),(-14.9,13.9),.PIECEWISE_BEZIER_KNOTS.);
#10732 = CARTESIAN_POINT('',(26.,-7.2));
#10733 = CARTESIAN_POINT('',(26.,-36.));
#10734 = ( GEOMETRIC_REPRESENTATION_CONTEXT(2) 
PARAMETRIC_REPRESENTATION_CONTEXT() REPRESENTATION_CONTEXT('2D SPACE',''
  ) );
#10735 = ORIENTED_EDGE('',*,*,#10736,.T.);
#10736 = EDGE_CURVE('',#10711,#10737,#10739,.T.);
#10737 = VERTEX_POINT('',#10738);
#10738 = CARTESIAN_POINT('',(67.6,12.,9.));
#10739 = SURFACE_CURVE('',#10740,(#10744,#10750),.PCURVE_S1.);
#10740 = LINE('',#10741,#10742);
#10741 = CARTESIAN_POINT('',(62.,12.,9.));
#10742 = VECTOR('',#10743,1.);
#10743 = DIRECTION('',(-1.,-0.,-0.));
#10744 = PCURVE('',#5012,#10745);
#10745 = DEFINITIONAL_REPRESENTATION('',(#10746),#10749);
#10746 = B_SPLINE_CURVE_WITH_KNOTS('',1,(#10747,#10748),.UNSPECIFIED.,
  .F.,.F.,(2,2),(-8.,-2.),.PIECEWISE_BEZIER_KNOTS.);
#10747 = CARTESIAN_POINT('',(12.2,-10.));
#10748 = CARTESIAN_POINT('',(12.2,-4.));
#10749 = ( GEOMETRIC_REPRESENTATION_CONTEXT(2) 
PARAMETRIC_REPRESENTATION_CONTEXT() REPRESENTATION_CONTEXT('2D SPACE',''
  ) );
#10750 = PCURVE('',#10751,#10756);
#10751 = PLANE('',#10752);
#10752 = AXIS2_PLACEMENT_3D('',#10753,#10754,#10755);
#10753 = CARTESIAN_POINT('',(64.,12.,5.));
#10754 = DIRECTION('',(0.,-1.,0.));
#10755 = DIRECTION('',(0.,0.,1.));
#10756 = DEFINITIONAL_REPRESENTATION('',(#10757),#10760);
#10757 = B_SPLINE_CURVE_WITH_KNOTS('',1,(#10758,#10759),.UNSPECIFIED.,
  .F.,.F.,(2,2),(-8.,-2.),.PIECEWISE_BEZIER_KNOTS.);
#10758 = CARTESIAN_POINT('',(4.,-6.));
#10759 = CARTESIAN_POINT('',(4.,0.));
#10760 = ( GEOMETRIC_REPRESENTATION_CONTEXT(2) 
PARAMETRIC_REPRESENTATION_CONTEXT() REPRESENTATION_CONTEXT('2D SPACE',''
  ) );
#10761 = ORIENTED_EDGE('',*,*,#10762,.T.);
#10762 = EDGE_CURVE('',#10737,#9835,#10763,.T.);
#10763 = SURFACE_CURVE('',#10764,(#10768,#10774),.PCURVE_S1.);
#10764 = LINE('',#10765,#10766);
#10765 = CARTESIAN_POINT('',(67.6,3.3,9.));
#10766 = VECTOR('',#10767,1.);
#10767 = DIRECTION('',(-0.,1.,0.));
#10768 = PCURVE('',#5012,#10769);
#10769 = DEFINITIONAL_REPRESENTATION('',(#10770),#10773);
#10770 = B_SPLINE_CURVE_WITH_KNOTS('',1,(#10771,#10772),.UNSPECIFIED.,
  .F.,.F.,(2,2),(-16.1,12.3),.PIECEWISE_BEZIER_KNOTS.);
#10771 = CARTESIAN_POINT('',(37.,-7.6));
#10772 = CARTESIAN_POINT('',(8.6,-7.6));
#10773 = ( GEOMETRIC_REPRESENTATION_CONTEXT(2) 
PARAMETRIC_REPRESENTATION_CONTEXT() REPRESENTATION_CONTEXT('2D SPACE',''
  ) );
#10774 = PCURVE('',#9852,#10775);
#10775 = DEFINITIONAL_REPRESENTATION('',(#10776),#10779);
#10776 = B_SPLINE_CURVE_WITH_KNOTS('',1,(#10777,#10778),.UNSPECIFIED.,
  .F.,.F.,(2,2),(-16.1,12.3),.PIECEWISE_BEZIER_KNOTS.);
#10777 = CARTESIAN_POINT('',(23.6,-4.8));
#10778 = CARTESIAN_POINT('',(23.6,-33.2));
#10779 = ( GEOMETRIC_REPRESENTATION_CONTEXT(2) 
PARAMETRIC_REPRESENTATION_CONTEXT() REPRESENTATION_CONTEXT('2D SPACE',''
  ) );
#10780 = ORIENTED_EDGE('',*,*,#9864,.T.);
#10781 = ORIENTED_EDGE('',*,*,#4997,.T.);
#10782 = ADVANCED_FACE('',(#10783),#5726,.T.);
#10783 = FACE_BOUND('',#10784,.T.);
#10784 = EDGE_LOOP('',(#10785,#10806,#10827,#10828));
#10785 = ORIENTED_EDGE('',*,*,#10786,.T.);
#10786 = EDGE_CURVE('',#5685,#10787,#10789,.T.);
#10787 = VERTEX_POINT('',#10788);
#10788 = CARTESIAN_POINT('',(67.6,-12.8,9.));
#10789 = SURFACE_CURVE('',#10790,(#10794,#10800),.PCURVE_S1.);
#10790 = LINE('',#10791,#10792);
#10791 = CARTESIAN_POINT('',(67.6,-12.8,-2.8));
#10792 = VECTOR('',#10793,1.);
#10793 = DIRECTION('',(0.,-0.,1.));
#10794 = PCURVE('',#5726,#10795);
#10795 = DEFINITIONAL_REPRESENTATION('',(#10796),#10799);
#10796 = B_SPLINE_CURVE_WITH_KNOTS('',1,(#10797,#10798),.UNSPECIFIED.,
  .F.,.F.,(2,2),(-6.2,11.8),.PIECEWISE_BEZIER_KNOTS.);
#10797 = CARTESIAN_POINT('',(18.,-7.6));
#10798 = CARTESIAN_POINT('',(0.,-7.6));
#10799 = ( GEOMETRIC_REPRESENTATION_CONTEXT(2) 
PARAMETRIC_REPRESENTATION_CONTEXT() REPRESENTATION_CONTEXT('2D SPACE',''
  ) );
#10800 = PCURVE('',#5699,#10801);
#10801 = DEFINITIONAL_REPRESENTATION('',(#10802),#10805);
#10802 = B_SPLINE_CURVE_WITH_KNOTS('',1,(#10803,#10804),.UNSPECIFIED.,
  .F.,.F.,(2,2),(-6.2,11.8),.PIECEWISE_BEZIER_KNOTS.);
#10803 = CARTESIAN_POINT('',(5.6,-4.8));
#10804 = CARTESIAN_POINT('',(23.6,-4.8));
#10805 = ( GEOMETRIC_REPRESENTATION_CONTEXT(2) 
PARAMETRIC_REPRESENTATION_CONTEXT() REPRESENTATION_CONTEXT('2D SPACE',''
  ) );
#10806 = ORIENTED_EDGE('',*,*,#10807,.T.);
#10807 = EDGE_CURVE('',#10787,#7564,#10808,.T.);
#10808 = SURFACE_CURVE('',#10809,(#10813,#10820),.PCURVE_S1.);
#10809 = LINE('',#10810,#10811);
#10810 = CARTESIAN_POINT('',(60.,-12.8,9.));
#10811 = VECTOR('',#10812,1.);
#10812 = DIRECTION('',(1.,0.,0.));
#10813 = PCURVE('',#5726,#10814);
#10814 = DEFINITIONAL_REPRESENTATION('',(#10815),#10819);
#10815 = LINE('',#10816,#10817);
#10816 = CARTESIAN_POINT('',(0.,0.));
#10817 = VECTOR('',#10818,1.);
#10818 = DIRECTION('',(0.,-1.));
#10819 = ( GEOMETRIC_REPRESENTATION_CONTEXT(2) 
PARAMETRIC_REPRESENTATION_CONTEXT() REPRESENTATION_CONTEXT('2D SPACE',''
  ) );
#10820 = PCURVE('',#7599,#10821);
#10821 = DEFINITIONAL_REPRESENTATION('',(#10822),#10826);
#10822 = LINE('',#10823,#10824);
#10823 = CARTESIAN_POINT('',(37.,0.));
#10824 = VECTOR('',#10825,1.);
#10825 = DIRECTION('',(0.,-1.));
#10826 = ( GEOMETRIC_REPRESENTATION_CONTEXT(2) 
PARAMETRIC_REPRESENTATION_CONTEXT() REPRESENTATION_CONTEXT('2D SPACE',''
  ) );
#10827 = ORIENTED_EDGE('',*,*,#7563,.F.);
#10828 = ORIENTED_EDGE('',*,*,#5710,.F.);
#10829 = ADVANCED_FACE('',(#10830),#5699,.F.);
#10830 = FACE_BOUND('',#10831,.F.);
#10831 = EDGE_LOOP('',(#10832,#10833,#10854,#10855,#10856,#10857,#10878,
    #10899));
#10832 = ORIENTED_EDGE('',*,*,#7132,.F.);
#10833 = ORIENTED_EDGE('',*,*,#10834,.T.);
#10834 = EDGE_CURVE('',#7133,#9924,#10835,.T.);
#10835 = SURFACE_CURVE('',#10836,(#10840,#10847),.PCURVE_S1.);
#10836 = LINE('',#10837,#10838);
#10837 = CARTESIAN_POINT('',(67.6,-17.6,-12.6));
#10838 = VECTOR('',#10839,1.);
#10839 = DIRECTION('',(0.,1.,0.));
#10840 = PCURVE('',#5699,#10841);
#10841 = DEFINITIONAL_REPRESENTATION('',(#10842),#10846);
#10842 = LINE('',#10843,#10844);
#10843 = CARTESIAN_POINT('',(2.,0.));
#10844 = VECTOR('',#10845,1.);
#10845 = DIRECTION('',(0.,-1.));
#10846 = ( GEOMETRIC_REPRESENTATION_CONTEXT(2) 
PARAMETRIC_REPRESENTATION_CONTEXT() REPRESENTATION_CONTEXT('2D SPACE',''
  ) );
#10847 = PCURVE('',#7956,#10848);
#10848 = DEFINITIONAL_REPRESENTATION('',(#10849),#10853);
#10849 = LINE('',#10850,#10851);
#10850 = CARTESIAN_POINT('',(0.,0.));
#10851 = VECTOR('',#10852,1.);
#10852 = DIRECTION('',(0.,1.));
#10853 = ( GEOMETRIC_REPRESENTATION_CONTEXT(2) 
PARAMETRIC_REPRESENTATION_CONTEXT() REPRESENTATION_CONTEXT('2D SPACE',''
  ) );
#10854 = ORIENTED_EDGE('',*,*,#9923,.T.);
#10855 = ORIENTED_EDGE('',*,*,#5684,.T.);
#10856 = ORIENTED_EDGE('',*,*,#10786,.T.);
#10857 = ORIENTED_EDGE('',*,*,#10858,.T.);
#10858 = EDGE_CURVE('',#10787,#10859,#10861,.T.);
#10859 = VERTEX_POINT('',#10860);
#10860 = CARTESIAN_POINT('',(67.6,-12.,9.));
#10861 = SURFACE_CURVE('',#10862,(#10866,#10872),.PCURVE_S1.);
#10862 = LINE('',#10863,#10864);
#10863 = CARTESIAN_POINT('',(67.6,3.3,9.));
#10864 = VECTOR('',#10865,1.);
#10865 = DIRECTION('',(-0.,1.,0.));
#10866 = PCURVE('',#5699,#10867);
#10867 = DEFINITIONAL_REPRESENTATION('',(#10868),#10871);
#10868 = B_SPLINE_CURVE_WITH_KNOTS('',1,(#10869,#10870),.UNSPECIFIED.,
  .F.,.F.,(2,2),(-16.1,12.3),.PIECEWISE_BEZIER_KNOTS.);
#10869 = CARTESIAN_POINT('',(23.6,-4.8));
#10870 = CARTESIAN_POINT('',(23.6,-33.2));
#10871 = ( GEOMETRIC_REPRESENTATION_CONTEXT(2) 
PARAMETRIC_REPRESENTATION_CONTEXT() REPRESENTATION_CONTEXT('2D SPACE',''
  ) );
#10872 = PCURVE('',#7599,#10873);
#10873 = DEFINITIONAL_REPRESENTATION('',(#10874),#10877);
#10874 = B_SPLINE_CURVE_WITH_KNOTS('',1,(#10875,#10876),.UNSPECIFIED.,
  .F.,.F.,(2,2),(-16.1,12.3),.PIECEWISE_BEZIER_KNOTS.);
#10875 = CARTESIAN_POINT('',(37.,-7.6));
#10876 = CARTESIAN_POINT('',(8.6,-7.6));
#10877 = ( GEOMETRIC_REPRESENTATION_CONTEXT(2) 
PARAMETRIC_REPRESENTATION_CONTEXT() REPRESENTATION_CONTEXT('2D SPACE',''
  ) );
#10878 = ORIENTED_EDGE('',*,*,#10879,.T.);
#10879 = EDGE_CURVE('',#10859,#10880,#10882,.T.);
#10880 = VERTEX_POINT('',#10881);
#10881 = CARTESIAN_POINT('',(67.6,-12.,13.666060555965));
#10882 = SURFACE_CURVE('',#10883,(#10887,#10893),.PCURVE_S1.);
#10883 = LINE('',#10884,#10885);
#10884 = CARTESIAN_POINT('',(67.6,-12.,0.2));
#10885 = VECTOR('',#10886,1.);
#10886 = DIRECTION('',(0.,-0.,1.));
#10887 = PCURVE('',#5699,#10888);
#10888 = DEFINITIONAL_REPRESENTATION('',(#10889),#10892);
#10889 = B_SPLINE_CURVE_WITH_KNOTS('',1,(#10890,#10891),.UNSPECIFIED.,
  .F.,.F.,(2,2),(4.8,13.466060555965),.PIECEWISE_BEZIER_KNOTS.);
#10890 = CARTESIAN_POINT('',(19.6,-5.6));
#10891 = CARTESIAN_POINT('',(28.266060555965,-5.6));
#10892 = ( GEOMETRIC_REPRESENTATION_CONTEXT(2) 
PARAMETRIC_REPRESENTATION_CONTEXT() REPRESENTATION_CONTEXT('2D SPACE',''
  ) );
#10893 = PCURVE('',#7625,#10894);
#10894 = DEFINITIONAL_REPRESENTATION('',(#10895),#10898);
#10895 = B_SPLINE_CURVE_WITH_KNOTS('',1,(#10896,#10897),.UNSPECIFIED.,
  .F.,.F.,(2,2),(4.8,13.466060555965),.PIECEWISE_BEZIER_KNOTS.);
#10896 = CARTESIAN_POINT('',(10.,-3.6));
#10897 = CARTESIAN_POINT('',(1.333939444035,-3.6));
#10898 = ( GEOMETRIC_REPRESENTATION_CONTEXT(2) 
PARAMETRIC_REPRESENTATION_CONTEXT() REPRESENTATION_CONTEXT('2D SPACE',''
  ) );
#10899 = ORIENTED_EDGE('',*,*,#10900,.F.);
#10900 = EDGE_CURVE('',#7135,#10880,#10901,.T.);
#10901 = SURFACE_CURVE('',#10902,(#10906,#10912),.PCURVE_S1.);
#10902 = LINE('',#10903,#10904);
#10903 = CARTESIAN_POINT('',(67.6,-20.,13.666060555965));
#10904 = VECTOR('',#10905,1.);
#10905 = DIRECTION('',(0.,1.,0.));
#10906 = PCURVE('',#5699,#10907);
#10907 = DEFINITIONAL_REPRESENTATION('',(#10908),#10911);
#10908 = B_SPLINE_CURVE_WITH_KNOTS('',1,(#10909,#10910),.UNSPECIFIED.,
  .F.,.F.,(2,2),(3.9999994,36.0000006),.PIECEWISE_BEZIER_KNOTS.);
#10909 = CARTESIAN_POINT('',(28.266060555965,-1.5999994));
#10910 = CARTESIAN_POINT('',(28.266060555965,-33.6000006));
#10911 = ( GEOMETRIC_REPRESENTATION_CONTEXT(2) 
PARAMETRIC_REPRESENTATION_CONTEXT() REPRESENTATION_CONTEXT('2D SPACE',''
  ) );
#10912 = PCURVE('',#7037,#10913);
#10913 = DEFINITIONAL_REPRESENTATION('',(#10914),#10917);
#10914 = B_SPLINE_CURVE_WITH_KNOTS('',1,(#10915,#10916),.UNSPECIFIED.,
  .F.,.F.,(2,2),(3.9999994,36.0000006),.PIECEWISE_BEZIER_KNOTS.);
#10915 = CARTESIAN_POINT('',(-1.159279480727,3.9999994));
#10916 = CARTESIAN_POINT('',(-1.159279480727,36.0000006));
#10917 = ( GEOMETRIC_REPRESENTATION_CONTEXT(2) 
PARAMETRIC_REPRESENTATION_CONTEXT() REPRESENTATION_CONTEXT('2D SPACE',''
  ) );
#10918 = ADVANCED_FACE('',(#10919),#5800,.T.);
#10919 = FACE_BOUND('',#10920,.F.);
#10920 = EDGE_LOOP('',(#10921,#10922,#10946,#10974));
#10921 = ORIENTED_EDGE('',*,*,#5782,.F.);
#10922 = ORIENTED_EDGE('',*,*,#10923,.T.);
#10923 = EDGE_CURVE('',#5783,#10924,#10926,.T.);
#10924 = VERTEX_POINT('',#10925);
#10925 = CARTESIAN_POINT('',(60.5,-16.3,-9.8));
#10926 = SURFACE_CURVE('',#10927,(#10932,#10939),.PCURVE_S1.);
#10927 = CIRCLE('',#10928,1.2);
#10928 = AXIS2_PLACEMENT_3D('',#10929,#10930,#10931);
#10929 = CARTESIAN_POINT('',(60.5,-15.1,-9.8));
#10930 = DIRECTION('',(0.,-0.,-1.));
#10931 = DIRECTION('',(1.,0.,-0.));
#10932 = PCURVE('',#5800,#10933);
#10933 = DEFINITIONAL_REPRESENTATION('',(#10934),#10938);
#10934 = LINE('',#10935,#10936);
#10935 = CARTESIAN_POINT('',(-0.,1.2));
#10936 = VECTOR('',#10937,1.);
#10937 = DIRECTION('',(-1.,0.));
#10938 = ( GEOMETRIC_REPRESENTATION_CONTEXT(2) 
PARAMETRIC_REPRESENTATION_CONTEXT() REPRESENTATION_CONTEXT('2D SPACE',''
  ) );
#10939 = PCURVE('',#9990,#10940);
#10940 = DEFINITIONAL_REPRESENTATION('',(#10941),#10945);
#10941 = LINE('',#10942,#10943);
#10942 = CARTESIAN_POINT('',(-0.,0.));
#10943 = VECTOR('',#10944,1.);
#10944 = DIRECTION('',(-1.,0.));
#10945 = ( GEOMETRIC_REPRESENTATION_CONTEXT(2) 
PARAMETRIC_REPRESENTATION_CONTEXT() REPRESENTATION_CONTEXT('2D SPACE',''
  ) );
#10946 = ORIENTED_EDGE('',*,*,#10947,.T.);
#10947 = EDGE_CURVE('',#10924,#10948,#10950,.T.);
#10948 = VERTEX_POINT('',#10949);
#10949 = CARTESIAN_POINT('',(60.5,-16.3,-9.5));
#10950 = SURFACE_CURVE('',#10951,(#10955,#10962),.PCURVE_S1.);
#10951 = LINE('',#10952,#10953);
#10952 = CARTESIAN_POINT('',(60.5,-16.3,-11.));
#10953 = VECTOR('',#10954,1.);
#10954 = DIRECTION('',(0.,0.,1.));
#10955 = PCURVE('',#5800,#10956);
#10956 = DEFINITIONAL_REPRESENTATION('',(#10957),#10961);
#10957 = LINE('',#10958,#10959);
#10958 = CARTESIAN_POINT('',(-1.570796326795,0.));
#10959 = VECTOR('',#10960,1.);
#10960 = DIRECTION('',(-0.,1.));
#10961 = ( GEOMETRIC_REPRESENTATION_CONTEXT(2) 
PARAMETRIC_REPRESENTATION_CONTEXT() REPRESENTATION_CONTEXT('2D SPACE',''
  ) );
#10962 = PCURVE('',#10963,#10968);
#10963 = PLANE('',#10964);
#10964 = AXIS2_PLACEMENT_3D('',#10965,#10966,#10967);
#10965 = CARTESIAN_POINT('',(58.7,-16.3,-11.));
#10966 = DIRECTION('',(0.,1.,0.));
#10967 = DIRECTION('',(0.,0.,1.));
#10968 = DEFINITIONAL_REPRESENTATION('',(#10969),#10973);
#10969 = LINE('',#10970,#10971);
#10970 = CARTESIAN_POINT('',(0.,1.8));
#10971 = VECTOR('',#10972,1.);
#10972 = DIRECTION('',(1.,0.));
#10973 = ( GEOMETRIC_REPRESENTATION_CONTEXT(2) 
PARAMETRIC_REPRESENTATION_CONTEXT() REPRESENTATION_CONTEXT('2D SPACE',''
  ) );
#10974 = ORIENTED_EDGE('',*,*,#10975,.T.);
#10975 = EDGE_CURVE('',#10948,#5785,#10976,.T.);
#10976 = SURFACE_CURVE('',#10977,(#10982,#10989),.PCURVE_S1.);
#10977 = CIRCLE('',#10978,1.2);
#10978 = AXIS2_PLACEMENT_3D('',#10979,#10980,#10981);
#10979 = CARTESIAN_POINT('',(60.5,-15.1,-9.5));
#10980 = DIRECTION('',(0.,0.,1.));
#10981 = DIRECTION('',(1.,0.,-0.));
#10982 = PCURVE('',#5800,#10983);
#10983 = DEFINITIONAL_REPRESENTATION('',(#10984),#10988);
#10984 = LINE('',#10985,#10986);
#10985 = CARTESIAN_POINT('',(-6.28318530718,1.5));
#10986 = VECTOR('',#10987,1.);
#10987 = DIRECTION('',(1.,-0.));
#10988 = ( GEOMETRIC_REPRESENTATION_CONTEXT(2) 
PARAMETRIC_REPRESENTATION_CONTEXT() REPRESENTATION_CONTEXT('2D SPACE',''
  ) );
#10989 = PCURVE('',#6161,#10990);
#10990 = DEFINITIONAL_REPRESENTATION('',(#10991),#10995);
#10991 = CIRCLE('',#10992,1.2);
#10992 = AXIS2_PLACEMENT_2D('',#10993,#10994);
#10993 = CARTESIAN_POINT('',(1.2,-3.3));
#10994 = DIRECTION('',(0.,-1.));
#10995 = ( GEOMETRIC_REPRESENTATION_CONTEXT(2) 
PARAMETRIC_REPRESENTATION_CONTEXT() REPRESENTATION_CONTEXT('2D SPACE',''
  ) );
#10996 = ADVANCED_FACE('',(#10997),#6161,.T.);
#10997 = FACE_BOUND('',#10998,.T.);
#10998 = EDGE_LOOP('',(#10999,#11023,#11044,#11045,#11046,#11067));
#10999 = ORIENTED_EDGE('',*,*,#11000,.T.);
#11000 = EDGE_CURVE('',#10138,#11001,#11003,.T.);
#11001 = VERTEX_POINT('',#11002);
#11002 = CARTESIAN_POINT('',(59.9,-16.3,-9.5));
#11003 = SURFACE_CURVE('',#11004,(#11009,#11016),.PCURVE_S1.);
#11004 = CIRCLE('',#11005,1.2);
#11005 = AXIS2_PLACEMENT_3D('',#11006,#11007,#11008);
#11006 = CARTESIAN_POINT('',(59.9,-15.1,-9.5));
#11007 = DIRECTION('',(0.,0.,1.));
#11008 = DIRECTION('',(-1.,-0.,0.));
#11009 = PCURVE('',#6161,#11010);
#11010 = DEFINITIONAL_REPRESENTATION('',(#11011),#11015);
#11011 = CIRCLE('',#11012,1.2);
#11012 = AXIS2_PLACEMENT_2D('',#11013,#11014);
#11013 = CARTESIAN_POINT('',(1.2,-2.7));
#11014 = DIRECTION('',(0.,1.));
#11015 = ( GEOMETRIC_REPRESENTATION_CONTEXT(2) 
PARAMETRIC_REPRESENTATION_CONTEXT() REPRESENTATION_CONTEXT('2D SPACE',''
  ) );
#11016 = PCURVE('',#10153,#11017);
#11017 = DEFINITIONAL_REPRESENTATION('',(#11018),#11022);
#11018 = LINE('',#11019,#11020);
#11019 = CARTESIAN_POINT('',(0.,1.5));
#11020 = VECTOR('',#11021,1.);
#11021 = DIRECTION('',(1.,0.));
#11022 = ( GEOMETRIC_REPRESENTATION_CONTEXT(2) 
PARAMETRIC_REPRESENTATION_CONTEXT() REPRESENTATION_CONTEXT('2D SPACE',''
  ) );
#11023 = ORIENTED_EDGE('',*,*,#11024,.T.);
#11024 = EDGE_CURVE('',#11001,#10948,#11025,.T.);
#11025 = SURFACE_CURVE('',#11026,(#11030,#11037),.PCURVE_S1.);
#11026 = LINE('',#11027,#11028);
#11027 = CARTESIAN_POINT('',(57.2,-16.3,-9.5));
#11028 = VECTOR('',#11029,1.);
#11029 = DIRECTION('',(1.,0.,0.));
#11030 = PCURVE('',#6161,#11031);
#11031 = DEFINITIONAL_REPRESENTATION('',(#11032),#11036);
#11032 = LINE('',#11033,#11034);
#11033 = CARTESIAN_POINT('',(0.,0.));
#11034 = VECTOR('',#11035,1.);
#11035 = DIRECTION('',(0.,-1.));
#11036 = ( GEOMETRIC_REPRESENTATION_CONTEXT(2) 
PARAMETRIC_REPRESENTATION_CONTEXT() REPRESENTATION_CONTEXT('2D SPACE',''
  ) );
#11037 = PCURVE('',#10963,#11038);
#11038 = DEFINITIONAL_REPRESENTATION('',(#11039),#11043);
#11039 = LINE('',#11040,#11041);
#11040 = CARTESIAN_POINT('',(1.5,-1.5));
#11041 = VECTOR('',#11042,1.);
#11042 = DIRECTION('',(0.,1.));
#11043 = ( GEOMETRIC_REPRESENTATION_CONTEXT(2) 
PARAMETRIC_REPRESENTATION_CONTEXT() REPRESENTATION_CONTEXT('2D SPACE',''
  ) );
#11044 = ORIENTED_EDGE('',*,*,#10975,.T.);
#11045 = ORIENTED_EDGE('',*,*,#6148,.F.);
#11046 = ORIENTED_EDGE('',*,*,#11047,.F.);
#11047 = EDGE_CURVE('',#10189,#6123,#11048,.T.);
#11048 = SURFACE_CURVE('',#11049,(#11053,#11060),.PCURVE_S1.);
#11049 = LINE('',#11050,#11051);
#11050 = CARTESIAN_POINT('',(57.2,1.7,-9.5));
#11051 = VECTOR('',#11052,1.);
#11052 = DIRECTION('',(1.,0.,0.));
#11053 = PCURVE('',#6161,#11054);
#11054 = DEFINITIONAL_REPRESENTATION('',(#11055),#11059);
#11055 = LINE('',#11056,#11057);
#11056 = CARTESIAN_POINT('',(18.,0.));
#11057 = VECTOR('',#11058,1.);
#11058 = DIRECTION('',(0.,-1.));
#11059 = ( GEOMETRIC_REPRESENTATION_CONTEXT(2) 
PARAMETRIC_REPRESENTATION_CONTEXT() REPRESENTATION_CONTEXT('2D SPACE',''
  ) );
#11060 = PCURVE('',#6137,#11061);
#11061 = DEFINITIONAL_REPRESENTATION('',(#11062),#11066);
#11062 = LINE('',#11063,#11064);
#11063 = CARTESIAN_POINT('',(0.,0.));
#11064 = VECTOR('',#11065,1.);
#11065 = DIRECTION('',(0.,-1.));
#11066 = ( GEOMETRIC_REPRESENTATION_CONTEXT(2) 
PARAMETRIC_REPRESENTATION_CONTEXT() REPRESENTATION_CONTEXT('2D SPACE',''
  ) );
#11067 = ORIENTED_EDGE('',*,*,#10209,.T.);
#11068 = ADVANCED_FACE('',(#11069),#6137,.T.);
#11069 = FACE_BOUND('',#11070,.T.);
#11070 = EDGE_LOOP('',(#11071,#11072,#11073,#11074));
#11071 = ORIENTED_EDGE('',*,*,#10188,.T.);
#11072 = ORIENTED_EDGE('',*,*,#11047,.T.);
#11073 = ORIENTED_EDGE('',*,*,#6122,.F.);
#11074 = ORIENTED_EDGE('',*,*,#10275,.F.);
#11075 = ADVANCED_FACE('',(#11076),#6090,.T.);
#11076 = FACE_BOUND('',#11077,.T.);
#11077 = EDGE_LOOP('',(#11078,#11079,#11080,#11081));
#11078 = ORIENTED_EDGE('',*,*,#10387,.F.);
#11079 = ORIENTED_EDGE('',*,*,#10321,.T.);
#11080 = ORIENTED_EDGE('',*,*,#10231,.T.);
#11081 = ORIENTED_EDGE('',*,*,#6075,.F.);
#11082 = ADVANCED_FACE('',(#11083),#6043,.T.);
#11083 = FACE_BOUND('',#11084,.T.);
#11084 = EDGE_LOOP('',(#11085,#11104,#11105,#11106));
#11085 = ORIENTED_EDGE('',*,*,#11086,.T.);
#11086 = EDGE_CURVE('',#6003,#10466,#11087,.T.);
#11087 = SURFACE_CURVE('',#11088,(#11092,#11098),.PCURVE_S1.);
#11088 = LINE('',#11089,#11090);
#11089 = CARTESIAN_POINT('',(57.2,-6.3,0.5));
#11090 = VECTOR('',#11091,1.);
#11091 = DIRECTION('',(-1.,0.,-0.));
#11092 = PCURVE('',#6043,#11093);
#11093 = DEFINITIONAL_REPRESENTATION('',(#11094),#11097);
#11094 = B_SPLINE_CURVE_WITH_KNOTS('',1,(#11095,#11096),.UNSPECIFIED.,
  .F.,.F.,(2,2),(-4.5,-1.5),.PIECEWISE_BEZIER_KNOTS.);
#11095 = CARTESIAN_POINT('',(6.,-4.5));
#11096 = CARTESIAN_POINT('',(6.,-1.5));
#11097 = ( GEOMETRIC_REPRESENTATION_CONTEXT(2) 
PARAMETRIC_REPRESENTATION_CONTEXT() REPRESENTATION_CONTEXT('2D SPACE',''
  ) );
#11098 = PCURVE('',#6017,#11099);
#11099 = DEFINITIONAL_REPRESENTATION('',(#11100),#11103);
#11100 = B_SPLINE_CURVE_WITH_KNOTS('',1,(#11101,#11102),.UNSPECIFIED.,
  .F.,.F.,(2,2),(-4.5,-1.5),.PIECEWISE_BEZIER_KNOTS.);
#11101 = CARTESIAN_POINT('',(8.,-4.5));
#11102 = CARTESIAN_POINT('',(8.,-1.5));
#11103 = ( GEOMETRIC_REPRESENTATION_CONTEXT(2) 
PARAMETRIC_REPRESENTATION_CONTEXT() REPRESENTATION_CONTEXT('2D SPACE',''
  ) );
#11104 = ORIENTED_EDGE('',*,*,#10486,.T.);
#11105 = ORIENTED_EDGE('',*,*,#10343,.T.);
#11106 = ORIENTED_EDGE('',*,*,#6028,.F.);
#11107 = ADVANCED_FACE('',(#11108),#6017,.T.);
#11108 = FACE_BOUND('',#11109,.T.);
#11109 = EDGE_LOOP('',(#11110,#11140,#11166,#11167,#11168,#11169));
#11110 = ORIENTED_EDGE('',*,*,#11111,.F.);
#11111 = EDGE_CURVE('',#11112,#11114,#11116,.T.);
#11112 = VERTEX_POINT('',#11113);
#11113 = CARTESIAN_POINT('',(59.9,-16.3,0.5));
#11114 = VERTEX_POINT('',#11115);
#11115 = CARTESIAN_POINT('',(60.5,-16.3,0.5));
#11116 = SURFACE_CURVE('',#11117,(#11121,#11128),.PCURVE_S1.);
#11117 = LINE('',#11118,#11119);
#11118 = CARTESIAN_POINT('',(57.2,-16.3,0.5));
#11119 = VECTOR('',#11120,1.);
#11120 = DIRECTION('',(1.,0.,0.));
#11121 = PCURVE('',#6017,#11122);
#11122 = DEFINITIONAL_REPRESENTATION('',(#11123),#11127);
#11123 = LINE('',#11124,#11125);
#11124 = CARTESIAN_POINT('',(18.,0.));
#11125 = VECTOR('',#11126,1.);
#11126 = DIRECTION('',(0.,-1.));
#11127 = ( GEOMETRIC_REPRESENTATION_CONTEXT(2) 
PARAMETRIC_REPRESENTATION_CONTEXT() REPRESENTATION_CONTEXT('2D SPACE',''
  ) );
#11128 = PCURVE('',#11129,#11134);
#11129 = PLANE('',#11130);
#11130 = AXIS2_PLACEMENT_3D('',#11131,#11132,#11133);
#11131 = CARTESIAN_POINT('',(58.7,-16.3,-11.));
#11132 = DIRECTION('',(0.,1.,0.));
#11133 = DIRECTION('',(0.,0.,1.));
#11134 = DEFINITIONAL_REPRESENTATION('',(#11135),#11139);
#11135 = LINE('',#11136,#11137);
#11136 = CARTESIAN_POINT('',(11.5,-1.5));
#11137 = VECTOR('',#11138,1.);
#11138 = DIRECTION('',(0.,1.));
#11139 = ( GEOMETRIC_REPRESENTATION_CONTEXT(2) 
PARAMETRIC_REPRESENTATION_CONTEXT() REPRESENTATION_CONTEXT('2D SPACE',''
  ) );
#11140 = ORIENTED_EDGE('',*,*,#11141,.F.);
#11141 = EDGE_CURVE('',#10438,#11112,#11142,.T.);
#11142 = SURFACE_CURVE('',#11143,(#11148,#11159),.PCURVE_S1.);
#11143 = CIRCLE('',#11144,1.2);
#11144 = AXIS2_PLACEMENT_3D('',#11145,#11146,#11147);
#11145 = CARTESIAN_POINT('',(59.9,-15.1,0.5));
#11146 = DIRECTION('',(0.,0.,1.));
#11147 = DIRECTION('',(-1.,-0.,0.));
#11148 = PCURVE('',#6017,#11149);
#11149 = DEFINITIONAL_REPRESENTATION('',(#11150),#11158);
#11150 = ( BOUNDED_CURVE() B_SPLINE_CURVE(2,(#11151,#11152,#11153,#11154
    ,#11155,#11156,#11157),.UNSPECIFIED.,.T.,.F.) 
B_SPLINE_CURVE_WITH_KNOTS((1,2,2,2,2,1),(-2.094395102393,0.,
    2.094395102393,4.188790204786,6.28318530718,8.377580409573),
.UNSPECIFIED.) CURVE() GEOMETRIC_REPRESENTATION_ITEM() 
RATIONAL_B_SPLINE_CURVE((1.,0.5,1.,0.5,1.,0.5,1.)) REPRESENTATION_ITEM(
  '') );
#11151 = CARTESIAN_POINT('',(16.8,-1.5));
#11152 = CARTESIAN_POINT('',(18.878460969083,-1.5));
#11153 = CARTESIAN_POINT('',(17.839230484541,-3.3));
#11154 = CARTESIAN_POINT('',(16.8,-5.1));
#11155 = CARTESIAN_POINT('',(15.760769515459,-3.3));
#11156 = CARTESIAN_POINT('',(14.721539030917,-1.5));
#11157 = CARTESIAN_POINT('',(16.8,-1.5));
#11158 = ( GEOMETRIC_REPRESENTATION_CONTEXT(2) 
PARAMETRIC_REPRESENTATION_CONTEXT() REPRESENTATION_CONTEXT('2D SPACE',''
  ) );
#11159 = PCURVE('',#10453,#11160);
#11160 = DEFINITIONAL_REPRESENTATION('',(#11161),#11165);
#11161 = LINE('',#11162,#11163);
#11162 = CARTESIAN_POINT('',(0.,11.5));
#11163 = VECTOR('',#11164,1.);
#11164 = DIRECTION('',(1.,0.));
#11165 = ( GEOMETRIC_REPRESENTATION_CONTEXT(2) 
PARAMETRIC_REPRESENTATION_CONTEXT() REPRESENTATION_CONTEXT('2D SPACE',''
  ) );
#11166 = ORIENTED_EDGE('',*,*,#10465,.T.);
#11167 = ORIENTED_EDGE('',*,*,#11086,.F.);
#11168 = ORIENTED_EDGE('',*,*,#6002,.F.);
#11169 = ORIENTED_EDGE('',*,*,#11170,.F.);
#11170 = EDGE_CURVE('',#11114,#5975,#11171,.T.);
#11171 = SURFACE_CURVE('',#11172,(#11177,#11188),.PCURVE_S1.);
#11172 = CIRCLE('',#11173,1.2);
#11173 = AXIS2_PLACEMENT_3D('',#11174,#11175,#11176);
#11174 = CARTESIAN_POINT('',(60.5,-15.1,0.5));
#11175 = DIRECTION('',(0.,0.,1.));
#11176 = DIRECTION('',(1.,0.,-0.));
#11177 = PCURVE('',#6017,#11178);
#11178 = DEFINITIONAL_REPRESENTATION('',(#11179),#11187);
#11179 = ( BOUNDED_CURVE() B_SPLINE_CURVE(2,(#11180,#11181,#11182,#11183
    ,#11184,#11185,#11186),.UNSPECIFIED.,.T.,.F.) 
B_SPLINE_CURVE_WITH_KNOTS((1,2,2,2,2,1),(-2.094395102393,0.,
    2.094395102393,4.188790204786,6.28318530718,8.377580409573),
.UNSPECIFIED.) CURVE() GEOMETRIC_REPRESENTATION_ITEM() 
RATIONAL_B_SPLINE_CURVE((1.,0.5,1.,0.5,1.,0.5,1.)) REPRESENTATION_ITEM(
  '') );
#11180 = CARTESIAN_POINT('',(16.8,-4.5));
#11181 = CARTESIAN_POINT('',(14.721539030917,-4.5));
#11182 = CARTESIAN_POINT('',(15.760769515459,-2.7));
#11183 = CARTESIAN_POINT('',(16.8,-0.9));
#11184 = CARTESIAN_POINT('',(17.839230484541,-2.7));
#11185 = CARTESIAN_POINT('',(18.878460969083,-4.5));
#11186 = CARTESIAN_POINT('',(16.8,-4.5));
#11187 = ( GEOMETRIC_REPRESENTATION_CONTEXT(2) 
PARAMETRIC_REPRESENTATION_CONTEXT() REPRESENTATION_CONTEXT('2D SPACE',''
  ) );
#11188 = PCURVE('',#5990,#11189);
#11189 = DEFINITIONAL_REPRESENTATION('',(#11190),#11194);
#11190 = LINE('',#11191,#11192);
#11191 = CARTESIAN_POINT('',(-6.28318530718,11.5));
#11192 = VECTOR('',#11193,1.);
#11193 = DIRECTION('',(1.,-0.));
#11194 = ( GEOMETRIC_REPRESENTATION_CONTEXT(2) 
PARAMETRIC_REPRESENTATION_CONTEXT() REPRESENTATION_CONTEXT('2D SPACE',''
  ) );
#11195 = ADVANCED_FACE('',(#11196),#5990,.T.);
#11196 = FACE_BOUND('',#11197,.F.);
#11197 = EDGE_LOOP('',(#11198,#11199,#11200,#11223));
#11198 = ORIENTED_EDGE('',*,*,#5974,.F.);
#11199 = ORIENTED_EDGE('',*,*,#11170,.F.);
#11200 = ORIENTED_EDGE('',*,*,#11201,.T.);
#11201 = EDGE_CURVE('',#11114,#11202,#11204,.T.);
#11202 = VERTEX_POINT('',#11203);
#11203 = CARTESIAN_POINT('',(60.5,-16.3,9.8));
#11204 = SURFACE_CURVE('',#11205,(#11209,#11216),.PCURVE_S1.);
#11205 = LINE('',#11206,#11207);
#11206 = CARTESIAN_POINT('',(60.5,-16.3,-11.));
#11207 = VECTOR('',#11208,1.);
#11208 = DIRECTION('',(0.,0.,1.));
#11209 = PCURVE('',#5990,#11210);
#11210 = DEFINITIONAL_REPRESENTATION('',(#11211),#11215);
#11211 = LINE('',#11212,#11213);
#11212 = CARTESIAN_POINT('',(-1.570796326795,0.));
#11213 = VECTOR('',#11214,1.);
#11214 = DIRECTION('',(-0.,1.));
#11215 = ( GEOMETRIC_REPRESENTATION_CONTEXT(2) 
PARAMETRIC_REPRESENTATION_CONTEXT() REPRESENTATION_CONTEXT('2D SPACE',''
  ) );
#11216 = PCURVE('',#11129,#11217);
#11217 = DEFINITIONAL_REPRESENTATION('',(#11218),#11222);
#11218 = LINE('',#11219,#11220);
#11219 = CARTESIAN_POINT('',(0.,1.8));
#11220 = VECTOR('',#11221,1.);
#11221 = DIRECTION('',(1.,0.));
#11222 = ( GEOMETRIC_REPRESENTATION_CONTEXT(2) 
PARAMETRIC_REPRESENTATION_CONTEXT() REPRESENTATION_CONTEXT('2D SPACE',''
  ) );
#11223 = ORIENTED_EDGE('',*,*,#11224,.F.);
#11224 = EDGE_CURVE('',#5952,#11202,#11225,.T.);
#11225 = SURFACE_CURVE('',#11226,(#11231,#11238),.PCURVE_S1.);
#11226 = CIRCLE('',#11227,1.2);
#11227 = AXIS2_PLACEMENT_3D('',#11228,#11229,#11230);
#11228 = CARTESIAN_POINT('',(60.5,-15.1,9.8));
#11229 = DIRECTION('',(0.,0.,-1.));
#11230 = DIRECTION('',(1.,0.,0.));
#11231 = PCURVE('',#5990,#11232);
#11232 = DEFINITIONAL_REPRESENTATION('',(#11233),#11237);
#11233 = LINE('',#11234,#11235);
#11234 = CARTESIAN_POINT('',(-0.,20.8));
#11235 = VECTOR('',#11236,1.);
#11236 = DIRECTION('',(-1.,0.));
#11237 = ( GEOMETRIC_REPRESENTATION_CONTEXT(2) 
PARAMETRIC_REPRESENTATION_CONTEXT() REPRESENTATION_CONTEXT('2D SPACE',''
  ) );
#11238 = PCURVE('',#10662,#11239);
#11239 = DEFINITIONAL_REPRESENTATION('',(#11240),#11244);
#11240 = LINE('',#11241,#11242);
#11241 = CARTESIAN_POINT('',(0.,0.));
#11242 = VECTOR('',#11243,1.);
#11243 = DIRECTION('',(1.,0.));
#11244 = ( GEOMETRIC_REPRESENTATION_CONTEXT(2) 
PARAMETRIC_REPRESENTATION_CONTEXT() REPRESENTATION_CONTEXT('2D SPACE',''
  ) );
#11245 = ADVANCED_FACE('',(#11246),#5875,.T.);
#11246 = FACE_BOUND('',#11247,.T.);
#11247 = EDGE_LOOP('',(#11248,#11249,#11273,#11301));
#11248 = ORIENTED_EDGE('',*,*,#5859,.F.);
#11249 = ORIENTED_EDGE('',*,*,#11250,.T.);
#11250 = EDGE_CURVE('',#5837,#11251,#11253,.T.);
#11251 = VERTEX_POINT('',#11252);
#11252 = CARTESIAN_POINT('',(60.5,27.7,-9.8));
#11253 = SURFACE_CURVE('',#11254,(#11259,#11266),.PCURVE_S1.);
#11254 = CIRCLE('',#11255,1.2);
#11255 = AXIS2_PLACEMENT_3D('',#11256,#11257,#11258);
#11256 = CARTESIAN_POINT('',(60.5,26.5,-9.8));
#11257 = DIRECTION('',(0.,0.,1.));
#11258 = DIRECTION('',(1.,2.960594732334E-15,-0.));
#11259 = PCURVE('',#5875,#11260);
#11260 = DEFINITIONAL_REPRESENTATION('',(#11261),#11265);
#11261 = LINE('',#11262,#11263);
#11262 = CARTESIAN_POINT('',(0.,1.2));
#11263 = VECTOR('',#11264,1.);
#11264 = DIRECTION('',(1.,0.));
#11265 = ( GEOMETRIC_REPRESENTATION_CONTEXT(2) 
PARAMETRIC_REPRESENTATION_CONTEXT() REPRESENTATION_CONTEXT('2D SPACE',''
  ) );
#11266 = PCURVE('',#6309,#11267);
#11267 = DEFINITIONAL_REPRESENTATION('',(#11268),#11272);
#11268 = LINE('',#11269,#11270);
#11269 = CARTESIAN_POINT('',(0.,0.));
#11270 = VECTOR('',#11271,1.);
#11271 = DIRECTION('',(1.,0.));
#11272 = ( GEOMETRIC_REPRESENTATION_CONTEXT(2) 
PARAMETRIC_REPRESENTATION_CONTEXT() REPRESENTATION_CONTEXT('2D SPACE',''
  ) );
#11273 = ORIENTED_EDGE('',*,*,#11274,.T.);
#11274 = EDGE_CURVE('',#11251,#11275,#11277,.T.);
#11275 = VERTEX_POINT('',#11276);
#11276 = CARTESIAN_POINT('',(60.5,27.7,9.8));
#11277 = SURFACE_CURVE('',#11278,(#11282,#11289),.PCURVE_S1.);
#11278 = LINE('',#11279,#11280);
#11279 = CARTESIAN_POINT('',(60.5,27.7,-11.));
#11280 = VECTOR('',#11281,1.);
#11281 = DIRECTION('',(0.,0.,1.));
#11282 = PCURVE('',#5875,#11283);
#11283 = DEFINITIONAL_REPRESENTATION('',(#11284),#11288);
#11284 = LINE('',#11285,#11286);
#11285 = CARTESIAN_POINT('',(1.570796326795,0.));
#11286 = VECTOR('',#11287,1.);
#11287 = DIRECTION('',(0.,1.));
#11288 = ( GEOMETRIC_REPRESENTATION_CONTEXT(2) 
PARAMETRIC_REPRESENTATION_CONTEXT() REPRESENTATION_CONTEXT('2D SPACE',''
  ) );
#11289 = PCURVE('',#11290,#11295);
#11290 = PLANE('',#11291);
#11291 = AXIS2_PLACEMENT_3D('',#11292,#11293,#11294);
#11292 = CARTESIAN_POINT('',(58.7,27.7,-11.));
#11293 = DIRECTION('',(0.,1.,0.));
#11294 = DIRECTION('',(0.,0.,1.));
#11295 = DEFINITIONAL_REPRESENTATION('',(#11296),#11300);
#11296 = LINE('',#11297,#11298);
#11297 = CARTESIAN_POINT('',(0.,1.8));
#11298 = VECTOR('',#11299,1.);
#11299 = DIRECTION('',(1.,0.));
#11300 = ( GEOMETRIC_REPRESENTATION_CONTEXT(2) 
PARAMETRIC_REPRESENTATION_CONTEXT() REPRESENTATION_CONTEXT('2D SPACE',''
  ) );
#11301 = ORIENTED_EDGE('',*,*,#11302,.T.);
#11302 = EDGE_CURVE('',#11275,#5860,#11303,.T.);
#11303 = SURFACE_CURVE('',#11304,(#11309,#11316),.PCURVE_S1.);
#11304 = CIRCLE('',#11305,1.2);
#11305 = AXIS2_PLACEMENT_3D('',#11306,#11307,#11308);
#11306 = CARTESIAN_POINT('',(60.5,26.5,9.8));
#11307 = DIRECTION('',(0.,0.,-1.));
#11308 = DIRECTION('',(1.,0.,0.));
#11309 = PCURVE('',#5875,#11310);
#11310 = DEFINITIONAL_REPRESENTATION('',(#11311),#11315);
#11311 = LINE('',#11312,#11313);
#11312 = CARTESIAN_POINT('',(6.28318530718,20.8));
#11313 = VECTOR('',#11314,1.);
#11314 = DIRECTION('',(-1.,-0.));
#11315 = ( GEOMETRIC_REPRESENTATION_CONTEXT(2) 
PARAMETRIC_REPRESENTATION_CONTEXT() REPRESENTATION_CONTEXT('2D SPACE',''
  ) );
#11316 = PCURVE('',#9608,#11317);
#11317 = DEFINITIONAL_REPRESENTATION('',(#11318),#11322);
#11318 = LINE('',#11319,#11320);
#11319 = CARTESIAN_POINT('',(0.,-6.28318530718));
#11320 = VECTOR('',#11321,1.);
#11321 = DIRECTION('',(0.,1.));
#11322 = ( GEOMETRIC_REPRESENTATION_CONTEXT(2) 
PARAMETRIC_REPRESENTATION_CONTEXT() REPRESENTATION_CONTEXT('2D SPACE',''
  ) );
#11323 = ADVANCED_FACE('',(#11324),#6255,.F.);
#11324 = FACE_BOUND('',#11325,.T.);
#11325 = EDGE_LOOP('',(#11326,#11327,#11348,#11349));
#11326 = ORIENTED_EDGE('',*,*,#10507,.T.);
#11327 = ORIENTED_EDGE('',*,*,#11328,.T.);
#11328 = EDGE_CURVE('',#10508,#6235,#11329,.T.);
#11329 = SEAM_CURVE('',#11330,(#11334,#11341),.PCURVE_S1.);
#11330 = LINE('',#11331,#11332);
#11331 = CARTESIAN_POINT('',(55.5,-6.95,3.5));
#11332 = VECTOR('',#11333,1.);
#11333 = DIRECTION('',(1.,-1.110223024625E-16,1.232595164408E-32));
#11334 = PCURVE('',#6255,#11335);
#11335 = DEFINITIONAL_REPRESENTATION('',(#11336),#11340);
#11336 = LINE('',#11337,#11338);
#11337 = CARTESIAN_POINT('',(-6.28318530718,0.));
#11338 = VECTOR('',#11339,1.);
#11339 = DIRECTION('',(-0.,-1.));
#11340 = ( GEOMETRIC_REPRESENTATION_CONTEXT(2) 
PARAMETRIC_REPRESENTATION_CONTEXT() REPRESENTATION_CONTEXT('2D SPACE',''
  ) );
#11341 = PCURVE('',#6255,#11342);
#11342 = DEFINITIONAL_REPRESENTATION('',(#11343),#11347);
#11343 = LINE('',#11344,#11345);
#11344 = CARTESIAN_POINT('',(-0.,0.));
#11345 = VECTOR('',#11346,1.);
#11346 = DIRECTION('',(-0.,-1.));
#11347 = ( GEOMETRIC_REPRESENTATION_CONTEXT(2) 
PARAMETRIC_REPRESENTATION_CONTEXT() REPRESENTATION_CONTEXT('2D SPACE',''
  ) );
#11348 = ORIENTED_EDGE('',*,*,#6234,.F.);
#11349 = ORIENTED_EDGE('',*,*,#11328,.F.);
#11350 = ADVANCED_FACE('',(#11351),#6309,.T.);
#11351 = FACE_BOUND('',#11352,.T.);
#11352 = EDGE_LOOP('',(#11353,#11354,#11376));
#11353 = ORIENTED_EDGE('',*,*,#6294,.F.);
#11354 = ORIENTED_EDGE('',*,*,#11355,.T.);
#11355 = EDGE_CURVE('',#6272,#11251,#11356,.T.);
#11356 = SURFACE_CURVE('',#11357,(#11362,#11369),.PCURVE_S1.);
#11357 = CIRCLE('',#11358,1.2);
#11358 = AXIS2_PLACEMENT_3D('',#11359,#11360,#11361);
#11359 = CARTESIAN_POINT('',(60.5,26.5,-9.8));
#11360 = DIRECTION('',(1.,1.278252835098E-17,-0.));
#11361 = DIRECTION('',(-1.278252835098E-17,1.,0.));
#11362 = PCURVE('',#6309,#11363);
#11363 = DEFINITIONAL_REPRESENTATION('',(#11364),#11368);
#11364 = LINE('',#11365,#11366);
#11365 = CARTESIAN_POINT('',(1.570796326795,-6.28318530718));
#11366 = VECTOR('',#11367,1.);
#11367 = DIRECTION('',(0.,1.));
#11368 = ( GEOMETRIC_REPRESENTATION_CONTEXT(2) 
PARAMETRIC_REPRESENTATION_CONTEXT() REPRESENTATION_CONTEXT('2D SPACE',''
  ) );
#11369 = PCURVE('',#6364,#11370);
#11370 = DEFINITIONAL_REPRESENTATION('',(#11371),#11375);
#11371 = LINE('',#11372,#11373);
#11372 = CARTESIAN_POINT('',(-6.28318530718,1.8));
#11373 = VECTOR('',#11374,1.);
#11374 = DIRECTION('',(1.,-0.));
#11375 = ( GEOMETRIC_REPRESENTATION_CONTEXT(2) 
PARAMETRIC_REPRESENTATION_CONTEXT() REPRESENTATION_CONTEXT('2D SPACE',''
  ) );
#11376 = ORIENTED_EDGE('',*,*,#11250,.F.);
#11377 = ADVANCED_FACE('',(#11378),#6364,.T.);
#11378 = FACE_BOUND('',#11379,.F.);
#11379 = EDGE_LOOP('',(#11380,#11404,#11405,#11406));
#11380 = ORIENTED_EDGE('',*,*,#11381,.F.);
#11381 = EDGE_CURVE('',#6326,#11382,#11384,.T.);
#11382 = VERTEX_POINT('',#11383);
#11383 = CARTESIAN_POINT('',(59.9,27.7,-9.8));
#11384 = SURFACE_CURVE('',#11385,(#11390,#11397),.PCURVE_S1.);
#11385 = CIRCLE('',#11386,1.2);
#11386 = AXIS2_PLACEMENT_3D('',#11387,#11388,#11389);
#11387 = CARTESIAN_POINT('',(59.9,26.5,-9.8));
#11388 = DIRECTION('',(1.,-1.278252835098E-17,0.));
#11389 = DIRECTION('',(1.278252835098E-17,1.,0.));
#11390 = PCURVE('',#6364,#11391);
#11391 = DEFINITIONAL_REPRESENTATION('',(#11392),#11396);
#11392 = LINE('',#11393,#11394);
#11393 = CARTESIAN_POINT('',(-6.28318530718,1.2));
#11394 = VECTOR('',#11395,1.);
#11395 = DIRECTION('',(1.,-0.));
#11396 = ( GEOMETRIC_REPRESENTATION_CONTEXT(2) 
PARAMETRIC_REPRESENTATION_CONTEXT() REPRESENTATION_CONTEXT('2D SPACE',''
  ) );
#11397 = PCURVE('',#6398,#11398);
#11398 = DEFINITIONAL_REPRESENTATION('',(#11399),#11403);
#11399 = LINE('',#11400,#11401);
#11400 = CARTESIAN_POINT('',(-1.570796326795,-6.28318530718));
#11401 = VECTOR('',#11402,1.);
#11402 = DIRECTION('',(-0.,1.));
#11403 = ( GEOMETRIC_REPRESENTATION_CONTEXT(2) 
PARAMETRIC_REPRESENTATION_CONTEXT() REPRESENTATION_CONTEXT('2D SPACE',''
  ) );
#11404 = ORIENTED_EDGE('',*,*,#6350,.T.);
#11405 = ORIENTED_EDGE('',*,*,#11355,.T.);
#11406 = ORIENTED_EDGE('',*,*,#11407,.F.);
#11407 = EDGE_CURVE('',#11382,#11251,#11408,.T.);
#11408 = SURFACE_CURVE('',#11409,(#11413,#11420),.PCURVE_S1.);
#11409 = LINE('',#11410,#11411);
#11410 = CARTESIAN_POINT('',(58.7,27.7,-9.8));
#11411 = VECTOR('',#11412,1.);
#11412 = DIRECTION('',(1.,0.,0.));
#11413 = PCURVE('',#6364,#11414);
#11414 = DEFINITIONAL_REPRESENTATION('',(#11415),#11419);
#11415 = LINE('',#11416,#11417);
#11416 = CARTESIAN_POINT('',(-0.,0.));
#11417 = VECTOR('',#11418,1.);
#11418 = DIRECTION('',(-0.,1.));
#11419 = ( GEOMETRIC_REPRESENTATION_CONTEXT(2) 
PARAMETRIC_REPRESENTATION_CONTEXT() REPRESENTATION_CONTEXT('2D SPACE',''
  ) );
#11420 = PCURVE('',#11290,#11421);
#11421 = DEFINITIONAL_REPRESENTATION('',(#11422),#11426);
#11422 = LINE('',#11423,#11424);
#11423 = CARTESIAN_POINT('',(1.2,0.));
#11424 = VECTOR('',#11425,1.);
#11425 = DIRECTION('',(0.,1.));
#11426 = ( GEOMETRIC_REPRESENTATION_CONTEXT(2) 
PARAMETRIC_REPRESENTATION_CONTEXT() REPRESENTATION_CONTEXT('2D SPACE',''
  ) );
#11427 = ADVANCED_FACE('',(#11428),#6398,.T.);
#11428 = FACE_BOUND('',#11429,.F.);
#11429 = EDGE_LOOP('',(#11430,#11431,#11432));
#11430 = ORIENTED_EDGE('',*,*,#6381,.F.);
#11431 = ORIENTED_EDGE('',*,*,#11381,.T.);
#11432 = ORIENTED_EDGE('',*,*,#11433,.F.);
#11433 = EDGE_CURVE('',#6382,#11382,#11434,.T.);
#11434 = SURFACE_CURVE('',#11435,(#11440,#11447),.PCURVE_S1.);
#11435 = CIRCLE('',#11436,1.2);
#11436 = AXIS2_PLACEMENT_3D('',#11437,#11438,#11439);
#11437 = CARTESIAN_POINT('',(59.9,26.5,-9.8));
#11438 = DIRECTION('',(-0.,0.,-1.));
#11439 = DIRECTION('',(-1.,2.960594732334E-15,0.));
#11440 = PCURVE('',#6398,#11441);
#11441 = DEFINITIONAL_REPRESENTATION('',(#11442),#11446);
#11442 = LINE('',#11443,#11444);
#11443 = CARTESIAN_POINT('',(-0.,0.));
#11444 = VECTOR('',#11445,1.);
#11445 = DIRECTION('',(-1.,0.));
#11446 = ( GEOMETRIC_REPRESENTATION_CONTEXT(2) 
PARAMETRIC_REPRESENTATION_CONTEXT() REPRESENTATION_CONTEXT('2D SPACE',''
  ) );
#11447 = PCURVE('',#6452,#11448);
#11448 = DEFINITIONAL_REPRESENTATION('',(#11449),#11453);
#11449 = LINE('',#11450,#11451);
#11450 = CARTESIAN_POINT('',(-0.,1.2));
#11451 = VECTOR('',#11452,1.);
#11452 = DIRECTION('',(-1.,0.));
#11453 = ( GEOMETRIC_REPRESENTATION_CONTEXT(2) 
PARAMETRIC_REPRESENTATION_CONTEXT() REPRESENTATION_CONTEXT('2D SPACE',''
  ) );
#11454 = ADVANCED_FACE('',(#11455),#6452,.T.);
#11455 = FACE_BOUND('',#11456,.F.);
#11456 = EDGE_LOOP('',(#11457,#11458,#11459,#11482));
#11457 = ORIENTED_EDGE('',*,*,#6436,.F.);
#11458 = ORIENTED_EDGE('',*,*,#11433,.T.);
#11459 = ORIENTED_EDGE('',*,*,#11460,.T.);
#11460 = EDGE_CURVE('',#11382,#11461,#11463,.T.);
#11461 = VERTEX_POINT('',#11462);
#11462 = CARTESIAN_POINT('',(59.9,27.7,9.8));
#11463 = SURFACE_CURVE('',#11464,(#11468,#11475),.PCURVE_S1.);
#11464 = LINE('',#11465,#11466);
#11465 = CARTESIAN_POINT('',(59.9,27.7,-11.));
#11466 = VECTOR('',#11467,1.);
#11467 = DIRECTION('',(0.,0.,1.));
#11468 = PCURVE('',#6452,#11469);
#11469 = DEFINITIONAL_REPRESENTATION('',(#11470),#11474);
#11470 = LINE('',#11471,#11472);
#11471 = CARTESIAN_POINT('',(-1.570796326795,0.));
#11472 = VECTOR('',#11473,1.);
#11473 = DIRECTION('',(-0.,1.));
#11474 = ( GEOMETRIC_REPRESENTATION_CONTEXT(2) 
PARAMETRIC_REPRESENTATION_CONTEXT() REPRESENTATION_CONTEXT('2D SPACE',''
  ) );
#11475 = PCURVE('',#11290,#11476);
#11476 = DEFINITIONAL_REPRESENTATION('',(#11477),#11481);
#11477 = LINE('',#11478,#11479);
#11478 = CARTESIAN_POINT('',(0.,1.2));
#11479 = VECTOR('',#11480,1.);
#11480 = DIRECTION('',(1.,0.));
#11481 = ( GEOMETRIC_REPRESENTATION_CONTEXT(2) 
PARAMETRIC_REPRESENTATION_CONTEXT() REPRESENTATION_CONTEXT('2D SPACE',''
  ) );
#11482 = ORIENTED_EDGE('',*,*,#11483,.T.);
#11483 = EDGE_CURVE('',#11461,#6437,#11484,.T.);
#11484 = SURFACE_CURVE('',#11485,(#11490,#11497),.PCURVE_S1.);
#11485 = CIRCLE('',#11486,1.2);
#11486 = AXIS2_PLACEMENT_3D('',#11487,#11488,#11489);
#11487 = CARTESIAN_POINT('',(59.9,26.5,9.8));
#11488 = DIRECTION('',(0.,0.,1.));
#11489 = DIRECTION('',(-1.,0.,0.));
#11490 = PCURVE('',#6452,#11491);
#11491 = DEFINITIONAL_REPRESENTATION('',(#11492),#11496);
#11492 = LINE('',#11493,#11494);
#11493 = CARTESIAN_POINT('',(-6.28318530718,20.8));
#11494 = VECTOR('',#11495,1.);
#11495 = DIRECTION('',(1.,-0.));
#11496 = ( GEOMETRIC_REPRESENTATION_CONTEXT(2) 
PARAMETRIC_REPRESENTATION_CONTEXT() REPRESENTATION_CONTEXT('2D SPACE',''
  ) );
#11497 = PCURVE('',#6759,#11498);
#11498 = DEFINITIONAL_REPRESENTATION('',(#11499),#11503);
#11499 = LINE('',#11500,#11501);
#11500 = CARTESIAN_POINT('',(-0.,-6.28318530718));
#11501 = VECTOR('',#11502,1.);
#11502 = DIRECTION('',(-0.,1.));
#11503 = ( GEOMETRIC_REPRESENTATION_CONTEXT(2) 
PARAMETRIC_REPRESENTATION_CONTEXT() REPRESENTATION_CONTEXT('2D SPACE',''
  ) );
#11504 = ADVANCED_FACE('',(#11505),#6759,.T.);
#11505 = FACE_BOUND('',#11506,.F.);
#11506 = EDGE_LOOP('',(#11507,#11508,#11530));
#11507 = ORIENTED_EDGE('',*,*,#11483,.F.);
#11508 = ORIENTED_EDGE('',*,*,#11509,.T.);
#11509 = EDGE_CURVE('',#11461,#6722,#11510,.T.);
#11510 = SURFACE_CURVE('',#11511,(#11516,#11523),.PCURVE_S1.);
#11511 = CIRCLE('',#11512,1.2);
#11512 = AXIS2_PLACEMENT_3D('',#11513,#11514,#11515);
#11513 = CARTESIAN_POINT('',(59.9,26.5,9.8));
#11514 = DIRECTION('',(1.,0.,6.123233995737E-17));
#11515 = DIRECTION('',(-6.123233995737E-17,0.,1.));
#11516 = PCURVE('',#6759,#11517);
#11517 = DEFINITIONAL_REPRESENTATION('',(#11518),#11522);
#11518 = LINE('',#11519,#11520);
#11519 = CARTESIAN_POINT('',(-1.570796326795,-6.28318530718));
#11520 = VECTOR('',#11521,1.);
#11521 = DIRECTION('',(-0.,1.));
#11522 = ( GEOMETRIC_REPRESENTATION_CONTEXT(2) 
PARAMETRIC_REPRESENTATION_CONTEXT() REPRESENTATION_CONTEXT('2D SPACE',''
  ) );
#11523 = PCURVE('',#9576,#11524);
#11524 = DEFINITIONAL_REPRESENTATION('',(#11525),#11529);
#11525 = LINE('',#11526,#11527);
#11526 = CARTESIAN_POINT('',(-4.712388980385,1.2));
#11527 = VECTOR('',#11528,1.);
#11528 = DIRECTION('',(1.,0.));
#11529 = ( GEOMETRIC_REPRESENTATION_CONTEXT(2) 
PARAMETRIC_REPRESENTATION_CONTEXT() REPRESENTATION_CONTEXT('2D SPACE',''
  ) );
#11530 = ORIENTED_EDGE('',*,*,#6744,.F.);
#11531 = ADVANCED_FACE('',(#11532),#6871,.F.);
#11532 = FACE_BOUND('',#11533,.F.);
#11533 = EDGE_LOOP('',(#11534,#11535,#11561,#11562));
#11534 = ORIENTED_EDGE('',*,*,#7324,.F.);
#11535 = ORIENTED_EDGE('',*,*,#11536,.T.);
#11536 = EDGE_CURVE('',#7301,#7510,#11537,.T.);
#11537 = SURFACE_CURVE('',#11538,(#11542,#11549),.PCURVE_S1.);
#11538 = LINE('',#11539,#11540);
#11539 = CARTESIAN_POINT('',(39.,-22.,-16.));
#11540 = VECTOR('',#11541,1.);
#11541 = DIRECTION('',(1.,0.,0.));
#11542 = PCURVE('',#6871,#11543);
#11543 = DEFINITIONAL_REPRESENTATION('',(#11544),#11548);
#11544 = LINE('',#11545,#11546);
#11545 = CARTESIAN_POINT('',(0.,2.));
#11546 = VECTOR('',#11547,1.);
#11547 = DIRECTION('',(1.,0.));
#11548 = ( GEOMETRIC_REPRESENTATION_CONTEXT(2) 
PARAMETRIC_REPRESENTATION_CONTEXT() REPRESENTATION_CONTEXT('2D SPACE',''
  ) );
#11549 = PCURVE('',#11550,#11555);
#11550 = CYLINDRICAL_SURFACE('',#11551,2.);
#11551 = AXIS2_PLACEMENT_3D('',#11552,#11553,#11554);
#11552 = CARTESIAN_POINT('',(39.,-22.,-14.));
#11553 = DIRECTION('',(1.,0.,0.));
#11554 = DIRECTION('',(0.,-1.,0.));
#11555 = DEFINITIONAL_REPRESENTATION('',(#11556),#11560);
#11556 = LINE('',#11557,#11558);
#11557 = CARTESIAN_POINT('',(1.570796326795,0.));
#11558 = VECTOR('',#11559,1.);
#11559 = DIRECTION('',(0.,1.));
#11560 = ( GEOMETRIC_REPRESENTATION_CONTEXT(2) 
PARAMETRIC_REPRESENTATION_CONTEXT() REPRESENTATION_CONTEXT('2D SPACE',''
  ) );
#11561 = ORIENTED_EDGE('',*,*,#7533,.T.);
#11562 = ORIENTED_EDGE('',*,*,#6855,.F.);
#11563 = ADVANCED_FACE('',(#11564),#7037,.T.);
#11564 = FACE_BOUND('',#11565,.F.);
#11565 = EDGE_LOOP('',(#11566,#11567,#11568,#11569,#11591));
#11566 = ORIENTED_EDGE('',*,*,#7020,.F.);
#11567 = ORIENTED_EDGE('',*,*,#7187,.F.);
#11568 = ORIENTED_EDGE('',*,*,#10900,.T.);
#11569 = ORIENTED_EDGE('',*,*,#11570,.T.);
#11570 = EDGE_CURVE('',#10880,#7611,#11571,.T.);
#11571 = SURFACE_CURVE('',#11572,(#11577,#11584),.PCURVE_S1.);
#11572 = CIRCLE('',#11573,4.);
#11573 = AXIS2_PLACEMENT_3D('',#11574,#11575,#11576);
#11574 = CARTESIAN_POINT('',(66.,-12.,10.));
#11575 = DIRECTION('',(0.,1.,0.));
#11576 = DIRECTION('',(1.,0.,-0.));
#11577 = PCURVE('',#7037,#11578);
#11578 = DEFINITIONAL_REPRESENTATION('',(#11579),#11583);
#11579 = LINE('',#11580,#11581);
#11580 = CARTESIAN_POINT('',(-6.28318530718,8.));
#11581 = VECTOR('',#11582,1.);
#11582 = DIRECTION('',(1.,-0.));
#11583 = ( GEOMETRIC_REPRESENTATION_CONTEXT(2) 
PARAMETRIC_REPRESENTATION_CONTEXT() REPRESENTATION_CONTEXT('2D SPACE',''
  ) );
#11584 = PCURVE('',#7625,#11585);
#11585 = DEFINITIONAL_REPRESENTATION('',(#11586),#11590);
#11586 = CIRCLE('',#11587,4.);
#11587 = AXIS2_PLACEMENT_2D('',#11588,#11589);
#11588 = CARTESIAN_POINT('',(5.,-2.));
#11589 = DIRECTION('',(0.,-1.));
#11590 = ( GEOMETRIC_REPRESENTATION_CONTEXT(2) 
PARAMETRIC_REPRESENTATION_CONTEXT() REPRESENTATION_CONTEXT('2D SPACE',''
  ) );
#11591 = ORIENTED_EDGE('',*,*,#7636,.F.);
#11592 = ADVANCED_FACE('',(#11593),#7172,.F.);
#11593 = FACE_BOUND('',#11594,.T.);
#11594 = EDGE_LOOP('',(#11595,#11617,#11618));
#11595 = ORIENTED_EDGE('',*,*,#11596,.F.);
#11596 = EDGE_CURVE('',#7918,#7133,#11597,.T.);
#11597 = SURFACE_CURVE('',#11598,(#11603,#11610),.PCURVE_S1.);
#11598 = CIRCLE('',#11599,2.);
#11599 = AXIS2_PLACEMENT_3D('',#11600,#11601,#11602);
#11600 = CARTESIAN_POINT('',(65.6,-15.6,-12.6));
#11601 = DIRECTION('',(0.,-1.,0.));
#11602 = DIRECTION('',(1.,0.,0.));
#11603 = PCURVE('',#7172,#11604);
#11604 = DEFINITIONAL_REPRESENTATION('',(#11605),#11609);
#11605 = LINE('',#11606,#11607);
#11606 = CARTESIAN_POINT('',(-0.,-6.28318530718));
#11607 = VECTOR('',#11608,1.);
#11608 = DIRECTION('',(-0.,1.));
#11609 = ( GEOMETRIC_REPRESENTATION_CONTEXT(2) 
PARAMETRIC_REPRESENTATION_CONTEXT() REPRESENTATION_CONTEXT('2D SPACE',''
  ) );
#11610 = PCURVE('',#7956,#11611);
#11611 = DEFINITIONAL_REPRESENTATION('',(#11612),#11616);
#11612 = LINE('',#11613,#11614);
#11613 = CARTESIAN_POINT('',(6.28318530718,2.));
#11614 = VECTOR('',#11615,1.);
#11615 = DIRECTION('',(-1.,-0.));
#11616 = ( GEOMETRIC_REPRESENTATION_CONTEXT(2) 
PARAMETRIC_REPRESENTATION_CONTEXT() REPRESENTATION_CONTEXT('2D SPACE',''
  ) );
#11617 = ORIENTED_EDGE('',*,*,#9511,.T.);
#11618 = ORIENTED_EDGE('',*,*,#7157,.F.);
#11619 = ADVANCED_FACE('',(#11620),#7235,.T.);
#11620 = FACE_BOUND('',#11621,.T.);
#11621 = EDGE_LOOP('',(#11622,#11623,#11645));
#11622 = ORIENTED_EDGE('',*,*,#7300,.F.);
#11623 = ORIENTED_EDGE('',*,*,#11624,.T.);
#11624 = EDGE_CURVE('',#7301,#7219,#11625,.T.);
#11625 = SURFACE_CURVE('',#11626,(#11631,#11638),.PCURVE_S1.);
#11626 = CIRCLE('',#11627,2.);
#11627 = AXIS2_PLACEMENT_3D('',#11628,#11629,#11630);
#11628 = CARTESIAN_POINT('',(41.,-22.,-14.));
#11629 = DIRECTION('',(-1.,6.123233995737E-17,0.));
#11630 = DIRECTION('',(-6.123233995737E-17,-1.,0.));
#11631 = PCURVE('',#7235,#11632);
#11632 = DEFINITIONAL_REPRESENTATION('',(#11633),#11637);
#11633 = LINE('',#11634,#11635);
#11634 = CARTESIAN_POINT('',(1.570796326795,-6.28318530718));
#11635 = VECTOR('',#11636,1.);
#11636 = DIRECTION('',(0.,1.));
#11637 = ( GEOMETRIC_REPRESENTATION_CONTEXT(2) 
PARAMETRIC_REPRESENTATION_CONTEXT() REPRESENTATION_CONTEXT('2D SPACE',''
  ) );
#11638 = PCURVE('',#11550,#11639);
#11639 = DEFINITIONAL_REPRESENTATION('',(#11640),#11644);
#11640 = LINE('',#11641,#11642);
#11641 = CARTESIAN_POINT('',(6.28318530718,2.));
#11642 = VECTOR('',#11643,1.);
#11643 = DIRECTION('',(-1.,-0.));
#11644 = ( GEOMETRIC_REPRESENTATION_CONTEXT(2) 
PARAMETRIC_REPRESENTATION_CONTEXT() REPRESENTATION_CONTEXT('2D SPACE',''
  ) );
#11645 = ORIENTED_EDGE('',*,*,#7218,.F.);
#11646 = ADVANCED_FACE('',(#11647),#7263,.F.);
#11647 = FACE_BOUND('',#11648,.F.);
#11648 = EDGE_LOOP('',(#11649,#11650,#11651,#11652));
#11649 = ORIENTED_EDGE('',*,*,#7247,.T.);
#11650 = ORIENTED_EDGE('',*,*,#7403,.T.);
#11651 = ORIENTED_EDGE('',*,*,#7484,.F.);
#11652 = ORIENTED_EDGE('',*,*,#11653,.F.);
#11653 = EDGE_CURVE('',#7219,#7456,#11654,.T.);
#11654 = SURFACE_CURVE('',#11655,(#11659,#11666),.PCURVE_S1.);
#11655 = LINE('',#11656,#11657);
#11656 = CARTESIAN_POINT('',(39.,-24.,-14.));
#11657 = VECTOR('',#11658,1.);
#11658 = DIRECTION('',(1.,0.,0.));
#11659 = PCURVE('',#7263,#11660);
#11660 = DEFINITIONAL_REPRESENTATION('',(#11661),#11665);
#11661 = LINE('',#11662,#11663);
#11662 = CARTESIAN_POINT('',(2.,0.));
#11663 = VECTOR('',#11664,1.);
#11664 = DIRECTION('',(0.,1.));
#11665 = ( GEOMETRIC_REPRESENTATION_CONTEXT(2) 
PARAMETRIC_REPRESENTATION_CONTEXT() REPRESENTATION_CONTEXT('2D SPACE',''
  ) );
#11666 = PCURVE('',#11550,#11667);
#11667 = DEFINITIONAL_REPRESENTATION('',(#11668),#11672);
#11668 = LINE('',#11669,#11670);
#11669 = CARTESIAN_POINT('',(0.,0.));
#11670 = VECTOR('',#11671,1.);
#11671 = DIRECTION('',(0.,1.));
#11672 = ( GEOMETRIC_REPRESENTATION_CONTEXT(2) 
PARAMETRIC_REPRESENTATION_CONTEXT() REPRESENTATION_CONTEXT('2D SPACE',''
  ) );
#11673 = ADVANCED_FACE('',(#11674),#7472,.T.);
#11674 = FACE_BOUND('',#11675,.F.);
#11675 = EDGE_LOOP('',(#11676,#11677,#11699));
#11676 = ORIENTED_EDGE('',*,*,#7509,.F.);
#11677 = ORIENTED_EDGE('',*,*,#11678,.T.);
#11678 = EDGE_CURVE('',#7510,#7456,#11679,.T.);
#11679 = SURFACE_CURVE('',#11680,(#11685,#11692),.PCURVE_S1.);
#11680 = CIRCLE('',#11681,2.);
#11681 = AXIS2_PLACEMENT_3D('',#11682,#11683,#11684);
#11682 = CARTESIAN_POINT('',(57.,-22.,-14.));
#11683 = DIRECTION('',(-1.,-6.123233995737E-17,0.));
#11684 = DIRECTION('',(6.123233995737E-17,-1.,-0.));
#11685 = PCURVE('',#7472,#11686);
#11686 = DEFINITIONAL_REPRESENTATION('',(#11687),#11691);
#11687 = LINE('',#11688,#11689);
#11688 = CARTESIAN_POINT('',(-1.570796326795,-6.28318530718));
#11689 = VECTOR('',#11690,1.);
#11690 = DIRECTION('',(-0.,1.));
#11691 = ( GEOMETRIC_REPRESENTATION_CONTEXT(2) 
PARAMETRIC_REPRESENTATION_CONTEXT() REPRESENTATION_CONTEXT('2D SPACE',''
  ) );
#11692 = PCURVE('',#11550,#11693);
#11693 = DEFINITIONAL_REPRESENTATION('',(#11694),#11698);
#11694 = LINE('',#11695,#11696);
#11695 = CARTESIAN_POINT('',(6.28318530718,18.));
#11696 = VECTOR('',#11697,1.);
#11697 = DIRECTION('',(-1.,-0.));
#11698 = ( GEOMETRIC_REPRESENTATION_CONTEXT(2) 
PARAMETRIC_REPRESENTATION_CONTEXT() REPRESENTATION_CONTEXT('2D SPACE',''
  ) );
#11699 = ORIENTED_EDGE('',*,*,#7455,.F.);
#11700 = ADVANCED_FACE('',(#11701),#7625,.T.);
#11701 = FACE_BOUND('',#11702,.T.);
#11702 = EDGE_LOOP('',(#11703,#11722,#11723,#11724));
#11703 = ORIENTED_EDGE('',*,*,#11704,.F.);
#11704 = EDGE_CURVE('',#10859,#7585,#11705,.T.);
#11705 = SURFACE_CURVE('',#11706,(#11710,#11716),.PCURVE_S1.);
#11706 = LINE('',#11707,#11708);
#11707 = CARTESIAN_POINT('',(62.,-12.,9.));
#11708 = VECTOR('',#11709,1.);
#11709 = DIRECTION('',(1.,0.,0.));
#11710 = PCURVE('',#7625,#11711);
#11711 = DEFINITIONAL_REPRESENTATION('',(#11712),#11715);
#11712 = B_SPLINE_CURVE_WITH_KNOTS('',1,(#11713,#11714),.UNSPECIFIED.,
  .F.,.F.,(2,2),(2.,8.),.PIECEWISE_BEZIER_KNOTS.);
#11713 = CARTESIAN_POINT('',(6.,0.));
#11714 = CARTESIAN_POINT('',(6.,-6.));
#11715 = ( GEOMETRIC_REPRESENTATION_CONTEXT(2) 
PARAMETRIC_REPRESENTATION_CONTEXT() REPRESENTATION_CONTEXT('2D SPACE',''
  ) );
#11716 = PCURVE('',#7599,#11717);
#11717 = DEFINITIONAL_REPRESENTATION('',(#11718),#11721);
#11718 = B_SPLINE_CURVE_WITH_KNOTS('',1,(#11719,#11720),.UNSPECIFIED.,
  .F.,.F.,(2,2),(2.,8.),.PIECEWISE_BEZIER_KNOTS.);
#11719 = CARTESIAN_POINT('',(36.2,-4.));
#11720 = CARTESIAN_POINT('',(36.2,-10.));
#11721 = ( GEOMETRIC_REPRESENTATION_CONTEXT(2) 
PARAMETRIC_REPRESENTATION_CONTEXT() REPRESENTATION_CONTEXT('2D SPACE',''
  ) );
#11722 = ORIENTED_EDGE('',*,*,#10879,.T.);
#11723 = ORIENTED_EDGE('',*,*,#11570,.T.);
#11724 = ORIENTED_EDGE('',*,*,#7610,.F.);
#11725 = ADVANCED_FACE('',(#11726),#7599,.T.);
#11726 = FACE_BOUND('',#11727,.T.);
#11727 = EDGE_LOOP('',(#11728,#11729,#11730,#11731));
#11728 = ORIENTED_EDGE('',*,*,#11704,.T.);
#11729 = ORIENTED_EDGE('',*,*,#7584,.F.);
#11730 = ORIENTED_EDGE('',*,*,#10807,.F.);
#11731 = ORIENTED_EDGE('',*,*,#10858,.T.);
#11732 = ADVANCED_FACE('',(#11733),#8132,.T.);
#11733 = FACE_BOUND('',#11734,.F.);
#11734 = EDGE_LOOP('',(#11735,#11736,#11759,#11786,#11787,#11788));
#11735 = ORIENTED_EDGE('',*,*,#8115,.F.);
#11736 = ORIENTED_EDGE('',*,*,#11737,.T.);
#11737 = EDGE_CURVE('',#8116,#11738,#11740,.T.);
#11738 = VERTEX_POINT('',#11739);
#11739 = CARTESIAN_POINT('',(-57.,13.5,14.));
#11740 = SEAM_CURVE('',#11741,(#11745,#11752),.PCURVE_S1.);
#11741 = LINE('',#11742,#11743);
#11742 = CARTESIAN_POINT('',(-57.,13.5,-14.6));
#11743 = VECTOR('',#11744,1.);
#11744 = DIRECTION('',(0.,0.,1.));
#11745 = PCURVE('',#8132,#11746);
#11746 = DEFINITIONAL_REPRESENTATION('',(#11747),#11751);
#11747 = LINE('',#11748,#11749);
#11748 = CARTESIAN_POINT('',(-6.28318530718,0.));
#11749 = VECTOR('',#11750,1.);
#11750 = DIRECTION('',(-0.,-1.));
#11751 = ( GEOMETRIC_REPRESENTATION_CONTEXT(2) 
PARAMETRIC_REPRESENTATION_CONTEXT() REPRESENTATION_CONTEXT('2D SPACE',''
  ) );
#11752 = PCURVE('',#8132,#11753);
#11753 = DEFINITIONAL_REPRESENTATION('',(#11754),#11758);
#11754 = LINE('',#11755,#11756);
#11755 = CARTESIAN_POINT('',(-0.,0.));
#11756 = VECTOR('',#11757,1.);
#11757 = DIRECTION('',(-0.,-1.));
#11758 = ( GEOMETRIC_REPRESENTATION_CONTEXT(2) 
PARAMETRIC_REPRESENTATION_CONTEXT() REPRESENTATION_CONTEXT('2D SPACE',''
  ) );
#11759 = ORIENTED_EDGE('',*,*,#11760,.T.);
#11760 = EDGE_CURVE('',#11738,#11738,#11761,.T.);
#11761 = SURFACE_CURVE('',#11762,(#11767,#11774),.PCURVE_S1.);
#11762 = CIRCLE('',#11763,4.);
#11763 = AXIS2_PLACEMENT_3D('',#11764,#11765,#11766);
#11764 = CARTESIAN_POINT('',(-61.,13.5,14.));
#11765 = DIRECTION('',(0.,0.,1.));
#11766 = DIRECTION('',(1.,0.,0.));
#11767 = PCURVE('',#8132,#11768);
#11768 = DEFINITIONAL_REPRESENTATION('',(#11769),#11773);
#11769 = LINE('',#11770,#11771);
#11770 = CARTESIAN_POINT('',(-0.,-28.6));
#11771 = VECTOR('',#11772,1.);
#11772 = DIRECTION('',(-1.,0.));
#11773 = ( GEOMETRIC_REPRESENTATION_CONTEXT(2) 
PARAMETRIC_REPRESENTATION_CONTEXT() REPRESENTATION_CONTEXT('2D SPACE',''
  ) );
#11774 = PCURVE('',#11775,#11780);
#11775 = PLANE('',#11776);
#11776 = AXIS2_PLACEMENT_3D('',#11777,#11778,#11779);
#11777 = CARTESIAN_POINT('',(-61.,-13.5,14.));
#11778 = DIRECTION('',(0.,0.,1.));
#11779 = DIRECTION('',(1.,0.,-0.));
#11780 = DEFINITIONAL_REPRESENTATION('',(#11781),#11785);
#11781 = CIRCLE('',#11782,4.);
#11782 = AXIS2_PLACEMENT_2D('',#11783,#11784);
#11783 = CARTESIAN_POINT('',(7.105427357601E-15,27.));
#11784 = DIRECTION('',(1.,0.));
#11785 = ( GEOMETRIC_REPRESENTATION_CONTEXT(2) 
PARAMETRIC_REPRESENTATION_CONTEXT() REPRESENTATION_CONTEXT('2D SPACE',''
  ) );
#11786 = ORIENTED_EDGE('',*,*,#11737,.F.);
#11787 = ORIENTED_EDGE('',*,*,#8144,.F.);
#11788 = ORIENTED_EDGE('',*,*,#8546,.F.);
#11789 = ADVANCED_FACE('',(#11790),#8008,.T.);
#11790 = FACE_BOUND('',#11791,.F.);
#11791 = EDGE_LOOP('',(#11792,#11793,#11816,#11843,#11844,#11845));
#11792 = ORIENTED_EDGE('',*,*,#7991,.F.);
#11793 = ORIENTED_EDGE('',*,*,#11794,.T.);
#11794 = EDGE_CURVE('',#7992,#11795,#11797,.T.);
#11795 = VERTEX_POINT('',#11796);
#11796 = CARTESIAN_POINT('',(36.,13.5,14.));
#11797 = SEAM_CURVE('',#11798,(#11802,#11809),.PCURVE_S1.);
#11798 = LINE('',#11799,#11800);
#11799 = CARTESIAN_POINT('',(36.,13.5,-14.6));
#11800 = VECTOR('',#11801,1.);
#11801 = DIRECTION('',(0.,0.,1.));
#11802 = PCURVE('',#8008,#11803);
#11803 = DEFINITIONAL_REPRESENTATION('',(#11804),#11808);
#11804 = LINE('',#11805,#11806);
#11805 = CARTESIAN_POINT('',(-6.28318530718,0.));
#11806 = VECTOR('',#11807,1.);
#11807 = DIRECTION('',(-0.,-1.));
#11808 = ( GEOMETRIC_REPRESENTATION_CONTEXT(2) 
PARAMETRIC_REPRESENTATION_CONTEXT() REPRESENTATION_CONTEXT('2D SPACE',''
  ) );
#11809 = PCURVE('',#8008,#11810);
#11810 = DEFINITIONAL_REPRESENTATION('',(#11811),#11815);
#11811 = LINE('',#11812,#11813);
#11812 = CARTESIAN_POINT('',(-0.,0.));
#11813 = VECTOR('',#11814,1.);
#11814 = DIRECTION('',(-0.,-1.));
#11815 = ( GEOMETRIC_REPRESENTATION_CONTEXT(2) 
PARAMETRIC_REPRESENTATION_CONTEXT() REPRESENTATION_CONTEXT('2D SPACE',''
  ) );
#11816 = ORIENTED_EDGE('',*,*,#11817,.T.);
#11817 = EDGE_CURVE('',#11795,#11795,#11818,.T.);
#11818 = SURFACE_CURVE('',#11819,(#11824,#11831),.PCURVE_S1.);
#11819 = CIRCLE('',#11820,4.);
#11820 = AXIS2_PLACEMENT_3D('',#11821,#11822,#11823);
#11821 = CARTESIAN_POINT('',(32.,13.5,14.));
#11822 = DIRECTION('',(0.,0.,1.));
#11823 = DIRECTION('',(1.,0.,0.));
#11824 = PCURVE('',#8008,#11825);
#11825 = DEFINITIONAL_REPRESENTATION('',(#11826),#11830);
#11826 = LINE('',#11827,#11828);
#11827 = CARTESIAN_POINT('',(-0.,-28.6));
#11828 = VECTOR('',#11829,1.);
#11829 = DIRECTION('',(-1.,0.));
#11830 = ( GEOMETRIC_REPRESENTATION_CONTEXT(2) 
PARAMETRIC_REPRESENTATION_CONTEXT() REPRESENTATION_CONTEXT('2D SPACE',''
  ) );
#11831 = PCURVE('',#11832,#11837);
#11832 = PLANE('',#11833);
#11833 = AXIS2_PLACEMENT_3D('',#11834,#11835,#11836);
#11834 = CARTESIAN_POINT('',(-61.,-13.5,14.));
#11835 = DIRECTION('',(0.,0.,1.));
#11836 = DIRECTION('',(1.,0.,-0.));
#11837 = DEFINITIONAL_REPRESENTATION('',(#11838),#11842);
#11838 = CIRCLE('',#11839,4.);
#11839 = AXIS2_PLACEMENT_2D('',#11840,#11841);
#11840 = CARTESIAN_POINT('',(93.,27.));
#11841 = DIRECTION('',(1.,0.));
#11842 = ( GEOMETRIC_REPRESENTATION_CONTEXT(2) 
PARAMETRIC_REPRESENTATION_CONTEXT() REPRESENTATION_CONTEXT('2D SPACE',''
  ) );
#11843 = ORIENTED_EDGE('',*,*,#11794,.F.);
#11844 = ORIENTED_EDGE('',*,*,#8020,.F.);
#11845 = ORIENTED_EDGE('',*,*,#8783,.F.);
#11846 = ADVANCED_FACE('',(#11847),#7956,.F.);
#11847 = FACE_BOUND('',#11848,.F.);
#11848 = EDGE_LOOP('',(#11849,#11850,#11851,#11873));
#11849 = ORIENTED_EDGE('',*,*,#11596,.F.);
#11850 = ORIENTED_EDGE('',*,*,#7940,.T.);
#11851 = ORIENTED_EDGE('',*,*,#11852,.T.);
#11852 = EDGE_CURVE('',#7941,#9924,#11853,.T.);
#11853 = SURFACE_CURVE('',#11854,(#11859,#11866),.PCURVE_S1.);
#11854 = CIRCLE('',#11855,2.);
#11855 = AXIS2_PLACEMENT_3D('',#11856,#11857,#11858);
#11856 = CARTESIAN_POINT('',(65.6,15.6,-12.6));
#11857 = DIRECTION('',(0.,-1.,0.));
#11858 = DIRECTION('',(1.,0.,0.));
#11859 = PCURVE('',#7956,#11860);
#11860 = DEFINITIONAL_REPRESENTATION('',(#11861),#11865);
#11861 = LINE('',#11862,#11863);
#11862 = CARTESIAN_POINT('',(6.28318530718,33.2));
#11863 = VECTOR('',#11864,1.);
#11864 = DIRECTION('',(-1.,-0.));
#11865 = ( GEOMETRIC_REPRESENTATION_CONTEXT(2) 
PARAMETRIC_REPRESENTATION_CONTEXT() REPRESENTATION_CONTEXT('2D SPACE',''
  ) );
#11866 = PCURVE('',#9027,#11867);
#11867 = DEFINITIONAL_REPRESENTATION('',(#11868),#11872);
#11868 = LINE('',#11869,#11870);
#11869 = CARTESIAN_POINT('',(0.,-6.28318530718));
#11870 = VECTOR('',#11871,1.);
#11871 = DIRECTION('',(0.,1.));
#11872 = ( GEOMETRIC_REPRESENTATION_CONTEXT(2) 
PARAMETRIC_REPRESENTATION_CONTEXT() REPRESENTATION_CONTEXT('2D SPACE',''
  ) );
#11873 = ORIENTED_EDGE('',*,*,#10834,.F.);
#11874 = ADVANCED_FACE('',(#11875),#7881,.T.);
#11875 = FACE_BOUND('',#11876,.F.);
#11876 = EDGE_LOOP('',(#11877,#11878,#11901,#11928,#11929,#11930));
#11877 = ORIENTED_EDGE('',*,*,#7864,.F.);
#11878 = ORIENTED_EDGE('',*,*,#11879,.T.);
#11879 = EDGE_CURVE('',#7865,#11880,#11882,.T.);
#11880 = VERTEX_POINT('',#11881);
#11881 = CARTESIAN_POINT('',(36.,-13.5,14.));
#11882 = SEAM_CURVE('',#11883,(#11887,#11894),.PCURVE_S1.);
#11883 = LINE('',#11884,#11885);
#11884 = CARTESIAN_POINT('',(36.,-13.5,-14.6));
#11885 = VECTOR('',#11886,1.);
#11886 = DIRECTION('',(0.,0.,1.));
#11887 = PCURVE('',#7881,#11888);
#11888 = DEFINITIONAL_REPRESENTATION('',(#11889),#11893);
#11889 = LINE('',#11890,#11891);
#11890 = CARTESIAN_POINT('',(-6.28318530718,0.));
#11891 = VECTOR('',#11892,1.);
#11892 = DIRECTION('',(-0.,-1.));
#11893 = ( GEOMETRIC_REPRESENTATION_CONTEXT(2) 
PARAMETRIC_REPRESENTATION_CONTEXT() REPRESENTATION_CONTEXT('2D SPACE',''
  ) );
#11894 = PCURVE('',#7881,#11895);
#11895 = DEFINITIONAL_REPRESENTATION('',(#11896),#11900);
#11896 = LINE('',#11897,#11898);
#11897 = CARTESIAN_POINT('',(-0.,0.));
#11898 = VECTOR('',#11899,1.);
#11899 = DIRECTION('',(-0.,-1.));
#11900 = ( GEOMETRIC_REPRESENTATION_CONTEXT(2) 
PARAMETRIC_REPRESENTATION_CONTEXT() REPRESENTATION_CONTEXT('2D SPACE',''
  ) );
#11901 = ORIENTED_EDGE('',*,*,#11902,.T.);
#11902 = EDGE_CURVE('',#11880,#11880,#11903,.T.);
#11903 = SURFACE_CURVE('',#11904,(#11909,#11916),.PCURVE_S1.);
#11904 = CIRCLE('',#11905,4.);
#11905 = AXIS2_PLACEMENT_3D('',#11906,#11907,#11908);
#11906 = CARTESIAN_POINT('',(32.,-13.5,14.));
#11907 = DIRECTION('',(0.,0.,1.));
#11908 = DIRECTION('',(1.,0.,0.));
#11909 = PCURVE('',#7881,#11910);
#11910 = DEFINITIONAL_REPRESENTATION('',(#11911),#11915);
#11911 = LINE('',#11912,#11913);
#11912 = CARTESIAN_POINT('',(-0.,-28.6));
#11913 = VECTOR('',#11914,1.);
#11914 = DIRECTION('',(-1.,0.));
#11915 = ( GEOMETRIC_REPRESENTATION_CONTEXT(2) 
PARAMETRIC_REPRESENTATION_CONTEXT() REPRESENTATION_CONTEXT('2D SPACE',''
  ) );
#11916 = PCURVE('',#11917,#11922);
#11917 = PLANE('',#11918);
#11918 = AXIS2_PLACEMENT_3D('',#11919,#11920,#11921);
#11919 = CARTESIAN_POINT('',(-61.,-13.5,14.));
#11920 = DIRECTION('',(0.,0.,1.));
#11921 = DIRECTION('',(1.,0.,-0.));
#11922 = DEFINITIONAL_REPRESENTATION('',(#11923),#11927);
#11923 = CIRCLE('',#11924,4.);
#11924 = AXIS2_PLACEMENT_2D('',#11925,#11926);
#11925 = CARTESIAN_POINT('',(93.,0.));
#11926 = DIRECTION('',(1.,0.));
#11927 = ( GEOMETRIC_REPRESENTATION_CONTEXT(2) 
PARAMETRIC_REPRESENTATION_CONTEXT() REPRESENTATION_CONTEXT('2D SPACE',''
  ) );
#11928 = ORIENTED_EDGE('',*,*,#11879,.F.);
#11929 = ORIENTED_EDGE('',*,*,#7893,.F.);
#11930 = ORIENTED_EDGE('',*,*,#9282,.F.);
#11931 = ADVANCED_FACE('',(#11932),#7757,.T.);
#11932 = FACE_BOUND('',#11933,.F.);
#11933 = EDGE_LOOP('',(#11934,#11935,#11958,#11985,#11986,#11987));
#11934 = ORIENTED_EDGE('',*,*,#7740,.F.);
#11935 = ORIENTED_EDGE('',*,*,#11936,.T.);
#11936 = EDGE_CURVE('',#7741,#11937,#11939,.T.);
#11937 = VERTEX_POINT('',#11938);
#11938 = CARTESIAN_POINT('',(-57.,-13.5,14.));
#11939 = SEAM_CURVE('',#11940,(#11944,#11951),.PCURVE_S1.);
#11940 = LINE('',#11941,#11942);
#11941 = CARTESIAN_POINT('',(-57.,-13.5,-14.6));
#11942 = VECTOR('',#11943,1.);
#11943 = DIRECTION('',(0.,0.,1.));
#11944 = PCURVE('',#7757,#11945);
#11945 = DEFINITIONAL_REPRESENTATION('',(#11946),#11950);
#11946 = LINE('',#11947,#11948);
#11947 = CARTESIAN_POINT('',(-6.28318530718,0.));
#11948 = VECTOR('',#11949,1.);
#11949 = DIRECTION('',(-0.,-1.));
#11950 = ( GEOMETRIC_REPRESENTATION_CONTEXT(2) 
PARAMETRIC_REPRESENTATION_CONTEXT() REPRESENTATION_CONTEXT('2D SPACE',''
  ) );
#11951 = PCURVE('',#7757,#11952);
#11952 = DEFINITIONAL_REPRESENTATION('',(#11953),#11957);
#11953 = LINE('',#11954,#11955);
#11954 = CARTESIAN_POINT('',(-0.,0.));
#11955 = VECTOR('',#11956,1.);
#11956 = DIRECTION('',(-0.,-1.));
#11957 = ( GEOMETRIC_REPRESENTATION_CONTEXT(2) 
PARAMETRIC_REPRESENTATION_CONTEXT() REPRESENTATION_CONTEXT('2D SPACE',''
  ) );
#11958 = ORIENTED_EDGE('',*,*,#11959,.T.);
#11959 = EDGE_CURVE('',#11937,#11937,#11960,.T.);
#11960 = SURFACE_CURVE('',#11961,(#11966,#11973),.PCURVE_S1.);
#11961 = CIRCLE('',#11962,4.);
#11962 = AXIS2_PLACEMENT_3D('',#11963,#11964,#11965);
#11963 = CARTESIAN_POINT('',(-61.,-13.5,14.));
#11964 = DIRECTION('',(0.,0.,1.));
#11965 = DIRECTION('',(1.,0.,0.));
#11966 = PCURVE('',#7757,#11967);
#11967 = DEFINITIONAL_REPRESENTATION('',(#11968),#11972);
#11968 = LINE('',#11969,#11970);
#11969 = CARTESIAN_POINT('',(-0.,-28.6));
#11970 = VECTOR('',#11971,1.);
#11971 = DIRECTION('',(-1.,0.));
#11972 = ( GEOMETRIC_REPRESENTATION_CONTEXT(2) 
PARAMETRIC_REPRESENTATION_CONTEXT() REPRESENTATION_CONTEXT('2D SPACE',''
  ) );
#11973 = PCURVE('',#11974,#11979);
#11974 = PLANE('',#11975);
#11975 = AXIS2_PLACEMENT_3D('',#11976,#11977,#11978);
#11976 = CARTESIAN_POINT('',(-61.,-13.5,14.));
#11977 = DIRECTION('',(0.,0.,1.));
#11978 = DIRECTION('',(1.,0.,-0.));
#11979 = DEFINITIONAL_REPRESENTATION('',(#11980),#11984);
#11980 = CIRCLE('',#11981,4.);
#11981 = AXIS2_PLACEMENT_2D('',#11982,#11983);
#11982 = CARTESIAN_POINT('',(7.105427357601E-15,0.));
#11983 = DIRECTION('',(1.,0.));
#11984 = ( GEOMETRIC_REPRESENTATION_CONTEXT(2) 
PARAMETRIC_REPRESENTATION_CONTEXT() REPRESENTATION_CONTEXT('2D SPACE',''
  ) );
#11985 = ORIENTED_EDGE('',*,*,#11936,.F.);
#11986 = ORIENTED_EDGE('',*,*,#7769,.F.);
#11987 = ORIENTED_EDGE('',*,*,#9045,.F.);
#11988 = ADVANCED_FACE('',(#11989),#8209,.T.);
#11989 = FACE_BOUND('',#11990,.T.);
#11990 = EDGE_LOOP('',(#11991,#12020,#12021,#12050));
#11991 = ORIENTED_EDGE('',*,*,#11992,.F.);
#11992 = EDGE_CURVE('',#8192,#11993,#11995,.T.);
#11993 = VERTEX_POINT('',#11994);
#11994 = CARTESIAN_POINT('',(-45.5,-13.7,-14.1));
#11995 = SURFACE_CURVE('',#11996,(#12001,#12008),.PCURVE_S1.);
#11996 = CIRCLE('',#11997,0.5);
#11997 = AXIS2_PLACEMENT_3D('',#11998,#11999,#12000);
#11998 = CARTESIAN_POINT('',(-45.5,-13.2,-14.1));
#11999 = DIRECTION('',(-1.,6.123233995737E-17,0.));
#12000 = DIRECTION('',(-6.123233995737E-17,-1.,0.));
#12001 = PCURVE('',#8209,#12002);
#12002 = DEFINITIONAL_REPRESENTATION('',(#12003),#12007);
#12003 = LINE('',#12004,#12005);
#12004 = CARTESIAN_POINT('',(6.28318530718,0.5));
#12005 = VECTOR('',#12006,1.);
#12006 = DIRECTION('',(-1.,-0.));
#12007 = ( GEOMETRIC_REPRESENTATION_CONTEXT(2) 
PARAMETRIC_REPRESENTATION_CONTEXT() REPRESENTATION_CONTEXT('2D SPACE',''
  ) );
#12008 = PCURVE('',#12009,#12014);
#12009 = SPHERICAL_SURFACE('',#12010,0.5);
#12010 = AXIS2_PLACEMENT_3D('',#12011,#12012,#12013);
#12011 = CARTESIAN_POINT('',(-45.5,-13.2,-14.1));
#12012 = DIRECTION('',(0.,0.,1.));
#12013 = DIRECTION('',(-1.,0.,0.));
#12014 = DEFINITIONAL_REPRESENTATION('',(#12015),#12019);
#12015 = LINE('',#12016,#12017);
#12016 = CARTESIAN_POINT('',(1.570796326795,-6.28318530718));
#12017 = VECTOR('',#12018,1.);
#12018 = DIRECTION('',(0.,1.));
#12019 = ( GEOMETRIC_REPRESENTATION_CONTEXT(2) 
PARAMETRIC_REPRESENTATION_CONTEXT() REPRESENTATION_CONTEXT('2D SPACE',''
  ) );
#12020 = ORIENTED_EDGE('',*,*,#8191,.T.);
#12021 = ORIENTED_EDGE('',*,*,#12022,.T.);
#12022 = EDGE_CURVE('',#8194,#12023,#12025,.T.);
#12023 = VERTEX_POINT('',#12024);
#12024 = CARTESIAN_POINT('',(15.5,-13.7,-14.1));
#12025 = SURFACE_CURVE('',#12026,(#12031,#12038),.PCURVE_S1.);
#12026 = CIRCLE('',#12027,0.5);
#12027 = AXIS2_PLACEMENT_3D('',#12028,#12029,#12030);
#12028 = CARTESIAN_POINT('',(15.5,-13.2,-14.1));
#12029 = DIRECTION('',(-1.,-6.123233995737E-17,0.));
#12030 = DIRECTION('',(6.123233995737E-17,-1.,-0.));
#12031 = PCURVE('',#8209,#12032);
#12032 = DEFINITIONAL_REPRESENTATION('',(#12033),#12037);
#12033 = LINE('',#12034,#12035);
#12034 = CARTESIAN_POINT('',(6.28318530718,61.5));
#12035 = VECTOR('',#12036,1.);
#12036 = DIRECTION('',(-1.,-0.));
#12037 = ( GEOMETRIC_REPRESENTATION_CONTEXT(2) 
PARAMETRIC_REPRESENTATION_CONTEXT() REPRESENTATION_CONTEXT('2D SPACE',''
  ) );
#12038 = PCURVE('',#12039,#12044);
#12039 = SPHERICAL_SURFACE('',#12040,0.5);
#12040 = AXIS2_PLACEMENT_3D('',#12041,#12042,#12043);
#12041 = CARTESIAN_POINT('',(15.5,-13.2,-14.1));
#12042 = DIRECTION('',(0.,0.,1.));
#12043 = DIRECTION('',(1.,0.,-0.));
#12044 = DEFINITIONAL_REPRESENTATION('',(#12045),#12049);
#12045 = LINE('',#12046,#12047);
#12046 = CARTESIAN_POINT('',(-1.570796326795,-6.28318530718));
#12047 = VECTOR('',#12048,1.);
#12048 = DIRECTION('',(-0.,1.));
#12049 = ( GEOMETRIC_REPRESENTATION_CONTEXT(2) 
PARAMETRIC_REPRESENTATION_CONTEXT() REPRESENTATION_CONTEXT('2D SPACE',''
  ) );
#12050 = ORIENTED_EDGE('',*,*,#12051,.F.);
#12051 = EDGE_CURVE('',#11993,#12023,#12052,.T.);
#12052 = SURFACE_CURVE('',#12053,(#12057,#12064),.PCURVE_S1.);
#12053 = LINE('',#12054,#12055);
#12054 = CARTESIAN_POINT('',(-46.,-13.7,-14.1));
#12055 = VECTOR('',#12056,1.);
#12056 = DIRECTION('',(1.,0.,0.));
#12057 = PCURVE('',#8209,#12058);
#12058 = DEFINITIONAL_REPRESENTATION('',(#12059),#12063);
#12059 = LINE('',#12060,#12061);
#12060 = CARTESIAN_POINT('',(0.,0.));
#12061 = VECTOR('',#12062,1.);
#12062 = DIRECTION('',(0.,1.));
#12063 = ( GEOMETRIC_REPRESENTATION_CONTEXT(2) 
PARAMETRIC_REPRESENTATION_CONTEXT() REPRESENTATION_CONTEXT('2D SPACE',''
  ) );
#12064 = PCURVE('',#12065,#12070);
#12065 = PLANE('',#12066);
#12066 = AXIS2_PLACEMENT_3D('',#12067,#12068,#12069);
#12067 = CARTESIAN_POINT('',(-46.,-13.7,-14.6));
#12068 = DIRECTION('',(0.,1.,0.));
#12069 = DIRECTION('',(0.,0.,1.));
#12070 = DEFINITIONAL_REPRESENTATION('',(#12071),#12075);
#12071 = LINE('',#12072,#12073);
#12072 = CARTESIAN_POINT('',(0.5,0.));
#12073 = VECTOR('',#12074,1.);
#12074 = DIRECTION('',(0.,1.));
#12075 = ( GEOMETRIC_REPRESENTATION_CONTEXT(2) 
PARAMETRIC_REPRESENTATION_CONTEXT() REPRESENTATION_CONTEXT('2D SPACE',''
  ) );
#12076 = ADVANCED_FACE('',(#12077),#8237,.T.);
#12077 = FACE_BOUND('',#12078,.F.);
#12078 = EDGE_LOOP('',(#12079,#12103,#12104,#12133));
#12079 = ORIENTED_EDGE('',*,*,#12080,.F.);
#12080 = EDGE_CURVE('',#8192,#12081,#12083,.T.);
#12081 = VERTEX_POINT('',#12082);
#12082 = CARTESIAN_POINT('',(-46.,-13.2,-14.1));
#12083 = SURFACE_CURVE('',#12084,(#12089,#12096),.PCURVE_S1.);
#12084 = CIRCLE('',#12085,0.5);
#12085 = AXIS2_PLACEMENT_3D('',#12086,#12087,#12088);
#12086 = CARTESIAN_POINT('',(-45.5,-13.2,-14.1));
#12087 = DIRECTION('',(0.,1.,-0.));
#12088 = DIRECTION('',(-1.,0.,0.));
#12089 = PCURVE('',#8237,#12090);
#12090 = DEFINITIONAL_REPRESENTATION('',(#12091),#12095);
#12091 = LINE('',#12092,#12093);
#12092 = CARTESIAN_POINT('',(-6.28318530718,0.5));
#12093 = VECTOR('',#12094,1.);
#12094 = DIRECTION('',(1.,-0.));
#12095 = ( GEOMETRIC_REPRESENTATION_CONTEXT(2) 
PARAMETRIC_REPRESENTATION_CONTEXT() REPRESENTATION_CONTEXT('2D SPACE',''
  ) );
#12096 = PCURVE('',#12009,#12097);
#12097 = DEFINITIONAL_REPRESENTATION('',(#12098),#12102);
#12098 = LINE('',#12099,#12100);
#12099 = CARTESIAN_POINT('',(0.,-6.28318530718));
#12100 = VECTOR('',#12101,1.);
#12101 = DIRECTION('',(0.,1.));
#12102 = ( GEOMETRIC_REPRESENTATION_CONTEXT(2) 
PARAMETRIC_REPRESENTATION_CONTEXT() REPRESENTATION_CONTEXT('2D SPACE',''
  ) );
#12103 = ORIENTED_EDGE('',*,*,#8221,.T.);
#12104 = ORIENTED_EDGE('',*,*,#12105,.T.);
#12105 = EDGE_CURVE('',#8222,#12106,#12108,.T.);
#12106 = VERTEX_POINT('',#12107);
#12107 = CARTESIAN_POINT('',(-46.,-12.,-14.1));
#12108 = SURFACE_CURVE('',#12109,(#12114,#12121),.PCURVE_S1.);
#12109 = CIRCLE('',#12110,0.5);
#12110 = AXIS2_PLACEMENT_3D('',#12111,#12112,#12113);
#12111 = CARTESIAN_POINT('',(-45.5,-12.,-14.1));
#12112 = DIRECTION('',(2.22044604925E-16,1.,-0.));
#12113 = DIRECTION('',(-1.,2.22044604925E-16,0.));
#12114 = PCURVE('',#8237,#12115);
#12115 = DEFINITIONAL_REPRESENTATION('',(#12116),#12120);
#12116 = LINE('',#12117,#12118);
#12117 = CARTESIAN_POINT('',(-6.28318530718,1.7));
#12118 = VECTOR('',#12119,1.);
#12119 = DIRECTION('',(1.,-0.));
#12120 = ( GEOMETRIC_REPRESENTATION_CONTEXT(2) 
PARAMETRIC_REPRESENTATION_CONTEXT() REPRESENTATION_CONTEXT('2D SPACE',''
  ) );
#12121 = PCURVE('',#12122,#12127);
#12122 = SPHERICAL_SURFACE('',#12123,0.5);
#12123 = AXIS2_PLACEMENT_3D('',#12124,#12125,#12126);
#12124 = CARTESIAN_POINT('',(-45.5,-12.,-14.1));
#12125 = DIRECTION('',(0.,0.,1.));
#12126 = DIRECTION('',(-1.,2.22044604925E-16,0.));
#12127 = DEFINITIONAL_REPRESENTATION('',(#12128),#12132);
#12128 = LINE('',#12129,#12130);
#12129 = CARTESIAN_POINT('',(-0.,-6.28318530718));
#12130 = VECTOR('',#12131,1.);
#12131 = DIRECTION('',(-0.,1.));
#12132 = ( GEOMETRIC_REPRESENTATION_CONTEXT(2) 
PARAMETRIC_REPRESENTATION_CONTEXT() REPRESENTATION_CONTEXT('2D SPACE',''
  ) );
#12133 = ORIENTED_EDGE('',*,*,#12134,.F.);
#12134 = EDGE_CURVE('',#12081,#12106,#12135,.T.);
#12135 = SURFACE_CURVE('',#12136,(#12140,#12147),.PCURVE_S1.);
#12136 = LINE('',#12137,#12138);
#12137 = CARTESIAN_POINT('',(-46.,-13.7,-14.1));
#12138 = VECTOR('',#12139,1.);
#12139 = DIRECTION('',(0.,1.,0.));
#12140 = PCURVE('',#8237,#12141);
#12141 = DEFINITIONAL_REPRESENTATION('',(#12142),#12146);
#12142 = LINE('',#12143,#12144);
#12143 = CARTESIAN_POINT('',(-0.,0.));
#12144 = VECTOR('',#12145,1.);
#12145 = DIRECTION('',(-0.,1.));
#12146 = ( GEOMETRIC_REPRESENTATION_CONTEXT(2) 
PARAMETRIC_REPRESENTATION_CONTEXT() REPRESENTATION_CONTEXT('2D SPACE',''
  ) );
#12147 = PCURVE('',#12148,#12153);
#12148 = PLANE('',#12149);
#12149 = AXIS2_PLACEMENT_3D('',#12150,#12151,#12152);
#12150 = CARTESIAN_POINT('',(-46.,-13.7,-14.6));
#12151 = DIRECTION('',(1.,0.,0.));
#12152 = DIRECTION('',(0.,0.,1.));
#12153 = DEFINITIONAL_REPRESENTATION('',(#12154),#12158);
#12154 = LINE('',#12155,#12156);
#12155 = CARTESIAN_POINT('',(0.5,0.));
#12156 = VECTOR('',#12157,1.);
#12157 = DIRECTION('',(0.,-1.));
#12158 = ( GEOMETRIC_REPRESENTATION_CONTEXT(2) 
PARAMETRIC_REPRESENTATION_CONTEXT() REPRESENTATION_CONTEXT('2D SPACE',''
  ) );
#12159 = ADVANCED_FACE('',(#12160),#8291,.T.);
#12160 = FACE_BOUND('',#12161,.T.);
#12161 = EDGE_LOOP('',(#12162,#12186,#12187,#12216));
#12162 = ORIENTED_EDGE('',*,*,#12163,.F.);
#12163 = EDGE_CURVE('',#8194,#12164,#12166,.T.);
#12164 = VERTEX_POINT('',#12165);
#12165 = CARTESIAN_POINT('',(16.,-13.2,-14.1));
#12166 = SURFACE_CURVE('',#12167,(#12172,#12179),.PCURVE_S1.);
#12167 = CIRCLE('',#12168,0.5);
#12168 = AXIS2_PLACEMENT_3D('',#12169,#12170,#12171);
#12169 = CARTESIAN_POINT('',(15.5,-13.2,-14.1));
#12170 = DIRECTION('',(0.,-1.,0.));
#12171 = DIRECTION('',(1.,0.,0.));
#12172 = PCURVE('',#8291,#12173);
#12173 = DEFINITIONAL_REPRESENTATION('',(#12174),#12178);
#12174 = LINE('',#12175,#12176);
#12175 = CARTESIAN_POINT('',(6.28318530718,0.5));
#12176 = VECTOR('',#12177,1.);
#12177 = DIRECTION('',(-1.,-0.));
#12178 = ( GEOMETRIC_REPRESENTATION_CONTEXT(2) 
PARAMETRIC_REPRESENTATION_CONTEXT() REPRESENTATION_CONTEXT('2D SPACE',''
  ) );
#12179 = PCURVE('',#12039,#12180);
#12180 = DEFINITIONAL_REPRESENTATION('',(#12181),#12185);
#12181 = LINE('',#12182,#12183);
#12182 = CARTESIAN_POINT('',(-0.,-6.28318530718));
#12183 = VECTOR('',#12184,1.);
#12184 = DIRECTION('',(-0.,1.));
#12185 = ( GEOMETRIC_REPRESENTATION_CONTEXT(2) 
PARAMETRIC_REPRESENTATION_CONTEXT() REPRESENTATION_CONTEXT('2D SPACE',''
  ) );
#12186 = ORIENTED_EDGE('',*,*,#8277,.T.);
#12187 = ORIENTED_EDGE('',*,*,#12188,.T.);
#12188 = EDGE_CURVE('',#8250,#12189,#12191,.T.);
#12189 = VERTEX_POINT('',#12190);
#12190 = CARTESIAN_POINT('',(16.,-12.,-14.1));
#12191 = SURFACE_CURVE('',#12192,(#12197,#12204),.PCURVE_S1.);
#12192 = CIRCLE('',#12193,0.5);
#12193 = AXIS2_PLACEMENT_3D('',#12194,#12195,#12196);
#12194 = CARTESIAN_POINT('',(15.5,-12.,-14.1));
#12195 = DIRECTION('',(2.22044604925E-16,-1.,0.));
#12196 = DIRECTION('',(1.,2.22044604925E-16,0.));
#12197 = PCURVE('',#8291,#12198);
#12198 = DEFINITIONAL_REPRESENTATION('',(#12199),#12203);
#12199 = LINE('',#12200,#12201);
#12200 = CARTESIAN_POINT('',(6.28318530718,1.7));
#12201 = VECTOR('',#12202,1.);
#12202 = DIRECTION('',(-1.,-0.));
#12203 = ( GEOMETRIC_REPRESENTATION_CONTEXT(2) 
PARAMETRIC_REPRESENTATION_CONTEXT() REPRESENTATION_CONTEXT('2D SPACE',''
  ) );
#12204 = PCURVE('',#12205,#12210);
#12205 = SPHERICAL_SURFACE('',#12206,0.5);
#12206 = AXIS2_PLACEMENT_3D('',#12207,#12208,#12209);
#12207 = CARTESIAN_POINT('',(15.5,-12.,-14.1));
#12208 = DIRECTION('',(0.,0.,1.));
#12209 = DIRECTION('',(1.,2.22044604925E-16,-0.));
#12210 = DEFINITIONAL_REPRESENTATION('',(#12211),#12215);
#12211 = LINE('',#12212,#12213);
#12212 = CARTESIAN_POINT('',(0.,-6.28318530718));
#12213 = VECTOR('',#12214,1.);
#12214 = DIRECTION('',(0.,1.));
#12215 = ( GEOMETRIC_REPRESENTATION_CONTEXT(2) 
PARAMETRIC_REPRESENTATION_CONTEXT() REPRESENTATION_CONTEXT('2D SPACE',''
  ) );
#12216 = ORIENTED_EDGE('',*,*,#12217,.F.);
#12217 = EDGE_CURVE('',#12164,#12189,#12218,.T.);
#12218 = SURFACE_CURVE('',#12219,(#12223,#12230),.PCURVE_S1.);
#12219 = LINE('',#12220,#12221);
#12220 = CARTESIAN_POINT('',(16.,-13.7,-14.1));
#12221 = VECTOR('',#12222,1.);
#12222 = DIRECTION('',(0.,1.,0.));
#12223 = PCURVE('',#8291,#12224);
#12224 = DEFINITIONAL_REPRESENTATION('',(#12225),#12229);
#12225 = LINE('',#12226,#12227);
#12226 = CARTESIAN_POINT('',(0.,0.));
#12227 = VECTOR('',#12228,1.);
#12228 = DIRECTION('',(0.,1.));
#12229 = ( GEOMETRIC_REPRESENTATION_CONTEXT(2) 
PARAMETRIC_REPRESENTATION_CONTEXT() REPRESENTATION_CONTEXT('2D SPACE',''
  ) );
#12230 = PCURVE('',#12231,#12236);
#12231 = PLANE('',#12232);
#12232 = AXIS2_PLACEMENT_3D('',#12233,#12234,#12235);
#12233 = CARTESIAN_POINT('',(16.,-13.7,-14.6));
#12234 = DIRECTION('',(1.,0.,0.));
#12235 = DIRECTION('',(0.,0.,1.));
#12236 = DEFINITIONAL_REPRESENTATION('',(#12237),#12241);
#12237 = LINE('',#12238,#12239);
#12238 = CARTESIAN_POINT('',(0.5,0.));
#12239 = VECTOR('',#12240,1.);
#12240 = DIRECTION('',(0.,-1.));
#12241 = ( GEOMETRIC_REPRESENTATION_CONTEXT(2) 
PARAMETRIC_REPRESENTATION_CONTEXT() REPRESENTATION_CONTEXT('2D SPACE',''
  ) );
#12242 = ADVANCED_FACE('',(#12243),#8265,.T.);
#12243 = FACE_BOUND('',#12244,.F.);
#12244 = EDGE_LOOP('',(#12245,#12269,#12270,#12294));
#12245 = ORIENTED_EDGE('',*,*,#12246,.F.);
#12246 = EDGE_CURVE('',#8222,#12247,#12249,.T.);
#12247 = VERTEX_POINT('',#12248);
#12248 = CARTESIAN_POINT('',(-45.5,-11.5,-14.1));
#12249 = SURFACE_CURVE('',#12250,(#12255,#12262),.PCURVE_S1.);
#12250 = CIRCLE('',#12251,0.5);
#12251 = AXIS2_PLACEMENT_3D('',#12252,#12253,#12254);
#12252 = CARTESIAN_POINT('',(-45.5,-12.,-14.1));
#12253 = DIRECTION('',(1.,6.123233995737E-17,-0.));
#12254 = DIRECTION('',(-6.123233995737E-17,1.,0.));
#12255 = PCURVE('',#8265,#12256);
#12256 = DEFINITIONAL_REPRESENTATION('',(#12257),#12261);
#12257 = LINE('',#12258,#12259);
#12258 = CARTESIAN_POINT('',(-6.28318530718,0.5));
#12259 = VECTOR('',#12260,1.);
#12260 = DIRECTION('',(1.,-0.));
#12261 = ( GEOMETRIC_REPRESENTATION_CONTEXT(2) 
PARAMETRIC_REPRESENTATION_CONTEXT() REPRESENTATION_CONTEXT('2D SPACE',''
  ) );
#12262 = PCURVE('',#12122,#12263);
#12263 = DEFINITIONAL_REPRESENTATION('',(#12264),#12268);
#12264 = LINE('',#12265,#12266);
#12265 = CARTESIAN_POINT('',(-1.570796326795,-6.28318530718));
#12266 = VECTOR('',#12267,1.);
#12267 = DIRECTION('',(-0.,1.));
#12268 = ( GEOMETRIC_REPRESENTATION_CONTEXT(2) 
PARAMETRIC_REPRESENTATION_CONTEXT() REPRESENTATION_CONTEXT('2D SPACE',''
  ) );
#12269 = ORIENTED_EDGE('',*,*,#8249,.T.);
#12270 = ORIENTED_EDGE('',*,*,#12271,.T.);
#12271 = EDGE_CURVE('',#8250,#12272,#12274,.T.);
#12272 = VERTEX_POINT('',#12273);
#12273 = CARTESIAN_POINT('',(15.5,-11.5,-14.1));
#12274 = SURFACE_CURVE('',#12275,(#12280,#12287),.PCURVE_S1.);
#12275 = CIRCLE('',#12276,0.5);
#12276 = AXIS2_PLACEMENT_3D('',#12277,#12278,#12279);
#12277 = CARTESIAN_POINT('',(15.5,-12.,-14.1));
#12278 = DIRECTION('',(1.,-6.123233995737E-17,0.));
#12279 = DIRECTION('',(6.123233995737E-17,1.,0.));
#12280 = PCURVE('',#8265,#12281);
#12281 = DEFINITIONAL_REPRESENTATION('',(#12282),#12286);
#12282 = LINE('',#12283,#12284);
#12283 = CARTESIAN_POINT('',(-6.28318530718,61.5));
#12284 = VECTOR('',#12285,1.);
#12285 = DIRECTION('',(1.,-0.));
#12286 = ( GEOMETRIC_REPRESENTATION_CONTEXT(2) 
PARAMETRIC_REPRESENTATION_CONTEXT() REPRESENTATION_CONTEXT('2D SPACE',''
  ) );
#12287 = PCURVE('',#12205,#12288);
#12288 = DEFINITIONAL_REPRESENTATION('',(#12289),#12293);
#12289 = LINE('',#12290,#12291);
#12290 = CARTESIAN_POINT('',(1.570796326795,-6.28318530718));
#12291 = VECTOR('',#12292,1.);
#12292 = DIRECTION('',(0.,1.));
#12293 = ( GEOMETRIC_REPRESENTATION_CONTEXT(2) 
PARAMETRIC_REPRESENTATION_CONTEXT() REPRESENTATION_CONTEXT('2D SPACE',''
  ) );
#12294 = ORIENTED_EDGE('',*,*,#12295,.F.);
#12295 = EDGE_CURVE('',#12247,#12272,#12296,.T.);
#12296 = SURFACE_CURVE('',#12297,(#12301,#12308),.PCURVE_S1.);
#12297 = LINE('',#12298,#12299);
#12298 = CARTESIAN_POINT('',(-46.,-11.5,-14.1));
#12299 = VECTOR('',#12300,1.);
#12300 = DIRECTION('',(1.,0.,0.));
#12301 = PCURVE('',#8265,#12302);
#12302 = DEFINITIONAL_REPRESENTATION('',(#12303),#12307);
#12303 = LINE('',#12304,#12305);
#12304 = CARTESIAN_POINT('',(-0.,0.));
#12305 = VECTOR('',#12306,1.);
#12306 = DIRECTION('',(-0.,1.));
#12307 = ( GEOMETRIC_REPRESENTATION_CONTEXT(2) 
PARAMETRIC_REPRESENTATION_CONTEXT() REPRESENTATION_CONTEXT('2D SPACE',''
  ) );
#12308 = PCURVE('',#12309,#12314);
#12309 = PLANE('',#12310);
#12310 = AXIS2_PLACEMENT_3D('',#12311,#12312,#12313);
#12311 = CARTESIAN_POINT('',(-46.,-11.5,-14.6));
#12312 = DIRECTION('',(0.,1.,0.));
#12313 = DIRECTION('',(0.,0.,1.));
#12314 = DEFINITIONAL_REPRESENTATION('',(#12315),#12319);
#12315 = LINE('',#12316,#12317);
#12316 = CARTESIAN_POINT('',(0.5,0.));
#12317 = VECTOR('',#12318,1.);
#12318 = DIRECTION('',(0.,1.));
#12319 = ( GEOMETRIC_REPRESENTATION_CONTEXT(2) 
PARAMETRIC_REPRESENTATION_CONTEXT() REPRESENTATION_CONTEXT('2D SPACE',''
  ) );
#12320 = ADVANCED_FACE('',(#12321),#8322,.T.);
#12321 = FACE_BOUND('',#12322,.F.);
#12322 = EDGE_LOOP('',(#12323,#12346,#12373,#12374));
#12323 = ORIENTED_EDGE('',*,*,#12324,.T.);
#12324 = EDGE_CURVE('',#8306,#12325,#12327,.T.);
#12325 = VERTEX_POINT('',#12326);
#12326 = CARTESIAN_POINT('',(17.84,-6.35,-12.5));
#12327 = SEAM_CURVE('',#12328,(#12332,#12339),.PCURVE_S1.);
#12328 = LINE('',#12329,#12330);
#12329 = CARTESIAN_POINT('',(17.84,-6.35,-14.6));
#12330 = VECTOR('',#12331,1.);
#12331 = DIRECTION('',(0.,0.,1.));
#12332 = PCURVE('',#8322,#12333);
#12333 = DEFINITIONAL_REPRESENTATION('',(#12334),#12338);
#12334 = LINE('',#12335,#12336);
#12335 = CARTESIAN_POINT('',(-0.,0.));
#12336 = VECTOR('',#12337,1.);
#12337 = DIRECTION('',(-0.,-1.));
#12338 = ( GEOMETRIC_REPRESENTATION_CONTEXT(2) 
PARAMETRIC_REPRESENTATION_CONTEXT() REPRESENTATION_CONTEXT('2D SPACE',''
  ) );
#12339 = PCURVE('',#8322,#12340);
#12340 = DEFINITIONAL_REPRESENTATION('',(#12341),#12345);
#12341 = LINE('',#12342,#12343);
#12342 = CARTESIAN_POINT('',(-6.28318530718,0.));
#12343 = VECTOR('',#12344,1.);
#12344 = DIRECTION('',(-0.,-1.));
#12345 = ( GEOMETRIC_REPRESENTATION_CONTEXT(2) 
PARAMETRIC_REPRESENTATION_CONTEXT() REPRESENTATION_CONTEXT('2D SPACE',''
  ) );
#12346 = ORIENTED_EDGE('',*,*,#12347,.T.);
#12347 = EDGE_CURVE('',#12325,#12325,#12348,.T.);
#12348 = SURFACE_CURVE('',#12349,(#12354,#12361),.PCURVE_S1.);
#12349 = CIRCLE('',#12350,3.);
#12350 = AXIS2_PLACEMENT_3D('',#12351,#12352,#12353);
#12351 = CARTESIAN_POINT('',(14.84,-6.35,-12.5));
#12352 = DIRECTION('',(0.,0.,1.));
#12353 = DIRECTION('',(1.,0.,0.));
#12354 = PCURVE('',#8322,#12355);
#12355 = DEFINITIONAL_REPRESENTATION('',(#12356),#12360);
#12356 = LINE('',#12357,#12358);
#12357 = CARTESIAN_POINT('',(-0.,-2.1));
#12358 = VECTOR('',#12359,1.);
#12359 = DIRECTION('',(-1.,0.));
#12360 = ( GEOMETRIC_REPRESENTATION_CONTEXT(2) 
PARAMETRIC_REPRESENTATION_CONTEXT() REPRESENTATION_CONTEXT('2D SPACE',''
  ) );
#12361 = PCURVE('',#12362,#12367);
#12362 = PLANE('',#12363);
#12363 = AXIS2_PLACEMENT_3D('',#12364,#12365,#12366);
#12364 = CARTESIAN_POINT('',(14.84,-6.35,-12.5));
#12365 = DIRECTION('',(0.,0.,1.));
#12366 = DIRECTION('',(1.,0.,-0.));
#12367 = DEFINITIONAL_REPRESENTATION('',(#12368),#12372);
#12368 = CIRCLE('',#12369,3.);
#12369 = AXIS2_PLACEMENT_2D('',#12370,#12371);
#12370 = CARTESIAN_POINT('',(0.,0.));
#12371 = DIRECTION('',(1.,0.));
#12372 = ( GEOMETRIC_REPRESENTATION_CONTEXT(2) 
PARAMETRIC_REPRESENTATION_CONTEXT() REPRESENTATION_CONTEXT('2D SPACE',''
  ) );
#12373 = ORIENTED_EDGE('',*,*,#12324,.F.);
#12374 = ORIENTED_EDGE('',*,*,#8305,.F.);
#12375 = ADVANCED_FACE('',(#12376),#8353,.T.);
#12376 = FACE_BOUND('',#12377,.F.);
#12377 = EDGE_LOOP('',(#12378,#12401,#12428,#12429));
#12378 = ORIENTED_EDGE('',*,*,#12379,.T.);
#12379 = EDGE_CURVE('',#8337,#12380,#12382,.T.);
#12380 = VERTEX_POINT('',#12381);
#12381 = CARTESIAN_POINT('',(38.16,-6.35,-12.5));
#12382 = SEAM_CURVE('',#12383,(#12387,#12394),.PCURVE_S1.);
#12383 = LINE('',#12384,#12385);
#12384 = CARTESIAN_POINT('',(38.16,-6.35,-14.6));
#12385 = VECTOR('',#12386,1.);
#12386 = DIRECTION('',(0.,0.,1.));
#12387 = PCURVE('',#8353,#12388);
#12388 = DEFINITIONAL_REPRESENTATION('',(#12389),#12393);
#12389 = LINE('',#12390,#12391);
#12390 = CARTESIAN_POINT('',(-0.,0.));
#12391 = VECTOR('',#12392,1.);
#12392 = DIRECTION('',(-0.,-1.));
#12393 = ( GEOMETRIC_REPRESENTATION_CONTEXT(2) 
PARAMETRIC_REPRESENTATION_CONTEXT() REPRESENTATION_CONTEXT('2D SPACE',''
  ) );
#12394 = PCURVE('',#8353,#12395);
#12395 = DEFINITIONAL_REPRESENTATION('',(#12396),#12400);
#12396 = LINE('',#12397,#12398);
#12397 = CARTESIAN_POINT('',(-6.28318530718,0.));
#12398 = VECTOR('',#12399,1.);
#12399 = DIRECTION('',(-0.,-1.));
#12400 = ( GEOMETRIC_REPRESENTATION_CONTEXT(2) 
PARAMETRIC_REPRESENTATION_CONTEXT() REPRESENTATION_CONTEXT('2D SPACE',''
  ) );
#12401 = ORIENTED_EDGE('',*,*,#12402,.T.);
#12402 = EDGE_CURVE('',#12380,#12380,#12403,.T.);
#12403 = SURFACE_CURVE('',#12404,(#12409,#12416),.PCURVE_S1.);
#12404 = CIRCLE('',#12405,3.);
#12405 = AXIS2_PLACEMENT_3D('',#12406,#12407,#12408);
#12406 = CARTESIAN_POINT('',(35.16,-6.35,-12.5));
#12407 = DIRECTION('',(0.,0.,1.));
#12408 = DIRECTION('',(1.,0.,0.));
#12409 = PCURVE('',#8353,#12410);
#12410 = DEFINITIONAL_REPRESENTATION('',(#12411),#12415);
#12411 = LINE('',#12412,#12413);
#12412 = CARTESIAN_POINT('',(-0.,-2.1));
#12413 = VECTOR('',#12414,1.);
#12414 = DIRECTION('',(-1.,0.));
#12415 = ( GEOMETRIC_REPRESENTATION_CONTEXT(2) 
PARAMETRIC_REPRESENTATION_CONTEXT() REPRESENTATION_CONTEXT('2D SPACE',''
  ) );
#12416 = PCURVE('',#12417,#12422);
#12417 = PLANE('',#12418);
#12418 = AXIS2_PLACEMENT_3D('',#12419,#12420,#12421);
#12419 = CARTESIAN_POINT('',(14.84,-6.35,-12.5));
#12420 = DIRECTION('',(0.,0.,1.));
#12421 = DIRECTION('',(1.,0.,-0.));
#12422 = DEFINITIONAL_REPRESENTATION('',(#12423),#12427);
#12423 = CIRCLE('',#12424,3.);
#12424 = AXIS2_PLACEMENT_2D('',#12425,#12426);
#12425 = CARTESIAN_POINT('',(20.32,0.));
#12426 = DIRECTION('',(1.,0.));
#12427 = ( GEOMETRIC_REPRESENTATION_CONTEXT(2) 
PARAMETRIC_REPRESENTATION_CONTEXT() REPRESENTATION_CONTEXT('2D SPACE',''
  ) );
#12428 = ORIENTED_EDGE('',*,*,#12379,.F.);
#12429 = ORIENTED_EDGE('',*,*,#8336,.F.);
#12430 = ADVANCED_FACE('',(#12431),#8385,.T.);
#12431 = FACE_BOUND('',#12432,.T.);
#12432 = EDGE_LOOP('',(#12433,#12462,#12463,#12492));
#12433 = ORIENTED_EDGE('',*,*,#12434,.F.);
#12434 = EDGE_CURVE('',#8368,#12435,#12437,.T.);
#12435 = VERTEX_POINT('',#12436);
#12436 = CARTESIAN_POINT('',(-45.5,11.5,-14.1));
#12437 = SURFACE_CURVE('',#12438,(#12443,#12450),.PCURVE_S1.);
#12438 = CIRCLE('',#12439,0.5);
#12439 = AXIS2_PLACEMENT_3D('',#12440,#12441,#12442);
#12440 = CARTESIAN_POINT('',(-45.5,12.,-14.1));
#12441 = DIRECTION('',(-1.,6.123233995737E-17,0.));
#12442 = DIRECTION('',(-6.123233995737E-17,-1.,0.));
#12443 = PCURVE('',#8385,#12444);
#12444 = DEFINITIONAL_REPRESENTATION('',(#12445),#12449);
#12445 = LINE('',#12446,#12447);
#12446 = CARTESIAN_POINT('',(6.28318530718,0.5));
#12447 = VECTOR('',#12448,1.);
#12448 = DIRECTION('',(-1.,-0.));
#12449 = ( GEOMETRIC_REPRESENTATION_CONTEXT(2) 
PARAMETRIC_REPRESENTATION_CONTEXT() REPRESENTATION_CONTEXT('2D SPACE',''
  ) );
#12450 = PCURVE('',#12451,#12456);
#12451 = SPHERICAL_SURFACE('',#12452,0.5);
#12452 = AXIS2_PLACEMENT_3D('',#12453,#12454,#12455);
#12453 = CARTESIAN_POINT('',(-45.5,12.,-14.1));
#12454 = DIRECTION('',(0.,0.,1.));
#12455 = DIRECTION('',(-1.,0.,0.));
#12456 = DEFINITIONAL_REPRESENTATION('',(#12457),#12461);
#12457 = LINE('',#12458,#12459);
#12458 = CARTESIAN_POINT('',(1.570796326795,-6.28318530718));
#12459 = VECTOR('',#12460,1.);
#12460 = DIRECTION('',(0.,1.));
#12461 = ( GEOMETRIC_REPRESENTATION_CONTEXT(2) 
PARAMETRIC_REPRESENTATION_CONTEXT() REPRESENTATION_CONTEXT('2D SPACE',''
  ) );
#12462 = ORIENTED_EDGE('',*,*,#8367,.T.);
#12463 = ORIENTED_EDGE('',*,*,#12464,.T.);
#12464 = EDGE_CURVE('',#8370,#12465,#12467,.T.);
#12465 = VERTEX_POINT('',#12466);
#12466 = CARTESIAN_POINT('',(15.5,11.5,-14.1));
#12467 = SURFACE_CURVE('',#12468,(#12473,#12480),.PCURVE_S1.);
#12468 = CIRCLE('',#12469,0.5);
#12469 = AXIS2_PLACEMENT_3D('',#12470,#12471,#12472);
#12470 = CARTESIAN_POINT('',(15.5,12.,-14.1));
#12471 = DIRECTION('',(-1.,-6.123233995737E-17,0.));
#12472 = DIRECTION('',(6.123233995737E-17,-1.,-0.));
#12473 = PCURVE('',#8385,#12474);
#12474 = DEFINITIONAL_REPRESENTATION('',(#12475),#12479);
#12475 = LINE('',#12476,#12477);
#12476 = CARTESIAN_POINT('',(6.28318530718,61.5));
#12477 = VECTOR('',#12478,1.);
#12478 = DIRECTION('',(-1.,-0.));
#12479 = ( GEOMETRIC_REPRESENTATION_CONTEXT(2) 
PARAMETRIC_REPRESENTATION_CONTEXT() REPRESENTATION_CONTEXT('2D SPACE',''
  ) );
#12480 = PCURVE('',#12481,#12486);
#12481 = SPHERICAL_SURFACE('',#12482,0.5);
#12482 = AXIS2_PLACEMENT_3D('',#12483,#12484,#12485);
#12483 = CARTESIAN_POINT('',(15.5,12.,-14.1));
#12484 = DIRECTION('',(0.,0.,1.));
#12485 = DIRECTION('',(1.,0.,-0.));
#12486 = DEFINITIONAL_REPRESENTATION('',(#12487),#12491);
#12487 = LINE('',#12488,#12489);
#12488 = CARTESIAN_POINT('',(-1.570796326795,-6.28318530718));
#12489 = VECTOR('',#12490,1.);
#12490 = DIRECTION('',(-0.,1.));
#12491 = ( GEOMETRIC_REPRESENTATION_CONTEXT(2) 
PARAMETRIC_REPRESENTATION_CONTEXT() REPRESENTATION_CONTEXT('2D SPACE',''
  ) );
#12492 = ORIENTED_EDGE('',*,*,#12493,.F.);
#12493 = EDGE_CURVE('',#12435,#12465,#12494,.T.);
#12494 = SURFACE_CURVE('',#12495,(#12499,#12506),.PCURVE_S1.);
#12495 = LINE('',#12496,#12497);
#12496 = CARTESIAN_POINT('',(-46.,11.5,-14.1));
#12497 = VECTOR('',#12498,1.);
#12498 = DIRECTION('',(1.,0.,0.));
#12499 = PCURVE('',#8385,#12500);
#12500 = DEFINITIONAL_REPRESENTATION('',(#12501),#12505);
#12501 = LINE('',#12502,#12503);
#12502 = CARTESIAN_POINT('',(0.,0.));
#12503 = VECTOR('',#12504,1.);
#12504 = DIRECTION('',(0.,1.));
#12505 = ( GEOMETRIC_REPRESENTATION_CONTEXT(2) 
PARAMETRIC_REPRESENTATION_CONTEXT() REPRESENTATION_CONTEXT('2D SPACE',''
  ) );
#12506 = PCURVE('',#12507,#12512);
#12507 = PLANE('',#12508);
#12508 = AXIS2_PLACEMENT_3D('',#12509,#12510,#12511);
#12509 = CARTESIAN_POINT('',(-46.,11.5,-14.6));
#12510 = DIRECTION('',(0.,1.,0.));
#12511 = DIRECTION('',(0.,0.,1.));
#12512 = DEFINITIONAL_REPRESENTATION('',(#12513),#12517);
#12513 = LINE('',#12514,#12515);
#12514 = CARTESIAN_POINT('',(0.5,0.));
#12515 = VECTOR('',#12516,1.);
#12516 = DIRECTION('',(0.,1.));
#12517 = ( GEOMETRIC_REPRESENTATION_CONTEXT(2) 
PARAMETRIC_REPRESENTATION_CONTEXT() REPRESENTATION_CONTEXT('2D SPACE',''
  ) );
#12518 = ADVANCED_FACE('',(#12519),#8413,.T.);
#12519 = FACE_BOUND('',#12520,.F.);
#12520 = EDGE_LOOP('',(#12521,#12545,#12546,#12575));
#12521 = ORIENTED_EDGE('',*,*,#12522,.F.);
#12522 = EDGE_CURVE('',#8368,#12523,#12525,.T.);
#12523 = VERTEX_POINT('',#12524);
#12524 = CARTESIAN_POINT('',(-46.,12.,-14.1));
#12525 = SURFACE_CURVE('',#12526,(#12531,#12538),.PCURVE_S1.);
#12526 = CIRCLE('',#12527,0.5);
#12527 = AXIS2_PLACEMENT_3D('',#12528,#12529,#12530);
#12528 = CARTESIAN_POINT('',(-45.5,12.,-14.1));
#12529 = DIRECTION('',(0.,1.,-0.));
#12530 = DIRECTION('',(-1.,0.,0.));
#12531 = PCURVE('',#8413,#12532);
#12532 = DEFINITIONAL_REPRESENTATION('',(#12533),#12537);
#12533 = LINE('',#12534,#12535);
#12534 = CARTESIAN_POINT('',(-6.28318530718,0.5));
#12535 = VECTOR('',#12536,1.);
#12536 = DIRECTION('',(1.,-0.));
#12537 = ( GEOMETRIC_REPRESENTATION_CONTEXT(2) 
PARAMETRIC_REPRESENTATION_CONTEXT() REPRESENTATION_CONTEXT('2D SPACE',''
  ) );
#12538 = PCURVE('',#12451,#12539);
#12539 = DEFINITIONAL_REPRESENTATION('',(#12540),#12544);
#12540 = LINE('',#12541,#12542);
#12541 = CARTESIAN_POINT('',(0.,-6.28318530718));
#12542 = VECTOR('',#12543,1.);
#12543 = DIRECTION('',(0.,1.));
#12544 = ( GEOMETRIC_REPRESENTATION_CONTEXT(2) 
PARAMETRIC_REPRESENTATION_CONTEXT() REPRESENTATION_CONTEXT('2D SPACE',''
  ) );
#12545 = ORIENTED_EDGE('',*,*,#8397,.T.);
#12546 = ORIENTED_EDGE('',*,*,#12547,.T.);
#12547 = EDGE_CURVE('',#8398,#12548,#12550,.T.);
#12548 = VERTEX_POINT('',#12549);
#12549 = CARTESIAN_POINT('',(-46.,13.2,-14.1));
#12550 = SURFACE_CURVE('',#12551,(#12556,#12563),.PCURVE_S1.);
#12551 = CIRCLE('',#12552,0.5);
#12552 = AXIS2_PLACEMENT_3D('',#12553,#12554,#12555);
#12553 = CARTESIAN_POINT('',(-45.5,13.2,-14.1));
#12554 = DIRECTION('',(2.22044604925E-16,1.,-0.));
#12555 = DIRECTION('',(-1.,2.22044604925E-16,0.));
#12556 = PCURVE('',#8413,#12557);
#12557 = DEFINITIONAL_REPRESENTATION('',(#12558),#12562);
#12558 = LINE('',#12559,#12560);
#12559 = CARTESIAN_POINT('',(-6.28318530718,1.7));
#12560 = VECTOR('',#12561,1.);
#12561 = DIRECTION('',(1.,-0.));
#12562 = ( GEOMETRIC_REPRESENTATION_CONTEXT(2) 
PARAMETRIC_REPRESENTATION_CONTEXT() REPRESENTATION_CONTEXT('2D SPACE',''
  ) );
#12563 = PCURVE('',#12564,#12569);
#12564 = SPHERICAL_SURFACE('',#12565,0.5);
#12565 = AXIS2_PLACEMENT_3D('',#12566,#12567,#12568);
#12566 = CARTESIAN_POINT('',(-45.5,13.2,-14.1));
#12567 = DIRECTION('',(0.,0.,1.));
#12568 = DIRECTION('',(-1.,2.22044604925E-16,0.));
#12569 = DEFINITIONAL_REPRESENTATION('',(#12570),#12574);
#12570 = LINE('',#12571,#12572);
#12571 = CARTESIAN_POINT('',(-0.,-6.28318530718));
#12572 = VECTOR('',#12573,1.);
#12573 = DIRECTION('',(-0.,1.));
#12574 = ( GEOMETRIC_REPRESENTATION_CONTEXT(2) 
PARAMETRIC_REPRESENTATION_CONTEXT() REPRESENTATION_CONTEXT('2D SPACE',''
  ) );
#12575 = ORIENTED_EDGE('',*,*,#12576,.F.);
#12576 = EDGE_CURVE('',#12523,#12548,#12577,.T.);
#12577 = SURFACE_CURVE('',#12578,(#12582,#12589),.PCURVE_S1.);
#12578 = LINE('',#12579,#12580);
#12579 = CARTESIAN_POINT('',(-46.,11.5,-14.1));
#12580 = VECTOR('',#12581,1.);
#12581 = DIRECTION('',(0.,1.,0.));
#12582 = PCURVE('',#8413,#12583);
#12583 = DEFINITIONAL_REPRESENTATION('',(#12584),#12588);
#12584 = LINE('',#12585,#12586);
#12585 = CARTESIAN_POINT('',(-0.,0.));
#12586 = VECTOR('',#12587,1.);
#12587 = DIRECTION('',(-0.,1.));
#12588 = ( GEOMETRIC_REPRESENTATION_CONTEXT(2) 
PARAMETRIC_REPRESENTATION_CONTEXT() REPRESENTATION_CONTEXT('2D SPACE',''
  ) );
#12589 = PCURVE('',#12590,#12595);
#12590 = PLANE('',#12591);
#12591 = AXIS2_PLACEMENT_3D('',#12592,#12593,#12594);
#12592 = CARTESIAN_POINT('',(-46.,11.5,-14.6));
#12593 = DIRECTION('',(1.,0.,0.));
#12594 = DIRECTION('',(0.,0.,1.));
#12595 = DEFINITIONAL_REPRESENTATION('',(#12596),#12600);
#12596 = LINE('',#12597,#12598);
#12597 = CARTESIAN_POINT('',(0.5,0.));
#12598 = VECTOR('',#12599,1.);
#12599 = DIRECTION('',(0.,-1.));
#12600 = ( GEOMETRIC_REPRESENTATION_CONTEXT(2) 
PARAMETRIC_REPRESENTATION_CONTEXT() REPRESENTATION_CONTEXT('2D SPACE',''
  ) );
#12601 = ADVANCED_FACE('',(#12602),#8467,.T.);
#12602 = FACE_BOUND('',#12603,.T.);
#12603 = EDGE_LOOP('',(#12604,#12628,#12629,#12658));
#12604 = ORIENTED_EDGE('',*,*,#12605,.F.);
#12605 = EDGE_CURVE('',#8370,#12606,#12608,.T.);
#12606 = VERTEX_POINT('',#12607);
#12607 = CARTESIAN_POINT('',(16.,12.,-14.1));
#12608 = SURFACE_CURVE('',#12609,(#12614,#12621),.PCURVE_S1.);
#12609 = CIRCLE('',#12610,0.5);
#12610 = AXIS2_PLACEMENT_3D('',#12611,#12612,#12613);
#12611 = CARTESIAN_POINT('',(15.5,12.,-14.1));
#12612 = DIRECTION('',(0.,-1.,0.));
#12613 = DIRECTION('',(1.,0.,0.));
#12614 = PCURVE('',#8467,#12615);
#12615 = DEFINITIONAL_REPRESENTATION('',(#12616),#12620);
#12616 = LINE('',#12617,#12618);
#12617 = CARTESIAN_POINT('',(6.28318530718,0.5));
#12618 = VECTOR('',#12619,1.);
#12619 = DIRECTION('',(-1.,-0.));
#12620 = ( GEOMETRIC_REPRESENTATION_CONTEXT(2) 
PARAMETRIC_REPRESENTATION_CONTEXT() REPRESENTATION_CONTEXT('2D SPACE',''
  ) );
#12621 = PCURVE('',#12481,#12622);
#12622 = DEFINITIONAL_REPRESENTATION('',(#12623),#12627);
#12623 = LINE('',#12624,#12625);
#12624 = CARTESIAN_POINT('',(-0.,-6.28318530718));
#12625 = VECTOR('',#12626,1.);
#12626 = DIRECTION('',(-0.,1.));
#12627 = ( GEOMETRIC_REPRESENTATION_CONTEXT(2) 
PARAMETRIC_REPRESENTATION_CONTEXT() REPRESENTATION_CONTEXT('2D SPACE',''
  ) );
#12628 = ORIENTED_EDGE('',*,*,#8453,.T.);
#12629 = ORIENTED_EDGE('',*,*,#12630,.T.);
#12630 = EDGE_CURVE('',#8426,#12631,#12633,.T.);
#12631 = VERTEX_POINT('',#12632);
#12632 = CARTESIAN_POINT('',(16.,13.2,-14.1));
#12633 = SURFACE_CURVE('',#12634,(#12639,#12646),.PCURVE_S1.);
#12634 = CIRCLE('',#12635,0.5);
#12635 = AXIS2_PLACEMENT_3D('',#12636,#12637,#12638);
#12636 = CARTESIAN_POINT('',(15.5,13.2,-14.1));
#12637 = DIRECTION('',(2.22044604925E-16,-1.,0.));
#12638 = DIRECTION('',(1.,2.22044604925E-16,0.));
#12639 = PCURVE('',#8467,#12640);
#12640 = DEFINITIONAL_REPRESENTATION('',(#12641),#12645);
#12641 = LINE('',#12642,#12643);
#12642 = CARTESIAN_POINT('',(6.28318530718,1.7));
#12643 = VECTOR('',#12644,1.);
#12644 = DIRECTION('',(-1.,-0.));
#12645 = ( GEOMETRIC_REPRESENTATION_CONTEXT(2) 
PARAMETRIC_REPRESENTATION_CONTEXT() REPRESENTATION_CONTEXT('2D SPACE',''
  ) );
#12646 = PCURVE('',#12647,#12652);
#12647 = SPHERICAL_SURFACE('',#12648,0.5);
#12648 = AXIS2_PLACEMENT_3D('',#12649,#12650,#12651);
#12649 = CARTESIAN_POINT('',(15.5,13.2,-14.1));
#12650 = DIRECTION('',(0.,0.,1.));
#12651 = DIRECTION('',(1.,2.22044604925E-16,-0.));
#12652 = DEFINITIONAL_REPRESENTATION('',(#12653),#12657);
#12653 = LINE('',#12654,#12655);
#12654 = CARTESIAN_POINT('',(0.,-6.28318530718));
#12655 = VECTOR('',#12656,1.);
#12656 = DIRECTION('',(0.,1.));
#12657 = ( GEOMETRIC_REPRESENTATION_CONTEXT(2) 
PARAMETRIC_REPRESENTATION_CONTEXT() REPRESENTATION_CONTEXT('2D SPACE',''
  ) );
#12658 = ORIENTED_EDGE('',*,*,#12659,.F.);
#12659 = EDGE_CURVE('',#12606,#12631,#12660,.T.);
#12660 = SURFACE_CURVE('',#12661,(#12665,#12672),.PCURVE_S1.);
#12661 = LINE('',#12662,#12663);
#12662 = CARTESIAN_POINT('',(16.,11.5,-14.1));
#12663 = VECTOR('',#12664,1.);
#12664 = DIRECTION('',(0.,1.,0.));
#12665 = PCURVE('',#8467,#12666);
#12666 = DEFINITIONAL_REPRESENTATION('',(#12667),#12671);
#12667 = LINE('',#12668,#12669);
#12668 = CARTESIAN_POINT('',(0.,0.));
#12669 = VECTOR('',#12670,1.);
#12670 = DIRECTION('',(0.,1.));
#12671 = ( GEOMETRIC_REPRESENTATION_CONTEXT(2) 
PARAMETRIC_REPRESENTATION_CONTEXT() REPRESENTATION_CONTEXT('2D SPACE',''
  ) );
#12672 = PCURVE('',#12673,#12678);
#12673 = PLANE('',#12674);
#12674 = AXIS2_PLACEMENT_3D('',#12675,#12676,#12677);
#12675 = CARTESIAN_POINT('',(16.,11.5,-14.6));
#12676 = DIRECTION('',(1.,0.,0.));
#12677 = DIRECTION('',(0.,0.,1.));
#12678 = DEFINITIONAL_REPRESENTATION('',(#12679),#12683);
#12679 = LINE('',#12680,#12681);
#12680 = CARTESIAN_POINT('',(0.5,0.));
#12681 = VECTOR('',#12682,1.);
#12682 = DIRECTION('',(0.,-1.));
#12683 = ( GEOMETRIC_REPRESENTATION_CONTEXT(2) 
PARAMETRIC_REPRESENTATION_CONTEXT() REPRESENTATION_CONTEXT('2D SPACE',''
  ) );
#12684 = ADVANCED_FACE('',(#12685),#8441,.T.);
#12685 = FACE_BOUND('',#12686,.F.);
#12686 = EDGE_LOOP('',(#12687,#12711,#12712,#12736));
#12687 = ORIENTED_EDGE('',*,*,#12688,.F.);
#12688 = EDGE_CURVE('',#8398,#12689,#12691,.T.);
#12689 = VERTEX_POINT('',#12690);
#12690 = CARTESIAN_POINT('',(-45.5,13.7,-14.1));
#12691 = SURFACE_CURVE('',#12692,(#12697,#12704),.PCURVE_S1.);
#12692 = CIRCLE('',#12693,0.5);
#12693 = AXIS2_PLACEMENT_3D('',#12694,#12695,#12696);
#12694 = CARTESIAN_POINT('',(-45.5,13.2,-14.1));
#12695 = DIRECTION('',(1.,6.123233995737E-17,-0.));
#12696 = DIRECTION('',(-6.123233995737E-17,1.,0.));
#12697 = PCURVE('',#8441,#12698);
#12698 = DEFINITIONAL_REPRESENTATION('',(#12699),#12703);
#12699 = LINE('',#12700,#12701);
#12700 = CARTESIAN_POINT('',(-6.28318530718,0.5));
#12701 = VECTOR('',#12702,1.);
#12702 = DIRECTION('',(1.,-0.));
#12703 = ( GEOMETRIC_REPRESENTATION_CONTEXT(2) 
PARAMETRIC_REPRESENTATION_CONTEXT() REPRESENTATION_CONTEXT('2D SPACE',''
  ) );
#12704 = PCURVE('',#12564,#12705);
#12705 = DEFINITIONAL_REPRESENTATION('',(#12706),#12710);
#12706 = LINE('',#12707,#12708);
#12707 = CARTESIAN_POINT('',(-1.570796326795,-6.28318530718));
#12708 = VECTOR('',#12709,1.);
#12709 = DIRECTION('',(-0.,1.));
#12710 = ( GEOMETRIC_REPRESENTATION_CONTEXT(2) 
PARAMETRIC_REPRESENTATION_CONTEXT() REPRESENTATION_CONTEXT('2D SPACE',''
  ) );
#12711 = ORIENTED_EDGE('',*,*,#8425,.T.);
#12712 = ORIENTED_EDGE('',*,*,#12713,.T.);
#12713 = EDGE_CURVE('',#8426,#12714,#12716,.T.);
#12714 = VERTEX_POINT('',#12715);
#12715 = CARTESIAN_POINT('',(15.5,13.7,-14.1));
#12716 = SURFACE_CURVE('',#12717,(#12722,#12729),.PCURVE_S1.);
#12717 = CIRCLE('',#12718,0.5);
#12718 = AXIS2_PLACEMENT_3D('',#12719,#12720,#12721);
#12719 = CARTESIAN_POINT('',(15.5,13.2,-14.1));
#12720 = DIRECTION('',(1.,-6.123233995737E-17,0.));
#12721 = DIRECTION('',(6.123233995737E-17,1.,0.));
#12722 = PCURVE('',#8441,#12723);
#12723 = DEFINITIONAL_REPRESENTATION('',(#12724),#12728);
#12724 = LINE('',#12725,#12726);
#12725 = CARTESIAN_POINT('',(-6.28318530718,61.5));
#12726 = VECTOR('',#12727,1.);
#12727 = DIRECTION('',(1.,-0.));
#12728 = ( GEOMETRIC_REPRESENTATION_CONTEXT(2) 
PARAMETRIC_REPRESENTATION_CONTEXT() REPRESENTATION_CONTEXT('2D SPACE',''
  ) );
#12729 = PCURVE('',#12647,#12730);
#12730 = DEFINITIONAL_REPRESENTATION('',(#12731),#12735);
#12731 = LINE('',#12732,#12733);
#12732 = CARTESIAN_POINT('',(1.570796326795,-6.28318530718));
#12733 = VECTOR('',#12734,1.);
#12734 = DIRECTION('',(0.,1.));
#12735 = ( GEOMETRIC_REPRESENTATION_CONTEXT(2) 
PARAMETRIC_REPRESENTATION_CONTEXT() REPRESENTATION_CONTEXT('2D SPACE',''
  ) );
#12736 = ORIENTED_EDGE('',*,*,#12737,.F.);
#12737 = EDGE_CURVE('',#12689,#12714,#12738,.T.);
#12738 = SURFACE_CURVE('',#12739,(#12743,#12750),.PCURVE_S1.);
#12739 = LINE('',#12740,#12741);
#12740 = CARTESIAN_POINT('',(-46.,13.7,-14.1));
#12741 = VECTOR('',#12742,1.);
#12742 = DIRECTION('',(1.,0.,0.));
#12743 = PCURVE('',#8441,#12744);
#12744 = DEFINITIONAL_REPRESENTATION('',(#12745),#12749);
#12745 = LINE('',#12746,#12747);
#12746 = CARTESIAN_POINT('',(-0.,0.));
#12747 = VECTOR('',#12748,1.);
#12748 = DIRECTION('',(-0.,1.));
#12749 = ( GEOMETRIC_REPRESENTATION_CONTEXT(2) 
PARAMETRIC_REPRESENTATION_CONTEXT() REPRESENTATION_CONTEXT('2D SPACE',''
  ) );
#12750 = PCURVE('',#12751,#12756);
#12751 = PLANE('',#12752);
#12752 = AXIS2_PLACEMENT_3D('',#12753,#12754,#12755);
#12753 = CARTESIAN_POINT('',(-46.,13.7,-14.6));
#12754 = DIRECTION('',(0.,1.,0.));
#12755 = DIRECTION('',(0.,0.,1.));
#12756 = DEFINITIONAL_REPRESENTATION('',(#12757),#12761);
#12757 = LINE('',#12758,#12759);
#12758 = CARTESIAN_POINT('',(0.5,0.));
#12759 = VECTOR('',#12760,1.);
#12760 = DIRECTION('',(0.,1.));
#12761 = ( GEOMETRIC_REPRESENTATION_CONTEXT(2) 
PARAMETRIC_REPRESENTATION_CONTEXT() REPRESENTATION_CONTEXT('2D SPACE',''
  ) );
#12762 = ADVANCED_FACE('',(#12763),#8498,.T.);
#12763 = FACE_BOUND('',#12764,.F.);
#12764 = EDGE_LOOP('',(#12765,#12788,#12815,#12816));
#12765 = ORIENTED_EDGE('',*,*,#12766,.T.);
#12766 = EDGE_CURVE('',#8482,#12767,#12769,.T.);
#12767 = VERTEX_POINT('',#12768);
#12768 = CARTESIAN_POINT('',(17.84,6.35,-12.5));
#12769 = SEAM_CURVE('',#12770,(#12774,#12781),.PCURVE_S1.);
#12770 = LINE('',#12771,#12772);
#12771 = CARTESIAN_POINT('',(17.84,6.35,-14.6));
#12772 = VECTOR('',#12773,1.);
#12773 = DIRECTION('',(0.,0.,1.));
#12774 = PCURVE('',#8498,#12775);
#12775 = DEFINITIONAL_REPRESENTATION('',(#12776),#12780);
#12776 = LINE('',#12777,#12778);
#12777 = CARTESIAN_POINT('',(-0.,0.));
#12778 = VECTOR('',#12779,1.);
#12779 = DIRECTION('',(-0.,-1.));
#12780 = ( GEOMETRIC_REPRESENTATION_CONTEXT(2) 
PARAMETRIC_REPRESENTATION_CONTEXT() REPRESENTATION_CONTEXT('2D SPACE',''
  ) );
#12781 = PCURVE('',#8498,#12782);
#12782 = DEFINITIONAL_REPRESENTATION('',(#12783),#12787);
#12783 = LINE('',#12784,#12785);
#12784 = CARTESIAN_POINT('',(-6.28318530718,0.));
#12785 = VECTOR('',#12786,1.);
#12786 = DIRECTION('',(-0.,-1.));
#12787 = ( GEOMETRIC_REPRESENTATION_CONTEXT(2) 
PARAMETRIC_REPRESENTATION_CONTEXT() REPRESENTATION_CONTEXT('2D SPACE',''
  ) );
#12788 = ORIENTED_EDGE('',*,*,#12789,.T.);
#12789 = EDGE_CURVE('',#12767,#12767,#12790,.T.);
#12790 = SURFACE_CURVE('',#12791,(#12796,#12803),.PCURVE_S1.);
#12791 = CIRCLE('',#12792,3.);
#12792 = AXIS2_PLACEMENT_3D('',#12793,#12794,#12795);
#12793 = CARTESIAN_POINT('',(14.84,6.35,-12.5));
#12794 = DIRECTION('',(0.,0.,1.));
#12795 = DIRECTION('',(1.,0.,0.));
#12796 = PCURVE('',#8498,#12797);
#12797 = DEFINITIONAL_REPRESENTATION('',(#12798),#12802);
#12798 = LINE('',#12799,#12800);
#12799 = CARTESIAN_POINT('',(-0.,-2.1));
#12800 = VECTOR('',#12801,1.);
#12801 = DIRECTION('',(-1.,0.));
#12802 = ( GEOMETRIC_REPRESENTATION_CONTEXT(2) 
PARAMETRIC_REPRESENTATION_CONTEXT() REPRESENTATION_CONTEXT('2D SPACE',''
  ) );
#12803 = PCURVE('',#12804,#12809);
#12804 = PLANE('',#12805);
#12805 = AXIS2_PLACEMENT_3D('',#12806,#12807,#12808);
#12806 = CARTESIAN_POINT('',(14.84,-6.35,-12.5));
#12807 = DIRECTION('',(0.,0.,1.));
#12808 = DIRECTION('',(1.,0.,-0.));
#12809 = DEFINITIONAL_REPRESENTATION('',(#12810),#12814);
#12810 = CIRCLE('',#12811,3.);
#12811 = AXIS2_PLACEMENT_2D('',#12812,#12813);
#12812 = CARTESIAN_POINT('',(0.,12.7));
#12813 = DIRECTION('',(1.,0.));
#12814 = ( GEOMETRIC_REPRESENTATION_CONTEXT(2) 
PARAMETRIC_REPRESENTATION_CONTEXT() REPRESENTATION_CONTEXT('2D SPACE',''
  ) );
#12815 = ORIENTED_EDGE('',*,*,#12766,.F.);
#12816 = ORIENTED_EDGE('',*,*,#8481,.F.);
#12817 = ADVANCED_FACE('',(#12818),#8529,.T.);
#12818 = FACE_BOUND('',#12819,.F.);
#12819 = EDGE_LOOP('',(#12820,#12843,#12870,#12871));
#12820 = ORIENTED_EDGE('',*,*,#12821,.T.);
#12821 = EDGE_CURVE('',#8513,#12822,#12824,.T.);
#12822 = VERTEX_POINT('',#12823);
#12823 = CARTESIAN_POINT('',(38.16,6.35,-12.5));
#12824 = SEAM_CURVE('',#12825,(#12829,#12836),.PCURVE_S1.);
#12825 = LINE('',#12826,#12827);
#12826 = CARTESIAN_POINT('',(38.16,6.35,-14.6));
#12827 = VECTOR('',#12828,1.);
#12828 = DIRECTION('',(0.,0.,1.));
#12829 = PCURVE('',#8529,#12830);
#12830 = DEFINITIONAL_REPRESENTATION('',(#12831),#12835);
#12831 = LINE('',#12832,#12833);
#12832 = CARTESIAN_POINT('',(-0.,0.));
#12833 = VECTOR('',#12834,1.);
#12834 = DIRECTION('',(-0.,-1.));
#12835 = ( GEOMETRIC_REPRESENTATION_CONTEXT(2) 
PARAMETRIC_REPRESENTATION_CONTEXT() REPRESENTATION_CONTEXT('2D SPACE',''
  ) );
#12836 = PCURVE('',#8529,#12837);
#12837 = DEFINITIONAL_REPRESENTATION('',(#12838),#12842);
#12838 = LINE('',#12839,#12840);
#12839 = CARTESIAN_POINT('',(-6.28318530718,0.));
#12840 = VECTOR('',#12841,1.);
#12841 = DIRECTION('',(-0.,-1.));
#12842 = ( GEOMETRIC_REPRESENTATION_CONTEXT(2) 
PARAMETRIC_REPRESENTATION_CONTEXT() REPRESENTATION_CONTEXT('2D SPACE',''
  ) );
#12843 = ORIENTED_EDGE('',*,*,#12844,.T.);
#12844 = EDGE_CURVE('',#12822,#12822,#12845,.T.);
#12845 = SURFACE_CURVE('',#12846,(#12851,#12858),.PCURVE_S1.);
#12846 = CIRCLE('',#12847,3.);
#12847 = AXIS2_PLACEMENT_3D('',#12848,#12849,#12850);
#12848 = CARTESIAN_POINT('',(35.16,6.35,-12.5));
#12849 = DIRECTION('',(0.,0.,1.));
#12850 = DIRECTION('',(1.,0.,0.));
#12851 = PCURVE('',#8529,#12852);
#12852 = DEFINITIONAL_REPRESENTATION('',(#12853),#12857);
#12853 = LINE('',#12854,#12855);
#12854 = CARTESIAN_POINT('',(-0.,-2.1));
#12855 = VECTOR('',#12856,1.);
#12856 = DIRECTION('',(-1.,0.));
#12857 = ( GEOMETRIC_REPRESENTATION_CONTEXT(2) 
PARAMETRIC_REPRESENTATION_CONTEXT() REPRESENTATION_CONTEXT('2D SPACE',''
  ) );
#12858 = PCURVE('',#12859,#12864);
#12859 = PLANE('',#12860);
#12860 = AXIS2_PLACEMENT_3D('',#12861,#12862,#12863);
#12861 = CARTESIAN_POINT('',(14.84,-6.35,-12.5));
#12862 = DIRECTION('',(0.,0.,1.));
#12863 = DIRECTION('',(1.,0.,-0.));
#12864 = DEFINITIONAL_REPRESENTATION('',(#12865),#12869);
#12865 = CIRCLE('',#12866,3.);
#12866 = AXIS2_PLACEMENT_2D('',#12867,#12868);
#12867 = CARTESIAN_POINT('',(20.32,12.7));
#12868 = DIRECTION('',(1.,0.));
#12869 = ( GEOMETRIC_REPRESENTATION_CONTEXT(2) 
PARAMETRIC_REPRESENTATION_CONTEXT() REPRESENTATION_CONTEXT('2D SPACE',''
  ) );
#12870 = ORIENTED_EDGE('',*,*,#12821,.F.);
#12871 = ORIENTED_EDGE('',*,*,#8512,.F.);
#12872 = ADVANCED_FACE('',(#12873),#9027,.F.);
#12873 = FACE_BOUND('',#12874,.F.);
#12874 = EDGE_LOOP('',(#12875,#12876,#12877));
#12875 = ORIENTED_EDGE('',*,*,#11852,.F.);
#12876 = ORIENTED_EDGE('',*,*,#9012,.T.);
#12877 = ORIENTED_EDGE('',*,*,#9946,.F.);
#12878 = ADVANCED_FACE('',(#12879),#9576,.T.);
#12879 = FACE_BOUND('',#12880,.T.);
#12880 = EDGE_LOOP('',(#12881,#12882,#12883,#12905));
#12881 = ORIENTED_EDGE('',*,*,#11509,.T.);
#12882 = ORIENTED_EDGE('',*,*,#9562,.T.);
#12883 = ORIENTED_EDGE('',*,*,#12884,.F.);
#12884 = EDGE_CURVE('',#11275,#9540,#12885,.T.);
#12885 = SURFACE_CURVE('',#12886,(#12891,#12898),.PCURVE_S1.);
#12886 = CIRCLE('',#12887,1.2);
#12887 = AXIS2_PLACEMENT_3D('',#12888,#12889,#12890);
#12888 = CARTESIAN_POINT('',(60.5,26.5,9.8));
#12889 = DIRECTION('',(1.,0.,-6.123233995737E-17));
#12890 = DIRECTION('',(6.123233995737E-17,0.,1.));
#12891 = PCURVE('',#9576,#12892);
#12892 = DEFINITIONAL_REPRESENTATION('',(#12893),#12897);
#12893 = LINE('',#12894,#12895);
#12894 = CARTESIAN_POINT('',(-4.712388980385,1.8));
#12895 = VECTOR('',#12896,1.);
#12896 = DIRECTION('',(1.,0.));
#12897 = ( GEOMETRIC_REPRESENTATION_CONTEXT(2) 
PARAMETRIC_REPRESENTATION_CONTEXT() REPRESENTATION_CONTEXT('2D SPACE',''
  ) );
#12898 = PCURVE('',#9608,#12899);
#12899 = DEFINITIONAL_REPRESENTATION('',(#12900),#12904);
#12900 = LINE('',#12901,#12902);
#12901 = CARTESIAN_POINT('',(1.570796326795,-6.28318530718));
#12902 = VECTOR('',#12903,1.);
#12903 = DIRECTION('',(0.,1.));
#12904 = ( GEOMETRIC_REPRESENTATION_CONTEXT(2) 
PARAMETRIC_REPRESENTATION_CONTEXT() REPRESENTATION_CONTEXT('2D SPACE',''
  ) );
#12905 = ORIENTED_EDGE('',*,*,#12906,.F.);
#12906 = EDGE_CURVE('',#11461,#11275,#12907,.T.);
#12907 = SURFACE_CURVE('',#12908,(#12912,#12919),.PCURVE_S1.);
#12908 = LINE('',#12909,#12910);
#12909 = CARTESIAN_POINT('',(58.7,27.7,9.8));
#12910 = VECTOR('',#12911,1.);
#12911 = DIRECTION('',(1.,0.,0.));
#12912 = PCURVE('',#9576,#12913);
#12913 = DEFINITIONAL_REPRESENTATION('',(#12914),#12918);
#12914 = LINE('',#12915,#12916);
#12915 = CARTESIAN_POINT('',(0.,0.));
#12916 = VECTOR('',#12917,1.);
#12917 = DIRECTION('',(0.,1.));
#12918 = ( GEOMETRIC_REPRESENTATION_CONTEXT(2) 
PARAMETRIC_REPRESENTATION_CONTEXT() REPRESENTATION_CONTEXT('2D SPACE',''
  ) );
#12919 = PCURVE('',#11290,#12920);
#12920 = DEFINITIONAL_REPRESENTATION('',(#12921),#12925);
#12921 = LINE('',#12922,#12923);
#12922 = CARTESIAN_POINT('',(20.8,0.));
#12923 = VECTOR('',#12924,1.);
#12924 = DIRECTION('',(0.,1.));
#12925 = ( GEOMETRIC_REPRESENTATION_CONTEXT(2) 
PARAMETRIC_REPRESENTATION_CONTEXT() REPRESENTATION_CONTEXT('2D SPACE',''
  ) );
#12926 = ADVANCED_FACE('',(#12927),#9608,.T.);
#12927 = FACE_BOUND('',#12928,.T.);
#12928 = EDGE_LOOP('',(#12929,#12930,#12931));
#12929 = ORIENTED_EDGE('',*,*,#11302,.F.);
#12930 = ORIENTED_EDGE('',*,*,#12884,.T.);
#12931 = ORIENTED_EDGE('',*,*,#9593,.F.);
#12932 = ADVANCED_FACE('',(#12933),#9664,.T.);
#12933 = FACE_BOUND('',#12934,.T.);
#12934 = EDGE_LOOP('',(#12935,#12956,#12957,#12958));
#12935 = ORIENTED_EDGE('',*,*,#12936,.F.);
#12936 = EDGE_CURVE('',#10683,#9700,#12937,.T.);
#12937 = SURFACE_CURVE('',#12938,(#12942,#12949),.PCURVE_S1.);
#12938 = LINE('',#12939,#12940);
#12939 = CARTESIAN_POINT('',(70.,16.,-17.));
#12940 = VECTOR('',#12941,1.);
#12941 = DIRECTION('',(0.,0.,1.));
#12942 = PCURVE('',#9664,#12943);
#12943 = DEFINITIONAL_REPRESENTATION('',(#12944),#12948);
#12944 = LINE('',#12945,#12946);
#12945 = CARTESIAN_POINT('',(0.,0.));
#12946 = VECTOR('',#12947,1.);
#12947 = DIRECTION('',(0.,1.));
#12948 = ( GEOMETRIC_REPRESENTATION_CONTEXT(2) 
PARAMETRIC_REPRESENTATION_CONTEXT() REPRESENTATION_CONTEXT('2D SPACE',''
  ) );
#12949 = PCURVE('',#10725,#12950);
#12950 = DEFINITIONAL_REPRESENTATION('',(#12951),#12955);
#12951 = LINE('',#12952,#12953);
#12952 = CARTESIAN_POINT('',(0.,-36.));
#12953 = VECTOR('',#12954,1.);
#12954 = DIRECTION('',(1.,0.));
#12955 = ( GEOMETRIC_REPRESENTATION_CONTEXT(2) 
PARAMETRIC_REPRESENTATION_CONTEXT() REPRESENTATION_CONTEXT('2D SPACE',''
  ) );
#12956 = ORIENTED_EDGE('',*,*,#10682,.T.);
#12957 = ORIENTED_EDGE('',*,*,#9648,.T.);
#12958 = ORIENTED_EDGE('',*,*,#9699,.T.);
#12959 = ADVANCED_FACE('',(#12960),#9819,.T.);
#12960 = FACE_BOUND('',#12961,.F.);
#12961 = EDGE_LOOP('',(#12962,#12985,#13013,#13032,#13033));
#12962 = ORIENTED_EDGE('',*,*,#12963,.F.);
#12963 = EDGE_CURVE('',#12964,#9700,#12966,.T.);
#12964 = VERTEX_POINT('',#12965);
#12965 = CARTESIAN_POINT('',(70.,12.,10.));
#12966 = SURFACE_CURVE('',#12967,(#12971,#12978),.PCURVE_S1.);
#12967 = LINE('',#12968,#12969);
#12968 = CARTESIAN_POINT('',(70.,-20.,10.));
#12969 = VECTOR('',#12970,1.);
#12970 = DIRECTION('',(0.,1.,0.));
#12971 = PCURVE('',#9819,#12972);
#12972 = DEFINITIONAL_REPRESENTATION('',(#12973),#12977);
#12973 = LINE('',#12974,#12975);
#12974 = CARTESIAN_POINT('',(-0.,0.));
#12975 = VECTOR('',#12976,1.);
#12976 = DIRECTION('',(-0.,1.));
#12977 = ( GEOMETRIC_REPRESENTATION_CONTEXT(2) 
PARAMETRIC_REPRESENTATION_CONTEXT() REPRESENTATION_CONTEXT('2D SPACE',''
  ) );
#12978 = PCURVE('',#10725,#12979);
#12979 = DEFINITIONAL_REPRESENTATION('',(#12980),#12984);
#12980 = LINE('',#12981,#12982);
#12981 = CARTESIAN_POINT('',(27.,0.));
#12982 = VECTOR('',#12983,1.);
#12983 = DIRECTION('',(0.,-1.));
#12984 = ( GEOMETRIC_REPRESENTATION_CONTEXT(2) 
PARAMETRIC_REPRESENTATION_CONTEXT() REPRESENTATION_CONTEXT('2D SPACE',''
  ) );
#12985 = ORIENTED_EDGE('',*,*,#12986,.F.);
#12986 = EDGE_CURVE('',#12987,#12964,#12989,.T.);
#12987 = VERTEX_POINT('',#12988);
#12988 = CARTESIAN_POINT('',(67.6,12.,13.666060555965));
#12989 = SURFACE_CURVE('',#12990,(#12995,#13002),.PCURVE_S1.);
#12990 = CIRCLE('',#12991,4.);
#12991 = AXIS2_PLACEMENT_3D('',#12992,#12993,#12994);
#12992 = CARTESIAN_POINT('',(66.,12.,10.));
#12993 = DIRECTION('',(0.,1.,0.));
#12994 = DIRECTION('',(1.,0.,-0.));
#12995 = PCURVE('',#9819,#12996);
#12996 = DEFINITIONAL_REPRESENTATION('',(#12997),#13001);
#12997 = LINE('',#12998,#12999);
#12998 = CARTESIAN_POINT('',(-6.28318530718,32.));
#12999 = VECTOR('',#13000,1.);
#13000 = DIRECTION('',(1.,-0.));
#13001 = ( GEOMETRIC_REPRESENTATION_CONTEXT(2) 
PARAMETRIC_REPRESENTATION_CONTEXT() REPRESENTATION_CONTEXT('2D SPACE',''
  ) );
#13002 = PCURVE('',#10751,#13003);
#13003 = DEFINITIONAL_REPRESENTATION('',(#13004),#13012);
#13004 = ( BOUNDED_CURVE() B_SPLINE_CURVE(2,(#13005,#13006,#13007,#13008
    ,#13009,#13010,#13011),.UNSPECIFIED.,.T.,.F.) 
B_SPLINE_CURVE_WITH_KNOTS((1,2,2,2,2,1),(-2.094395102393,0.,
    2.094395102393,4.188790204786,6.28318530718,8.377580409573),
.UNSPECIFIED.) CURVE() GEOMETRIC_REPRESENTATION_ITEM() 
RATIONAL_B_SPLINE_CURVE((1.,0.5,1.,0.5,1.,0.5,1.)) REPRESENTATION_ITEM(
  '') );
#13005 = CARTESIAN_POINT('',(5.,-6.));
#13006 = CARTESIAN_POINT('',(-1.928203230276,-6.));
#13007 = CARTESIAN_POINT('',(1.535898384862,-8.881784197001E-16));
#13008 = CARTESIAN_POINT('',(5.,6.));
#13009 = CARTESIAN_POINT('',(8.464101615138,1.7763568394E-15));
#13010 = CARTESIAN_POINT('',(11.928203230276,-6.));
#13011 = CARTESIAN_POINT('',(5.,-6.));
#13012 = ( GEOMETRIC_REPRESENTATION_CONTEXT(2) 
PARAMETRIC_REPRESENTATION_CONTEXT() REPRESENTATION_CONTEXT('2D SPACE',''
  ) );
#13013 = ORIENTED_EDGE('',*,*,#13014,.T.);
#13014 = EDGE_CURVE('',#12987,#9837,#13015,.T.);
#13015 = SURFACE_CURVE('',#13016,(#13020,#13026),.PCURVE_S1.);
#13016 = LINE('',#13017,#13018);
#13017 = CARTESIAN_POINT('',(67.6,-20.,13.666060555965));
#13018 = VECTOR('',#13019,1.);
#13019 = DIRECTION('',(0.,1.,0.));
#13020 = PCURVE('',#9819,#13021);
#13021 = DEFINITIONAL_REPRESENTATION('',(#13022),#13025);
#13022 = B_SPLINE_CURVE_WITH_KNOTS('',1,(#13023,#13024),.UNSPECIFIED.,
  .F.,.F.,(2,2),(3.9999994,36.0000006),.PIECEWISE_BEZIER_KNOTS.);
#13023 = CARTESIAN_POINT('',(-1.159279480727,3.9999994));
#13024 = CARTESIAN_POINT('',(-1.159279480727,36.0000006));
#13025 = ( GEOMETRIC_REPRESENTATION_CONTEXT(2) 
PARAMETRIC_REPRESENTATION_CONTEXT() REPRESENTATION_CONTEXT('2D SPACE',''
  ) );
#13026 = PCURVE('',#9852,#13027);
#13027 = DEFINITIONAL_REPRESENTATION('',(#13028),#13031);
#13028 = B_SPLINE_CURVE_WITH_KNOTS('',1,(#13029,#13030),.UNSPECIFIED.,
  .F.,.F.,(2,2),(3.9999994,36.0000006),.PIECEWISE_BEZIER_KNOTS.);
#13029 = CARTESIAN_POINT('',(28.266060555965,-1.5999994));
#13030 = CARTESIAN_POINT('',(28.266060555965,-33.6000006));
#13031 = ( GEOMETRIC_REPRESENTATION_CONTEXT(2) 
PARAMETRIC_REPRESENTATION_CONTEXT() REPRESENTATION_CONTEXT('2D SPACE',''
  ) );
#13032 = ORIENTED_EDGE('',*,*,#9893,.T.);
#13033 = ORIENTED_EDGE('',*,*,#9804,.F.);
#13034 = ADVANCED_FACE('',(#13035),#9852,.F.);
#13035 = FACE_BOUND('',#13036,.F.);
#13036 = EDGE_LOOP('',(#13037,#13038,#13057,#13058));
#13037 = ORIENTED_EDGE('',*,*,#13014,.F.);
#13038 = ORIENTED_EDGE('',*,*,#13039,.T.);
#13039 = EDGE_CURVE('',#12987,#10737,#13040,.T.);
#13040 = SURFACE_CURVE('',#13041,(#13045,#13051),.PCURVE_S1.);
#13041 = LINE('',#13042,#13043);
#13042 = CARTESIAN_POINT('',(67.6,12.,-4.8));
#13043 = VECTOR('',#13044,1.);
#13044 = DIRECTION('',(0.,0.,-1.));
#13045 = PCURVE('',#9852,#13046);
#13046 = DEFINITIONAL_REPRESENTATION('',(#13047),#13050);
#13047 = B_SPLINE_CURVE_WITH_KNOTS('',1,(#13048,#13049),.UNSPECIFIED.,
  .F.,.F.,(2,2),(-18.46606055596,-9.8),.PIECEWISE_BEZIER_KNOTS.);
#13048 = CARTESIAN_POINT('',(28.266060555965,-29.6));
#13049 = CARTESIAN_POINT('',(19.6,-29.6));
#13050 = ( GEOMETRIC_REPRESENTATION_CONTEXT(2) 
PARAMETRIC_REPRESENTATION_CONTEXT() REPRESENTATION_CONTEXT('2D SPACE',''
  ) );
#13051 = PCURVE('',#10751,#13052);
#13052 = DEFINITIONAL_REPRESENTATION('',(#13053),#13056);
#13053 = B_SPLINE_CURVE_WITH_KNOTS('',1,(#13054,#13055),.UNSPECIFIED.,
  .F.,.F.,(2,2),(-18.46606055596,-9.8),.PIECEWISE_BEZIER_KNOTS.);
#13054 = CARTESIAN_POINT('',(8.666060555965,-3.6));
#13055 = CARTESIAN_POINT('',(0.,-3.6));
#13056 = ( GEOMETRIC_REPRESENTATION_CONTEXT(2) 
PARAMETRIC_REPRESENTATION_CONTEXT() REPRESENTATION_CONTEXT('2D SPACE',''
  ) );
#13057 = ORIENTED_EDGE('',*,*,#10762,.T.);
#13058 = ORIENTED_EDGE('',*,*,#9834,.T.);
#13059 = ADVANCED_FACE('',(#13060),#9990,.T.);
#13060 = FACE_BOUND('',#13061,.F.);
#13061 = EDGE_LOOP('',(#13062,#13063,#13085));
#13062 = ORIENTED_EDGE('',*,*,#9973,.F.);
#13063 = ORIENTED_EDGE('',*,*,#13064,.T.);
#13064 = EDGE_CURVE('',#9974,#10924,#13065,.T.);
#13065 = SURFACE_CURVE('',#13066,(#13071,#13078),.PCURVE_S1.);
#13066 = CIRCLE('',#13067,1.2);
#13067 = AXIS2_PLACEMENT_3D('',#13068,#13069,#13070);
#13068 = CARTESIAN_POINT('',(60.5,-15.1,-9.8));
#13069 = DIRECTION('',(-1.,-6.123233995737E-17,0.));
#13070 = DIRECTION('',(6.123233995737E-17,-1.,-0.));
#13071 = PCURVE('',#9990,#13072);
#13072 = DEFINITIONAL_REPRESENTATION('',(#13073),#13077);
#13073 = LINE('',#13074,#13075);
#13074 = CARTESIAN_POINT('',(-1.570796326795,-6.28318530718));
#13075 = VECTOR('',#13076,1.);
#13076 = DIRECTION('',(-0.,1.));
#13077 = ( GEOMETRIC_REPRESENTATION_CONTEXT(2) 
PARAMETRIC_REPRESENTATION_CONTEXT() REPRESENTATION_CONTEXT('2D SPACE',''
  ) );
#13078 = PCURVE('',#10065,#13079);
#13079 = DEFINITIONAL_REPRESENTATION('',(#13080),#13084);
#13080 = LINE('',#13081,#13082);
#13081 = CARTESIAN_POINT('',(6.28318530718,1.8));
#13082 = VECTOR('',#13083,1.);
#13083 = DIRECTION('',(-1.,-0.));
#13084 = ( GEOMETRIC_REPRESENTATION_CONTEXT(2) 
PARAMETRIC_REPRESENTATION_CONTEXT() REPRESENTATION_CONTEXT('2D SPACE',''
  ) );
#13085 = ORIENTED_EDGE('',*,*,#10923,.F.);
#13086 = ADVANCED_FACE('',(#13087),#10065,.T.);
#13087 = FACE_BOUND('',#13088,.T.);
#13088 = EDGE_LOOP('',(#13089,#13113,#13114,#13115));
#13089 = ORIENTED_EDGE('',*,*,#13090,.F.);
#13090 = EDGE_CURVE('',#10029,#13091,#13093,.T.);
#13091 = VERTEX_POINT('',#13092);
#13092 = CARTESIAN_POINT('',(59.9,-16.3,-9.8));
#13093 = SURFACE_CURVE('',#13094,(#13099,#13106),.PCURVE_S1.);
#13094 = CIRCLE('',#13095,1.2);
#13095 = AXIS2_PLACEMENT_3D('',#13096,#13097,#13098);
#13096 = CARTESIAN_POINT('',(59.9,-15.1,-9.8));
#13097 = DIRECTION('',(-1.,6.123233995737E-17,0.));
#13098 = DIRECTION('',(-6.123233995737E-17,-1.,0.));
#13099 = PCURVE('',#10065,#13100);
#13100 = DEFINITIONAL_REPRESENTATION('',(#13101),#13105);
#13101 = LINE('',#13102,#13103);
#13102 = CARTESIAN_POINT('',(6.28318530718,1.2));
#13103 = VECTOR('',#13104,1.);
#13104 = DIRECTION('',(-1.,-0.));
#13105 = ( GEOMETRIC_REPRESENTATION_CONTEXT(2) 
PARAMETRIC_REPRESENTATION_CONTEXT() REPRESENTATION_CONTEXT('2D SPACE',''
  ) );
#13106 = PCURVE('',#10099,#13107);
#13107 = DEFINITIONAL_REPRESENTATION('',(#13108),#13112);
#13108 = LINE('',#13109,#13110);
#13109 = CARTESIAN_POINT('',(1.570796326795,-6.28318530718));
#13110 = VECTOR('',#13111,1.);
#13111 = DIRECTION('',(0.,1.));
#13112 = ( GEOMETRIC_REPRESENTATION_CONTEXT(2) 
PARAMETRIC_REPRESENTATION_CONTEXT() REPRESENTATION_CONTEXT('2D SPACE',''
  ) );
#13113 = ORIENTED_EDGE('',*,*,#10051,.T.);
#13114 = ORIENTED_EDGE('',*,*,#13064,.T.);
#13115 = ORIENTED_EDGE('',*,*,#13116,.F.);
#13116 = EDGE_CURVE('',#13091,#10924,#13117,.T.);
#13117 = SURFACE_CURVE('',#13118,(#13122,#13129),.PCURVE_S1.);
#13118 = LINE('',#13119,#13120);
#13119 = CARTESIAN_POINT('',(58.7,-16.3,-9.8));
#13120 = VECTOR('',#13121,1.);
#13121 = DIRECTION('',(1.,0.,0.));
#13122 = PCURVE('',#10065,#13123);
#13123 = DEFINITIONAL_REPRESENTATION('',(#13124),#13128);
#13124 = LINE('',#13125,#13126);
#13125 = CARTESIAN_POINT('',(0.,0.));
#13126 = VECTOR('',#13127,1.);
#13127 = DIRECTION('',(0.,1.));
#13128 = ( GEOMETRIC_REPRESENTATION_CONTEXT(2) 
PARAMETRIC_REPRESENTATION_CONTEXT() REPRESENTATION_CONTEXT('2D SPACE',''
  ) );
#13129 = PCURVE('',#10963,#13130);
#13130 = DEFINITIONAL_REPRESENTATION('',(#13131),#13135);
#13131 = LINE('',#13132,#13133);
#13132 = CARTESIAN_POINT('',(1.2,0.));
#13133 = VECTOR('',#13134,1.);
#13134 = DIRECTION('',(0.,1.));
#13135 = ( GEOMETRIC_REPRESENTATION_CONTEXT(2) 
PARAMETRIC_REPRESENTATION_CONTEXT() REPRESENTATION_CONTEXT('2D SPACE',''
  ) );
#13136 = ADVANCED_FACE('',(#13137),#10099,.T.);
#13137 = FACE_BOUND('',#13138,.T.);
#13138 = EDGE_LOOP('',(#13139,#13140,#13141));
#13139 = ORIENTED_EDGE('',*,*,#10082,.F.);
#13140 = ORIENTED_EDGE('',*,*,#13090,.T.);
#13141 = ORIENTED_EDGE('',*,*,#13142,.F.);
#13142 = EDGE_CURVE('',#10083,#13091,#13143,.T.);
#13143 = SURFACE_CURVE('',#13144,(#13149,#13156),.PCURVE_S1.);
#13144 = CIRCLE('',#13145,1.2);
#13145 = AXIS2_PLACEMENT_3D('',#13146,#13147,#13148);
#13146 = CARTESIAN_POINT('',(59.9,-15.1,-9.8));
#13147 = DIRECTION('',(0.,0.,1.));
#13148 = DIRECTION('',(-1.,0.,0.));
#13149 = PCURVE('',#10099,#13150);
#13150 = DEFINITIONAL_REPRESENTATION('',(#13151),#13155);
#13151 = LINE('',#13152,#13153);
#13152 = CARTESIAN_POINT('',(0.,0.));
#13153 = VECTOR('',#13154,1.);
#13154 = DIRECTION('',(1.,0.));
#13155 = ( GEOMETRIC_REPRESENTATION_CONTEXT(2) 
PARAMETRIC_REPRESENTATION_CONTEXT() REPRESENTATION_CONTEXT('2D SPACE',''
  ) );
#13156 = PCURVE('',#10153,#13157);
#13157 = DEFINITIONAL_REPRESENTATION('',(#13158),#13162);
#13158 = LINE('',#13159,#13160);
#13159 = CARTESIAN_POINT('',(0.,1.2));
#13160 = VECTOR('',#13161,1.);
#13161 = DIRECTION('',(1.,0.));
#13162 = ( GEOMETRIC_REPRESENTATION_CONTEXT(2) 
PARAMETRIC_REPRESENTATION_CONTEXT() REPRESENTATION_CONTEXT('2D SPACE',''
  ) );
#13163 = ADVANCED_FACE('',(#13164),#10153,.T.);
#13164 = FACE_BOUND('',#13165,.T.);
#13165 = EDGE_LOOP('',(#13166,#13167,#13168,#13189));
#13166 = ORIENTED_EDGE('',*,*,#10137,.F.);
#13167 = ORIENTED_EDGE('',*,*,#13142,.T.);
#13168 = ORIENTED_EDGE('',*,*,#13169,.T.);
#13169 = EDGE_CURVE('',#13091,#11001,#13170,.T.);
#13170 = SURFACE_CURVE('',#13171,(#13175,#13182),.PCURVE_S1.);
#13171 = LINE('',#13172,#13173);
#13172 = CARTESIAN_POINT('',(59.9,-16.3,-11.));
#13173 = VECTOR('',#13174,1.);
#13174 = DIRECTION('',(0.,0.,1.));
#13175 = PCURVE('',#10153,#13176);
#13176 = DEFINITIONAL_REPRESENTATION('',(#13177),#13181);
#13177 = LINE('',#13178,#13179);
#13178 = CARTESIAN_POINT('',(1.570796326795,0.));
#13179 = VECTOR('',#13180,1.);
#13180 = DIRECTION('',(0.,1.));
#13181 = ( GEOMETRIC_REPRESENTATION_CONTEXT(2) 
PARAMETRIC_REPRESENTATION_CONTEXT() REPRESENTATION_CONTEXT('2D SPACE',''
  ) );
#13182 = PCURVE('',#10963,#13183);
#13183 = DEFINITIONAL_REPRESENTATION('',(#13184),#13188);
#13184 = LINE('',#13185,#13186);
#13185 = CARTESIAN_POINT('',(0.,1.2));
#13186 = VECTOR('',#13187,1.);
#13187 = DIRECTION('',(1.,0.));
#13188 = ( GEOMETRIC_REPRESENTATION_CONTEXT(2) 
PARAMETRIC_REPRESENTATION_CONTEXT() REPRESENTATION_CONTEXT('2D SPACE',''
  ) );
#13189 = ORIENTED_EDGE('',*,*,#11000,.F.);
#13190 = ADVANCED_FACE('',(#13191),#10453,.T.);
#13191 = FACE_BOUND('',#13192,.T.);
#13192 = EDGE_LOOP('',(#13193,#13194,#13195,#13218));
#13193 = ORIENTED_EDGE('',*,*,#10437,.F.);
#13194 = ORIENTED_EDGE('',*,*,#11141,.T.);
#13195 = ORIENTED_EDGE('',*,*,#13196,.T.);
#13196 = EDGE_CURVE('',#11112,#13197,#13199,.T.);
#13197 = VERTEX_POINT('',#13198);
#13198 = CARTESIAN_POINT('',(59.9,-16.3,9.8));
#13199 = SURFACE_CURVE('',#13200,(#13204,#13211),.PCURVE_S1.);
#13200 = LINE('',#13201,#13202);
#13201 = CARTESIAN_POINT('',(59.9,-16.3,-11.));
#13202 = VECTOR('',#13203,1.);
#13203 = DIRECTION('',(0.,0.,1.));
#13204 = PCURVE('',#10453,#13205);
#13205 = DEFINITIONAL_REPRESENTATION('',(#13206),#13210);
#13206 = LINE('',#13207,#13208);
#13207 = CARTESIAN_POINT('',(1.570796326795,0.));
#13208 = VECTOR('',#13209,1.);
#13209 = DIRECTION('',(0.,1.));
#13210 = ( GEOMETRIC_REPRESENTATION_CONTEXT(2) 
PARAMETRIC_REPRESENTATION_CONTEXT() REPRESENTATION_CONTEXT('2D SPACE',''
  ) );
#13211 = PCURVE('',#11129,#13212);
#13212 = DEFINITIONAL_REPRESENTATION('',(#13213),#13217);
#13213 = LINE('',#13214,#13215);
#13214 = CARTESIAN_POINT('',(0.,1.2));
#13215 = VECTOR('',#13216,1.);
#13216 = DIRECTION('',(1.,0.));
#13217 = ( GEOMETRIC_REPRESENTATION_CONTEXT(2) 
PARAMETRIC_REPRESENTATION_CONTEXT() REPRESENTATION_CONTEXT('2D SPACE',''
  ) );
#13218 = ORIENTED_EDGE('',*,*,#13219,.F.);
#13219 = EDGE_CURVE('',#10415,#13197,#13220,.T.);
#13220 = SURFACE_CURVE('',#13221,(#13226,#13233),.PCURVE_S1.);
#13221 = CIRCLE('',#13222,1.2);
#13222 = AXIS2_PLACEMENT_3D('',#13223,#13224,#13225);
#13223 = CARTESIAN_POINT('',(59.9,-15.1,9.8));
#13224 = DIRECTION('',(0.,0.,1.));
#13225 = DIRECTION('',(-1.,0.,0.));
#13226 = PCURVE('',#10453,#13227);
#13227 = DEFINITIONAL_REPRESENTATION('',(#13228),#13232);
#13228 = LINE('',#13229,#13230);
#13229 = CARTESIAN_POINT('',(0.,20.8));
#13230 = VECTOR('',#13231,1.);
#13231 = DIRECTION('',(1.,0.));
#13232 = ( GEOMETRIC_REPRESENTATION_CONTEXT(2) 
PARAMETRIC_REPRESENTATION_CONTEXT() REPRESENTATION_CONTEXT('2D SPACE',''
  ) );
#13233 = PCURVE('',#10555,#13234);
#13234 = DEFINITIONAL_REPRESENTATION('',(#13235),#13239);
#13235 = LINE('',#13236,#13237);
#13236 = CARTESIAN_POINT('',(-0.,0.));
#13237 = VECTOR('',#13238,1.);
#13238 = DIRECTION('',(-1.,0.));
#13239 = ( GEOMETRIC_REPRESENTATION_CONTEXT(2) 
PARAMETRIC_REPRESENTATION_CONTEXT() REPRESENTATION_CONTEXT('2D SPACE',''
  ) );
#13240 = ADVANCED_FACE('',(#13241),#10555,.T.);
#13241 = FACE_BOUND('',#13242,.F.);
#13242 = EDGE_LOOP('',(#13243,#13244,#13266));
#13243 = ORIENTED_EDGE('',*,*,#10538,.F.);
#13244 = ORIENTED_EDGE('',*,*,#13245,.T.);
#13245 = EDGE_CURVE('',#10539,#13197,#13246,.T.);
#13246 = SURFACE_CURVE('',#13247,(#13252,#13259),.PCURVE_S1.);
#13247 = CIRCLE('',#13248,1.2);
#13248 = AXIS2_PLACEMENT_3D('',#13249,#13250,#13251);
#13249 = CARTESIAN_POINT('',(59.9,-15.1,9.8));
#13250 = DIRECTION('',(1.,-6.123233995737E-17,0.));
#13251 = DIRECTION('',(-6.123233995737E-17,-1.,0.));
#13252 = PCURVE('',#10555,#13253);
#13253 = DEFINITIONAL_REPRESENTATION('',(#13254),#13258);
#13254 = LINE('',#13255,#13256);
#13255 = CARTESIAN_POINT('',(-1.570796326795,-6.28318530718));
#13256 = VECTOR('',#13257,1.);
#13257 = DIRECTION('',(-0.,1.));
#13258 = ( GEOMETRIC_REPRESENTATION_CONTEXT(2) 
PARAMETRIC_REPRESENTATION_CONTEXT() REPRESENTATION_CONTEXT('2D SPACE',''
  ) );
#13259 = PCURVE('',#10610,#13260);
#13260 = DEFINITIONAL_REPRESENTATION('',(#13261),#13265);
#13261 = LINE('',#13262,#13263);
#13262 = CARTESIAN_POINT('',(-6.28318530718,1.2));
#13263 = VECTOR('',#13264,1.);
#13264 = DIRECTION('',(1.,-0.));
#13265 = ( GEOMETRIC_REPRESENTATION_CONTEXT(2) 
PARAMETRIC_REPRESENTATION_CONTEXT() REPRESENTATION_CONTEXT('2D SPACE',''
  ) );
#13266 = ORIENTED_EDGE('',*,*,#13219,.F.);
#13267 = ADVANCED_FACE('',(#13268),#10610,.T.);
#13268 = FACE_BOUND('',#13269,.F.);
#13269 = EDGE_LOOP('',(#13270,#13271,#13272,#13294));
#13270 = ORIENTED_EDGE('',*,*,#13245,.F.);
#13271 = ORIENTED_EDGE('',*,*,#10594,.T.);
#13272 = ORIENTED_EDGE('',*,*,#13273,.T.);
#13273 = EDGE_CURVE('',#10595,#11202,#13274,.T.);
#13274 = SURFACE_CURVE('',#13275,(#13280,#13287),.PCURVE_S1.);
#13275 = CIRCLE('',#13276,1.2);
#13276 = AXIS2_PLACEMENT_3D('',#13277,#13278,#13279);
#13277 = CARTESIAN_POINT('',(60.5,-15.1,9.8));
#13278 = DIRECTION('',(1.,6.123233995737E-17,0.));
#13279 = DIRECTION('',(6.123233995737E-17,-1.,0.));
#13280 = PCURVE('',#10610,#13281);
#13281 = DEFINITIONAL_REPRESENTATION('',(#13282),#13286);
#13282 = LINE('',#13283,#13284);
#13283 = CARTESIAN_POINT('',(-6.28318530718,1.8));
#13284 = VECTOR('',#13285,1.);
#13285 = DIRECTION('',(1.,-0.));
#13286 = ( GEOMETRIC_REPRESENTATION_CONTEXT(2) 
PARAMETRIC_REPRESENTATION_CONTEXT() REPRESENTATION_CONTEXT('2D SPACE',''
  ) );
#13287 = PCURVE('',#10662,#13288);
#13288 = DEFINITIONAL_REPRESENTATION('',(#13289),#13293);
#13289 = LINE('',#13290,#13291);
#13290 = CARTESIAN_POINT('',(1.570796326795,-6.28318530718));
#13291 = VECTOR('',#13292,1.);
#13292 = DIRECTION('',(0.,1.));
#13293 = ( GEOMETRIC_REPRESENTATION_CONTEXT(2) 
PARAMETRIC_REPRESENTATION_CONTEXT() REPRESENTATION_CONTEXT('2D SPACE',''
  ) );
#13294 = ORIENTED_EDGE('',*,*,#13295,.F.);
#13295 = EDGE_CURVE('',#13197,#11202,#13296,.T.);
#13296 = SURFACE_CURVE('',#13297,(#13301,#13308),.PCURVE_S1.);
#13297 = LINE('',#13298,#13299);
#13298 = CARTESIAN_POINT('',(58.7,-16.3,9.8));
#13299 = VECTOR('',#13300,1.);
#13300 = DIRECTION('',(1.,0.,0.));
#13301 = PCURVE('',#10610,#13302);
#13302 = DEFINITIONAL_REPRESENTATION('',(#13303),#13307);
#13303 = LINE('',#13304,#13305);
#13304 = CARTESIAN_POINT('',(-0.,0.));
#13305 = VECTOR('',#13306,1.);
#13306 = DIRECTION('',(-0.,1.));
#13307 = ( GEOMETRIC_REPRESENTATION_CONTEXT(2) 
PARAMETRIC_REPRESENTATION_CONTEXT() REPRESENTATION_CONTEXT('2D SPACE',''
  ) );
#13308 = PCURVE('',#11129,#13309);
#13309 = DEFINITIONAL_REPRESENTATION('',(#13310),#13314);
#13310 = LINE('',#13311,#13312);
#13311 = CARTESIAN_POINT('',(20.8,0.));
#13312 = VECTOR('',#13313,1.);
#13313 = DIRECTION('',(0.,1.));
#13314 = ( GEOMETRIC_REPRESENTATION_CONTEXT(2) 
PARAMETRIC_REPRESENTATION_CONTEXT() REPRESENTATION_CONTEXT('2D SPACE',''
  ) );
#13315 = ADVANCED_FACE('',(#13316),#10662,.T.);
#13316 = FACE_BOUND('',#13317,.T.);
#13317 = EDGE_LOOP('',(#13318,#13319,#13320));
#13318 = ORIENTED_EDGE('',*,*,#10647,.F.);
#13319 = ORIENTED_EDGE('',*,*,#13273,.T.);
#13320 = ORIENTED_EDGE('',*,*,#11224,.F.);
#13321 = ADVANCED_FACE('',(#13322),#10751,.T.);
#13322 = FACE_BOUND('',#13323,.T.);
#13323 = EDGE_LOOP('',(#13324,#13325,#13344,#13345));
#13324 = ORIENTED_EDGE('',*,*,#10736,.F.);
#13325 = ORIENTED_EDGE('',*,*,#13326,.F.);
#13326 = EDGE_CURVE('',#12964,#10711,#13327,.T.);
#13327 = SURFACE_CURVE('',#13328,(#13332,#13338),.PCURVE_S1.);
#13328 = LINE('',#13329,#13330);
#13329 = CARTESIAN_POINT('',(70.,12.,-6.));
#13330 = VECTOR('',#13331,1.);
#13331 = DIRECTION('',(0.,0.,-1.));
#13332 = PCURVE('',#10751,#13333);
#13333 = DEFINITIONAL_REPRESENTATION('',(#13334),#13337);
#13334 = B_SPLINE_CURVE_WITH_KNOTS('',1,(#13335,#13336),.UNSPECIFIED.,
  .F.,.F.,(2,2),(-16.,-11.),.PIECEWISE_BEZIER_KNOTS.);
#13335 = CARTESIAN_POINT('',(5.,-6.));
#13336 = CARTESIAN_POINT('',(0.,-6.));
#13337 = ( GEOMETRIC_REPRESENTATION_CONTEXT(2) 
PARAMETRIC_REPRESENTATION_CONTEXT() REPRESENTATION_CONTEXT('2D SPACE',''
  ) );
#13338 = PCURVE('',#10725,#13339);
#13339 = DEFINITIONAL_REPRESENTATION('',(#13340),#13343);
#13340 = B_SPLINE_CURVE_WITH_KNOTS('',1,(#13341,#13342),.UNSPECIFIED.,
  .F.,.F.,(2,2),(-16.,-11.),.PIECEWISE_BEZIER_KNOTS.);
#13341 = CARTESIAN_POINT('',(27.,-32.));
#13342 = CARTESIAN_POINT('',(22.,-32.));
#13343 = ( GEOMETRIC_REPRESENTATION_CONTEXT(2) 
PARAMETRIC_REPRESENTATION_CONTEXT() REPRESENTATION_CONTEXT('2D SPACE',''
  ) );
#13344 = ORIENTED_EDGE('',*,*,#12986,.F.);
#13345 = ORIENTED_EDGE('',*,*,#13039,.T.);
#13346 = ADVANCED_FACE('',(#13347),#10725,.T.);
#13347 = FACE_BOUND('',#13348,.T.);
#13348 = EDGE_LOOP('',(#13349,#13350,#13351,#13352));
#13349 = ORIENTED_EDGE('',*,*,#12963,.F.);
#13350 = ORIENTED_EDGE('',*,*,#13326,.T.);
#13351 = ORIENTED_EDGE('',*,*,#10710,.T.);
#13352 = ORIENTED_EDGE('',*,*,#12936,.T.);
#13353 = ADVANCED_FACE('',(#13354),#10963,.F.);
#13354 = FACE_BOUND('',#13355,.F.);
#13355 = EDGE_LOOP('',(#13356,#13357,#13358,#13359));
#13356 = ORIENTED_EDGE('',*,*,#13116,.F.);
#13357 = ORIENTED_EDGE('',*,*,#13169,.T.);
#13358 = ORIENTED_EDGE('',*,*,#11024,.T.);
#13359 = ORIENTED_EDGE('',*,*,#10947,.F.);
#13360 = ADVANCED_FACE('',(#13361),#11129,.F.);
#13361 = FACE_BOUND('',#13362,.F.);
#13362 = EDGE_LOOP('',(#13363,#13364,#13365,#13366));
#13363 = ORIENTED_EDGE('',*,*,#11111,.F.);
#13364 = ORIENTED_EDGE('',*,*,#13196,.T.);
#13365 = ORIENTED_EDGE('',*,*,#13295,.T.);
#13366 = ORIENTED_EDGE('',*,*,#11201,.F.);
#13367 = ADVANCED_FACE('',(#13368),#11290,.T.);
#13368 = FACE_BOUND('',#13369,.T.);
#13369 = EDGE_LOOP('',(#13370,#13371,#13372,#13373));
#13370 = ORIENTED_EDGE('',*,*,#11460,.T.);
#13371 = ORIENTED_EDGE('',*,*,#12906,.T.);
#13372 = ORIENTED_EDGE('',*,*,#11274,.F.);
#13373 = ORIENTED_EDGE('',*,*,#11407,.F.);
#13374 = ADVANCED_FACE('',(#13375),#11550,.T.);
#13375 = FACE_BOUND('',#13376,.T.);
#13376 = EDGE_LOOP('',(#13377,#13378,#13379,#13380));
#13377 = ORIENTED_EDGE('',*,*,#11624,.F.);
#13378 = ORIENTED_EDGE('',*,*,#11536,.T.);
#13379 = ORIENTED_EDGE('',*,*,#11678,.T.);
#13380 = ORIENTED_EDGE('',*,*,#11653,.F.);
#13381 = ADVANCED_FACE('',(#13382,#13385),#11775,.T.);
#13382 = FACE_BOUND('',#13383,.T.);
#13383 = EDGE_LOOP('',(#13384));
#13384 = ORIENTED_EDGE('',*,*,#11760,.T.);
#13385 = FACE_BOUND('',#13386,.T.);
#13386 = EDGE_LOOP('',(#13387));
#13387 = ORIENTED_EDGE('',*,*,#13388,.T.);
#13388 = EDGE_CURVE('',#13389,#13389,#13391,.T.);
#13389 = VERTEX_POINT('',#13390);
#13390 = CARTESIAN_POINT('',(-58.7,13.5,14.));
#13391 = SURFACE_CURVE('',#13392,(#13397,#13408),.PCURVE_S1.);
#13392 = CIRCLE('',#13393,2.3);
#13393 = AXIS2_PLACEMENT_3D('',#13394,#13395,#13396);
#13394 = CARTESIAN_POINT('',(-61.,13.5,14.));
#13395 = DIRECTION('',(0.,0.,-1.));
#13396 = DIRECTION('',(1.,0.,0.));
#13397 = PCURVE('',#11775,#13398);
#13398 = DEFINITIONAL_REPRESENTATION('',(#13399),#13407);
#13399 = ( BOUNDED_CURVE() B_SPLINE_CURVE(2,(#13400,#13401,#13402,#13403
    ,#13404,#13405,#13406),.UNSPECIFIED.,.T.,.F.) 
B_SPLINE_CURVE_WITH_KNOTS((1,2,2,2,2,1),(-2.094395102393,0.,
    2.094395102393,4.188790204786,6.28318530718,8.377580409573),
.UNSPECIFIED.) CURVE() GEOMETRIC_REPRESENTATION_ITEM() 
RATIONAL_B_SPLINE_CURVE((1.,0.5,1.,0.5,1.,0.5,1.)) REPRESENTATION_ITEM(
  '') );
#13400 = CARTESIAN_POINT('',(2.3,27.));
#13401 = CARTESIAN_POINT('',(2.3,23.016283142592));
#13402 = CARTESIAN_POINT('',(-1.15,25.008141571296));
#13403 = CARTESIAN_POINT('',(-4.6,27.));
#13404 = CARTESIAN_POINT('',(-1.15,28.991858428704));
#13405 = CARTESIAN_POINT('',(2.3,30.983716857408));
#13406 = CARTESIAN_POINT('',(2.3,27.));
#13407 = ( GEOMETRIC_REPRESENTATION_CONTEXT(2) 
PARAMETRIC_REPRESENTATION_CONTEXT() REPRESENTATION_CONTEXT('2D SPACE',''
  ) );
#13408 = PCURVE('',#13409,#13414);
#13409 = CYLINDRICAL_SURFACE('',#13410,2.3);
#13410 = AXIS2_PLACEMENT_3D('',#13411,#13412,#13413);
#13411 = CARTESIAN_POINT('',(-61.,13.5,9.));
#13412 = DIRECTION('',(-0.,-0.,-1.));
#13413 = DIRECTION('',(1.,0.,0.));
#13414 = DEFINITIONAL_REPRESENTATION('',(#13415),#13419);
#13415 = LINE('',#13416,#13417);
#13416 = CARTESIAN_POINT('',(-6.28318530718,-5.));
#13417 = VECTOR('',#13418,1.);
#13418 = DIRECTION('',(1.,-0.));
#13419 = ( GEOMETRIC_REPRESENTATION_CONTEXT(2) 
PARAMETRIC_REPRESENTATION_CONTEXT() REPRESENTATION_CONTEXT('2D SPACE',''
  ) );
#13420 = ADVANCED_FACE('',(#13421,#13424),#11832,.T.);
#13421 = FACE_BOUND('',#13422,.T.);
#13422 = EDGE_LOOP('',(#13423));
#13423 = ORIENTED_EDGE('',*,*,#11817,.T.);
#13424 = FACE_BOUND('',#13425,.T.);
#13425 = EDGE_LOOP('',(#13426));
#13426 = ORIENTED_EDGE('',*,*,#13427,.T.);
#13427 = EDGE_CURVE('',#13428,#13428,#13430,.T.);
#13428 = VERTEX_POINT('',#13429);
#13429 = CARTESIAN_POINT('',(34.3,13.5,14.));
#13430 = SURFACE_CURVE('',#13431,(#13436,#13447),.PCURVE_S1.);
#13431 = CIRCLE('',#13432,2.3);
#13432 = AXIS2_PLACEMENT_3D('',#13433,#13434,#13435);
#13433 = CARTESIAN_POINT('',(32.,13.5,14.));
#13434 = DIRECTION('',(0.,0.,-1.));
#13435 = DIRECTION('',(1.,0.,0.));
#13436 = PCURVE('',#11832,#13437);
#13437 = DEFINITIONAL_REPRESENTATION('',(#13438),#13446);
#13438 = ( BOUNDED_CURVE() B_SPLINE_CURVE(2,(#13439,#13440,#13441,#13442
    ,#13443,#13444,#13445),.UNSPECIFIED.,.T.,.F.) 
B_SPLINE_CURVE_WITH_KNOTS((1,2,2,2,2,1),(-2.094395102393,0.,
    2.094395102393,4.188790204786,6.28318530718,8.377580409573),
.UNSPECIFIED.) CURVE() GEOMETRIC_REPRESENTATION_ITEM() 
RATIONAL_B_SPLINE_CURVE((1.,0.5,1.,0.5,1.,0.5,1.)) REPRESENTATION_ITEM(
  '') );
#13439 = CARTESIAN_POINT('',(95.3,27.));
#13440 = CARTESIAN_POINT('',(95.3,23.016283142592));
#13441 = CARTESIAN_POINT('',(91.85,25.008141571296));
#13442 = CARTESIAN_POINT('',(88.4,27.));
#13443 = CARTESIAN_POINT('',(91.85,28.991858428704));
#13444 = CARTESIAN_POINT('',(95.3,30.983716857408));
#13445 = CARTESIAN_POINT('',(95.3,27.));
#13446 = ( GEOMETRIC_REPRESENTATION_CONTEXT(2) 
PARAMETRIC_REPRESENTATION_CONTEXT() REPRESENTATION_CONTEXT('2D SPACE',''
  ) );
#13447 = PCURVE('',#13448,#13453);
#13448 = CYLINDRICAL_SURFACE('',#13449,2.3);
#13449 = AXIS2_PLACEMENT_3D('',#13450,#13451,#13452);
#13450 = CARTESIAN_POINT('',(32.,13.5,9.));
#13451 = DIRECTION('',(-0.,-0.,-1.));
#13452 = DIRECTION('',(1.,0.,0.));
#13453 = DEFINITIONAL_REPRESENTATION('',(#13454),#13458);
#13454 = LINE('',#13455,#13456);
#13455 = CARTESIAN_POINT('',(-6.28318530718,-5.));
#13456 = VECTOR('',#13457,1.);
#13457 = DIRECTION('',(1.,-0.));
#13458 = ( GEOMETRIC_REPRESENTATION_CONTEXT(2) 
PARAMETRIC_REPRESENTATION_CONTEXT() REPRESENTATION_CONTEXT('2D SPACE',''
  ) );
#13459 = ADVANCED_FACE('',(#13460,#13463),#11917,.T.);
#13460 = FACE_BOUND('',#13461,.T.);
#13461 = EDGE_LOOP('',(#13462));
#13462 = ORIENTED_EDGE('',*,*,#11902,.T.);
#13463 = FACE_BOUND('',#13464,.T.);
#13464 = EDGE_LOOP('',(#13465));
#13465 = ORIENTED_EDGE('',*,*,#13466,.T.);
#13466 = EDGE_CURVE('',#13467,#13467,#13469,.T.);
#13467 = VERTEX_POINT('',#13468);
#13468 = CARTESIAN_POINT('',(34.3,-13.5,14.));
#13469 = SURFACE_CURVE('',#13470,(#13475,#13486),.PCURVE_S1.);
#13470 = CIRCLE('',#13471,2.3);
#13471 = AXIS2_PLACEMENT_3D('',#13472,#13473,#13474);
#13472 = CARTESIAN_POINT('',(32.,-13.5,14.));
#13473 = DIRECTION('',(0.,0.,-1.));
#13474 = DIRECTION('',(1.,0.,0.));
#13475 = PCURVE('',#11917,#13476);
#13476 = DEFINITIONAL_REPRESENTATION('',(#13477),#13485);
#13477 = ( BOUNDED_CURVE() B_SPLINE_CURVE(2,(#13478,#13479,#13480,#13481
    ,#13482,#13483,#13484),.UNSPECIFIED.,.T.,.F.) 
B_SPLINE_CURVE_WITH_KNOTS((1,2,2,2,2,1),(-2.094395102393,0.,
    2.094395102393,4.188790204786,6.28318530718,8.377580409573),
.UNSPECIFIED.) CURVE() GEOMETRIC_REPRESENTATION_ITEM() 
RATIONAL_B_SPLINE_CURVE((1.,0.5,1.,0.5,1.,0.5,1.)) REPRESENTATION_ITEM(
  '') );
#13478 = CARTESIAN_POINT('',(95.3,0.));
#13479 = CARTESIAN_POINT('',(95.3,-3.983716857408));
#13480 = CARTESIAN_POINT('',(91.85,-1.991858428704));
#13481 = CARTESIAN_POINT('',(88.4,-5.633375276078E-16));
#13482 = CARTESIAN_POINT('',(91.85,1.991858428704));
#13483 = CARTESIAN_POINT('',(95.3,3.983716857408));
#13484 = CARTESIAN_POINT('',(95.3,0.));
#13485 = ( GEOMETRIC_REPRESENTATION_CONTEXT(2) 
PARAMETRIC_REPRESENTATION_CONTEXT() REPRESENTATION_CONTEXT('2D SPACE',''
  ) );
#13486 = PCURVE('',#13487,#13492);
#13487 = CYLINDRICAL_SURFACE('',#13488,2.3);
#13488 = AXIS2_PLACEMENT_3D('',#13489,#13490,#13491);
#13489 = CARTESIAN_POINT('',(32.,-13.5,9.));
#13490 = DIRECTION('',(-0.,-0.,-1.));
#13491 = DIRECTION('',(1.,0.,0.));
#13492 = DEFINITIONAL_REPRESENTATION('',(#13493),#13497);
#13493 = LINE('',#13494,#13495);
#13494 = CARTESIAN_POINT('',(-6.28318530718,-5.));
#13495 = VECTOR('',#13496,1.);
#13496 = DIRECTION('',(1.,-0.));
#13497 = ( GEOMETRIC_REPRESENTATION_CONTEXT(2) 
PARAMETRIC_REPRESENTATION_CONTEXT() REPRESENTATION_CONTEXT('2D SPACE',''
  ) );
#13498 = ADVANCED_FACE('',(#13499,#13502),#11974,.T.);
#13499 = FACE_BOUND('',#13500,.T.);
#13500 = EDGE_LOOP('',(#13501));
#13501 = ORIENTED_EDGE('',*,*,#11959,.T.);
#13502 = FACE_BOUND('',#13503,.T.);
#13503 = EDGE_LOOP('',(#13504));
#13504 = ORIENTED_EDGE('',*,*,#13505,.T.);
#13505 = EDGE_CURVE('',#13506,#13506,#13508,.T.);
#13506 = VERTEX_POINT('',#13507);
#13507 = CARTESIAN_POINT('',(-58.7,-13.5,14.));
#13508 = SURFACE_CURVE('',#13509,(#13514,#13525),.PCURVE_S1.);
#13509 = CIRCLE('',#13510,2.3);
#13510 = AXIS2_PLACEMENT_3D('',#13511,#13512,#13513);
#13511 = CARTESIAN_POINT('',(-61.,-13.5,14.));
#13512 = DIRECTION('',(0.,0.,-1.));
#13513 = DIRECTION('',(1.,0.,0.));
#13514 = PCURVE('',#11974,#13515);
#13515 = DEFINITIONAL_REPRESENTATION('',(#13516),#13524);
#13516 = ( BOUNDED_CURVE() B_SPLINE_CURVE(2,(#13517,#13518,#13519,#13520
    ,#13521,#13522,#13523),.UNSPECIFIED.,.T.,.F.) 
B_SPLINE_CURVE_WITH_KNOTS((1,2,2,2,2,1),(-2.094395102393,0.,
    2.094395102393,4.188790204786,6.28318530718,8.377580409573),
.UNSPECIFIED.) CURVE() GEOMETRIC_REPRESENTATION_ITEM() 
RATIONAL_B_SPLINE_CURVE((1.,0.5,1.,0.5,1.,0.5,1.)) REPRESENTATION_ITEM(
  '') );
#13517 = CARTESIAN_POINT('',(2.3,0.));
#13518 = CARTESIAN_POINT('',(2.3,-3.983716857408));
#13519 = CARTESIAN_POINT('',(-1.15,-1.991858428704));
#13520 = CARTESIAN_POINT('',(-4.6,-5.633375276078E-16));
#13521 = CARTESIAN_POINT('',(-1.15,1.991858428704));
#13522 = CARTESIAN_POINT('',(2.3,3.983716857408));
#13523 = CARTESIAN_POINT('',(2.3,0.));
#13524 = ( GEOMETRIC_REPRESENTATION_CONTEXT(2) 
PARAMETRIC_REPRESENTATION_CONTEXT() REPRESENTATION_CONTEXT('2D SPACE',''
  ) );
#13525 = PCURVE('',#13526,#13531);
#13526 = CYLINDRICAL_SURFACE('',#13527,2.3);
#13527 = AXIS2_PLACEMENT_3D('',#13528,#13529,#13530);
#13528 = CARTESIAN_POINT('',(-61.,-13.5,9.));
#13529 = DIRECTION('',(-0.,-0.,-1.));
#13530 = DIRECTION('',(1.,0.,0.));
#13531 = DEFINITIONAL_REPRESENTATION('',(#13532),#13536);
#13532 = LINE('',#13533,#13534);
#13533 = CARTESIAN_POINT('',(-6.28318530718,-5.));
#13534 = VECTOR('',#13535,1.);
#13535 = DIRECTION('',(1.,-0.));
#13536 = ( GEOMETRIC_REPRESENTATION_CONTEXT(2) 
PARAMETRIC_REPRESENTATION_CONTEXT() REPRESENTATION_CONTEXT('2D SPACE',''
  ) );
#13537 = ADVANCED_FACE('',(#13538),#12009,.T.);
#13538 = FACE_BOUND('',#13539,.T.);
#13539 = EDGE_LOOP('',(#13540,#13541,#13542));
#13540 = ORIENTED_EDGE('',*,*,#12080,.F.);
#13541 = ORIENTED_EDGE('',*,*,#11992,.T.);
#13542 = ORIENTED_EDGE('',*,*,#13543,.F.);
#13543 = EDGE_CURVE('',#12081,#11993,#13544,.T.);
#13544 = SURFACE_CURVE('',#13545,(#13550,#13557),.PCURVE_S1.);
#13545 = CIRCLE('',#13546,0.5);
#13546 = AXIS2_PLACEMENT_3D('',#13547,#13548,#13549);
#13547 = CARTESIAN_POINT('',(-45.5,-13.2,-14.1));
#13548 = DIRECTION('',(0.,0.,1.));
#13549 = DIRECTION('',(-1.,0.,0.));
#13550 = PCURVE('',#12009,#13551);
#13551 = DEFINITIONAL_REPRESENTATION('',(#13552),#13556);
#13552 = LINE('',#13553,#13554);
#13553 = CARTESIAN_POINT('',(0.,0.));
#13554 = VECTOR('',#13555,1.);
#13555 = DIRECTION('',(1.,0.));
#13556 = ( GEOMETRIC_REPRESENTATION_CONTEXT(2) 
PARAMETRIC_REPRESENTATION_CONTEXT() REPRESENTATION_CONTEXT('2D SPACE',''
  ) );
#13557 = PCURVE('',#13558,#13563);
#13558 = CYLINDRICAL_SURFACE('',#13559,0.5);
#13559 = AXIS2_PLACEMENT_3D('',#13560,#13561,#13562);
#13560 = CARTESIAN_POINT('',(-45.5,-13.2,-14.6));
#13561 = DIRECTION('',(0.,0.,1.));
#13562 = DIRECTION('',(-1.,-0.,0.));
#13563 = DEFINITIONAL_REPRESENTATION('',(#13564),#13568);
#13564 = LINE('',#13565,#13566);
#13565 = CARTESIAN_POINT('',(0.,0.5));
#13566 = VECTOR('',#13567,1.);
#13567 = DIRECTION('',(1.,0.));
#13568 = ( GEOMETRIC_REPRESENTATION_CONTEXT(2) 
PARAMETRIC_REPRESENTATION_CONTEXT() REPRESENTATION_CONTEXT('2D SPACE',''
  ) );
#13569 = ADVANCED_FACE('',(#13570),#12065,.F.);
#13570 = FACE_BOUND('',#13571,.F.);
#13571 = EDGE_LOOP('',(#13572,#13595,#13623,#13649));
#13572 = ORIENTED_EDGE('',*,*,#13573,.T.);
#13573 = EDGE_CURVE('',#11993,#13574,#13576,.T.);
#13574 = VERTEX_POINT('',#13575);
#13575 = CARTESIAN_POINT('',(-45.5,-13.7,-12.1));
#13576 = SURFACE_CURVE('',#13577,(#13581,#13588),.PCURVE_S1.);
#13577 = LINE('',#13578,#13579);
#13578 = CARTESIAN_POINT('',(-45.5,-13.7,-14.6));
#13579 = VECTOR('',#13580,1.);
#13580 = DIRECTION('',(0.,0.,1.));
#13581 = PCURVE('',#12065,#13582);
#13582 = DEFINITIONAL_REPRESENTATION('',(#13583),#13587);
#13583 = LINE('',#13584,#13585);
#13584 = CARTESIAN_POINT('',(0.,0.5));
#13585 = VECTOR('',#13586,1.);
#13586 = DIRECTION('',(1.,0.));
#13587 = ( GEOMETRIC_REPRESENTATION_CONTEXT(2) 
PARAMETRIC_REPRESENTATION_CONTEXT() REPRESENTATION_CONTEXT('2D SPACE',''
  ) );
#13588 = PCURVE('',#13558,#13589);
#13589 = DEFINITIONAL_REPRESENTATION('',(#13590),#13594);
#13590 = LINE('',#13591,#13592);
#13591 = CARTESIAN_POINT('',(1.570796326795,0.));
#13592 = VECTOR('',#13593,1.);
#13593 = DIRECTION('',(0.,1.));
#13594 = ( GEOMETRIC_REPRESENTATION_CONTEXT(2) 
PARAMETRIC_REPRESENTATION_CONTEXT() REPRESENTATION_CONTEXT('2D SPACE',''
  ) );
#13595 = ORIENTED_EDGE('',*,*,#13596,.T.);
#13596 = EDGE_CURVE('',#13574,#13597,#13599,.T.);
#13597 = VERTEX_POINT('',#13598);
#13598 = CARTESIAN_POINT('',(15.5,-13.7,-12.1));
#13599 = SURFACE_CURVE('',#13600,(#13604,#13611),.PCURVE_S1.);
#13600 = LINE('',#13601,#13602);
#13601 = CARTESIAN_POINT('',(-46.,-13.7,-12.1));
#13602 = VECTOR('',#13603,1.);
#13603 = DIRECTION('',(1.,0.,0.));
#13604 = PCURVE('',#12065,#13605);
#13605 = DEFINITIONAL_REPRESENTATION('',(#13606),#13610);
#13606 = LINE('',#13607,#13608);
#13607 = CARTESIAN_POINT('',(2.5,0.));
#13608 = VECTOR('',#13609,1.);
#13609 = DIRECTION('',(0.,1.));
#13610 = ( GEOMETRIC_REPRESENTATION_CONTEXT(2) 
PARAMETRIC_REPRESENTATION_CONTEXT() REPRESENTATION_CONTEXT('2D SPACE',''
  ) );
#13611 = PCURVE('',#13612,#13617);
#13612 = CYLINDRICAL_SURFACE('',#13613,0.5);
#13613 = AXIS2_PLACEMENT_3D('',#13614,#13615,#13616);
#13614 = CARTESIAN_POINT('',(-46.,-13.2,-12.1));
#13615 = DIRECTION('',(1.,0.,0.));
#13616 = DIRECTION('',(0.,-1.,0.));
#13617 = DEFINITIONAL_REPRESENTATION('',(#13618),#13622);
#13618 = LINE('',#13619,#13620);
#13619 = CARTESIAN_POINT('',(-0.,0.));
#13620 = VECTOR('',#13621,1.);
#13621 = DIRECTION('',(-0.,1.));
#13622 = ( GEOMETRIC_REPRESENTATION_CONTEXT(2) 
PARAMETRIC_REPRESENTATION_CONTEXT() REPRESENTATION_CONTEXT('2D SPACE',''
  ) );
#13623 = ORIENTED_EDGE('',*,*,#13624,.F.);
#13624 = EDGE_CURVE('',#12023,#13597,#13625,.T.);
#13625 = SURFACE_CURVE('',#13626,(#13630,#13637),.PCURVE_S1.);
#13626 = LINE('',#13627,#13628);
#13627 = CARTESIAN_POINT('',(15.5,-13.7,-14.6));
#13628 = VECTOR('',#13629,1.);
#13629 = DIRECTION('',(0.,0.,1.));
#13630 = PCURVE('',#12065,#13631);
#13631 = DEFINITIONAL_REPRESENTATION('',(#13632),#13636);
#13632 = LINE('',#13633,#13634);
#13633 = CARTESIAN_POINT('',(0.,61.5));
#13634 = VECTOR('',#13635,1.);
#13635 = DIRECTION('',(1.,0.));
#13636 = ( GEOMETRIC_REPRESENTATION_CONTEXT(2) 
PARAMETRIC_REPRESENTATION_CONTEXT() REPRESENTATION_CONTEXT('2D SPACE',''
  ) );
#13637 = PCURVE('',#13638,#13643);
#13638 = CYLINDRICAL_SURFACE('',#13639,0.5);
#13639 = AXIS2_PLACEMENT_3D('',#13640,#13641,#13642);
#13640 = CARTESIAN_POINT('',(15.5,-13.2,-14.6));
#13641 = DIRECTION('',(0.,0.,1.));
#13642 = DIRECTION('',(1.,0.,-0.));
#13643 = DEFINITIONAL_REPRESENTATION('',(#13644),#13648);
#13644 = LINE('',#13645,#13646);
#13645 = CARTESIAN_POINT('',(-1.570796326795,0.));
#13646 = VECTOR('',#13647,1.);
#13647 = DIRECTION('',(-0.,1.));
#13648 = ( GEOMETRIC_REPRESENTATION_CONTEXT(2) 
PARAMETRIC_REPRESENTATION_CONTEXT() REPRESENTATION_CONTEXT('2D SPACE',''
  ) );
#13649 = ORIENTED_EDGE('',*,*,#12051,.F.);
#13650 = ADVANCED_FACE('',(#13651),#12039,.T.);
#13651 = FACE_BOUND('',#13652,.F.);
#13652 = EDGE_LOOP('',(#13653,#13654,#13655));
#13653 = ORIENTED_EDGE('',*,*,#12163,.F.);
#13654 = ORIENTED_EDGE('',*,*,#12022,.T.);
#13655 = ORIENTED_EDGE('',*,*,#13656,.F.);
#13656 = EDGE_CURVE('',#12164,#12023,#13657,.T.);
#13657 = SURFACE_CURVE('',#13658,(#13663,#13670),.PCURVE_S1.);
#13658 = CIRCLE('',#13659,0.5);
#13659 = AXIS2_PLACEMENT_3D('',#13660,#13661,#13662);
#13660 = CARTESIAN_POINT('',(15.5,-13.2,-14.1));
#13661 = DIRECTION('',(0.,-0.,-1.));
#13662 = DIRECTION('',(1.,0.,-0.));
#13663 = PCURVE('',#12039,#13664);
#13664 = DEFINITIONAL_REPRESENTATION('',(#13665),#13669);
#13665 = LINE('',#13666,#13667);
#13666 = CARTESIAN_POINT('',(-0.,0.));
#13667 = VECTOR('',#13668,1.);
#13668 = DIRECTION('',(-1.,0.));
#13669 = ( GEOMETRIC_REPRESENTATION_CONTEXT(2) 
PARAMETRIC_REPRESENTATION_CONTEXT() REPRESENTATION_CONTEXT('2D SPACE',''
  ) );
#13670 = PCURVE('',#13638,#13671);
#13671 = DEFINITIONAL_REPRESENTATION('',(#13672),#13676);
#13672 = LINE('',#13673,#13674);
#13673 = CARTESIAN_POINT('',(-0.,0.5));
#13674 = VECTOR('',#13675,1.);
#13675 = DIRECTION('',(-1.,0.));
#13676 = ( GEOMETRIC_REPRESENTATION_CONTEXT(2) 
PARAMETRIC_REPRESENTATION_CONTEXT() REPRESENTATION_CONTEXT('2D SPACE',''
  ) );
#13677 = ADVANCED_FACE('',(#13678),#12148,.F.);
#13678 = FACE_BOUND('',#13679,.F.);
#13679 = EDGE_LOOP('',(#13680,#13703,#13704,#13732));
#13680 = ORIENTED_EDGE('',*,*,#13681,.F.);
#13681 = EDGE_CURVE('',#12081,#13682,#13684,.T.);
#13682 = VERTEX_POINT('',#13683);
#13683 = CARTESIAN_POINT('',(-46.,-13.2,-12.1));
#13684 = SURFACE_CURVE('',#13685,(#13689,#13696),.PCURVE_S1.);
#13685 = LINE('',#13686,#13687);
#13686 = CARTESIAN_POINT('',(-46.,-13.2,-14.6));
#13687 = VECTOR('',#13688,1.);
#13688 = DIRECTION('',(0.,0.,1.));
#13689 = PCURVE('',#12148,#13690);
#13690 = DEFINITIONAL_REPRESENTATION('',(#13691),#13695);
#13691 = LINE('',#13692,#13693);
#13692 = CARTESIAN_POINT('',(0.,-0.5));
#13693 = VECTOR('',#13694,1.);
#13694 = DIRECTION('',(1.,0.));
#13695 = ( GEOMETRIC_REPRESENTATION_CONTEXT(2) 
PARAMETRIC_REPRESENTATION_CONTEXT() REPRESENTATION_CONTEXT('2D SPACE',''
  ) );
#13696 = PCURVE('',#13558,#13697);
#13697 = DEFINITIONAL_REPRESENTATION('',(#13698),#13702);
#13698 = LINE('',#13699,#13700);
#13699 = CARTESIAN_POINT('',(0.,0.));
#13700 = VECTOR('',#13701,1.);
#13701 = DIRECTION('',(0.,1.));
#13702 = ( GEOMETRIC_REPRESENTATION_CONTEXT(2) 
PARAMETRIC_REPRESENTATION_CONTEXT() REPRESENTATION_CONTEXT('2D SPACE',''
  ) );
#13703 = ORIENTED_EDGE('',*,*,#12134,.T.);
#13704 = ORIENTED_EDGE('',*,*,#13705,.T.);
#13705 = EDGE_CURVE('',#12106,#13706,#13708,.T.);
#13706 = VERTEX_POINT('',#13707);
#13707 = CARTESIAN_POINT('',(-46.,-12.,-12.1));
#13708 = SURFACE_CURVE('',#13709,(#13713,#13720),.PCURVE_S1.);
#13709 = LINE('',#13710,#13711);
#13710 = CARTESIAN_POINT('',(-46.,-12.,-14.6));
#13711 = VECTOR('',#13712,1.);
#13712 = DIRECTION('',(0.,0.,1.));
#13713 = PCURVE('',#12148,#13714);
#13714 = DEFINITIONAL_REPRESENTATION('',(#13715),#13719);
#13715 = LINE('',#13716,#13717);
#13716 = CARTESIAN_POINT('',(0.,-1.7));
#13717 = VECTOR('',#13718,1.);
#13718 = DIRECTION('',(1.,0.));
#13719 = ( GEOMETRIC_REPRESENTATION_CONTEXT(2) 
PARAMETRIC_REPRESENTATION_CONTEXT() REPRESENTATION_CONTEXT('2D SPACE',''
  ) );
#13720 = PCURVE('',#13721,#13726);
#13721 = CYLINDRICAL_SURFACE('',#13722,0.5);
#13722 = AXIS2_PLACEMENT_3D('',#13723,#13724,#13725);
#13723 = CARTESIAN_POINT('',(-45.5,-12.,-14.6));
#13724 = DIRECTION('',(0.,0.,1.));
#13725 = DIRECTION('',(-1.,-0.,0.));
#13726 = DEFINITIONAL_REPRESENTATION('',(#13727),#13731);
#13727 = LINE('',#13728,#13729);
#13728 = CARTESIAN_POINT('',(-0.,0.));
#13729 = VECTOR('',#13730,1.);
#13730 = DIRECTION('',(-0.,1.));
#13731 = ( GEOMETRIC_REPRESENTATION_CONTEXT(2) 
PARAMETRIC_REPRESENTATION_CONTEXT() REPRESENTATION_CONTEXT('2D SPACE',''
  ) );
#13732 = ORIENTED_EDGE('',*,*,#13733,.F.);
#13733 = EDGE_CURVE('',#13682,#13706,#13734,.T.);
#13734 = SURFACE_CURVE('',#13735,(#13739,#13746),.PCURVE_S1.);
#13735 = LINE('',#13736,#13737);
#13736 = CARTESIAN_POINT('',(-46.,-13.7,-12.1));
#13737 = VECTOR('',#13738,1.);
#13738 = DIRECTION('',(0.,1.,0.));
#13739 = PCURVE('',#12148,#13740);
#13740 = DEFINITIONAL_REPRESENTATION('',(#13741),#13745);
#13741 = LINE('',#13742,#13743);
#13742 = CARTESIAN_POINT('',(2.5,0.));
#13743 = VECTOR('',#13744,1.);
#13744 = DIRECTION('',(0.,-1.));
#13745 = ( GEOMETRIC_REPRESENTATION_CONTEXT(2) 
PARAMETRIC_REPRESENTATION_CONTEXT() REPRESENTATION_CONTEXT('2D SPACE',''
  ) );
#13746 = PCURVE('',#13747,#13752);
#13747 = CYLINDRICAL_SURFACE('',#13748,0.5);
#13748 = AXIS2_PLACEMENT_3D('',#13749,#13750,#13751);
#13749 = CARTESIAN_POINT('',(-45.5,-13.7,-12.1));
#13750 = DIRECTION('',(0.,1.,0.));
#13751 = DIRECTION('',(-1.,0.,0.));
#13752 = DEFINITIONAL_REPRESENTATION('',(#13753),#13757);
#13753 = LINE('',#13754,#13755);
#13754 = CARTESIAN_POINT('',(0.,0.));
#13755 = VECTOR('',#13756,1.);
#13756 = DIRECTION('',(0.,1.));
#13757 = ( GEOMETRIC_REPRESENTATION_CONTEXT(2) 
PARAMETRIC_REPRESENTATION_CONTEXT() REPRESENTATION_CONTEXT('2D SPACE',''
  ) );
#13758 = ADVANCED_FACE('',(#13759),#12122,.T.);
#13759 = FACE_BOUND('',#13760,.F.);
#13760 = EDGE_LOOP('',(#13761,#13762,#13763));
#13761 = ORIENTED_EDGE('',*,*,#12105,.F.);
#13762 = ORIENTED_EDGE('',*,*,#12246,.T.);
#13763 = ORIENTED_EDGE('',*,*,#13764,.F.);
#13764 = EDGE_CURVE('',#12106,#12247,#13765,.T.);
#13765 = SURFACE_CURVE('',#13766,(#13771,#13778),.PCURVE_S1.);
#13766 = CIRCLE('',#13767,0.5);
#13767 = AXIS2_PLACEMENT_3D('',#13768,#13769,#13770);
#13768 = CARTESIAN_POINT('',(-45.5,-12.,-14.1));
#13769 = DIRECTION('',(-0.,0.,-1.));
#13770 = DIRECTION('',(-1.,2.22044604925E-16,0.));
#13771 = PCURVE('',#12122,#13772);
#13772 = DEFINITIONAL_REPRESENTATION('',(#13773),#13777);
#13773 = LINE('',#13774,#13775);
#13774 = CARTESIAN_POINT('',(-0.,0.));
#13775 = VECTOR('',#13776,1.);
#13776 = DIRECTION('',(-1.,0.));
#13777 = ( GEOMETRIC_REPRESENTATION_CONTEXT(2) 
PARAMETRIC_REPRESENTATION_CONTEXT() REPRESENTATION_CONTEXT('2D SPACE',''
  ) );
#13778 = PCURVE('',#13721,#13779);
#13779 = DEFINITIONAL_REPRESENTATION('',(#13780),#13784);
#13780 = LINE('',#13781,#13782);
#13781 = CARTESIAN_POINT('',(-0.,0.5));
#13782 = VECTOR('',#13783,1.);
#13783 = DIRECTION('',(-1.,0.));
#13784 = ( GEOMETRIC_REPRESENTATION_CONTEXT(2) 
PARAMETRIC_REPRESENTATION_CONTEXT() REPRESENTATION_CONTEXT('2D SPACE',''
  ) );
#13785 = ADVANCED_FACE('',(#13786),#12231,.T.);
#13786 = FACE_BOUND('',#13787,.T.);
#13787 = EDGE_LOOP('',(#13788,#13811,#13812,#13840));
#13788 = ORIENTED_EDGE('',*,*,#13789,.F.);
#13789 = EDGE_CURVE('',#12164,#13790,#13792,.T.);
#13790 = VERTEX_POINT('',#13791);
#13791 = CARTESIAN_POINT('',(16.,-13.2,-12.1));
#13792 = SURFACE_CURVE('',#13793,(#13797,#13804),.PCURVE_S1.);
#13793 = LINE('',#13794,#13795);
#13794 = CARTESIAN_POINT('',(16.,-13.2,-14.6));
#13795 = VECTOR('',#13796,1.);
#13796 = DIRECTION('',(0.,0.,1.));
#13797 = PCURVE('',#12231,#13798);
#13798 = DEFINITIONAL_REPRESENTATION('',(#13799),#13803);
#13799 = LINE('',#13800,#13801);
#13800 = CARTESIAN_POINT('',(0.,-0.5));
#13801 = VECTOR('',#13802,1.);
#13802 = DIRECTION('',(1.,0.));
#13803 = ( GEOMETRIC_REPRESENTATION_CONTEXT(2) 
PARAMETRIC_REPRESENTATION_CONTEXT() REPRESENTATION_CONTEXT('2D SPACE',''
  ) );
#13804 = PCURVE('',#13638,#13805);
#13805 = DEFINITIONAL_REPRESENTATION('',(#13806),#13810);
#13806 = LINE('',#13807,#13808);
#13807 = CARTESIAN_POINT('',(-0.,0.));
#13808 = VECTOR('',#13809,1.);
#13809 = DIRECTION('',(-0.,1.));
#13810 = ( GEOMETRIC_REPRESENTATION_CONTEXT(2) 
PARAMETRIC_REPRESENTATION_CONTEXT() REPRESENTATION_CONTEXT('2D SPACE',''
  ) );
#13811 = ORIENTED_EDGE('',*,*,#12217,.T.);
#13812 = ORIENTED_EDGE('',*,*,#13813,.T.);
#13813 = EDGE_CURVE('',#12189,#13814,#13816,.T.);
#13814 = VERTEX_POINT('',#13815);
#13815 = CARTESIAN_POINT('',(16.,-12.,-12.1));
#13816 = SURFACE_CURVE('',#13817,(#13821,#13828),.PCURVE_S1.);
#13817 = LINE('',#13818,#13819);
#13818 = CARTESIAN_POINT('',(16.,-12.,-14.6));
#13819 = VECTOR('',#13820,1.);
#13820 = DIRECTION('',(0.,0.,1.));
#13821 = PCURVE('',#12231,#13822);
#13822 = DEFINITIONAL_REPRESENTATION('',(#13823),#13827);
#13823 = LINE('',#13824,#13825);
#13824 = CARTESIAN_POINT('',(0.,-1.7));
#13825 = VECTOR('',#13826,1.);
#13826 = DIRECTION('',(1.,0.));
#13827 = ( GEOMETRIC_REPRESENTATION_CONTEXT(2) 
PARAMETRIC_REPRESENTATION_CONTEXT() REPRESENTATION_CONTEXT('2D SPACE',''
  ) );
#13828 = PCURVE('',#13829,#13834);
#13829 = CYLINDRICAL_SURFACE('',#13830,0.5);
#13830 = AXIS2_PLACEMENT_3D('',#13831,#13832,#13833);
#13831 = CARTESIAN_POINT('',(15.5,-12.,-14.6));
#13832 = DIRECTION('',(0.,0.,1.));
#13833 = DIRECTION('',(1.,0.,-0.));
#13834 = DEFINITIONAL_REPRESENTATION('',(#13835),#13839);
#13835 = LINE('',#13836,#13837);
#13836 = CARTESIAN_POINT('',(0.,0.));
#13837 = VECTOR('',#13838,1.);
#13838 = DIRECTION('',(0.,1.));
#13839 = ( GEOMETRIC_REPRESENTATION_CONTEXT(2) 
PARAMETRIC_REPRESENTATION_CONTEXT() REPRESENTATION_CONTEXT('2D SPACE',''
  ) );
#13840 = ORIENTED_EDGE('',*,*,#13841,.F.);
#13841 = EDGE_CURVE('',#13790,#13814,#13842,.T.);
#13842 = SURFACE_CURVE('',#13843,(#13847,#13854),.PCURVE_S1.);
#13843 = LINE('',#13844,#13845);
#13844 = CARTESIAN_POINT('',(16.,-13.7,-12.1));
#13845 = VECTOR('',#13846,1.);
#13846 = DIRECTION('',(0.,1.,0.));
#13847 = PCURVE('',#12231,#13848);
#13848 = DEFINITIONAL_REPRESENTATION('',(#13849),#13853);
#13849 = LINE('',#13850,#13851);
#13850 = CARTESIAN_POINT('',(2.5,0.));
#13851 = VECTOR('',#13852,1.);
#13852 = DIRECTION('',(0.,-1.));
#13853 = ( GEOMETRIC_REPRESENTATION_CONTEXT(2) 
PARAMETRIC_REPRESENTATION_CONTEXT() REPRESENTATION_CONTEXT('2D SPACE',''
  ) );
#13854 = PCURVE('',#13855,#13860);
#13855 = CYLINDRICAL_SURFACE('',#13856,0.5);
#13856 = AXIS2_PLACEMENT_3D('',#13857,#13858,#13859);
#13857 = CARTESIAN_POINT('',(15.5,-13.7,-12.1));
#13858 = DIRECTION('',(0.,1.,0.));
#13859 = DIRECTION('',(1.,0.,-0.));
#13860 = DEFINITIONAL_REPRESENTATION('',(#13861),#13865);
#13861 = LINE('',#13862,#13863);
#13862 = CARTESIAN_POINT('',(-0.,0.));
#13863 = VECTOR('',#13864,1.);
#13864 = DIRECTION('',(-0.,1.));
#13865 = ( GEOMETRIC_REPRESENTATION_CONTEXT(2) 
PARAMETRIC_REPRESENTATION_CONTEXT() REPRESENTATION_CONTEXT('2D SPACE',''
  ) );
#13866 = ADVANCED_FACE('',(#13867),#12205,.T.);
#13867 = FACE_BOUND('',#13868,.T.);
#13868 = EDGE_LOOP('',(#13869,#13870,#13871));
#13869 = ORIENTED_EDGE('',*,*,#12188,.F.);
#13870 = ORIENTED_EDGE('',*,*,#12271,.T.);
#13871 = ORIENTED_EDGE('',*,*,#13872,.F.);
#13872 = EDGE_CURVE('',#12189,#12272,#13873,.T.);
#13873 = SURFACE_CURVE('',#13874,(#13879,#13886),.PCURVE_S1.);
#13874 = CIRCLE('',#13875,0.5);
#13875 = AXIS2_PLACEMENT_3D('',#13876,#13877,#13878);
#13876 = CARTESIAN_POINT('',(15.5,-12.,-14.1));
#13877 = DIRECTION('',(0.,0.,1.));
#13878 = DIRECTION('',(1.,2.22044604925E-16,-0.));
#13879 = PCURVE('',#12205,#13880);
#13880 = DEFINITIONAL_REPRESENTATION('',(#13881),#13885);
#13881 = LINE('',#13882,#13883);
#13882 = CARTESIAN_POINT('',(0.,0.));
#13883 = VECTOR('',#13884,1.);
#13884 = DIRECTION('',(1.,0.));
#13885 = ( GEOMETRIC_REPRESENTATION_CONTEXT(2) 
PARAMETRIC_REPRESENTATION_CONTEXT() REPRESENTATION_CONTEXT('2D SPACE',''
  ) );
#13886 = PCURVE('',#13829,#13887);
#13887 = DEFINITIONAL_REPRESENTATION('',(#13888),#13892);
#13888 = LINE('',#13889,#13890);
#13889 = CARTESIAN_POINT('',(0.,0.5));
#13890 = VECTOR('',#13891,1.);
#13891 = DIRECTION('',(1.,0.));
#13892 = ( GEOMETRIC_REPRESENTATION_CONTEXT(2) 
PARAMETRIC_REPRESENTATION_CONTEXT() REPRESENTATION_CONTEXT('2D SPACE',''
  ) );
#13893 = ADVANCED_FACE('',(#13894),#12309,.T.);
#13894 = FACE_BOUND('',#13895,.T.);
#13895 = EDGE_LOOP('',(#13896,#13919,#13947,#13968));
#13896 = ORIENTED_EDGE('',*,*,#13897,.T.);
#13897 = EDGE_CURVE('',#12247,#13898,#13900,.T.);
#13898 = VERTEX_POINT('',#13899);
#13899 = CARTESIAN_POINT('',(-45.5,-11.5,-12.1));
#13900 = SURFACE_CURVE('',#13901,(#13905,#13912),.PCURVE_S1.);
#13901 = LINE('',#13902,#13903);
#13902 = CARTESIAN_POINT('',(-45.5,-11.5,-14.6));
#13903 = VECTOR('',#13904,1.);
#13904 = DIRECTION('',(0.,0.,1.));
#13905 = PCURVE('',#12309,#13906);
#13906 = DEFINITIONAL_REPRESENTATION('',(#13907),#13911);
#13907 = LINE('',#13908,#13909);
#13908 = CARTESIAN_POINT('',(0.,0.5));
#13909 = VECTOR('',#13910,1.);
#13910 = DIRECTION('',(1.,0.));
#13911 = ( GEOMETRIC_REPRESENTATION_CONTEXT(2) 
PARAMETRIC_REPRESENTATION_CONTEXT() REPRESENTATION_CONTEXT('2D SPACE',''
  ) );
#13912 = PCURVE('',#13721,#13913);
#13913 = DEFINITIONAL_REPRESENTATION('',(#13914),#13918);
#13914 = LINE('',#13915,#13916);
#13915 = CARTESIAN_POINT('',(-1.570796326795,0.));
#13916 = VECTOR('',#13917,1.);
#13917 = DIRECTION('',(-0.,1.));
#13918 = ( GEOMETRIC_REPRESENTATION_CONTEXT(2) 
PARAMETRIC_REPRESENTATION_CONTEXT() REPRESENTATION_CONTEXT('2D SPACE',''
  ) );
#13919 = ORIENTED_EDGE('',*,*,#13920,.T.);
#13920 = EDGE_CURVE('',#13898,#13921,#13923,.T.);
#13921 = VERTEX_POINT('',#13922);
#13922 = CARTESIAN_POINT('',(15.5,-11.5,-12.1));
#13923 = SURFACE_CURVE('',#13924,(#13928,#13935),.PCURVE_S1.);
#13924 = LINE('',#13925,#13926);
#13925 = CARTESIAN_POINT('',(-46.,-11.5,-12.1));
#13926 = VECTOR('',#13927,1.);
#13927 = DIRECTION('',(1.,0.,0.));
#13928 = PCURVE('',#12309,#13929);
#13929 = DEFINITIONAL_REPRESENTATION('',(#13930),#13934);
#13930 = LINE('',#13931,#13932);
#13931 = CARTESIAN_POINT('',(2.5,0.));
#13932 = VECTOR('',#13933,1.);
#13933 = DIRECTION('',(0.,1.));
#13934 = ( GEOMETRIC_REPRESENTATION_CONTEXT(2) 
PARAMETRIC_REPRESENTATION_CONTEXT() REPRESENTATION_CONTEXT('2D SPACE',''
  ) );
#13935 = PCURVE('',#13936,#13941);
#13936 = CYLINDRICAL_SURFACE('',#13937,0.5);
#13937 = AXIS2_PLACEMENT_3D('',#13938,#13939,#13940);
#13938 = CARTESIAN_POINT('',(-46.,-12.,-12.1));
#13939 = DIRECTION('',(1.,0.,0.));
#13940 = DIRECTION('',(-0.,1.,0.));
#13941 = DEFINITIONAL_REPRESENTATION('',(#13942),#13946);
#13942 = LINE('',#13943,#13944);
#13943 = CARTESIAN_POINT('',(0.,0.));
#13944 = VECTOR('',#13945,1.);
#13945 = DIRECTION('',(0.,1.));
#13946 = ( GEOMETRIC_REPRESENTATION_CONTEXT(2) 
PARAMETRIC_REPRESENTATION_CONTEXT() REPRESENTATION_CONTEXT('2D SPACE',''
  ) );
#13947 = ORIENTED_EDGE('',*,*,#13948,.F.);
#13948 = EDGE_CURVE('',#12272,#13921,#13949,.T.);
#13949 = SURFACE_CURVE('',#13950,(#13954,#13961),.PCURVE_S1.);
#13950 = LINE('',#13951,#13952);
#13951 = CARTESIAN_POINT('',(15.5,-11.5,-14.6));
#13952 = VECTOR('',#13953,1.);
#13953 = DIRECTION('',(0.,0.,1.));
#13954 = PCURVE('',#12309,#13955);
#13955 = DEFINITIONAL_REPRESENTATION('',(#13956),#13960);
#13956 = LINE('',#13957,#13958);
#13957 = CARTESIAN_POINT('',(0.,61.5));
#13958 = VECTOR('',#13959,1.);
#13959 = DIRECTION('',(1.,0.));
#13960 = ( GEOMETRIC_REPRESENTATION_CONTEXT(2) 
PARAMETRIC_REPRESENTATION_CONTEXT() REPRESENTATION_CONTEXT('2D SPACE',''
  ) );
#13961 = PCURVE('',#13829,#13962);
#13962 = DEFINITIONAL_REPRESENTATION('',(#13963),#13967);
#13963 = LINE('',#13964,#13965);
#13964 = CARTESIAN_POINT('',(1.570796326795,0.));
#13965 = VECTOR('',#13966,1.);
#13966 = DIRECTION('',(0.,1.));
#13967 = ( GEOMETRIC_REPRESENTATION_CONTEXT(2) 
PARAMETRIC_REPRESENTATION_CONTEXT() REPRESENTATION_CONTEXT('2D SPACE',''
  ) );
#13968 = ORIENTED_EDGE('',*,*,#12295,.F.);
#13969 = ADVANCED_FACE('',(#13970,#13973),#12362,.T.);
#13970 = FACE_BOUND('',#13971,.T.);
#13971 = EDGE_LOOP('',(#13972));
#13972 = ORIENTED_EDGE('',*,*,#12347,.T.);
#13973 = FACE_BOUND('',#13974,.T.);
#13974 = EDGE_LOOP('',(#13975));
#13975 = ORIENTED_EDGE('',*,*,#13976,.T.);
#13976 = EDGE_CURVE('',#13977,#13977,#13979,.T.);
#13977 = VERTEX_POINT('',#13978);
#13978 = CARTESIAN_POINT('',(15.84,-6.35,-12.5));
#13979 = SURFACE_CURVE('',#13980,(#13985,#13996),.PCURVE_S1.);
#13980 = CIRCLE('',#13981,1.);
#13981 = AXIS2_PLACEMENT_3D('',#13982,#13983,#13984);
#13982 = CARTESIAN_POINT('',(14.84,-6.35,-12.5));
#13983 = DIRECTION('',(0.,0.,-1.));
#13984 = DIRECTION('',(1.,0.,0.));
#13985 = PCURVE('',#12362,#13986);
#13986 = DEFINITIONAL_REPRESENTATION('',(#13987),#13995);
#13987 = ( BOUNDED_CURVE() B_SPLINE_CURVE(2,(#13988,#13989,#13990,#13991
    ,#13992,#13993,#13994),.UNSPECIFIED.,.T.,.F.) 
B_SPLINE_CURVE_WITH_KNOTS((1,2,2,2,2,1),(-2.094395102393,0.,
    2.094395102393,4.188790204786,6.28318530718,8.377580409573),
.UNSPECIFIED.) CURVE() GEOMETRIC_REPRESENTATION_ITEM() 
RATIONAL_B_SPLINE_CURVE((1.,0.5,1.,0.5,1.,0.5,1.)) REPRESENTATION_ITEM(
  '') );
#13988 = CARTESIAN_POINT('',(1.,0.));
#13989 = CARTESIAN_POINT('',(1.,-1.732050807569));
#13990 = CARTESIAN_POINT('',(-0.5,-0.866025403784));
#13991 = CARTESIAN_POINT('',(-2.,-2.449293598295E-16));
#13992 = CARTESIAN_POINT('',(-0.5,0.866025403784));
#13993 = CARTESIAN_POINT('',(1.,1.732050807569));
#13994 = CARTESIAN_POINT('',(1.,0.));
#13995 = ( GEOMETRIC_REPRESENTATION_CONTEXT(2) 
PARAMETRIC_REPRESENTATION_CONTEXT() REPRESENTATION_CONTEXT('2D SPACE',''
  ) );
#13996 = PCURVE('',#13997,#14002);
#13997 = CYLINDRICAL_SURFACE('',#13998,1.);
#13998 = AXIS2_PLACEMENT_3D('',#13999,#14000,#14001);
#13999 = CARTESIAN_POINT('',(14.84,-6.35,-14.6));
#14000 = DIRECTION('',(-0.,-0.,-1.));
#14001 = DIRECTION('',(1.,0.,0.));
#14002 = DEFINITIONAL_REPRESENTATION('',(#14003),#14007);
#14003 = LINE('',#14004,#14005);
#14004 = CARTESIAN_POINT('',(-6.28318530718,-2.1));
#14005 = VECTOR('',#14006,1.);
#14006 = DIRECTION('',(1.,-0.));
#14007 = ( GEOMETRIC_REPRESENTATION_CONTEXT(2) 
PARAMETRIC_REPRESENTATION_CONTEXT() REPRESENTATION_CONTEXT('2D SPACE',''
  ) );
#14008 = ADVANCED_FACE('',(#14009,#14012),#12417,.T.);
#14009 = FACE_BOUND('',#14010,.T.);
#14010 = EDGE_LOOP('',(#14011));
#14011 = ORIENTED_EDGE('',*,*,#12402,.T.);
#14012 = FACE_BOUND('',#14013,.T.);
#14013 = EDGE_LOOP('',(#14014));
#14014 = ORIENTED_EDGE('',*,*,#14015,.T.);
#14015 = EDGE_CURVE('',#14016,#14016,#14018,.T.);
#14016 = VERTEX_POINT('',#14017);
#14017 = CARTESIAN_POINT('',(36.16,-6.35,-12.5));
#14018 = SURFACE_CURVE('',#14019,(#14024,#14035),.PCURVE_S1.);
#14019 = CIRCLE('',#14020,1.);
#14020 = AXIS2_PLACEMENT_3D('',#14021,#14022,#14023);
#14021 = CARTESIAN_POINT('',(35.16,-6.35,-12.5));
#14022 = DIRECTION('',(0.,0.,-1.));
#14023 = DIRECTION('',(1.,0.,0.));
#14024 = PCURVE('',#12417,#14025);
#14025 = DEFINITIONAL_REPRESENTATION('',(#14026),#14034);
#14026 = ( BOUNDED_CURVE() B_SPLINE_CURVE(2,(#14027,#14028,#14029,#14030
    ,#14031,#14032,#14033),.UNSPECIFIED.,.T.,.F.) 
B_SPLINE_CURVE_WITH_KNOTS((1,2,2,2,2,1),(-2.094395102393,0.,
    2.094395102393,4.188790204786,6.28318530718,8.377580409573),
.UNSPECIFIED.) CURVE() GEOMETRIC_REPRESENTATION_ITEM() 
RATIONAL_B_SPLINE_CURVE((1.,0.5,1.,0.5,1.,0.5,1.)) REPRESENTATION_ITEM(
  '') );
#14027 = CARTESIAN_POINT('',(21.32,0.));
#14028 = CARTESIAN_POINT('',(21.32,-1.732050807569));
#14029 = CARTESIAN_POINT('',(19.82,-0.866025403784));
#14030 = CARTESIAN_POINT('',(18.32,-2.449293598295E-16));
#14031 = CARTESIAN_POINT('',(19.82,0.866025403784));
#14032 = CARTESIAN_POINT('',(21.32,1.732050807569));
#14033 = CARTESIAN_POINT('',(21.32,0.));
#14034 = ( GEOMETRIC_REPRESENTATION_CONTEXT(2) 
PARAMETRIC_REPRESENTATION_CONTEXT() REPRESENTATION_CONTEXT('2D SPACE',''
  ) );
#14035 = PCURVE('',#14036,#14041);
#14036 = CYLINDRICAL_SURFACE('',#14037,1.);
#14037 = AXIS2_PLACEMENT_3D('',#14038,#14039,#14040);
#14038 = CARTESIAN_POINT('',(35.16,-6.35,-14.6));
#14039 = DIRECTION('',(-0.,-0.,-1.));
#14040 = DIRECTION('',(1.,0.,0.));
#14041 = DEFINITIONAL_REPRESENTATION('',(#14042),#14046);
#14042 = LINE('',#14043,#14044);
#14043 = CARTESIAN_POINT('',(-6.28318530718,-2.1));
#14044 = VECTOR('',#14045,1.);
#14045 = DIRECTION('',(1.,-0.));
#14046 = ( GEOMETRIC_REPRESENTATION_CONTEXT(2) 
PARAMETRIC_REPRESENTATION_CONTEXT() REPRESENTATION_CONTEXT('2D SPACE',''
  ) );
#14047 = ADVANCED_FACE('',(#14048),#12451,.T.);
#14048 = FACE_BOUND('',#14049,.T.);
#14049 = EDGE_LOOP('',(#14050,#14051,#14052));
#14050 = ORIENTED_EDGE('',*,*,#12522,.F.);
#14051 = ORIENTED_EDGE('',*,*,#12434,.T.);
#14052 = ORIENTED_EDGE('',*,*,#14053,.F.);
#14053 = EDGE_CURVE('',#12523,#12435,#14054,.T.);
#14054 = SURFACE_CURVE('',#14055,(#14060,#14067),.PCURVE_S1.);
#14055 = CIRCLE('',#14056,0.5);
#14056 = AXIS2_PLACEMENT_3D('',#14057,#14058,#14059);
#14057 = CARTESIAN_POINT('',(-45.5,12.,-14.1));
#14058 = DIRECTION('',(0.,0.,1.));
#14059 = DIRECTION('',(-1.,0.,0.));
#14060 = PCURVE('',#12451,#14061);
#14061 = DEFINITIONAL_REPRESENTATION('',(#14062),#14066);
#14062 = LINE('',#14063,#14064);
#14063 = CARTESIAN_POINT('',(0.,0.));
#14064 = VECTOR('',#14065,1.);
#14065 = DIRECTION('',(1.,0.));
#14066 = ( GEOMETRIC_REPRESENTATION_CONTEXT(2) 
PARAMETRIC_REPRESENTATION_CONTEXT() REPRESENTATION_CONTEXT('2D SPACE',''
  ) );
#14067 = PCURVE('',#14068,#14073);
#14068 = CYLINDRICAL_SURFACE('',#14069,0.5);
#14069 = AXIS2_PLACEMENT_3D('',#14070,#14071,#14072);
#14070 = CARTESIAN_POINT('',(-45.5,12.,-14.6));
#14071 = DIRECTION('',(0.,0.,1.));
#14072 = DIRECTION('',(-1.,-0.,0.));
#14073 = DEFINITIONAL_REPRESENTATION('',(#14074),#14078);
#14074 = LINE('',#14075,#14076);
#14075 = CARTESIAN_POINT('',(0.,0.5));
#14076 = VECTOR('',#14077,1.);
#14077 = DIRECTION('',(1.,0.));
#14078 = ( GEOMETRIC_REPRESENTATION_CONTEXT(2) 
PARAMETRIC_REPRESENTATION_CONTEXT() REPRESENTATION_CONTEXT('2D SPACE',''
  ) );
#14079 = ADVANCED_FACE('',(#14080),#12507,.F.);
#14080 = FACE_BOUND('',#14081,.F.);
#14081 = EDGE_LOOP('',(#14082,#14105,#14133,#14159));
#14082 = ORIENTED_EDGE('',*,*,#14083,.T.);
#14083 = EDGE_CURVE('',#12435,#14084,#14086,.T.);
#14084 = VERTEX_POINT('',#14085);
#14085 = CARTESIAN_POINT('',(-45.5,11.5,-12.1));
#14086 = SURFACE_CURVE('',#14087,(#14091,#14098),.PCURVE_S1.);
#14087 = LINE('',#14088,#14089);
#14088 = CARTESIAN_POINT('',(-45.5,11.5,-14.6));
#14089 = VECTOR('',#14090,1.);
#14090 = DIRECTION('',(0.,0.,1.));
#14091 = PCURVE('',#12507,#14092);
#14092 = DEFINITIONAL_REPRESENTATION('',(#14093),#14097);
#14093 = LINE('',#14094,#14095);
#14094 = CARTESIAN_POINT('',(0.,0.5));
#14095 = VECTOR('',#14096,1.);
#14096 = DIRECTION('',(1.,0.));
#14097 = ( GEOMETRIC_REPRESENTATION_CONTEXT(2) 
PARAMETRIC_REPRESENTATION_CONTEXT() REPRESENTATION_CONTEXT('2D SPACE',''
  ) );
#14098 = PCURVE('',#14068,#14099);
#14099 = DEFINITIONAL_REPRESENTATION('',(#14100),#14104);
#14100 = LINE('',#14101,#14102);
#14101 = CARTESIAN_POINT('',(1.570796326795,0.));
#14102 = VECTOR('',#14103,1.);
#14103 = DIRECTION('',(0.,1.));
#14104 = ( GEOMETRIC_REPRESENTATION_CONTEXT(2) 
PARAMETRIC_REPRESENTATION_CONTEXT() REPRESENTATION_CONTEXT('2D SPACE',''
  ) );
#14105 = ORIENTED_EDGE('',*,*,#14106,.T.);
#14106 = EDGE_CURVE('',#14084,#14107,#14109,.T.);
#14107 = VERTEX_POINT('',#14108);
#14108 = CARTESIAN_POINT('',(15.5,11.5,-12.1));
#14109 = SURFACE_CURVE('',#14110,(#14114,#14121),.PCURVE_S1.);
#14110 = LINE('',#14111,#14112);
#14111 = CARTESIAN_POINT('',(-46.,11.5,-12.1));
#14112 = VECTOR('',#14113,1.);
#14113 = DIRECTION('',(1.,0.,0.));
#14114 = PCURVE('',#12507,#14115);
#14115 = DEFINITIONAL_REPRESENTATION('',(#14116),#14120);
#14116 = LINE('',#14117,#14118);
#14117 = CARTESIAN_POINT('',(2.5,0.));
#14118 = VECTOR('',#14119,1.);
#14119 = DIRECTION('',(0.,1.));
#14120 = ( GEOMETRIC_REPRESENTATION_CONTEXT(2) 
PARAMETRIC_REPRESENTATION_CONTEXT() REPRESENTATION_CONTEXT('2D SPACE',''
  ) );
#14121 = PCURVE('',#14122,#14127);
#14122 = CYLINDRICAL_SURFACE('',#14123,0.5);
#14123 = AXIS2_PLACEMENT_3D('',#14124,#14125,#14126);
#14124 = CARTESIAN_POINT('',(-46.,12.,-12.1));
#14125 = DIRECTION('',(1.,0.,0.));
#14126 = DIRECTION('',(0.,-1.,0.));
#14127 = DEFINITIONAL_REPRESENTATION('',(#14128),#14132);
#14128 = LINE('',#14129,#14130);
#14129 = CARTESIAN_POINT('',(-0.,0.));
#14130 = VECTOR('',#14131,1.);
#14131 = DIRECTION('',(-0.,1.));
#14132 = ( GEOMETRIC_REPRESENTATION_CONTEXT(2) 
PARAMETRIC_REPRESENTATION_CONTEXT() REPRESENTATION_CONTEXT('2D SPACE',''
  ) );
#14133 = ORIENTED_EDGE('',*,*,#14134,.F.);
#14134 = EDGE_CURVE('',#12465,#14107,#14135,.T.);
#14135 = SURFACE_CURVE('',#14136,(#14140,#14147),.PCURVE_S1.);
#14136 = LINE('',#14137,#14138);
#14137 = CARTESIAN_POINT('',(15.5,11.5,-14.6));
#14138 = VECTOR('',#14139,1.);
#14139 = DIRECTION('',(0.,0.,1.));
#14140 = PCURVE('',#12507,#14141);
#14141 = DEFINITIONAL_REPRESENTATION('',(#14142),#14146);
#14142 = LINE('',#14143,#14144);
#14143 = CARTESIAN_POINT('',(0.,61.5));
#14144 = VECTOR('',#14145,1.);
#14145 = DIRECTION('',(1.,0.));
#14146 = ( GEOMETRIC_REPRESENTATION_CONTEXT(2) 
PARAMETRIC_REPRESENTATION_CONTEXT() REPRESENTATION_CONTEXT('2D SPACE',''
  ) );
#14147 = PCURVE('',#14148,#14153);
#14148 = CYLINDRICAL_SURFACE('',#14149,0.5);
#14149 = AXIS2_PLACEMENT_3D('',#14150,#14151,#14152);
#14150 = CARTESIAN_POINT('',(15.5,12.,-14.6));
#14151 = DIRECTION('',(0.,0.,1.));
#14152 = DIRECTION('',(1.,0.,-0.));
#14153 = DEFINITIONAL_REPRESENTATION('',(#14154),#14158);
#14154 = LINE('',#14155,#14156);
#14155 = CARTESIAN_POINT('',(-1.570796326795,0.));
#14156 = VECTOR('',#14157,1.);
#14157 = DIRECTION('',(-0.,1.));
#14158 = ( GEOMETRIC_REPRESENTATION_CONTEXT(2) 
PARAMETRIC_REPRESENTATION_CONTEXT() REPRESENTATION_CONTEXT('2D SPACE',''
  ) );
#14159 = ORIENTED_EDGE('',*,*,#12493,.F.);
#14160 = ADVANCED_FACE('',(#14161),#12481,.T.);
#14161 = FACE_BOUND('',#14162,.F.);
#14162 = EDGE_LOOP('',(#14163,#14164,#14165));
#14163 = ORIENTED_EDGE('',*,*,#12605,.F.);
#14164 = ORIENTED_EDGE('',*,*,#12464,.T.);
#14165 = ORIENTED_EDGE('',*,*,#14166,.F.);
#14166 = EDGE_CURVE('',#12606,#12465,#14167,.T.);
#14167 = SURFACE_CURVE('',#14168,(#14173,#14180),.PCURVE_S1.);
#14168 = CIRCLE('',#14169,0.5);
#14169 = AXIS2_PLACEMENT_3D('',#14170,#14171,#14172);
#14170 = CARTESIAN_POINT('',(15.5,12.,-14.1));
#14171 = DIRECTION('',(0.,-0.,-1.));
#14172 = DIRECTION('',(1.,0.,-0.));
#14173 = PCURVE('',#12481,#14174);
#14174 = DEFINITIONAL_REPRESENTATION('',(#14175),#14179);
#14175 = LINE('',#14176,#14177);
#14176 = CARTESIAN_POINT('',(-0.,0.));
#14177 = VECTOR('',#14178,1.);
#14178 = DIRECTION('',(-1.,0.));
#14179 = ( GEOMETRIC_REPRESENTATION_CONTEXT(2) 
PARAMETRIC_REPRESENTATION_CONTEXT() REPRESENTATION_CONTEXT('2D SPACE',''
  ) );
#14180 = PCURVE('',#14148,#14181);
#14181 = DEFINITIONAL_REPRESENTATION('',(#14182),#14186);
#14182 = LINE('',#14183,#14184);
#14183 = CARTESIAN_POINT('',(-0.,0.5));
#14184 = VECTOR('',#14185,1.);
#14185 = DIRECTION('',(-1.,0.));
#14186 = ( GEOMETRIC_REPRESENTATION_CONTEXT(2) 
PARAMETRIC_REPRESENTATION_CONTEXT() REPRESENTATION_CONTEXT('2D SPACE',''
  ) );
#14187 = ADVANCED_FACE('',(#14188),#12590,.F.);
#14188 = FACE_BOUND('',#14189,.F.);
#14189 = EDGE_LOOP('',(#14190,#14213,#14214,#14242));
#14190 = ORIENTED_EDGE('',*,*,#14191,.F.);
#14191 = EDGE_CURVE('',#12523,#14192,#14194,.T.);
#14192 = VERTEX_POINT('',#14193);
#14193 = CARTESIAN_POINT('',(-46.,12.,-12.1));
#14194 = SURFACE_CURVE('',#14195,(#14199,#14206),.PCURVE_S1.);
#14195 = LINE('',#14196,#14197);
#14196 = CARTESIAN_POINT('',(-46.,12.,-14.6));
#14197 = VECTOR('',#14198,1.);
#14198 = DIRECTION('',(0.,0.,1.));
#14199 = PCURVE('',#12590,#14200);
#14200 = DEFINITIONAL_REPRESENTATION('',(#14201),#14205);
#14201 = LINE('',#14202,#14203);
#14202 = CARTESIAN_POINT('',(0.,-0.5));
#14203 = VECTOR('',#14204,1.);
#14204 = DIRECTION('',(1.,0.));
#14205 = ( GEOMETRIC_REPRESENTATION_CONTEXT(2) 
PARAMETRIC_REPRESENTATION_CONTEXT() REPRESENTATION_CONTEXT('2D SPACE',''
  ) );
#14206 = PCURVE('',#14068,#14207);
#14207 = DEFINITIONAL_REPRESENTATION('',(#14208),#14212);
#14208 = LINE('',#14209,#14210);
#14209 = CARTESIAN_POINT('',(0.,0.));
#14210 = VECTOR('',#14211,1.);
#14211 = DIRECTION('',(0.,1.));
#14212 = ( GEOMETRIC_REPRESENTATION_CONTEXT(2) 
PARAMETRIC_REPRESENTATION_CONTEXT() REPRESENTATION_CONTEXT('2D SPACE',''
  ) );
#14213 = ORIENTED_EDGE('',*,*,#12576,.T.);
#14214 = ORIENTED_EDGE('',*,*,#14215,.T.);
#14215 = EDGE_CURVE('',#12548,#14216,#14218,.T.);
#14216 = VERTEX_POINT('',#14217);
#14217 = CARTESIAN_POINT('',(-46.,13.2,-12.1));
#14218 = SURFACE_CURVE('',#14219,(#14223,#14230),.PCURVE_S1.);
#14219 = LINE('',#14220,#14221);
#14220 = CARTESIAN_POINT('',(-46.,13.2,-14.6));
#14221 = VECTOR('',#14222,1.);
#14222 = DIRECTION('',(0.,0.,1.));
#14223 = PCURVE('',#12590,#14224);
#14224 = DEFINITIONAL_REPRESENTATION('',(#14225),#14229);
#14225 = LINE('',#14226,#14227);
#14226 = CARTESIAN_POINT('',(0.,-1.7));
#14227 = VECTOR('',#14228,1.);
#14228 = DIRECTION('',(1.,0.));
#14229 = ( GEOMETRIC_REPRESENTATION_CONTEXT(2) 
PARAMETRIC_REPRESENTATION_CONTEXT() REPRESENTATION_CONTEXT('2D SPACE',''
  ) );
#14230 = PCURVE('',#14231,#14236);
#14231 = CYLINDRICAL_SURFACE('',#14232,0.5);
#14232 = AXIS2_PLACEMENT_3D('',#14233,#14234,#14235);
#14233 = CARTESIAN_POINT('',(-45.5,13.2,-14.6));
#14234 = DIRECTION('',(0.,0.,1.));
#14235 = DIRECTION('',(-1.,-0.,0.));
#14236 = DEFINITIONAL_REPRESENTATION('',(#14237),#14241);
#14237 = LINE('',#14238,#14239);
#14238 = CARTESIAN_POINT('',(-0.,0.));
#14239 = VECTOR('',#14240,1.);
#14240 = DIRECTION('',(-0.,1.));
#14241 = ( GEOMETRIC_REPRESENTATION_CONTEXT(2) 
PARAMETRIC_REPRESENTATION_CONTEXT() REPRESENTATION_CONTEXT('2D SPACE',''
  ) );
#14242 = ORIENTED_EDGE('',*,*,#14243,.F.);
#14243 = EDGE_CURVE('',#14192,#14216,#14244,.T.);
#14244 = SURFACE_CURVE('',#14245,(#14249,#14256),.PCURVE_S1.);
#14245 = LINE('',#14246,#14247);
#14246 = CARTESIAN_POINT('',(-46.,11.5,-12.1));
#14247 = VECTOR('',#14248,1.);
#14248 = DIRECTION('',(0.,1.,0.));
#14249 = PCURVE('',#12590,#14250);
#14250 = DEFINITIONAL_REPRESENTATION('',(#14251),#14255);
#14251 = LINE('',#14252,#14253);
#14252 = CARTESIAN_POINT('',(2.5,0.));
#14253 = VECTOR('',#14254,1.);
#14254 = DIRECTION('',(0.,-1.));
#14255 = ( GEOMETRIC_REPRESENTATION_CONTEXT(2) 
PARAMETRIC_REPRESENTATION_CONTEXT() REPRESENTATION_CONTEXT('2D SPACE',''
  ) );
#14256 = PCURVE('',#14257,#14262);
#14257 = CYLINDRICAL_SURFACE('',#14258,0.5);
#14258 = AXIS2_PLACEMENT_3D('',#14259,#14260,#14261);
#14259 = CARTESIAN_POINT('',(-45.5,11.5,-12.1));
#14260 = DIRECTION('',(0.,1.,0.));
#14261 = DIRECTION('',(-1.,0.,0.));
#14262 = DEFINITIONAL_REPRESENTATION('',(#14263),#14267);
#14263 = LINE('',#14264,#14265);
#14264 = CARTESIAN_POINT('',(0.,0.));
#14265 = VECTOR('',#14266,1.);
#14266 = DIRECTION('',(0.,1.));
#14267 = ( GEOMETRIC_REPRESENTATION_CONTEXT(2) 
PARAMETRIC_REPRESENTATION_CONTEXT() REPRESENTATION_CONTEXT('2D SPACE',''
  ) );
#14268 = ADVANCED_FACE('',(#14269),#12564,.T.);
#14269 = FACE_BOUND('',#14270,.F.);
#14270 = EDGE_LOOP('',(#14271,#14272,#14273));
#14271 = ORIENTED_EDGE('',*,*,#12547,.F.);
#14272 = ORIENTED_EDGE('',*,*,#12688,.T.);
#14273 = ORIENTED_EDGE('',*,*,#14274,.F.);
#14274 = EDGE_CURVE('',#12548,#12689,#14275,.T.);
#14275 = SURFACE_CURVE('',#14276,(#14281,#14288),.PCURVE_S1.);
#14276 = CIRCLE('',#14277,0.5);
#14277 = AXIS2_PLACEMENT_3D('',#14278,#14279,#14280);
#14278 = CARTESIAN_POINT('',(-45.5,13.2,-14.1));
#14279 = DIRECTION('',(-0.,0.,-1.));
#14280 = DIRECTION('',(-1.,2.22044604925E-16,0.));
#14281 = PCURVE('',#12564,#14282);
#14282 = DEFINITIONAL_REPRESENTATION('',(#14283),#14287);
#14283 = LINE('',#14284,#14285);
#14284 = CARTESIAN_POINT('',(-0.,0.));
#14285 = VECTOR('',#14286,1.);
#14286 = DIRECTION('',(-1.,0.));
#14287 = ( GEOMETRIC_REPRESENTATION_CONTEXT(2) 
PARAMETRIC_REPRESENTATION_CONTEXT() REPRESENTATION_CONTEXT('2D SPACE',''
  ) );
#14288 = PCURVE('',#14231,#14289);
#14289 = DEFINITIONAL_REPRESENTATION('',(#14290),#14294);
#14290 = LINE('',#14291,#14292);
#14291 = CARTESIAN_POINT('',(-0.,0.5));
#14292 = VECTOR('',#14293,1.);
#14293 = DIRECTION('',(-1.,0.));
#14294 = ( GEOMETRIC_REPRESENTATION_CONTEXT(2) 
PARAMETRIC_REPRESENTATION_CONTEXT() REPRESENTATION_CONTEXT('2D SPACE',''
  ) );
#14295 = ADVANCED_FACE('',(#14296),#12673,.T.);
#14296 = FACE_BOUND('',#14297,.T.);
#14297 = EDGE_LOOP('',(#14298,#14321,#14322,#14350));
#14298 = ORIENTED_EDGE('',*,*,#14299,.F.);
#14299 = EDGE_CURVE('',#12606,#14300,#14302,.T.);
#14300 = VERTEX_POINT('',#14301);
#14301 = CARTESIAN_POINT('',(16.,12.,-12.1));
#14302 = SURFACE_CURVE('',#14303,(#14307,#14314),.PCURVE_S1.);
#14303 = LINE('',#14304,#14305);
#14304 = CARTESIAN_POINT('',(16.,12.,-14.6));
#14305 = VECTOR('',#14306,1.);
#14306 = DIRECTION('',(0.,0.,1.));
#14307 = PCURVE('',#12673,#14308);
#14308 = DEFINITIONAL_REPRESENTATION('',(#14309),#14313);
#14309 = LINE('',#14310,#14311);
#14310 = CARTESIAN_POINT('',(0.,-0.5));
#14311 = VECTOR('',#14312,1.);
#14312 = DIRECTION('',(1.,0.));
#14313 = ( GEOMETRIC_REPRESENTATION_CONTEXT(2) 
PARAMETRIC_REPRESENTATION_CONTEXT() REPRESENTATION_CONTEXT('2D SPACE',''
  ) );
#14314 = PCURVE('',#14148,#14315);
#14315 = DEFINITIONAL_REPRESENTATION('',(#14316),#14320);
#14316 = LINE('',#14317,#14318);
#14317 = CARTESIAN_POINT('',(-0.,0.));
#14318 = VECTOR('',#14319,1.);
#14319 = DIRECTION('',(-0.,1.));
#14320 = ( GEOMETRIC_REPRESENTATION_CONTEXT(2) 
PARAMETRIC_REPRESENTATION_CONTEXT() REPRESENTATION_CONTEXT('2D SPACE',''
  ) );
#14321 = ORIENTED_EDGE('',*,*,#12659,.T.);
#14322 = ORIENTED_EDGE('',*,*,#14323,.T.);
#14323 = EDGE_CURVE('',#12631,#14324,#14326,.T.);
#14324 = VERTEX_POINT('',#14325);
#14325 = CARTESIAN_POINT('',(16.,13.2,-12.1));
#14326 = SURFACE_CURVE('',#14327,(#14331,#14338),.PCURVE_S1.);
#14327 = LINE('',#14328,#14329);
#14328 = CARTESIAN_POINT('',(16.,13.2,-14.6));
#14329 = VECTOR('',#14330,1.);
#14330 = DIRECTION('',(0.,0.,1.));
#14331 = PCURVE('',#12673,#14332);
#14332 = DEFINITIONAL_REPRESENTATION('',(#14333),#14337);
#14333 = LINE('',#14334,#14335);
#14334 = CARTESIAN_POINT('',(0.,-1.7));
#14335 = VECTOR('',#14336,1.);
#14336 = DIRECTION('',(1.,0.));
#14337 = ( GEOMETRIC_REPRESENTATION_CONTEXT(2) 
PARAMETRIC_REPRESENTATION_CONTEXT() REPRESENTATION_CONTEXT('2D SPACE',''
  ) );
#14338 = PCURVE('',#14339,#14344);
#14339 = CYLINDRICAL_SURFACE('',#14340,0.5);
#14340 = AXIS2_PLACEMENT_3D('',#14341,#14342,#14343);
#14341 = CARTESIAN_POINT('',(15.5,13.2,-14.6));
#14342 = DIRECTION('',(0.,0.,1.));
#14343 = DIRECTION('',(1.,0.,-0.));
#14344 = DEFINITIONAL_REPRESENTATION('',(#14345),#14349);
#14345 = LINE('',#14346,#14347);
#14346 = CARTESIAN_POINT('',(0.,0.));
#14347 = VECTOR('',#14348,1.);
#14348 = DIRECTION('',(0.,1.));
#14349 = ( GEOMETRIC_REPRESENTATION_CONTEXT(2) 
PARAMETRIC_REPRESENTATION_CONTEXT() REPRESENTATION_CONTEXT('2D SPACE',''
  ) );
#14350 = ORIENTED_EDGE('',*,*,#14351,.F.);
#14351 = EDGE_CURVE('',#14300,#14324,#14352,.T.);
#14352 = SURFACE_CURVE('',#14353,(#14357,#14364),.PCURVE_S1.);
#14353 = LINE('',#14354,#14355);
#14354 = CARTESIAN_POINT('',(16.,11.5,-12.1));
#14355 = VECTOR('',#14356,1.);
#14356 = DIRECTION('',(0.,1.,0.));
#14357 = PCURVE('',#12673,#14358);
#14358 = DEFINITIONAL_REPRESENTATION('',(#14359),#14363);
#14359 = LINE('',#14360,#14361);
#14360 = CARTESIAN_POINT('',(2.5,0.));
#14361 = VECTOR('',#14362,1.);
#14362 = DIRECTION('',(0.,-1.));
#14363 = ( GEOMETRIC_REPRESENTATION_CONTEXT(2) 
PARAMETRIC_REPRESENTATION_CONTEXT() REPRESENTATION_CONTEXT('2D SPACE',''
  ) );
#14364 = PCURVE('',#14365,#14370);
#14365 = CYLINDRICAL_SURFACE('',#14366,0.5);
#14366 = AXIS2_PLACEMENT_3D('',#14367,#14368,#14369);
#14367 = CARTESIAN_POINT('',(15.5,11.5,-12.1));
#14368 = DIRECTION('',(0.,1.,0.));
#14369 = DIRECTION('',(1.,0.,-0.));
#14370 = DEFINITIONAL_REPRESENTATION('',(#14371),#14375);
#14371 = LINE('',#14372,#14373);
#14372 = CARTESIAN_POINT('',(-0.,0.));
#14373 = VECTOR('',#14374,1.);
#14374 = DIRECTION('',(-0.,1.));
#14375 = ( GEOMETRIC_REPRESENTATION_CONTEXT(2) 
PARAMETRIC_REPRESENTATION_CONTEXT() REPRESENTATION_CONTEXT('2D SPACE',''
  ) );
#14376 = ADVANCED_FACE('',(#14377),#12647,.T.);
#14377 = FACE_BOUND('',#14378,.T.);
#14378 = EDGE_LOOP('',(#14379,#14380,#14381));
#14379 = ORIENTED_EDGE('',*,*,#12630,.F.);
#14380 = ORIENTED_EDGE('',*,*,#12713,.T.);
#14381 = ORIENTED_EDGE('',*,*,#14382,.F.);
#14382 = EDGE_CURVE('',#12631,#12714,#14383,.T.);
#14383 = SURFACE_CURVE('',#14384,(#14389,#14396),.PCURVE_S1.);
#14384 = CIRCLE('',#14385,0.5);
#14385 = AXIS2_PLACEMENT_3D('',#14386,#14387,#14388);
#14386 = CARTESIAN_POINT('',(15.5,13.2,-14.1));
#14387 = DIRECTION('',(0.,0.,1.));
#14388 = DIRECTION('',(1.,2.22044604925E-16,-0.));
#14389 = PCURVE('',#12647,#14390);
#14390 = DEFINITIONAL_REPRESENTATION('',(#14391),#14395);
#14391 = LINE('',#14392,#14393);
#14392 = CARTESIAN_POINT('',(0.,0.));
#14393 = VECTOR('',#14394,1.);
#14394 = DIRECTION('',(1.,0.));
#14395 = ( GEOMETRIC_REPRESENTATION_CONTEXT(2) 
PARAMETRIC_REPRESENTATION_CONTEXT() REPRESENTATION_CONTEXT('2D SPACE',''
  ) );
#14396 = PCURVE('',#14339,#14397);
#14397 = DEFINITIONAL_REPRESENTATION('',(#14398),#14402);
#14398 = LINE('',#14399,#14400);
#14399 = CARTESIAN_POINT('',(0.,0.5));
#14400 = VECTOR('',#14401,1.);
#14401 = DIRECTION('',(1.,0.));
#14402 = ( GEOMETRIC_REPRESENTATION_CONTEXT(2) 
PARAMETRIC_REPRESENTATION_CONTEXT() REPRESENTATION_CONTEXT('2D SPACE',''
  ) );
#14403 = ADVANCED_FACE('',(#14404),#12751,.T.);
#14404 = FACE_BOUND('',#14405,.T.);
#14405 = EDGE_LOOP('',(#14406,#14429,#14457,#14478));
#14406 = ORIENTED_EDGE('',*,*,#14407,.T.);
#14407 = EDGE_CURVE('',#12689,#14408,#14410,.T.);
#14408 = VERTEX_POINT('',#14409);
#14409 = CARTESIAN_POINT('',(-45.5,13.7,-12.1));
#14410 = SURFACE_CURVE('',#14411,(#14415,#14422),.PCURVE_S1.);
#14411 = LINE('',#14412,#14413);
#14412 = CARTESIAN_POINT('',(-45.5,13.7,-14.6));
#14413 = VECTOR('',#14414,1.);
#14414 = DIRECTION('',(0.,0.,1.));
#14415 = PCURVE('',#12751,#14416);
#14416 = DEFINITIONAL_REPRESENTATION('',(#14417),#14421);
#14417 = LINE('',#14418,#14419);
#14418 = CARTESIAN_POINT('',(0.,0.5));
#14419 = VECTOR('',#14420,1.);
#14420 = DIRECTION('',(1.,0.));
#14421 = ( GEOMETRIC_REPRESENTATION_CONTEXT(2) 
PARAMETRIC_REPRESENTATION_CONTEXT() REPRESENTATION_CONTEXT('2D SPACE',''
  ) );
#14422 = PCURVE('',#14231,#14423);
#14423 = DEFINITIONAL_REPRESENTATION('',(#14424),#14428);
#14424 = LINE('',#14425,#14426);
#14425 = CARTESIAN_POINT('',(-1.570796326795,0.));
#14426 = VECTOR('',#14427,1.);
#14427 = DIRECTION('',(-0.,1.));
#14428 = ( GEOMETRIC_REPRESENTATION_CONTEXT(2) 
PARAMETRIC_REPRESENTATION_CONTEXT() REPRESENTATION_CONTEXT('2D SPACE',''
  ) );
#14429 = ORIENTED_EDGE('',*,*,#14430,.T.);
#14430 = EDGE_CURVE('',#14408,#14431,#14433,.T.);
#14431 = VERTEX_POINT('',#14432);
#14432 = CARTESIAN_POINT('',(15.5,13.7,-12.1));
#14433 = SURFACE_CURVE('',#14434,(#14438,#14445),.PCURVE_S1.);
#14434 = LINE('',#14435,#14436);
#14435 = CARTESIAN_POINT('',(-46.,13.7,-12.1));
#14436 = VECTOR('',#14437,1.);
#14437 = DIRECTION('',(1.,0.,0.));
#14438 = PCURVE('',#12751,#14439);
#14439 = DEFINITIONAL_REPRESENTATION('',(#14440),#14444);
#14440 = LINE('',#14441,#14442);
#14441 = CARTESIAN_POINT('',(2.5,0.));
#14442 = VECTOR('',#14443,1.);
#14443 = DIRECTION('',(0.,1.));
#14444 = ( GEOMETRIC_REPRESENTATION_CONTEXT(2) 
PARAMETRIC_REPRESENTATION_CONTEXT() REPRESENTATION_CONTEXT('2D SPACE',''
  ) );
#14445 = PCURVE('',#14446,#14451);
#14446 = CYLINDRICAL_SURFACE('',#14447,0.5);
#14447 = AXIS2_PLACEMENT_3D('',#14448,#14449,#14450);
#14448 = CARTESIAN_POINT('',(-46.,13.2,-12.1));
#14449 = DIRECTION('',(1.,0.,0.));
#14450 = DIRECTION('',(-0.,1.,0.));
#14451 = DEFINITIONAL_REPRESENTATION('',(#14452),#14456);
#14452 = LINE('',#14453,#14454);
#14453 = CARTESIAN_POINT('',(0.,0.));
#14454 = VECTOR('',#14455,1.);
#14455 = DIRECTION('',(0.,1.));
#14456 = ( GEOMETRIC_REPRESENTATION_CONTEXT(2) 
PARAMETRIC_REPRESENTATION_CONTEXT() REPRESENTATION_CONTEXT('2D SPACE',''
  ) );
#14457 = ORIENTED_EDGE('',*,*,#14458,.F.);
#14458 = EDGE_CURVE('',#12714,#14431,#14459,.T.);
#14459 = SURFACE_CURVE('',#14460,(#14464,#14471),.PCURVE_S1.);
#14460 = LINE('',#14461,#14462);
#14461 = CARTESIAN_POINT('',(15.5,13.7,-14.6));
#14462 = VECTOR('',#14463,1.);
#14463 = DIRECTION('',(0.,0.,1.));
#14464 = PCURVE('',#12751,#14465);
#14465 = DEFINITIONAL_REPRESENTATION('',(#14466),#14470);
#14466 = LINE('',#14467,#14468);
#14467 = CARTESIAN_POINT('',(0.,61.5));
#14468 = VECTOR('',#14469,1.);
#14469 = DIRECTION('',(1.,0.));
#14470 = ( GEOMETRIC_REPRESENTATION_CONTEXT(2) 
PARAMETRIC_REPRESENTATION_CONTEXT() REPRESENTATION_CONTEXT('2D SPACE',''
  ) );
#14471 = PCURVE('',#14339,#14472);
#14472 = DEFINITIONAL_REPRESENTATION('',(#14473),#14477);
#14473 = LINE('',#14474,#14475);
#14474 = CARTESIAN_POINT('',(1.570796326795,0.));
#14475 = VECTOR('',#14476,1.);
#14476 = DIRECTION('',(0.,1.));
#14477 = ( GEOMETRIC_REPRESENTATION_CONTEXT(2) 
PARAMETRIC_REPRESENTATION_CONTEXT() REPRESENTATION_CONTEXT('2D SPACE',''
  ) );
#14478 = ORIENTED_EDGE('',*,*,#12737,.F.);
#14479 = ADVANCED_FACE('',(#14480,#14483),#12804,.T.);
#14480 = FACE_BOUND('',#14481,.T.);
#14481 = EDGE_LOOP('',(#14482));
#14482 = ORIENTED_EDGE('',*,*,#12789,.T.);
#14483 = FACE_BOUND('',#14484,.T.);
#14484 = EDGE_LOOP('',(#14485));
#14485 = ORIENTED_EDGE('',*,*,#14486,.T.);
#14486 = EDGE_CURVE('',#14487,#14487,#14489,.T.);
#14487 = VERTEX_POINT('',#14488);
#14488 = CARTESIAN_POINT('',(15.84,6.35,-12.5));
#14489 = SURFACE_CURVE('',#14490,(#14495,#14506),.PCURVE_S1.);
#14490 = CIRCLE('',#14491,1.);
#14491 = AXIS2_PLACEMENT_3D('',#14492,#14493,#14494);
#14492 = CARTESIAN_POINT('',(14.84,6.35,-12.5));
#14493 = DIRECTION('',(0.,0.,-1.));
#14494 = DIRECTION('',(1.,0.,0.));
#14495 = PCURVE('',#12804,#14496);
#14496 = DEFINITIONAL_REPRESENTATION('',(#14497),#14505);
#14497 = ( BOUNDED_CURVE() B_SPLINE_CURVE(2,(#14498,#14499,#14500,#14501
    ,#14502,#14503,#14504),.UNSPECIFIED.,.T.,.F.) 
B_SPLINE_CURVE_WITH_KNOTS((1,2,2,2,2,1),(-2.094395102393,0.,
    2.094395102393,4.188790204786,6.28318530718,8.377580409573),
.UNSPECIFIED.) CURVE() GEOMETRIC_REPRESENTATION_ITEM() 
RATIONAL_B_SPLINE_CURVE((1.,0.5,1.,0.5,1.,0.5,1.)) REPRESENTATION_ITEM(
  '') );
#14498 = CARTESIAN_POINT('',(1.,12.7));
#14499 = CARTESIAN_POINT('',(1.,10.967949192431));
#14500 = CARTESIAN_POINT('',(-0.5,11.833974596216));
#14501 = CARTESIAN_POINT('',(-2.,12.7));
#14502 = CARTESIAN_POINT('',(-0.5,13.566025403784));
#14503 = CARTESIAN_POINT('',(1.,14.432050807569));
#14504 = CARTESIAN_POINT('',(1.,12.7));
#14505 = ( GEOMETRIC_REPRESENTATION_CONTEXT(2) 
PARAMETRIC_REPRESENTATION_CONTEXT() REPRESENTATION_CONTEXT('2D SPACE',''
  ) );
#14506 = PCURVE('',#14507,#14512);
#14507 = CYLINDRICAL_SURFACE('',#14508,1.);
#14508 = AXIS2_PLACEMENT_3D('',#14509,#14510,#14511);
#14509 = CARTESIAN_POINT('',(14.84,6.35,-14.6));
#14510 = DIRECTION('',(-0.,-0.,-1.));
#14511 = DIRECTION('',(1.,0.,0.));
#14512 = DEFINITIONAL_REPRESENTATION('',(#14513),#14517);
#14513 = LINE('',#14514,#14515);
#14514 = CARTESIAN_POINT('',(-6.28318530718,-2.1));
#14515 = VECTOR('',#14516,1.);
#14516 = DIRECTION('',(1.,-0.));
#14517 = ( GEOMETRIC_REPRESENTATION_CONTEXT(2) 
PARAMETRIC_REPRESENTATION_CONTEXT() REPRESENTATION_CONTEXT('2D SPACE',''
  ) );
#14518 = ADVANCED_FACE('',(#14519,#14522),#12859,.T.);
#14519 = FACE_BOUND('',#14520,.T.);
#14520 = EDGE_LOOP('',(#14521));
#14521 = ORIENTED_EDGE('',*,*,#12844,.T.);
#14522 = FACE_BOUND('',#14523,.T.);
#14523 = EDGE_LOOP('',(#14524));
#14524 = ORIENTED_EDGE('',*,*,#14525,.T.);
#14525 = EDGE_CURVE('',#14526,#14526,#14528,.T.);
#14526 = VERTEX_POINT('',#14527);
#14527 = CARTESIAN_POINT('',(36.16,6.35,-12.5));
#14528 = SURFACE_CURVE('',#14529,(#14534,#14545),.PCURVE_S1.);
#14529 = CIRCLE('',#14530,1.);
#14530 = AXIS2_PLACEMENT_3D('',#14531,#14532,#14533);
#14531 = CARTESIAN_POINT('',(35.16,6.35,-12.5));
#14532 = DIRECTION('',(0.,0.,-1.));
#14533 = DIRECTION('',(1.,0.,0.));
#14534 = PCURVE('',#12859,#14535);
#14535 = DEFINITIONAL_REPRESENTATION('',(#14536),#14544);
#14536 = ( BOUNDED_CURVE() B_SPLINE_CURVE(2,(#14537,#14538,#14539,#14540
    ,#14541,#14542,#14543),.UNSPECIFIED.,.T.,.F.) 
B_SPLINE_CURVE_WITH_KNOTS((1,2,2,2,2,1),(-2.094395102393,0.,
    2.094395102393,4.188790204786,6.28318530718,8.377580409573),
.UNSPECIFIED.) CURVE() GEOMETRIC_REPRESENTATION_ITEM() 
RATIONAL_B_SPLINE_CURVE((1.,0.5,1.,0.5,1.,0.5,1.)) REPRESENTATION_ITEM(
  '') );
#14537 = CARTESIAN_POINT('',(21.32,12.7));
#14538 = CARTESIAN_POINT('',(21.32,10.967949192431));
#14539 = CARTESIAN_POINT('',(19.82,11.833974596216));
#14540 = CARTESIAN_POINT('',(18.32,12.7));
#14541 = CARTESIAN_POINT('',(19.82,13.566025403784));
#14542 = CARTESIAN_POINT('',(21.32,14.432050807569));
#14543 = CARTESIAN_POINT('',(21.32,12.7));
#14544 = ( GEOMETRIC_REPRESENTATION_CONTEXT(2) 
PARAMETRIC_REPRESENTATION_CONTEXT() REPRESENTATION_CONTEXT('2D SPACE',''
  ) );
#14545 = PCURVE('',#14546,#14551);
#14546 = CYLINDRICAL_SURFACE('',#14547,1.);
#14547 = AXIS2_PLACEMENT_3D('',#14548,#14549,#14550);
#14548 = CARTESIAN_POINT('',(35.16,6.35,-14.6));
#14549 = DIRECTION('',(-0.,-0.,-1.));
#14550 = DIRECTION('',(1.,0.,0.));
#14551 = DEFINITIONAL_REPRESENTATION('',(#14552),#14556);
#14552 = LINE('',#14553,#14554);
#14553 = CARTESIAN_POINT('',(-6.28318530718,-2.1));
#14554 = VECTOR('',#14555,1.);
#14555 = DIRECTION('',(1.,-0.));
#14556 = ( GEOMETRIC_REPRESENTATION_CONTEXT(2) 
PARAMETRIC_REPRESENTATION_CONTEXT() REPRESENTATION_CONTEXT('2D SPACE',''
  ) );
#14557 = ADVANCED_FACE('',(#14558),#13409,.F.);
#14558 = FACE_BOUND('',#14559,.T.);
#14559 = EDGE_LOOP('',(#14560,#14589,#14610,#14611));
#14560 = ORIENTED_EDGE('',*,*,#14561,.F.);
#14561 = EDGE_CURVE('',#14562,#14562,#14564,.T.);
#14562 = VERTEX_POINT('',#14563);
#14563 = CARTESIAN_POINT('',(-58.7,13.5,9.));
#14564 = SURFACE_CURVE('',#14565,(#14570,#14577),.PCURVE_S1.);
#14565 = CIRCLE('',#14566,2.3);
#14566 = AXIS2_PLACEMENT_3D('',#14567,#14568,#14569);
#14567 = CARTESIAN_POINT('',(-61.,13.5,9.));
#14568 = DIRECTION('',(0.,0.,1.));
#14569 = DIRECTION('',(1.,0.,0.));
#14570 = PCURVE('',#13409,#14571);
#14571 = DEFINITIONAL_REPRESENTATION('',(#14572),#14576);
#14572 = LINE('',#14573,#14574);
#14573 = CARTESIAN_POINT('',(-0.,0.));
#14574 = VECTOR('',#14575,1.);
#14575 = DIRECTION('',(-1.,0.));
#14576 = ( GEOMETRIC_REPRESENTATION_CONTEXT(2) 
PARAMETRIC_REPRESENTATION_CONTEXT() REPRESENTATION_CONTEXT('2D SPACE',''
  ) );
#14577 = PCURVE('',#14578,#14583);
#14578 = PLANE('',#14579);
#14579 = AXIS2_PLACEMENT_3D('',#14580,#14581,#14582);
#14580 = CARTESIAN_POINT('',(-61.,-13.5,9.));
#14581 = DIRECTION('',(0.,0.,1.));
#14582 = DIRECTION('',(1.,0.,-0.));
#14583 = DEFINITIONAL_REPRESENTATION('',(#14584),#14588);
#14584 = CIRCLE('',#14585,2.3);
#14585 = AXIS2_PLACEMENT_2D('',#14586,#14587);
#14586 = CARTESIAN_POINT('',(7.105427357601E-15,27.));
#14587 = DIRECTION('',(1.,0.));
#14588 = ( GEOMETRIC_REPRESENTATION_CONTEXT(2) 
PARAMETRIC_REPRESENTATION_CONTEXT() REPRESENTATION_CONTEXT('2D SPACE',''
  ) );
#14589 = ORIENTED_EDGE('',*,*,#14590,.T.);
#14590 = EDGE_CURVE('',#14562,#13389,#14591,.T.);
#14591 = SEAM_CURVE('',#14592,(#14596,#14603),.PCURVE_S1.);
#14592 = LINE('',#14593,#14594);
#14593 = CARTESIAN_POINT('',(-58.7,13.5,9.));
#14594 = VECTOR('',#14595,1.);
#14595 = DIRECTION('',(0.,0.,1.));
#14596 = PCURVE('',#13409,#14597);
#14597 = DEFINITIONAL_REPRESENTATION('',(#14598),#14602);
#14598 = LINE('',#14599,#14600);
#14599 = CARTESIAN_POINT('',(-6.28318530718,0.));
#14600 = VECTOR('',#14601,1.);
#14601 = DIRECTION('',(-0.,-1.));
#14602 = ( GEOMETRIC_REPRESENTATION_CONTEXT(2) 
PARAMETRIC_REPRESENTATION_CONTEXT() REPRESENTATION_CONTEXT('2D SPACE',''
  ) );
#14603 = PCURVE('',#13409,#14604);
#14604 = DEFINITIONAL_REPRESENTATION('',(#14605),#14609);
#14605 = LINE('',#14606,#14607);
#14606 = CARTESIAN_POINT('',(-0.,0.));
#14607 = VECTOR('',#14608,1.);
#14608 = DIRECTION('',(-0.,-1.));
#14609 = ( GEOMETRIC_REPRESENTATION_CONTEXT(2) 
PARAMETRIC_REPRESENTATION_CONTEXT() REPRESENTATION_CONTEXT('2D SPACE',''
  ) );
#14610 = ORIENTED_EDGE('',*,*,#13388,.F.);
#14611 = ORIENTED_EDGE('',*,*,#14590,.F.);
#14612 = ADVANCED_FACE('',(#14613),#13448,.F.);
#14613 = FACE_BOUND('',#14614,.T.);
#14614 = EDGE_LOOP('',(#14615,#14644,#14665,#14666));
#14615 = ORIENTED_EDGE('',*,*,#14616,.F.);
#14616 = EDGE_CURVE('',#14617,#14617,#14619,.T.);
#14617 = VERTEX_POINT('',#14618);
#14618 = CARTESIAN_POINT('',(34.3,13.5,9.));
#14619 = SURFACE_CURVE('',#14620,(#14625,#14632),.PCURVE_S1.);
#14620 = CIRCLE('',#14621,2.3);
#14621 = AXIS2_PLACEMENT_3D('',#14622,#14623,#14624);
#14622 = CARTESIAN_POINT('',(32.,13.5,9.));
#14623 = DIRECTION('',(0.,0.,1.));
#14624 = DIRECTION('',(1.,0.,0.));
#14625 = PCURVE('',#13448,#14626);
#14626 = DEFINITIONAL_REPRESENTATION('',(#14627),#14631);
#14627 = LINE('',#14628,#14629);
#14628 = CARTESIAN_POINT('',(-0.,0.));
#14629 = VECTOR('',#14630,1.);
#14630 = DIRECTION('',(-1.,0.));
#14631 = ( GEOMETRIC_REPRESENTATION_CONTEXT(2) 
PARAMETRIC_REPRESENTATION_CONTEXT() REPRESENTATION_CONTEXT('2D SPACE',''
  ) );
#14632 = PCURVE('',#14633,#14638);
#14633 = PLANE('',#14634);
#14634 = AXIS2_PLACEMENT_3D('',#14635,#14636,#14637);
#14635 = CARTESIAN_POINT('',(-61.,-13.5,9.));
#14636 = DIRECTION('',(0.,0.,1.));
#14637 = DIRECTION('',(1.,0.,-0.));
#14638 = DEFINITIONAL_REPRESENTATION('',(#14639),#14643);
#14639 = CIRCLE('',#14640,2.3);
#14640 = AXIS2_PLACEMENT_2D('',#14641,#14642);
#14641 = CARTESIAN_POINT('',(93.,27.));
#14642 = DIRECTION('',(1.,0.));
#14643 = ( GEOMETRIC_REPRESENTATION_CONTEXT(2) 
PARAMETRIC_REPRESENTATION_CONTEXT() REPRESENTATION_CONTEXT('2D SPACE',''
  ) );
#14644 = ORIENTED_EDGE('',*,*,#14645,.T.);
#14645 = EDGE_CURVE('',#14617,#13428,#14646,.T.);
#14646 = SEAM_CURVE('',#14647,(#14651,#14658),.PCURVE_S1.);
#14647 = LINE('',#14648,#14649);
#14648 = CARTESIAN_POINT('',(34.3,13.5,9.));
#14649 = VECTOR('',#14650,1.);
#14650 = DIRECTION('',(0.,0.,1.));
#14651 = PCURVE('',#13448,#14652);
#14652 = DEFINITIONAL_REPRESENTATION('',(#14653),#14657);
#14653 = LINE('',#14654,#14655);
#14654 = CARTESIAN_POINT('',(-6.28318530718,0.));
#14655 = VECTOR('',#14656,1.);
#14656 = DIRECTION('',(-0.,-1.));
#14657 = ( GEOMETRIC_REPRESENTATION_CONTEXT(2) 
PARAMETRIC_REPRESENTATION_CONTEXT() REPRESENTATION_CONTEXT('2D SPACE',''
  ) );
#14658 = PCURVE('',#13448,#14659);
#14659 = DEFINITIONAL_REPRESENTATION('',(#14660),#14664);
#14660 = LINE('',#14661,#14662);
#14661 = CARTESIAN_POINT('',(-0.,0.));
#14662 = VECTOR('',#14663,1.);
#14663 = DIRECTION('',(-0.,-1.));
#14664 = ( GEOMETRIC_REPRESENTATION_CONTEXT(2) 
PARAMETRIC_REPRESENTATION_CONTEXT() REPRESENTATION_CONTEXT('2D SPACE',''
  ) );
#14665 = ORIENTED_EDGE('',*,*,#13427,.F.);
#14666 = ORIENTED_EDGE('',*,*,#14645,.F.);
#14667 = ADVANCED_FACE('',(#14668),#13487,.F.);
#14668 = FACE_BOUND('',#14669,.T.);
#14669 = EDGE_LOOP('',(#14670,#14699,#14720,#14721));
#14670 = ORIENTED_EDGE('',*,*,#14671,.F.);
#14671 = EDGE_CURVE('',#14672,#14672,#14674,.T.);
#14672 = VERTEX_POINT('',#14673);
#14673 = CARTESIAN_POINT('',(34.3,-13.5,9.));
#14674 = SURFACE_CURVE('',#14675,(#14680,#14687),.PCURVE_S1.);
#14675 = CIRCLE('',#14676,2.3);
#14676 = AXIS2_PLACEMENT_3D('',#14677,#14678,#14679);
#14677 = CARTESIAN_POINT('',(32.,-13.5,9.));
#14678 = DIRECTION('',(0.,0.,1.));
#14679 = DIRECTION('',(1.,0.,0.));
#14680 = PCURVE('',#13487,#14681);
#14681 = DEFINITIONAL_REPRESENTATION('',(#14682),#14686);
#14682 = LINE('',#14683,#14684);
#14683 = CARTESIAN_POINT('',(-0.,0.));
#14684 = VECTOR('',#14685,1.);
#14685 = DIRECTION('',(-1.,0.));
#14686 = ( GEOMETRIC_REPRESENTATION_CONTEXT(2) 
PARAMETRIC_REPRESENTATION_CONTEXT() REPRESENTATION_CONTEXT('2D SPACE',''
  ) );
#14687 = PCURVE('',#14688,#14693);
#14688 = PLANE('',#14689);
#14689 = AXIS2_PLACEMENT_3D('',#14690,#14691,#14692);
#14690 = CARTESIAN_POINT('',(-61.,-13.5,9.));
#14691 = DIRECTION('',(0.,0.,1.));
#14692 = DIRECTION('',(1.,0.,-0.));
#14693 = DEFINITIONAL_REPRESENTATION('',(#14694),#14698);
#14694 = CIRCLE('',#14695,2.3);
#14695 = AXIS2_PLACEMENT_2D('',#14696,#14697);
#14696 = CARTESIAN_POINT('',(93.,0.));
#14697 = DIRECTION('',(1.,0.));
#14698 = ( GEOMETRIC_REPRESENTATION_CONTEXT(2) 
PARAMETRIC_REPRESENTATION_CONTEXT() REPRESENTATION_CONTEXT('2D SPACE',''
  ) );
#14699 = ORIENTED_EDGE('',*,*,#14700,.T.);
#14700 = EDGE_CURVE('',#14672,#13467,#14701,.T.);
#14701 = SEAM_CURVE('',#14702,(#14706,#14713),.PCURVE_S1.);
#14702 = LINE('',#14703,#14704);
#14703 = CARTESIAN_POINT('',(34.3,-13.5,9.));
#14704 = VECTOR('',#14705,1.);
#14705 = DIRECTION('',(0.,0.,1.));
#14706 = PCURVE('',#13487,#14707);
#14707 = DEFINITIONAL_REPRESENTATION('',(#14708),#14712);
#14708 = LINE('',#14709,#14710);
#14709 = CARTESIAN_POINT('',(-6.28318530718,0.));
#14710 = VECTOR('',#14711,1.);
#14711 = DIRECTION('',(-0.,-1.));
#14712 = ( GEOMETRIC_REPRESENTATION_CONTEXT(2) 
PARAMETRIC_REPRESENTATION_CONTEXT() REPRESENTATION_CONTEXT('2D SPACE',''
  ) );
#14713 = PCURVE('',#13487,#14714);
#14714 = DEFINITIONAL_REPRESENTATION('',(#14715),#14719);
#14715 = LINE('',#14716,#14717);
#14716 = CARTESIAN_POINT('',(-0.,0.));
#14717 = VECTOR('',#14718,1.);
#14718 = DIRECTION('',(-0.,-1.));
#14719 = ( GEOMETRIC_REPRESENTATION_CONTEXT(2) 
PARAMETRIC_REPRESENTATION_CONTEXT() REPRESENTATION_CONTEXT('2D SPACE',''
  ) );
#14720 = ORIENTED_EDGE('',*,*,#13466,.F.);
#14721 = ORIENTED_EDGE('',*,*,#14700,.F.);
#14722 = ADVANCED_FACE('',(#14723),#13526,.F.);
#14723 = FACE_BOUND('',#14724,.T.);
#14724 = EDGE_LOOP('',(#14725,#14754,#14775,#14776));
#14725 = ORIENTED_EDGE('',*,*,#14726,.F.);
#14726 = EDGE_CURVE('',#14727,#14727,#14729,.T.);
#14727 = VERTEX_POINT('',#14728);
#14728 = CARTESIAN_POINT('',(-58.7,-13.5,9.));
#14729 = SURFACE_CURVE('',#14730,(#14735,#14742),.PCURVE_S1.);
#14730 = CIRCLE('',#14731,2.3);
#14731 = AXIS2_PLACEMENT_3D('',#14732,#14733,#14734);
#14732 = CARTESIAN_POINT('',(-61.,-13.5,9.));
#14733 = DIRECTION('',(0.,0.,1.));
#14734 = DIRECTION('',(1.,0.,0.));
#14735 = PCURVE('',#13526,#14736);
#14736 = DEFINITIONAL_REPRESENTATION('',(#14737),#14741);
#14737 = LINE('',#14738,#14739);
#14738 = CARTESIAN_POINT('',(-0.,0.));
#14739 = VECTOR('',#14740,1.);
#14740 = DIRECTION('',(-1.,0.));
#14741 = ( GEOMETRIC_REPRESENTATION_CONTEXT(2) 
PARAMETRIC_REPRESENTATION_CONTEXT() REPRESENTATION_CONTEXT('2D SPACE',''
  ) );
#14742 = PCURVE('',#14743,#14748);
#14743 = PLANE('',#14744);
#14744 = AXIS2_PLACEMENT_3D('',#14745,#14746,#14747);
#14745 = CARTESIAN_POINT('',(-61.,-13.5,9.));
#14746 = DIRECTION('',(0.,0.,1.));
#14747 = DIRECTION('',(1.,0.,-0.));
#14748 = DEFINITIONAL_REPRESENTATION('',(#14749),#14753);
#14749 = CIRCLE('',#14750,2.3);
#14750 = AXIS2_PLACEMENT_2D('',#14751,#14752);
#14751 = CARTESIAN_POINT('',(7.105427357601E-15,0.));
#14752 = DIRECTION('',(1.,0.));
#14753 = ( GEOMETRIC_REPRESENTATION_CONTEXT(2) 
PARAMETRIC_REPRESENTATION_CONTEXT() REPRESENTATION_CONTEXT('2D SPACE',''
  ) );
#14754 = ORIENTED_EDGE('',*,*,#14755,.T.);
#14755 = EDGE_CURVE('',#14727,#13506,#14756,.T.);
#14756 = SEAM_CURVE('',#14757,(#14761,#14768),.PCURVE_S1.);
#14757 = LINE('',#14758,#14759);
#14758 = CARTESIAN_POINT('',(-58.7,-13.5,9.));
#14759 = VECTOR('',#14760,1.);
#14760 = DIRECTION('',(0.,0.,1.));
#14761 = PCURVE('',#13526,#14762);
#14762 = DEFINITIONAL_REPRESENTATION('',(#14763),#14767);
#14763 = LINE('',#14764,#14765);
#14764 = CARTESIAN_POINT('',(-6.28318530718,0.));
#14765 = VECTOR('',#14766,1.);
#14766 = DIRECTION('',(-0.,-1.));
#14767 = ( GEOMETRIC_REPRESENTATION_CONTEXT(2) 
PARAMETRIC_REPRESENTATION_CONTEXT() REPRESENTATION_CONTEXT('2D SPACE',''
  ) );
#14768 = PCURVE('',#13526,#14769);
#14769 = DEFINITIONAL_REPRESENTATION('',(#14770),#14774);
#14770 = LINE('',#14771,#14772);
#14771 = CARTESIAN_POINT('',(-0.,0.));
#14772 = VECTOR('',#14773,1.);
#14773 = DIRECTION('',(-0.,-1.));
#14774 = ( GEOMETRIC_REPRESENTATION_CONTEXT(2) 
PARAMETRIC_REPRESENTATION_CONTEXT() REPRESENTATION_CONTEXT('2D SPACE',''
  ) );
#14775 = ORIENTED_EDGE('',*,*,#13505,.F.);
#14776 = ORIENTED_EDGE('',*,*,#14755,.F.);
#14777 = ADVANCED_FACE('',(#14778),#13558,.T.);
#14778 = FACE_BOUND('',#14779,.T.);
#14779 = EDGE_LOOP('',(#14780,#14781,#14782,#14783));
#14780 = ORIENTED_EDGE('',*,*,#13681,.F.);
#14781 = ORIENTED_EDGE('',*,*,#13543,.T.);
#14782 = ORIENTED_EDGE('',*,*,#13573,.T.);
#14783 = ORIENTED_EDGE('',*,*,#14784,.F.);
#14784 = EDGE_CURVE('',#13682,#13574,#14785,.T.);
#14785 = SURFACE_CURVE('',#14786,(#14791,#14798),.PCURVE_S1.);
#14786 = CIRCLE('',#14787,0.5);
#14787 = AXIS2_PLACEMENT_3D('',#14788,#14789,#14790);
#14788 = CARTESIAN_POINT('',(-45.5,-13.2,-12.1));
#14789 = DIRECTION('',(0.,0.,1.));
#14790 = DIRECTION('',(-1.,0.,0.));
#14791 = PCURVE('',#13558,#14792);
#14792 = DEFINITIONAL_REPRESENTATION('',(#14793),#14797);
#14793 = LINE('',#14794,#14795);
#14794 = CARTESIAN_POINT('',(0.,2.5));
#14795 = VECTOR('',#14796,1.);
#14796 = DIRECTION('',(1.,0.));
#14797 = ( GEOMETRIC_REPRESENTATION_CONTEXT(2) 
PARAMETRIC_REPRESENTATION_CONTEXT() REPRESENTATION_CONTEXT('2D SPACE',''
  ) );
#14798 = PCURVE('',#14799,#14804);
#14799 = SPHERICAL_SURFACE('',#14800,0.5);
#14800 = AXIS2_PLACEMENT_3D('',#14801,#14802,#14803);
#14801 = CARTESIAN_POINT('',(-45.5,-13.2,-12.1));
#14802 = DIRECTION('',(-0.,-0.,-1.));
#14803 = DIRECTION('',(-1.,0.,0.));
#14804 = DEFINITIONAL_REPRESENTATION('',(#14805),#14809);
#14805 = LINE('',#14806,#14807);
#14806 = CARTESIAN_POINT('',(-0.,0.));
#14807 = VECTOR('',#14808,1.);
#14808 = DIRECTION('',(-1.,0.));
#14809 = ( GEOMETRIC_REPRESENTATION_CONTEXT(2) 
PARAMETRIC_REPRESENTATION_CONTEXT() REPRESENTATION_CONTEXT('2D SPACE',''
  ) );
#14810 = ADVANCED_FACE('',(#14811),#13612,.T.);
#14811 = FACE_BOUND('',#14812,.F.);
#14812 = EDGE_LOOP('',(#14813,#14837,#14865,#14892));
#14813 = ORIENTED_EDGE('',*,*,#14814,.F.);
#14814 = EDGE_CURVE('',#14815,#13574,#14817,.T.);
#14815 = VERTEX_POINT('',#14816);
#14816 = CARTESIAN_POINT('',(-45.5,-13.2,-11.6));
#14817 = SURFACE_CURVE('',#14818,(#14823,#14830),.PCURVE_S1.);
#14818 = CIRCLE('',#14819,0.5);
#14819 = AXIS2_PLACEMENT_3D('',#14820,#14821,#14822);
#14820 = CARTESIAN_POINT('',(-45.5,-13.2,-12.1));
#14821 = DIRECTION('',(1.,-6.123233995737E-17,0.));
#14822 = DIRECTION('',(-6.123233995737E-17,-1.,0.));
#14823 = PCURVE('',#13612,#14824);
#14824 = DEFINITIONAL_REPRESENTATION('',(#14825),#14829);
#14825 = LINE('',#14826,#14827);
#14826 = CARTESIAN_POINT('',(-6.28318530718,0.5));
#14827 = VECTOR('',#14828,1.);
#14828 = DIRECTION('',(1.,-0.));
#14829 = ( GEOMETRIC_REPRESENTATION_CONTEXT(2) 
PARAMETRIC_REPRESENTATION_CONTEXT() REPRESENTATION_CONTEXT('2D SPACE',''
  ) );
#14830 = PCURVE('',#14799,#14831);
#14831 = DEFINITIONAL_REPRESENTATION('',(#14832),#14836);
#14832 = LINE('',#14833,#14834);
#14833 = CARTESIAN_POINT('',(-1.570796326795,-6.28318530718));
#14834 = VECTOR('',#14835,1.);
#14835 = DIRECTION('',(-0.,1.));
#14836 = ( GEOMETRIC_REPRESENTATION_CONTEXT(2) 
PARAMETRIC_REPRESENTATION_CONTEXT() REPRESENTATION_CONTEXT('2D SPACE',''
  ) );
#14837 = ORIENTED_EDGE('',*,*,#14838,.T.);
#14838 = EDGE_CURVE('',#14815,#14839,#14841,.T.);
#14839 = VERTEX_POINT('',#14840);
#14840 = CARTESIAN_POINT('',(15.5,-13.2,-11.6));
#14841 = SURFACE_CURVE('',#14842,(#14846,#14853),.PCURVE_S1.);
#14842 = LINE('',#14843,#14844);
#14843 = CARTESIAN_POINT('',(-46.,-13.2,-11.6));
#14844 = VECTOR('',#14845,1.);
#14845 = DIRECTION('',(1.,0.,0.));
#14846 = PCURVE('',#13612,#14847);
#14847 = DEFINITIONAL_REPRESENTATION('',(#14848),#14852);
#14848 = LINE('',#14849,#14850);
#14849 = CARTESIAN_POINT('',(-1.570796326795,0.));
#14850 = VECTOR('',#14851,1.);
#14851 = DIRECTION('',(-0.,1.));
#14852 = ( GEOMETRIC_REPRESENTATION_CONTEXT(2) 
PARAMETRIC_REPRESENTATION_CONTEXT() REPRESENTATION_CONTEXT('2D SPACE',''
  ) );
#14853 = PCURVE('',#14854,#14859);
#14854 = PLANE('',#14855);
#14855 = AXIS2_PLACEMENT_3D('',#14856,#14857,#14858);
#14856 = CARTESIAN_POINT('',(-46.,-13.7,-11.6));
#14857 = DIRECTION('',(0.,0.,1.));
#14858 = DIRECTION('',(1.,0.,0.));
#14859 = DEFINITIONAL_REPRESENTATION('',(#14860),#14864);
#14860 = LINE('',#14861,#14862);
#14861 = CARTESIAN_POINT('',(0.,0.5));
#14862 = VECTOR('',#14863,1.);
#14863 = DIRECTION('',(1.,0.));
#14864 = ( GEOMETRIC_REPRESENTATION_CONTEXT(2) 
PARAMETRIC_REPRESENTATION_CONTEXT() REPRESENTATION_CONTEXT('2D SPACE',''
  ) );
#14865 = ORIENTED_EDGE('',*,*,#14866,.T.);
#14866 = EDGE_CURVE('',#14839,#13597,#14867,.T.);
#14867 = SURFACE_CURVE('',#14868,(#14873,#14880),.PCURVE_S1.);
#14868 = CIRCLE('',#14869,0.5);
#14869 = AXIS2_PLACEMENT_3D('',#14870,#14871,#14872);
#14870 = CARTESIAN_POINT('',(15.5,-13.2,-12.1));
#14871 = DIRECTION('',(1.,6.123233995737E-17,0.));
#14872 = DIRECTION('',(6.123233995737E-17,-1.,0.));
#14873 = PCURVE('',#13612,#14874);
#14874 = DEFINITIONAL_REPRESENTATION('',(#14875),#14879);
#14875 = LINE('',#14876,#14877);
#14876 = CARTESIAN_POINT('',(-6.28318530718,61.5));
#14877 = VECTOR('',#14878,1.);
#14878 = DIRECTION('',(1.,-0.));
#14879 = ( GEOMETRIC_REPRESENTATION_CONTEXT(2) 
PARAMETRIC_REPRESENTATION_CONTEXT() REPRESENTATION_CONTEXT('2D SPACE',''
  ) );
#14880 = PCURVE('',#14881,#14886);
#14881 = SPHERICAL_SURFACE('',#14882,0.5);
#14882 = AXIS2_PLACEMENT_3D('',#14883,#14884,#14885);
#14883 = CARTESIAN_POINT('',(15.5,-13.2,-12.1));
#14884 = DIRECTION('',(-0.,-0.,-1.));
#14885 = DIRECTION('',(1.,0.,0.));
#14886 = DEFINITIONAL_REPRESENTATION('',(#14887),#14891);
#14887 = LINE('',#14888,#14889);
#14888 = CARTESIAN_POINT('',(1.570796326795,-6.28318530718));
#14889 = VECTOR('',#14890,1.);
#14890 = DIRECTION('',(0.,1.));
#14891 = ( GEOMETRIC_REPRESENTATION_CONTEXT(2) 
PARAMETRIC_REPRESENTATION_CONTEXT() REPRESENTATION_CONTEXT('2D SPACE',''
  ) );
#14892 = ORIENTED_EDGE('',*,*,#13596,.F.);
#14893 = ADVANCED_FACE('',(#14894),#13638,.T.);
#14894 = FACE_BOUND('',#14895,.F.);
#14895 = EDGE_LOOP('',(#14896,#14897,#14898,#14899));
#14896 = ORIENTED_EDGE('',*,*,#13789,.F.);
#14897 = ORIENTED_EDGE('',*,*,#13656,.T.);
#14898 = ORIENTED_EDGE('',*,*,#13624,.T.);
#14899 = ORIENTED_EDGE('',*,*,#14900,.F.);
#14900 = EDGE_CURVE('',#13790,#13597,#14901,.T.);
#14901 = SURFACE_CURVE('',#14902,(#14907,#14914),.PCURVE_S1.);
#14902 = CIRCLE('',#14903,0.5);
#14903 = AXIS2_PLACEMENT_3D('',#14904,#14905,#14906);
#14904 = CARTESIAN_POINT('',(15.5,-13.2,-12.1));
#14905 = DIRECTION('',(0.,0.,-1.));
#14906 = DIRECTION('',(1.,0.,0.));
#14907 = PCURVE('',#13638,#14908);
#14908 = DEFINITIONAL_REPRESENTATION('',(#14909),#14913);
#14909 = LINE('',#14910,#14911);
#14910 = CARTESIAN_POINT('',(-0.,2.5));
#14911 = VECTOR('',#14912,1.);
#14912 = DIRECTION('',(-1.,0.));
#14913 = ( GEOMETRIC_REPRESENTATION_CONTEXT(2) 
PARAMETRIC_REPRESENTATION_CONTEXT() REPRESENTATION_CONTEXT('2D SPACE',''
  ) );
#14914 = PCURVE('',#14881,#14915);
#14915 = DEFINITIONAL_REPRESENTATION('',(#14916),#14920);
#14916 = LINE('',#14917,#14918);
#14917 = CARTESIAN_POINT('',(0.,0.));
#14918 = VECTOR('',#14919,1.);
#14919 = DIRECTION('',(1.,0.));
#14920 = ( GEOMETRIC_REPRESENTATION_CONTEXT(2) 
PARAMETRIC_REPRESENTATION_CONTEXT() REPRESENTATION_CONTEXT('2D SPACE',''
  ) );
#14921 = ADVANCED_FACE('',(#14922),#13747,.T.);
#14922 = FACE_BOUND('',#14923,.T.);
#14923 = EDGE_LOOP('',(#14924,#14946,#14969,#14996));
#14924 = ORIENTED_EDGE('',*,*,#14925,.F.);
#14925 = EDGE_CURVE('',#14815,#13682,#14926,.T.);
#14926 = SURFACE_CURVE('',#14927,(#14932,#14939),.PCURVE_S1.);
#14927 = CIRCLE('',#14928,0.5);
#14928 = AXIS2_PLACEMENT_3D('',#14929,#14930,#14931);
#14929 = CARTESIAN_POINT('',(-45.5,-13.2,-12.1));
#14930 = DIRECTION('',(0.,-1.,0.));
#14931 = DIRECTION('',(-1.,0.,0.));
#14932 = PCURVE('',#13747,#14933);
#14933 = DEFINITIONAL_REPRESENTATION('',(#14934),#14938);
#14934 = LINE('',#14935,#14936);
#14935 = CARTESIAN_POINT('',(6.28318530718,0.5));
#14936 = VECTOR('',#14937,1.);
#14937 = DIRECTION('',(-1.,-0.));
#14938 = ( GEOMETRIC_REPRESENTATION_CONTEXT(2) 
PARAMETRIC_REPRESENTATION_CONTEXT() REPRESENTATION_CONTEXT('2D SPACE',''
  ) );
#14939 = PCURVE('',#14799,#14940);
#14940 = DEFINITIONAL_REPRESENTATION('',(#14941),#14945);
#14941 = LINE('',#14942,#14943);
#14942 = CARTESIAN_POINT('',(-0.,-6.28318530718));
#14943 = VECTOR('',#14944,1.);
#14944 = DIRECTION('',(-0.,1.));
#14945 = ( GEOMETRIC_REPRESENTATION_CONTEXT(2) 
PARAMETRIC_REPRESENTATION_CONTEXT() REPRESENTATION_CONTEXT('2D SPACE',''
  ) );
#14946 = ORIENTED_EDGE('',*,*,#14947,.T.);
#14947 = EDGE_CURVE('',#14815,#14948,#14950,.T.);
#14948 = VERTEX_POINT('',#14949);
#14949 = CARTESIAN_POINT('',(-45.5,-12.,-11.6));
#14950 = SURFACE_CURVE('',#14951,(#14955,#14962),.PCURVE_S1.);
#14951 = LINE('',#14952,#14953);
#14952 = CARTESIAN_POINT('',(-45.5,-13.7,-11.6));
#14953 = VECTOR('',#14954,1.);
#14954 = DIRECTION('',(0.,1.,0.));
#14955 = PCURVE('',#13747,#14956);
#14956 = DEFINITIONAL_REPRESENTATION('',(#14957),#14961);
#14957 = LINE('',#14958,#14959);
#14958 = CARTESIAN_POINT('',(1.570796326795,0.));
#14959 = VECTOR('',#14960,1.);
#14960 = DIRECTION('',(0.,1.));
#14961 = ( GEOMETRIC_REPRESENTATION_CONTEXT(2) 
PARAMETRIC_REPRESENTATION_CONTEXT() REPRESENTATION_CONTEXT('2D SPACE',''
  ) );
#14962 = PCURVE('',#14854,#14963);
#14963 = DEFINITIONAL_REPRESENTATION('',(#14964),#14968);
#14964 = LINE('',#14965,#14966);
#14965 = CARTESIAN_POINT('',(0.5,0.));
#14966 = VECTOR('',#14967,1.);
#14967 = DIRECTION('',(0.,1.));
#14968 = ( GEOMETRIC_REPRESENTATION_CONTEXT(2) 
PARAMETRIC_REPRESENTATION_CONTEXT() REPRESENTATION_CONTEXT('2D SPACE',''
  ) );
#14969 = ORIENTED_EDGE('',*,*,#14970,.F.);
#14970 = EDGE_CURVE('',#13706,#14948,#14971,.T.);
#14971 = SURFACE_CURVE('',#14972,(#14977,#14984),.PCURVE_S1.);
#14972 = CIRCLE('',#14973,0.5);
#14973 = AXIS2_PLACEMENT_3D('',#14974,#14975,#14976);
#14974 = CARTESIAN_POINT('',(-45.5,-12.,-12.1));
#14975 = DIRECTION('',(0.,1.,0.));
#14976 = DIRECTION('',(-1.,0.,0.));
#14977 = PCURVE('',#13747,#14978);
#14978 = DEFINITIONAL_REPRESENTATION('',(#14979),#14983);
#14979 = LINE('',#14980,#14981);
#14980 = CARTESIAN_POINT('',(0.,1.7));
#14981 = VECTOR('',#14982,1.);
#14982 = DIRECTION('',(1.,0.));
#14983 = ( GEOMETRIC_REPRESENTATION_CONTEXT(2) 
PARAMETRIC_REPRESENTATION_CONTEXT() REPRESENTATION_CONTEXT('2D SPACE',''
  ) );
#14984 = PCURVE('',#14985,#14990);
#14985 = SPHERICAL_SURFACE('',#14986,0.5);
#14986 = AXIS2_PLACEMENT_3D('',#14987,#14988,#14989);
#14987 = CARTESIAN_POINT('',(-45.5,-12.,-12.1));
#14988 = DIRECTION('',(-0.,-1.,-0.));
#14989 = DIRECTION('',(-1.,0.,0.));
#14990 = DEFINITIONAL_REPRESENTATION('',(#14991),#14995);
#14991 = LINE('',#14992,#14993);
#14992 = CARTESIAN_POINT('',(-0.,0.));
#14993 = VECTOR('',#14994,1.);
#14994 = DIRECTION('',(-1.,0.));
#14995 = ( GEOMETRIC_REPRESENTATION_CONTEXT(2) 
PARAMETRIC_REPRESENTATION_CONTEXT() REPRESENTATION_CONTEXT('2D SPACE',''
  ) );
#14996 = ORIENTED_EDGE('',*,*,#13733,.F.);
#14997 = ADVANCED_FACE('',(#14998),#13721,.T.);
#14998 = FACE_BOUND('',#14999,.F.);
#14999 = EDGE_LOOP('',(#15000,#15001,#15002,#15003));
#15000 = ORIENTED_EDGE('',*,*,#13705,.F.);
#15001 = ORIENTED_EDGE('',*,*,#13764,.T.);
#15002 = ORIENTED_EDGE('',*,*,#13897,.T.);
#15003 = ORIENTED_EDGE('',*,*,#15004,.T.);
#15004 = EDGE_CURVE('',#13898,#13706,#15005,.T.);
#15005 = SURFACE_CURVE('',#15006,(#15011,#15018),.PCURVE_S1.);
#15006 = CIRCLE('',#15007,0.5);
#15007 = AXIS2_PLACEMENT_3D('',#15008,#15009,#15010);
#15008 = CARTESIAN_POINT('',(-45.5,-12.,-12.1));
#15009 = DIRECTION('',(0.,0.,1.));
#15010 = DIRECTION('',(-1.,0.,0.));
#15011 = PCURVE('',#13721,#15012);
#15012 = DEFINITIONAL_REPRESENTATION('',(#15013),#15017);
#15013 = LINE('',#15014,#15015);
#15014 = CARTESIAN_POINT('',(-6.28318530718,2.5));
#15015 = VECTOR('',#15016,1.);
#15016 = DIRECTION('',(1.,-0.));
#15017 = ( GEOMETRIC_REPRESENTATION_CONTEXT(2) 
PARAMETRIC_REPRESENTATION_CONTEXT() REPRESENTATION_CONTEXT('2D SPACE',''
  ) );
#15018 = PCURVE('',#14985,#15019);
#15019 = DEFINITIONAL_REPRESENTATION('',(#15020),#15024);
#15020 = LINE('',#15021,#15022);
#15021 = CARTESIAN_POINT('',(-0.,-6.28318530718));
#15022 = VECTOR('',#15023,1.);
#15023 = DIRECTION('',(-0.,1.));
#15024 = ( GEOMETRIC_REPRESENTATION_CONTEXT(2) 
PARAMETRIC_REPRESENTATION_CONTEXT() REPRESENTATION_CONTEXT('2D SPACE',''
  ) );
#15025 = ADVANCED_FACE('',(#15026),#13855,.T.);
#15026 = FACE_BOUND('',#15027,.F.);
#15027 = EDGE_LOOP('',(#15028,#15050,#15073,#15100));
#15028 = ORIENTED_EDGE('',*,*,#15029,.F.);
#15029 = EDGE_CURVE('',#14839,#13790,#15030,.T.);
#15030 = SURFACE_CURVE('',#15031,(#15036,#15043),.PCURVE_S1.);
#15031 = CIRCLE('',#15032,0.5);
#15032 = AXIS2_PLACEMENT_3D('',#15033,#15034,#15035);
#15033 = CARTESIAN_POINT('',(15.5,-13.2,-12.1));
#15034 = DIRECTION('',(-0.,1.,0.));
#15035 = DIRECTION('',(1.,0.,0.));
#15036 = PCURVE('',#13855,#15037);
#15037 = DEFINITIONAL_REPRESENTATION('',(#15038),#15042);
#15038 = LINE('',#15039,#15040);
#15039 = CARTESIAN_POINT('',(-6.28318530718,0.5));
#15040 = VECTOR('',#15041,1.);
#15041 = DIRECTION('',(1.,-0.));
#15042 = ( GEOMETRIC_REPRESENTATION_CONTEXT(2) 
PARAMETRIC_REPRESENTATION_CONTEXT() REPRESENTATION_CONTEXT('2D SPACE',''
  ) );
#15043 = PCURVE('',#14881,#15044);
#15044 = DEFINITIONAL_REPRESENTATION('',(#15045),#15049);
#15045 = LINE('',#15046,#15047);
#15046 = CARTESIAN_POINT('',(0.,-6.28318530718));
#15047 = VECTOR('',#15048,1.);
#15048 = DIRECTION('',(0.,1.));
#15049 = ( GEOMETRIC_REPRESENTATION_CONTEXT(2) 
PARAMETRIC_REPRESENTATION_CONTEXT() REPRESENTATION_CONTEXT('2D SPACE',''
  ) );
#15050 = ORIENTED_EDGE('',*,*,#15051,.T.);
#15051 = EDGE_CURVE('',#14839,#15052,#15054,.T.);
#15052 = VERTEX_POINT('',#15053);
#15053 = CARTESIAN_POINT('',(15.5,-12.,-11.6));
#15054 = SURFACE_CURVE('',#15055,(#15059,#15066),.PCURVE_S1.);
#15055 = LINE('',#15056,#15057);
#15056 = CARTESIAN_POINT('',(15.5,-13.7,-11.6));
#15057 = VECTOR('',#15058,1.);
#15058 = DIRECTION('',(0.,1.,0.));
#15059 = PCURVE('',#13855,#15060);
#15060 = DEFINITIONAL_REPRESENTATION('',(#15061),#15065);
#15061 = LINE('',#15062,#15063);
#15062 = CARTESIAN_POINT('',(-1.570796326795,0.));
#15063 = VECTOR('',#15064,1.);
#15064 = DIRECTION('',(-0.,1.));
#15065 = ( GEOMETRIC_REPRESENTATION_CONTEXT(2) 
PARAMETRIC_REPRESENTATION_CONTEXT() REPRESENTATION_CONTEXT('2D SPACE',''
  ) );
#15066 = PCURVE('',#14854,#15067);
#15067 = DEFINITIONAL_REPRESENTATION('',(#15068),#15072);
#15068 = LINE('',#15069,#15070);
#15069 = CARTESIAN_POINT('',(61.5,0.));
#15070 = VECTOR('',#15071,1.);
#15071 = DIRECTION('',(0.,1.));
#15072 = ( GEOMETRIC_REPRESENTATION_CONTEXT(2) 
PARAMETRIC_REPRESENTATION_CONTEXT() REPRESENTATION_CONTEXT('2D SPACE',''
  ) );
#15073 = ORIENTED_EDGE('',*,*,#15074,.F.);
#15074 = EDGE_CURVE('',#13814,#15052,#15075,.T.);
#15075 = SURFACE_CURVE('',#15076,(#15081,#15088),.PCURVE_S1.);
#15076 = CIRCLE('',#15077,0.5);
#15077 = AXIS2_PLACEMENT_3D('',#15078,#15079,#15080);
#15078 = CARTESIAN_POINT('',(15.5,-12.,-12.1));
#15079 = DIRECTION('',(-0.,-1.,0.));
#15080 = DIRECTION('',(1.,-0.,0.));
#15081 = PCURVE('',#13855,#15082);
#15082 = DEFINITIONAL_REPRESENTATION('',(#15083),#15087);
#15083 = LINE('',#15084,#15085);
#15084 = CARTESIAN_POINT('',(-0.,1.7));
#15085 = VECTOR('',#15086,1.);
#15086 = DIRECTION('',(-1.,0.));
#15087 = ( GEOMETRIC_REPRESENTATION_CONTEXT(2) 
PARAMETRIC_REPRESENTATION_CONTEXT() REPRESENTATION_CONTEXT('2D SPACE',''
  ) );
#15088 = PCURVE('',#15089,#15094);
#15089 = SPHERICAL_SURFACE('',#15090,0.5);
#15090 = AXIS2_PLACEMENT_3D('',#15091,#15092,#15093);
#15091 = CARTESIAN_POINT('',(15.5,-12.,-12.1));
#15092 = DIRECTION('',(-0.,-1.,-0.));
#15093 = DIRECTION('',(1.,-0.,0.));
#15094 = DEFINITIONAL_REPRESENTATION('',(#15095),#15099);
#15095 = LINE('',#15096,#15097);
#15096 = CARTESIAN_POINT('',(0.,0.));
#15097 = VECTOR('',#15098,1.);
#15098 = DIRECTION('',(1.,0.));
#15099 = ( GEOMETRIC_REPRESENTATION_CONTEXT(2) 
PARAMETRIC_REPRESENTATION_CONTEXT() REPRESENTATION_CONTEXT('2D SPACE',''
  ) );
#15100 = ORIENTED_EDGE('',*,*,#13841,.F.);
#15101 = ADVANCED_FACE('',(#15102),#13829,.T.);
#15102 = FACE_BOUND('',#15103,.T.);
#15103 = EDGE_LOOP('',(#15104,#15105,#15106,#15107));
#15104 = ORIENTED_EDGE('',*,*,#13813,.F.);
#15105 = ORIENTED_EDGE('',*,*,#13872,.T.);
#15106 = ORIENTED_EDGE('',*,*,#13948,.T.);
#15107 = ORIENTED_EDGE('',*,*,#15108,.T.);
#15108 = EDGE_CURVE('',#13921,#13814,#15109,.T.);
#15109 = SURFACE_CURVE('',#15110,(#15115,#15122),.PCURVE_S1.);
#15110 = CIRCLE('',#15111,0.5);
#15111 = AXIS2_PLACEMENT_3D('',#15112,#15113,#15114);
#15112 = CARTESIAN_POINT('',(15.5,-12.,-12.1));
#15113 = DIRECTION('',(0.,0.,-1.));
#15114 = DIRECTION('',(1.,0.,0.));
#15115 = PCURVE('',#13829,#15116);
#15116 = DEFINITIONAL_REPRESENTATION('',(#15117),#15121);
#15117 = LINE('',#15118,#15119);
#15118 = CARTESIAN_POINT('',(6.28318530718,2.5));
#15119 = VECTOR('',#15120,1.);
#15120 = DIRECTION('',(-1.,-0.));
#15121 = ( GEOMETRIC_REPRESENTATION_CONTEXT(2) 
PARAMETRIC_REPRESENTATION_CONTEXT() REPRESENTATION_CONTEXT('2D SPACE',''
  ) );
#15122 = PCURVE('',#15089,#15123);
#15123 = DEFINITIONAL_REPRESENTATION('',(#15124),#15128);
#15124 = LINE('',#15125,#15126);
#15125 = CARTESIAN_POINT('',(0.,-6.28318530718));
#15126 = VECTOR('',#15127,1.);
#15127 = DIRECTION('',(0.,1.));
#15128 = ( GEOMETRIC_REPRESENTATION_CONTEXT(2) 
PARAMETRIC_REPRESENTATION_CONTEXT() REPRESENTATION_CONTEXT('2D SPACE',''
  ) );
#15129 = ADVANCED_FACE('',(#15130),#13936,.T.);
#15130 = FACE_BOUND('',#15131,.T.);
#15131 = EDGE_LOOP('',(#15132,#15154,#15175,#15197));
#15132 = ORIENTED_EDGE('',*,*,#15133,.T.);
#15133 = EDGE_CURVE('',#13898,#14948,#15134,.T.);
#15134 = SURFACE_CURVE('',#15135,(#15140,#15147),.PCURVE_S1.);
#15135 = CIRCLE('',#15136,0.5);
#15136 = AXIS2_PLACEMENT_3D('',#15137,#15138,#15139);
#15137 = CARTESIAN_POINT('',(-45.5,-12.,-12.1));
#15138 = DIRECTION('',(1.,0.,6.123233995737E-17));
#15139 = DIRECTION('',(-6.123233995737E-17,0.,1.));
#15140 = PCURVE('',#13936,#15141);
#15141 = DEFINITIONAL_REPRESENTATION('',(#15142),#15146);
#15142 = LINE('',#15143,#15144);
#15143 = CARTESIAN_POINT('',(-4.712388980385,0.5));
#15144 = VECTOR('',#15145,1.);
#15145 = DIRECTION('',(1.,0.));
#15146 = ( GEOMETRIC_REPRESENTATION_CONTEXT(2) 
PARAMETRIC_REPRESENTATION_CONTEXT() REPRESENTATION_CONTEXT('2D SPACE',''
  ) );
#15147 = PCURVE('',#14985,#15148);
#15148 = DEFINITIONAL_REPRESENTATION('',(#15149),#15153);
#15149 = LINE('',#15150,#15151);
#15150 = CARTESIAN_POINT('',(-1.570796326795,-6.28318530718));
#15151 = VECTOR('',#15152,1.);
#15152 = DIRECTION('',(-0.,1.));
#15153 = ( GEOMETRIC_REPRESENTATION_CONTEXT(2) 
PARAMETRIC_REPRESENTATION_CONTEXT() REPRESENTATION_CONTEXT('2D SPACE',''
  ) );
#15154 = ORIENTED_EDGE('',*,*,#15155,.T.);
#15155 = EDGE_CURVE('',#14948,#15052,#15156,.T.);
#15156 = SURFACE_CURVE('',#15157,(#15161,#15168),.PCURVE_S1.);
#15157 = LINE('',#15158,#15159);
#15158 = CARTESIAN_POINT('',(-46.,-12.,-11.6));
#15159 = VECTOR('',#15160,1.);
#15160 = DIRECTION('',(1.,0.,0.));
#15161 = PCURVE('',#13936,#15162);
#15162 = DEFINITIONAL_REPRESENTATION('',(#15163),#15167);
#15163 = LINE('',#15164,#15165);
#15164 = CARTESIAN_POINT('',(1.570796326795,0.));
#15165 = VECTOR('',#15166,1.);
#15166 = DIRECTION('',(0.,1.));
#15167 = ( GEOMETRIC_REPRESENTATION_CONTEXT(2) 
PARAMETRIC_REPRESENTATION_CONTEXT() REPRESENTATION_CONTEXT('2D SPACE',''
  ) );
#15168 = PCURVE('',#14854,#15169);
#15169 = DEFINITIONAL_REPRESENTATION('',(#15170),#15174);
#15170 = LINE('',#15171,#15172);
#15171 = CARTESIAN_POINT('',(0.,1.7));
#15172 = VECTOR('',#15173,1.);
#15173 = DIRECTION('',(1.,0.));
#15174 = ( GEOMETRIC_REPRESENTATION_CONTEXT(2) 
PARAMETRIC_REPRESENTATION_CONTEXT() REPRESENTATION_CONTEXT('2D SPACE',''
  ) );
#15175 = ORIENTED_EDGE('',*,*,#15176,.F.);
#15176 = EDGE_CURVE('',#13921,#15052,#15177,.T.);
#15177 = SURFACE_CURVE('',#15178,(#15183,#15190),.PCURVE_S1.);
#15178 = CIRCLE('',#15179,0.5);
#15179 = AXIS2_PLACEMENT_3D('',#15180,#15181,#15182);
#15180 = CARTESIAN_POINT('',(15.5,-12.,-12.1));
#15181 = DIRECTION('',(1.,0.,-6.123233995737E-17));
#15182 = DIRECTION('',(6.123233995737E-17,0.,1.));
#15183 = PCURVE('',#13936,#15184);
#15184 = DEFINITIONAL_REPRESENTATION('',(#15185),#15189);
#15185 = LINE('',#15186,#15187);
#15186 = CARTESIAN_POINT('',(-4.712388980385,61.5));
#15187 = VECTOR('',#15188,1.);
#15188 = DIRECTION('',(1.,0.));
#15189 = ( GEOMETRIC_REPRESENTATION_CONTEXT(2) 
PARAMETRIC_REPRESENTATION_CONTEXT() REPRESENTATION_CONTEXT('2D SPACE',''
  ) );
#15190 = PCURVE('',#15089,#15191);
#15191 = DEFINITIONAL_REPRESENTATION('',(#15192),#15196);
#15192 = LINE('',#15193,#15194);
#15193 = CARTESIAN_POINT('',(1.570796326795,-6.28318530718));
#15194 = VECTOR('',#15195,1.);
#15195 = DIRECTION('',(0.,1.));
#15196 = ( GEOMETRIC_REPRESENTATION_CONTEXT(2) 
PARAMETRIC_REPRESENTATION_CONTEXT() REPRESENTATION_CONTEXT('2D SPACE',''
  ) );
#15197 = ORIENTED_EDGE('',*,*,#13920,.F.);
#15198 = ADVANCED_FACE('',(#15199),#13997,.F.);
#15199 = FACE_BOUND('',#15200,.T.);
#15200 = EDGE_LOOP('',(#15201,#15230,#15251,#15252));
#15201 = ORIENTED_EDGE('',*,*,#15202,.F.);
#15202 = EDGE_CURVE('',#15203,#15203,#15205,.T.);
#15203 = VERTEX_POINT('',#15204);
#15204 = CARTESIAN_POINT('',(15.84,-6.35,-14.6));
#15205 = SURFACE_CURVE('',#15206,(#15211,#15218),.PCURVE_S1.);
#15206 = CIRCLE('',#15207,1.);
#15207 = AXIS2_PLACEMENT_3D('',#15208,#15209,#15210);
#15208 = CARTESIAN_POINT('',(14.84,-6.35,-14.6));
#15209 = DIRECTION('',(0.,0.,1.));
#15210 = DIRECTION('',(1.,0.,0.));
#15211 = PCURVE('',#13997,#15212);
#15212 = DEFINITIONAL_REPRESENTATION('',(#15213),#15217);
#15213 = LINE('',#15214,#15215);
#15214 = CARTESIAN_POINT('',(-0.,0.));
#15215 = VECTOR('',#15216,1.);
#15216 = DIRECTION('',(-1.,0.));
#15217 = ( GEOMETRIC_REPRESENTATION_CONTEXT(2) 
PARAMETRIC_REPRESENTATION_CONTEXT() REPRESENTATION_CONTEXT('2D SPACE',''
  ) );
#15218 = PCURVE('',#15219,#15224);
#15219 = PLANE('',#15220);
#15220 = AXIS2_PLACEMENT_3D('',#15221,#15222,#15223);
#15221 = CARTESIAN_POINT('',(14.84,-6.35,-14.6));
#15222 = DIRECTION('',(0.,0.,1.));
#15223 = DIRECTION('',(1.,0.,-0.));
#15224 = DEFINITIONAL_REPRESENTATION('',(#15225),#15229);
#15225 = CIRCLE('',#15226,1.);
#15226 = AXIS2_PLACEMENT_2D('',#15227,#15228);
#15227 = CARTESIAN_POINT('',(0.,8.881784197001E-16));
#15228 = DIRECTION('',(1.,0.));
#15229 = ( GEOMETRIC_REPRESENTATION_CONTEXT(2) 
PARAMETRIC_REPRESENTATION_CONTEXT() REPRESENTATION_CONTEXT('2D SPACE',''
  ) );
#15230 = ORIENTED_EDGE('',*,*,#15231,.T.);
#15231 = EDGE_CURVE('',#15203,#13977,#15232,.T.);
#15232 = SEAM_CURVE('',#15233,(#15237,#15244),.PCURVE_S1.);
#15233 = LINE('',#15234,#15235);
#15234 = CARTESIAN_POINT('',(15.84,-6.35,-14.6));
#15235 = VECTOR('',#15236,1.);
#15236 = DIRECTION('',(0.,0.,1.));
#15237 = PCURVE('',#13997,#15238);
#15238 = DEFINITIONAL_REPRESENTATION('',(#15239),#15243);
#15239 = LINE('',#15240,#15241);
#15240 = CARTESIAN_POINT('',(-6.28318530718,0.));
#15241 = VECTOR('',#15242,1.);
#15242 = DIRECTION('',(-0.,-1.));
#15243 = ( GEOMETRIC_REPRESENTATION_CONTEXT(2) 
PARAMETRIC_REPRESENTATION_CONTEXT() REPRESENTATION_CONTEXT('2D SPACE',''
  ) );
#15244 = PCURVE('',#13997,#15245);
#15245 = DEFINITIONAL_REPRESENTATION('',(#15246),#15250);
#15246 = LINE('',#15247,#15248);
#15247 = CARTESIAN_POINT('',(-0.,0.));
#15248 = VECTOR('',#15249,1.);
#15249 = DIRECTION('',(-0.,-1.));
#15250 = ( GEOMETRIC_REPRESENTATION_CONTEXT(2) 
PARAMETRIC_REPRESENTATION_CONTEXT() REPRESENTATION_CONTEXT('2D SPACE',''
  ) );
#15251 = ORIENTED_EDGE('',*,*,#13976,.F.);
#15252 = ORIENTED_EDGE('',*,*,#15231,.F.);
#15253 = ADVANCED_FACE('',(#15254),#14036,.F.);
#15254 = FACE_BOUND('',#15255,.T.);
#15255 = EDGE_LOOP('',(#15256,#15285,#15306,#15307));
#15256 = ORIENTED_EDGE('',*,*,#15257,.F.);
#15257 = EDGE_CURVE('',#15258,#15258,#15260,.T.);
#15258 = VERTEX_POINT('',#15259);
#15259 = CARTESIAN_POINT('',(36.16,-6.35,-14.6));
#15260 = SURFACE_CURVE('',#15261,(#15266,#15273),.PCURVE_S1.);
#15261 = CIRCLE('',#15262,1.);
#15262 = AXIS2_PLACEMENT_3D('',#15263,#15264,#15265);
#15263 = CARTESIAN_POINT('',(35.16,-6.35,-14.6));
#15264 = DIRECTION('',(0.,0.,1.));
#15265 = DIRECTION('',(1.,0.,0.));
#15266 = PCURVE('',#14036,#15267);
#15267 = DEFINITIONAL_REPRESENTATION('',(#15268),#15272);
#15268 = LINE('',#15269,#15270);
#15269 = CARTESIAN_POINT('',(-0.,0.));
#15270 = VECTOR('',#15271,1.);
#15271 = DIRECTION('',(-1.,0.));
#15272 = ( GEOMETRIC_REPRESENTATION_CONTEXT(2) 
PARAMETRIC_REPRESENTATION_CONTEXT() REPRESENTATION_CONTEXT('2D SPACE',''
  ) );
#15273 = PCURVE('',#15274,#15279);
#15274 = PLANE('',#15275);
#15275 = AXIS2_PLACEMENT_3D('',#15276,#15277,#15278);
#15276 = CARTESIAN_POINT('',(14.84,-6.35,-14.6));
#15277 = DIRECTION('',(0.,0.,1.));
#15278 = DIRECTION('',(1.,0.,-0.));
#15279 = DEFINITIONAL_REPRESENTATION('',(#15280),#15284);
#15280 = CIRCLE('',#15281,1.);
#15281 = AXIS2_PLACEMENT_2D('',#15282,#15283);
#15282 = CARTESIAN_POINT('',(20.32,8.881784197001E-16));
#15283 = DIRECTION('',(1.,0.));
#15284 = ( GEOMETRIC_REPRESENTATION_CONTEXT(2) 
PARAMETRIC_REPRESENTATION_CONTEXT() REPRESENTATION_CONTEXT('2D SPACE',''
  ) );
#15285 = ORIENTED_EDGE('',*,*,#15286,.T.);
#15286 = EDGE_CURVE('',#15258,#14016,#15287,.T.);
#15287 = SEAM_CURVE('',#15288,(#15292,#15299),.PCURVE_S1.);
#15288 = LINE('',#15289,#15290);
#15289 = CARTESIAN_POINT('',(36.16,-6.35,-14.6));
#15290 = VECTOR('',#15291,1.);
#15291 = DIRECTION('',(0.,0.,1.));
#15292 = PCURVE('',#14036,#15293);
#15293 = DEFINITIONAL_REPRESENTATION('',(#15294),#15298);
#15294 = LINE('',#15295,#15296);
#15295 = CARTESIAN_POINT('',(-6.28318530718,0.));
#15296 = VECTOR('',#15297,1.);
#15297 = DIRECTION('',(-0.,-1.));
#15298 = ( GEOMETRIC_REPRESENTATION_CONTEXT(2) 
PARAMETRIC_REPRESENTATION_CONTEXT() REPRESENTATION_CONTEXT('2D SPACE',''
  ) );
#15299 = PCURVE('',#14036,#15300);
#15300 = DEFINITIONAL_REPRESENTATION('',(#15301),#15305);
#15301 = LINE('',#15302,#15303);
#15302 = CARTESIAN_POINT('',(-0.,0.));
#15303 = VECTOR('',#15304,1.);
#15304 = DIRECTION('',(-0.,-1.));
#15305 = ( GEOMETRIC_REPRESENTATION_CONTEXT(2) 
PARAMETRIC_REPRESENTATION_CONTEXT() REPRESENTATION_CONTEXT('2D SPACE',''
  ) );
#15306 = ORIENTED_EDGE('',*,*,#14015,.F.);
#15307 = ORIENTED_EDGE('',*,*,#15286,.F.);
#15308 = ADVANCED_FACE('',(#15309),#14068,.T.);
#15309 = FACE_BOUND('',#15310,.T.);
#15310 = EDGE_LOOP('',(#15311,#15312,#15313,#15314));
#15311 = ORIENTED_EDGE('',*,*,#14191,.F.);
#15312 = ORIENTED_EDGE('',*,*,#14053,.T.);
#15313 = ORIENTED_EDGE('',*,*,#14083,.T.);
#15314 = ORIENTED_EDGE('',*,*,#15315,.F.);
#15315 = EDGE_CURVE('',#14192,#14084,#15316,.T.);
#15316 = SURFACE_CURVE('',#15317,(#15322,#15329),.PCURVE_S1.);
#15317 = CIRCLE('',#15318,0.5);
#15318 = AXIS2_PLACEMENT_3D('',#15319,#15320,#15321);
#15319 = CARTESIAN_POINT('',(-45.5,12.,-12.1));
#15320 = DIRECTION('',(0.,0.,1.));
#15321 = DIRECTION('',(-1.,0.,0.));
#15322 = PCURVE('',#14068,#15323);
#15323 = DEFINITIONAL_REPRESENTATION('',(#15324),#15328);
#15324 = LINE('',#15325,#15326);
#15325 = CARTESIAN_POINT('',(0.,2.5));
#15326 = VECTOR('',#15327,1.);
#15327 = DIRECTION('',(1.,0.));
#15328 = ( GEOMETRIC_REPRESENTATION_CONTEXT(2) 
PARAMETRIC_REPRESENTATION_CONTEXT() REPRESENTATION_CONTEXT('2D SPACE',''
  ) );
#15329 = PCURVE('',#15330,#15335);
#15330 = SPHERICAL_SURFACE('',#15331,0.5);
#15331 = AXIS2_PLACEMENT_3D('',#15332,#15333,#15334);
#15332 = CARTESIAN_POINT('',(-45.5,12.,-12.1));
#15333 = DIRECTION('',(-0.,-0.,-1.));
#15334 = DIRECTION('',(-1.,0.,0.));
#15335 = DEFINITIONAL_REPRESENTATION('',(#15336),#15340);
#15336 = LINE('',#15337,#15338);
#15337 = CARTESIAN_POINT('',(-0.,0.));
#15338 = VECTOR('',#15339,1.);
#15339 = DIRECTION('',(-1.,0.));
#15340 = ( GEOMETRIC_REPRESENTATION_CONTEXT(2) 
PARAMETRIC_REPRESENTATION_CONTEXT() REPRESENTATION_CONTEXT('2D SPACE',''
  ) );
#15341 = ADVANCED_FACE('',(#15342),#14122,.T.);
#15342 = FACE_BOUND('',#15343,.F.);
#15343 = EDGE_LOOP('',(#15344,#15368,#15396,#15423));
#15344 = ORIENTED_EDGE('',*,*,#15345,.F.);
#15345 = EDGE_CURVE('',#15346,#14084,#15348,.T.);
#15346 = VERTEX_POINT('',#15347);
#15347 = CARTESIAN_POINT('',(-45.5,12.,-11.6));
#15348 = SURFACE_CURVE('',#15349,(#15354,#15361),.PCURVE_S1.);
#15349 = CIRCLE('',#15350,0.5);
#15350 = AXIS2_PLACEMENT_3D('',#15351,#15352,#15353);
#15351 = CARTESIAN_POINT('',(-45.5,12.,-12.1));
#15352 = DIRECTION('',(1.,-6.123233995737E-17,0.));
#15353 = DIRECTION('',(-6.123233995737E-17,-1.,0.));
#15354 = PCURVE('',#14122,#15355);
#15355 = DEFINITIONAL_REPRESENTATION('',(#15356),#15360);
#15356 = LINE('',#15357,#15358);
#15357 = CARTESIAN_POINT('',(-6.28318530718,0.5));
#15358 = VECTOR('',#15359,1.);
#15359 = DIRECTION('',(1.,-0.));
#15360 = ( GEOMETRIC_REPRESENTATION_CONTEXT(2) 
PARAMETRIC_REPRESENTATION_CONTEXT() REPRESENTATION_CONTEXT('2D SPACE',''
  ) );
#15361 = PCURVE('',#15330,#15362);
#15362 = DEFINITIONAL_REPRESENTATION('',(#15363),#15367);
#15363 = LINE('',#15364,#15365);
#15364 = CARTESIAN_POINT('',(-1.570796326795,-6.28318530718));
#15365 = VECTOR('',#15366,1.);
#15366 = DIRECTION('',(-0.,1.));
#15367 = ( GEOMETRIC_REPRESENTATION_CONTEXT(2) 
PARAMETRIC_REPRESENTATION_CONTEXT() REPRESENTATION_CONTEXT('2D SPACE',''
  ) );
#15368 = ORIENTED_EDGE('',*,*,#15369,.T.);
#15369 = EDGE_CURVE('',#15346,#15370,#15372,.T.);
#15370 = VERTEX_POINT('',#15371);
#15371 = CARTESIAN_POINT('',(15.5,12.,-11.6));
#15372 = SURFACE_CURVE('',#15373,(#15377,#15384),.PCURVE_S1.);
#15373 = LINE('',#15374,#15375);
#15374 = CARTESIAN_POINT('',(-46.,12.,-11.6));
#15375 = VECTOR('',#15376,1.);
#15376 = DIRECTION('',(1.,0.,0.));
#15377 = PCURVE('',#14122,#15378);
#15378 = DEFINITIONAL_REPRESENTATION('',(#15379),#15383);
#15379 = LINE('',#15380,#15381);
#15380 = CARTESIAN_POINT('',(-1.570796326795,0.));
#15381 = VECTOR('',#15382,1.);
#15382 = DIRECTION('',(-0.,1.));
#15383 = ( GEOMETRIC_REPRESENTATION_CONTEXT(2) 
PARAMETRIC_REPRESENTATION_CONTEXT() REPRESENTATION_CONTEXT('2D SPACE',''
  ) );
#15384 = PCURVE('',#15385,#15390);
#15385 = PLANE('',#15386);
#15386 = AXIS2_PLACEMENT_3D('',#15387,#15388,#15389);
#15387 = CARTESIAN_POINT('',(-46.,11.5,-11.6));
#15388 = DIRECTION('',(0.,0.,1.));
#15389 = DIRECTION('',(1.,0.,0.));
#15390 = DEFINITIONAL_REPRESENTATION('',(#15391),#15395);
#15391 = LINE('',#15392,#15393);
#15392 = CARTESIAN_POINT('',(0.,0.5));
#15393 = VECTOR('',#15394,1.);
#15394 = DIRECTION('',(1.,0.));
#15395 = ( GEOMETRIC_REPRESENTATION_CONTEXT(2) 
PARAMETRIC_REPRESENTATION_CONTEXT() REPRESENTATION_CONTEXT('2D SPACE',''
  ) );
#15396 = ORIENTED_EDGE('',*,*,#15397,.T.);
#15397 = EDGE_CURVE('',#15370,#14107,#15398,.T.);
#15398 = SURFACE_CURVE('',#15399,(#15404,#15411),.PCURVE_S1.);
#15399 = CIRCLE('',#15400,0.5);
#15400 = AXIS2_PLACEMENT_3D('',#15401,#15402,#15403);
#15401 = CARTESIAN_POINT('',(15.5,12.,-12.1));
#15402 = DIRECTION('',(1.,6.123233995737E-17,0.));
#15403 = DIRECTION('',(6.123233995737E-17,-1.,0.));
#15404 = PCURVE('',#14122,#15405);
#15405 = DEFINITIONAL_REPRESENTATION('',(#15406),#15410);
#15406 = LINE('',#15407,#15408);
#15407 = CARTESIAN_POINT('',(-6.28318530718,61.5));
#15408 = VECTOR('',#15409,1.);
#15409 = DIRECTION('',(1.,-0.));
#15410 = ( GEOMETRIC_REPRESENTATION_CONTEXT(2) 
PARAMETRIC_REPRESENTATION_CONTEXT() REPRESENTATION_CONTEXT('2D SPACE',''
  ) );
#15411 = PCURVE('',#15412,#15417);
#15412 = SPHERICAL_SURFACE('',#15413,0.5);
#15413 = AXIS2_PLACEMENT_3D('',#15414,#15415,#15416);
#15414 = CARTESIAN_POINT('',(15.5,12.,-12.1));
#15415 = DIRECTION('',(-0.,-0.,-1.));
#15416 = DIRECTION('',(1.,0.,0.));
#15417 = DEFINITIONAL_REPRESENTATION('',(#15418),#15422);
#15418 = LINE('',#15419,#15420);
#15419 = CARTESIAN_POINT('',(1.570796326795,-6.28318530718));
#15420 = VECTOR('',#15421,1.);
#15421 = DIRECTION('',(0.,1.));
#15422 = ( GEOMETRIC_REPRESENTATION_CONTEXT(2) 
PARAMETRIC_REPRESENTATION_CONTEXT() REPRESENTATION_CONTEXT('2D SPACE',''
  ) );
#15423 = ORIENTED_EDGE('',*,*,#14106,.F.);
#15424 = ADVANCED_FACE('',(#15425),#14148,.T.);
#15425 = FACE_BOUND('',#15426,.F.);
#15426 = EDGE_LOOP('',(#15427,#15428,#15429,#15430));
#15427 = ORIENTED_EDGE('',*,*,#14299,.F.);
#15428 = ORIENTED_EDGE('',*,*,#14166,.T.);
#15429 = ORIENTED_EDGE('',*,*,#14134,.T.);
#15430 = ORIENTED_EDGE('',*,*,#15431,.F.);
#15431 = EDGE_CURVE('',#14300,#14107,#15432,.T.);
#15432 = SURFACE_CURVE('',#15433,(#15438,#15445),.PCURVE_S1.);
#15433 = CIRCLE('',#15434,0.5);
#15434 = AXIS2_PLACEMENT_3D('',#15435,#15436,#15437);
#15435 = CARTESIAN_POINT('',(15.5,12.,-12.1));
#15436 = DIRECTION('',(0.,0.,-1.));
#15437 = DIRECTION('',(1.,0.,0.));
#15438 = PCURVE('',#14148,#15439);
#15439 = DEFINITIONAL_REPRESENTATION('',(#15440),#15444);
#15440 = LINE('',#15441,#15442);
#15441 = CARTESIAN_POINT('',(-0.,2.5));
#15442 = VECTOR('',#15443,1.);
#15443 = DIRECTION('',(-1.,0.));
#15444 = ( GEOMETRIC_REPRESENTATION_CONTEXT(2) 
PARAMETRIC_REPRESENTATION_CONTEXT() REPRESENTATION_CONTEXT('2D SPACE',''
  ) );
#15445 = PCURVE('',#15412,#15446);
#15446 = DEFINITIONAL_REPRESENTATION('',(#15447),#15451);
#15447 = LINE('',#15448,#15449);
#15448 = CARTESIAN_POINT('',(0.,0.));
#15449 = VECTOR('',#15450,1.);
#15450 = DIRECTION('',(1.,0.));
#15451 = ( GEOMETRIC_REPRESENTATION_CONTEXT(2) 
PARAMETRIC_REPRESENTATION_CONTEXT() REPRESENTATION_CONTEXT('2D SPACE',''
  ) );
#15452 = ADVANCED_FACE('',(#15453),#14257,.T.);
#15453 = FACE_BOUND('',#15454,.T.);
#15454 = EDGE_LOOP('',(#15455,#15477,#15500,#15527));
#15455 = ORIENTED_EDGE('',*,*,#15456,.F.);
#15456 = EDGE_CURVE('',#15346,#14192,#15457,.T.);
#15457 = SURFACE_CURVE('',#15458,(#15463,#15470),.PCURVE_S1.);
#15458 = CIRCLE('',#15459,0.5);
#15459 = AXIS2_PLACEMENT_3D('',#15460,#15461,#15462);
#15460 = CARTESIAN_POINT('',(-45.5,12.,-12.1));
#15461 = DIRECTION('',(0.,-1.,0.));
#15462 = DIRECTION('',(-1.,0.,0.));
#15463 = PCURVE('',#14257,#15464);
#15464 = DEFINITIONAL_REPRESENTATION('',(#15465),#15469);
#15465 = LINE('',#15466,#15467);
#15466 = CARTESIAN_POINT('',(6.28318530718,0.5));
#15467 = VECTOR('',#15468,1.);
#15468 = DIRECTION('',(-1.,-0.));
#15469 = ( GEOMETRIC_REPRESENTATION_CONTEXT(2) 
PARAMETRIC_REPRESENTATION_CONTEXT() REPRESENTATION_CONTEXT('2D SPACE',''
  ) );
#15470 = PCURVE('',#15330,#15471);
#15471 = DEFINITIONAL_REPRESENTATION('',(#15472),#15476);
#15472 = LINE('',#15473,#15474);
#15473 = CARTESIAN_POINT('',(-0.,-6.28318530718));
#15474 = VECTOR('',#15475,1.);
#15475 = DIRECTION('',(-0.,1.));
#15476 = ( GEOMETRIC_REPRESENTATION_CONTEXT(2) 
PARAMETRIC_REPRESENTATION_CONTEXT() REPRESENTATION_CONTEXT('2D SPACE',''
  ) );
#15477 = ORIENTED_EDGE('',*,*,#15478,.T.);
#15478 = EDGE_CURVE('',#15346,#15479,#15481,.T.);
#15479 = VERTEX_POINT('',#15480);
#15480 = CARTESIAN_POINT('',(-45.5,13.2,-11.6));
#15481 = SURFACE_CURVE('',#15482,(#15486,#15493),.PCURVE_S1.);
#15482 = LINE('',#15483,#15484);
#15483 = CARTESIAN_POINT('',(-45.5,11.5,-11.6));
#15484 = VECTOR('',#15485,1.);
#15485 = DIRECTION('',(0.,1.,0.));
#15486 = PCURVE('',#14257,#15487);
#15487 = DEFINITIONAL_REPRESENTATION('',(#15488),#15492);
#15488 = LINE('',#15489,#15490);
#15489 = CARTESIAN_POINT('',(1.570796326795,0.));
#15490 = VECTOR('',#15491,1.);
#15491 = DIRECTION('',(0.,1.));
#15492 = ( GEOMETRIC_REPRESENTATION_CONTEXT(2) 
PARAMETRIC_REPRESENTATION_CONTEXT() REPRESENTATION_CONTEXT('2D SPACE',''
  ) );
#15493 = PCURVE('',#15385,#15494);
#15494 = DEFINITIONAL_REPRESENTATION('',(#15495),#15499);
#15495 = LINE('',#15496,#15497);
#15496 = CARTESIAN_POINT('',(0.5,0.));
#15497 = VECTOR('',#15498,1.);
#15498 = DIRECTION('',(0.,1.));
#15499 = ( GEOMETRIC_REPRESENTATION_CONTEXT(2) 
PARAMETRIC_REPRESENTATION_CONTEXT() REPRESENTATION_CONTEXT('2D SPACE',''
  ) );
#15500 = ORIENTED_EDGE('',*,*,#15501,.F.);
#15501 = EDGE_CURVE('',#14216,#15479,#15502,.T.);
#15502 = SURFACE_CURVE('',#15503,(#15508,#15515),.PCURVE_S1.);
#15503 = CIRCLE('',#15504,0.5);
#15504 = AXIS2_PLACEMENT_3D('',#15505,#15506,#15507);
#15505 = CARTESIAN_POINT('',(-45.5,13.2,-12.1));
#15506 = DIRECTION('',(0.,1.,0.));
#15507 = DIRECTION('',(-1.,0.,0.));
#15508 = PCURVE('',#14257,#15509);
#15509 = DEFINITIONAL_REPRESENTATION('',(#15510),#15514);
#15510 = LINE('',#15511,#15512);
#15511 = CARTESIAN_POINT('',(0.,1.7));
#15512 = VECTOR('',#15513,1.);
#15513 = DIRECTION('',(1.,0.));
#15514 = ( GEOMETRIC_REPRESENTATION_CONTEXT(2) 
PARAMETRIC_REPRESENTATION_CONTEXT() REPRESENTATION_CONTEXT('2D SPACE',''
  ) );
#15515 = PCURVE('',#15516,#15521);
#15516 = SPHERICAL_SURFACE('',#15517,0.5);
#15517 = AXIS2_PLACEMENT_3D('',#15518,#15519,#15520);
#15518 = CARTESIAN_POINT('',(-45.5,13.2,-12.1));
#15519 = DIRECTION('',(-0.,-1.,-0.));
#15520 = DIRECTION('',(-1.,0.,0.));
#15521 = DEFINITIONAL_REPRESENTATION('',(#15522),#15526);
#15522 = LINE('',#15523,#15524);
#15523 = CARTESIAN_POINT('',(-0.,0.));
#15524 = VECTOR('',#15525,1.);
#15525 = DIRECTION('',(-1.,0.));
#15526 = ( GEOMETRIC_REPRESENTATION_CONTEXT(2) 
PARAMETRIC_REPRESENTATION_CONTEXT() REPRESENTATION_CONTEXT('2D SPACE',''
  ) );
#15527 = ORIENTED_EDGE('',*,*,#14243,.F.);
#15528 = ADVANCED_FACE('',(#15529),#14231,.T.);
#15529 = FACE_BOUND('',#15530,.F.);
#15530 = EDGE_LOOP('',(#15531,#15532,#15533,#15534));
#15531 = ORIENTED_EDGE('',*,*,#14215,.F.);
#15532 = ORIENTED_EDGE('',*,*,#14274,.T.);
#15533 = ORIENTED_EDGE('',*,*,#14407,.T.);
#15534 = ORIENTED_EDGE('',*,*,#15535,.T.);
#15535 = EDGE_CURVE('',#14408,#14216,#15536,.T.);
#15536 = SURFACE_CURVE('',#15537,(#15542,#15549),.PCURVE_S1.);
#15537 = CIRCLE('',#15538,0.5);
#15538 = AXIS2_PLACEMENT_3D('',#15539,#15540,#15541);
#15539 = CARTESIAN_POINT('',(-45.5,13.2,-12.1));
#15540 = DIRECTION('',(0.,0.,1.));
#15541 = DIRECTION('',(-1.,0.,0.));
#15542 = PCURVE('',#14231,#15543);
#15543 = DEFINITIONAL_REPRESENTATION('',(#15544),#15548);
#15544 = LINE('',#15545,#15546);
#15545 = CARTESIAN_POINT('',(-6.28318530718,2.5));
#15546 = VECTOR('',#15547,1.);
#15547 = DIRECTION('',(1.,-0.));
#15548 = ( GEOMETRIC_REPRESENTATION_CONTEXT(2) 
PARAMETRIC_REPRESENTATION_CONTEXT() REPRESENTATION_CONTEXT('2D SPACE',''
  ) );
#15549 = PCURVE('',#15516,#15550);
#15550 = DEFINITIONAL_REPRESENTATION('',(#15551),#15555);
#15551 = LINE('',#15552,#15553);
#15552 = CARTESIAN_POINT('',(-0.,-6.28318530718));
#15553 = VECTOR('',#15554,1.);
#15554 = DIRECTION('',(-0.,1.));
#15555 = ( GEOMETRIC_REPRESENTATION_CONTEXT(2) 
PARAMETRIC_REPRESENTATION_CONTEXT() REPRESENTATION_CONTEXT('2D SPACE',''
  ) );
#15556 = ADVANCED_FACE('',(#15557),#14365,.T.);
#15557 = FACE_BOUND('',#15558,.F.);
#15558 = EDGE_LOOP('',(#15559,#15581,#15604,#15631));
#15559 = ORIENTED_EDGE('',*,*,#15560,.F.);
#15560 = EDGE_CURVE('',#15370,#14300,#15561,.T.);
#15561 = SURFACE_CURVE('',#15562,(#15567,#15574),.PCURVE_S1.);
#15562 = CIRCLE('',#15563,0.5);
#15563 = AXIS2_PLACEMENT_3D('',#15564,#15565,#15566);
#15564 = CARTESIAN_POINT('',(15.5,12.,-12.1));
#15565 = DIRECTION('',(-0.,1.,0.));
#15566 = DIRECTION('',(1.,0.,0.));
#15567 = PCURVE('',#14365,#15568);
#15568 = DEFINITIONAL_REPRESENTATION('',(#15569),#15573);
#15569 = LINE('',#15570,#15571);
#15570 = CARTESIAN_POINT('',(-6.28318530718,0.5));
#15571 = VECTOR('',#15572,1.);
#15572 = DIRECTION('',(1.,-0.));
#15573 = ( GEOMETRIC_REPRESENTATION_CONTEXT(2) 
PARAMETRIC_REPRESENTATION_CONTEXT() REPRESENTATION_CONTEXT('2D SPACE',''
  ) );
#15574 = PCURVE('',#15412,#15575);
#15575 = DEFINITIONAL_REPRESENTATION('',(#15576),#15580);
#15576 = LINE('',#15577,#15578);
#15577 = CARTESIAN_POINT('',(0.,-6.28318530718));
#15578 = VECTOR('',#15579,1.);
#15579 = DIRECTION('',(0.,1.));
#15580 = ( GEOMETRIC_REPRESENTATION_CONTEXT(2) 
PARAMETRIC_REPRESENTATION_CONTEXT() REPRESENTATION_CONTEXT('2D SPACE',''
  ) );
#15581 = ORIENTED_EDGE('',*,*,#15582,.T.);
#15582 = EDGE_CURVE('',#15370,#15583,#15585,.T.);
#15583 = VERTEX_POINT('',#15584);
#15584 = CARTESIAN_POINT('',(15.5,13.2,-11.6));
#15585 = SURFACE_CURVE('',#15586,(#15590,#15597),.PCURVE_S1.);
#15586 = LINE('',#15587,#15588);
#15587 = CARTESIAN_POINT('',(15.5,11.5,-11.6));
#15588 = VECTOR('',#15589,1.);
#15589 = DIRECTION('',(0.,1.,0.));
#15590 = PCURVE('',#14365,#15591);
#15591 = DEFINITIONAL_REPRESENTATION('',(#15592),#15596);
#15592 = LINE('',#15593,#15594);
#15593 = CARTESIAN_POINT('',(-1.570796326795,0.));
#15594 = VECTOR('',#15595,1.);
#15595 = DIRECTION('',(-0.,1.));
#15596 = ( GEOMETRIC_REPRESENTATION_CONTEXT(2) 
PARAMETRIC_REPRESENTATION_CONTEXT() REPRESENTATION_CONTEXT('2D SPACE',''
  ) );
#15597 = PCURVE('',#15385,#15598);
#15598 = DEFINITIONAL_REPRESENTATION('',(#15599),#15603);
#15599 = LINE('',#15600,#15601);
#15600 = CARTESIAN_POINT('',(61.5,0.));
#15601 = VECTOR('',#15602,1.);
#15602 = DIRECTION('',(0.,1.));
#15603 = ( GEOMETRIC_REPRESENTATION_CONTEXT(2) 
PARAMETRIC_REPRESENTATION_CONTEXT() REPRESENTATION_CONTEXT('2D SPACE',''
  ) );
#15604 = ORIENTED_EDGE('',*,*,#15605,.F.);
#15605 = EDGE_CURVE('',#14324,#15583,#15606,.T.);
#15606 = SURFACE_CURVE('',#15607,(#15612,#15619),.PCURVE_S1.);
#15607 = CIRCLE('',#15608,0.5);
#15608 = AXIS2_PLACEMENT_3D('',#15609,#15610,#15611);
#15609 = CARTESIAN_POINT('',(15.5,13.2,-12.1));
#15610 = DIRECTION('',(-0.,-1.,0.));
#15611 = DIRECTION('',(1.,-0.,0.));
#15612 = PCURVE('',#14365,#15613);
#15613 = DEFINITIONAL_REPRESENTATION('',(#15614),#15618);
#15614 = LINE('',#15615,#15616);
#15615 = CARTESIAN_POINT('',(-0.,1.7));
#15616 = VECTOR('',#15617,1.);
#15617 = DIRECTION('',(-1.,0.));
#15618 = ( GEOMETRIC_REPRESENTATION_CONTEXT(2) 
PARAMETRIC_REPRESENTATION_CONTEXT() REPRESENTATION_CONTEXT('2D SPACE',''
  ) );
#15619 = PCURVE('',#15620,#15625);
#15620 = SPHERICAL_SURFACE('',#15621,0.5);
#15621 = AXIS2_PLACEMENT_3D('',#15622,#15623,#15624);
#15622 = CARTESIAN_POINT('',(15.5,13.2,-12.1));
#15623 = DIRECTION('',(-0.,-1.,-0.));
#15624 = DIRECTION('',(1.,-0.,0.));
#15625 = DEFINITIONAL_REPRESENTATION('',(#15626),#15630);
#15626 = LINE('',#15627,#15628);
#15627 = CARTESIAN_POINT('',(0.,0.));
#15628 = VECTOR('',#15629,1.);
#15629 = DIRECTION('',(1.,0.));
#15630 = ( GEOMETRIC_REPRESENTATION_CONTEXT(2) 
PARAMETRIC_REPRESENTATION_CONTEXT() REPRESENTATION_CONTEXT('2D SPACE',''
  ) );
#15631 = ORIENTED_EDGE('',*,*,#14351,.F.);
#15632 = ADVANCED_FACE('',(#15633),#14339,.T.);
#15633 = FACE_BOUND('',#15634,.T.);
#15634 = EDGE_LOOP('',(#15635,#15636,#15637,#15638));
#15635 = ORIENTED_EDGE('',*,*,#14323,.F.);
#15636 = ORIENTED_EDGE('',*,*,#14382,.T.);
#15637 = ORIENTED_EDGE('',*,*,#14458,.T.);
#15638 = ORIENTED_EDGE('',*,*,#15639,.T.);
#15639 = EDGE_CURVE('',#14431,#14324,#15640,.T.);
#15640 = SURFACE_CURVE('',#15641,(#15646,#15653),.PCURVE_S1.);
#15641 = CIRCLE('',#15642,0.5);
#15642 = AXIS2_PLACEMENT_3D('',#15643,#15644,#15645);
#15643 = CARTESIAN_POINT('',(15.5,13.2,-12.1));
#15644 = DIRECTION('',(0.,0.,-1.));
#15645 = DIRECTION('',(1.,0.,0.));
#15646 = PCURVE('',#14339,#15647);
#15647 = DEFINITIONAL_REPRESENTATION('',(#15648),#15652);
#15648 = LINE('',#15649,#15650);
#15649 = CARTESIAN_POINT('',(6.28318530718,2.5));
#15650 = VECTOR('',#15651,1.);
#15651 = DIRECTION('',(-1.,-0.));
#15652 = ( GEOMETRIC_REPRESENTATION_CONTEXT(2) 
PARAMETRIC_REPRESENTATION_CONTEXT() REPRESENTATION_CONTEXT('2D SPACE',''
  ) );
#15653 = PCURVE('',#15620,#15654);
#15654 = DEFINITIONAL_REPRESENTATION('',(#15655),#15659);
#15655 = LINE('',#15656,#15657);
#15656 = CARTESIAN_POINT('',(0.,-6.28318530718));
#15657 = VECTOR('',#15658,1.);
#15658 = DIRECTION('',(0.,1.));
#15659 = ( GEOMETRIC_REPRESENTATION_CONTEXT(2) 
PARAMETRIC_REPRESENTATION_CONTEXT() REPRESENTATION_CONTEXT('2D SPACE',''
  ) );
#15660 = ADVANCED_FACE('',(#15661),#14446,.T.);
#15661 = FACE_BOUND('',#15662,.T.);
#15662 = EDGE_LOOP('',(#15663,#15685,#15706,#15728));
#15663 = ORIENTED_EDGE('',*,*,#15664,.T.);
#15664 = EDGE_CURVE('',#14408,#15479,#15665,.T.);
#15665 = SURFACE_CURVE('',#15666,(#15671,#15678),.PCURVE_S1.);
#15666 = CIRCLE('',#15667,0.5);
#15667 = AXIS2_PLACEMENT_3D('',#15668,#15669,#15670);
#15668 = CARTESIAN_POINT('',(-45.5,13.2,-12.1));
#15669 = DIRECTION('',(1.,0.,6.123233995737E-17));
#15670 = DIRECTION('',(-6.123233995737E-17,0.,1.));
#15671 = PCURVE('',#14446,#15672);
#15672 = DEFINITIONAL_REPRESENTATION('',(#15673),#15677);
#15673 = LINE('',#15674,#15675);
#15674 = CARTESIAN_POINT('',(-4.712388980385,0.5));
#15675 = VECTOR('',#15676,1.);
#15676 = DIRECTION('',(1.,0.));
#15677 = ( GEOMETRIC_REPRESENTATION_CONTEXT(2) 
PARAMETRIC_REPRESENTATION_CONTEXT() REPRESENTATION_CONTEXT('2D SPACE',''
  ) );
#15678 = PCURVE('',#15516,#15679);
#15679 = DEFINITIONAL_REPRESENTATION('',(#15680),#15684);
#15680 = LINE('',#15681,#15682);
#15681 = CARTESIAN_POINT('',(-1.570796326795,-6.28318530718));
#15682 = VECTOR('',#15683,1.);
#15683 = DIRECTION('',(-0.,1.));
#15684 = ( GEOMETRIC_REPRESENTATION_CONTEXT(2) 
PARAMETRIC_REPRESENTATION_CONTEXT() REPRESENTATION_CONTEXT('2D SPACE',''
  ) );
#15685 = ORIENTED_EDGE('',*,*,#15686,.T.);
#15686 = EDGE_CURVE('',#15479,#15583,#15687,.T.);
#15687 = SURFACE_CURVE('',#15688,(#15692,#15699),.PCURVE_S1.);
#15688 = LINE('',#15689,#15690);
#15689 = CARTESIAN_POINT('',(-46.,13.2,-11.6));
#15690 = VECTOR('',#15691,1.);
#15691 = DIRECTION('',(1.,0.,0.));
#15692 = PCURVE('',#14446,#15693);
#15693 = DEFINITIONAL_REPRESENTATION('',(#15694),#15698);
#15694 = LINE('',#15695,#15696);
#15695 = CARTESIAN_POINT('',(1.570796326795,0.));
#15696 = VECTOR('',#15697,1.);
#15697 = DIRECTION('',(0.,1.));
#15698 = ( GEOMETRIC_REPRESENTATION_CONTEXT(2) 
PARAMETRIC_REPRESENTATION_CONTEXT() REPRESENTATION_CONTEXT('2D SPACE',''
  ) );
#15699 = PCURVE('',#15385,#15700);
#15700 = DEFINITIONAL_REPRESENTATION('',(#15701),#15705);
#15701 = LINE('',#15702,#15703);
#15702 = CARTESIAN_POINT('',(0.,1.7));
#15703 = VECTOR('',#15704,1.);
#15704 = DIRECTION('',(1.,0.));
#15705 = ( GEOMETRIC_REPRESENTATION_CONTEXT(2) 
PARAMETRIC_REPRESENTATION_CONTEXT() REPRESENTATION_CONTEXT('2D SPACE',''
  ) );
#15706 = ORIENTED_EDGE('',*,*,#15707,.F.);
#15707 = EDGE_CURVE('',#14431,#15583,#15708,.T.);
#15708 = SURFACE_CURVE('',#15709,(#15714,#15721),.PCURVE_S1.);
#15709 = CIRCLE('',#15710,0.5);
#15710 = AXIS2_PLACEMENT_3D('',#15711,#15712,#15713);
#15711 = CARTESIAN_POINT('',(15.5,13.2,-12.1));
#15712 = DIRECTION('',(1.,0.,-6.123233995737E-17));
#15713 = DIRECTION('',(6.123233995737E-17,0.,1.));
#15714 = PCURVE('',#14446,#15715);
#15715 = DEFINITIONAL_REPRESENTATION('',(#15716),#15720);
#15716 = LINE('',#15717,#15718);
#15717 = CARTESIAN_POINT('',(-4.712388980385,61.5));
#15718 = VECTOR('',#15719,1.);
#15719 = DIRECTION('',(1.,0.));
#15720 = ( GEOMETRIC_REPRESENTATION_CONTEXT(2) 
PARAMETRIC_REPRESENTATION_CONTEXT() REPRESENTATION_CONTEXT('2D SPACE',''
  ) );
#15721 = PCURVE('',#15620,#15722);
#15722 = DEFINITIONAL_REPRESENTATION('',(#15723),#15727);
#15723 = LINE('',#15724,#15725);
#15724 = CARTESIAN_POINT('',(1.570796326795,-6.28318530718));
#15725 = VECTOR('',#15726,1.);
#15726 = DIRECTION('',(0.,1.));
#15727 = ( GEOMETRIC_REPRESENTATION_CONTEXT(2) 
PARAMETRIC_REPRESENTATION_CONTEXT() REPRESENTATION_CONTEXT('2D SPACE',''
  ) );
#15728 = ORIENTED_EDGE('',*,*,#14430,.F.);
#15729 = ADVANCED_FACE('',(#15730),#14507,.F.);
#15730 = FACE_BOUND('',#15731,.T.);
#15731 = EDGE_LOOP('',(#15732,#15761,#15782,#15783));
#15732 = ORIENTED_EDGE('',*,*,#15733,.F.);
#15733 = EDGE_CURVE('',#15734,#15734,#15736,.T.);
#15734 = VERTEX_POINT('',#15735);
#15735 = CARTESIAN_POINT('',(15.84,6.35,-14.6));
#15736 = SURFACE_CURVE('',#15737,(#15742,#15749),.PCURVE_S1.);
#15737 = CIRCLE('',#15738,1.);
#15738 = AXIS2_PLACEMENT_3D('',#15739,#15740,#15741);
#15739 = CARTESIAN_POINT('',(14.84,6.35,-14.6));
#15740 = DIRECTION('',(0.,0.,1.));
#15741 = DIRECTION('',(1.,0.,0.));
#15742 = PCURVE('',#14507,#15743);
#15743 = DEFINITIONAL_REPRESENTATION('',(#15744),#15748);
#15744 = LINE('',#15745,#15746);
#15745 = CARTESIAN_POINT('',(-0.,0.));
#15746 = VECTOR('',#15747,1.);
#15747 = DIRECTION('',(-1.,0.));
#15748 = ( GEOMETRIC_REPRESENTATION_CONTEXT(2) 
PARAMETRIC_REPRESENTATION_CONTEXT() REPRESENTATION_CONTEXT('2D SPACE',''
  ) );
#15749 = PCURVE('',#15750,#15755);
#15750 = PLANE('',#15751);
#15751 = AXIS2_PLACEMENT_3D('',#15752,#15753,#15754);
#15752 = CARTESIAN_POINT('',(14.84,-6.35,-14.6));
#15753 = DIRECTION('',(0.,0.,1.));
#15754 = DIRECTION('',(1.,0.,-0.));
#15755 = DEFINITIONAL_REPRESENTATION('',(#15756),#15760);
#15756 = CIRCLE('',#15757,1.);
#15757 = AXIS2_PLACEMENT_2D('',#15758,#15759);
#15758 = CARTESIAN_POINT('',(0.,12.7));
#15759 = DIRECTION('',(1.,0.));
#15760 = ( GEOMETRIC_REPRESENTATION_CONTEXT(2) 
PARAMETRIC_REPRESENTATION_CONTEXT() REPRESENTATION_CONTEXT('2D SPACE',''
  ) );
#15761 = ORIENTED_EDGE('',*,*,#15762,.T.);
#15762 = EDGE_CURVE('',#15734,#14487,#15763,.T.);
#15763 = SEAM_CURVE('',#15764,(#15768,#15775),.PCURVE_S1.);
#15764 = LINE('',#15765,#15766);
#15765 = CARTESIAN_POINT('',(15.84,6.35,-14.6));
#15766 = VECTOR('',#15767,1.);
#15767 = DIRECTION('',(0.,0.,1.));
#15768 = PCURVE('',#14507,#15769);
#15769 = DEFINITIONAL_REPRESENTATION('',(#15770),#15774);
#15770 = LINE('',#15771,#15772);
#15771 = CARTESIAN_POINT('',(-6.28318530718,0.));
#15772 = VECTOR('',#15773,1.);
#15773 = DIRECTION('',(-0.,-1.));
#15774 = ( GEOMETRIC_REPRESENTATION_CONTEXT(2) 
PARAMETRIC_REPRESENTATION_CONTEXT() REPRESENTATION_CONTEXT('2D SPACE',''
  ) );
#15775 = PCURVE('',#14507,#15776);
#15776 = DEFINITIONAL_REPRESENTATION('',(#15777),#15781);
#15777 = LINE('',#15778,#15779);
#15778 = CARTESIAN_POINT('',(-0.,0.));
#15779 = VECTOR('',#15780,1.);
#15780 = DIRECTION('',(-0.,-1.));
#15781 = ( GEOMETRIC_REPRESENTATION_CONTEXT(2) 
PARAMETRIC_REPRESENTATION_CONTEXT() REPRESENTATION_CONTEXT('2D SPACE',''
  ) );
#15782 = ORIENTED_EDGE('',*,*,#14486,.F.);
#15783 = ORIENTED_EDGE('',*,*,#15762,.F.);
#15784 = ADVANCED_FACE('',(#15785),#14546,.F.);
#15785 = FACE_BOUND('',#15786,.T.);
#15786 = EDGE_LOOP('',(#15787,#15816,#15837,#15838));
#15787 = ORIENTED_EDGE('',*,*,#15788,.F.);
#15788 = EDGE_CURVE('',#15789,#15789,#15791,.T.);
#15789 = VERTEX_POINT('',#15790);
#15790 = CARTESIAN_POINT('',(36.16,6.35,-14.6));
#15791 = SURFACE_CURVE('',#15792,(#15797,#15804),.PCURVE_S1.);
#15792 = CIRCLE('',#15793,1.);
#15793 = AXIS2_PLACEMENT_3D('',#15794,#15795,#15796);
#15794 = CARTESIAN_POINT('',(35.16,6.35,-14.6));
#15795 = DIRECTION('',(0.,0.,1.));
#15796 = DIRECTION('',(1.,0.,0.));
#15797 = PCURVE('',#14546,#15798);
#15798 = DEFINITIONAL_REPRESENTATION('',(#15799),#15803);
#15799 = LINE('',#15800,#15801);
#15800 = CARTESIAN_POINT('',(-0.,0.));
#15801 = VECTOR('',#15802,1.);
#15802 = DIRECTION('',(-1.,0.));
#15803 = ( GEOMETRIC_REPRESENTATION_CONTEXT(2) 
PARAMETRIC_REPRESENTATION_CONTEXT() REPRESENTATION_CONTEXT('2D SPACE',''
  ) );
#15804 = PCURVE('',#15805,#15810);
#15805 = PLANE('',#15806);
#15806 = AXIS2_PLACEMENT_3D('',#15807,#15808,#15809);
#15807 = CARTESIAN_POINT('',(14.84,-6.35,-14.6));
#15808 = DIRECTION('',(0.,0.,1.));
#15809 = DIRECTION('',(1.,0.,-0.));
#15810 = DEFINITIONAL_REPRESENTATION('',(#15811),#15815);
#15811 = CIRCLE('',#15812,1.);
#15812 = AXIS2_PLACEMENT_2D('',#15813,#15814);
#15813 = CARTESIAN_POINT('',(20.32,12.7));
#15814 = DIRECTION('',(1.,0.));
#15815 = ( GEOMETRIC_REPRESENTATION_CONTEXT(2) 
PARAMETRIC_REPRESENTATION_CONTEXT() REPRESENTATION_CONTEXT('2D SPACE',''
  ) );
#15816 = ORIENTED_EDGE('',*,*,#15817,.T.);
#15817 = EDGE_CURVE('',#15789,#14526,#15818,.T.);
#15818 = SEAM_CURVE('',#15819,(#15823,#15830),.PCURVE_S1.);
#15819 = LINE('',#15820,#15821);
#15820 = CARTESIAN_POINT('',(36.16,6.35,-14.6));
#15821 = VECTOR('',#15822,1.);
#15822 = DIRECTION('',(0.,0.,1.));
#15823 = PCURVE('',#14546,#15824);
#15824 = DEFINITIONAL_REPRESENTATION('',(#15825),#15829);
#15825 = LINE('',#15826,#15827);
#15826 = CARTESIAN_POINT('',(-6.28318530718,0.));
#15827 = VECTOR('',#15828,1.);
#15828 = DIRECTION('',(-0.,-1.));
#15829 = ( GEOMETRIC_REPRESENTATION_CONTEXT(2) 
PARAMETRIC_REPRESENTATION_CONTEXT() REPRESENTATION_CONTEXT('2D SPACE',''
  ) );
#15830 = PCURVE('',#14546,#15831);
#15831 = DEFINITIONAL_REPRESENTATION('',(#15832),#15836);
#15832 = LINE('',#15833,#15834);
#15833 = CARTESIAN_POINT('',(-0.,0.));
#15834 = VECTOR('',#15835,1.);
#15835 = DIRECTION('',(-0.,-1.));
#15836 = ( GEOMETRIC_REPRESENTATION_CONTEXT(2) 
PARAMETRIC_REPRESENTATION_CONTEXT() REPRESENTATION_CONTEXT('2D SPACE',''
  ) );
#15837 = ORIENTED_EDGE('',*,*,#14525,.F.);
#15838 = ORIENTED_EDGE('',*,*,#15817,.F.);
#15839 = ADVANCED_FACE('',(#15840),#14578,.T.);
#15840 = FACE_BOUND('',#15841,.T.);
#15841 = EDGE_LOOP('',(#15842));
#15842 = ORIENTED_EDGE('',*,*,#14561,.T.);
#15843 = ADVANCED_FACE('',(#15844),#14633,.T.);
#15844 = FACE_BOUND('',#15845,.T.);
#15845 = EDGE_LOOP('',(#15846));
#15846 = ORIENTED_EDGE('',*,*,#14616,.T.);
#15847 = ADVANCED_FACE('',(#15848),#14688,.T.);
#15848 = FACE_BOUND('',#15849,.T.);
#15849 = EDGE_LOOP('',(#15850));
#15850 = ORIENTED_EDGE('',*,*,#14671,.T.);
#15851 = ADVANCED_FACE('',(#15852),#14743,.T.);
#15852 = FACE_BOUND('',#15853,.T.);
#15853 = EDGE_LOOP('',(#15854));
#15854 = ORIENTED_EDGE('',*,*,#14726,.T.);
#15855 = ADVANCED_FACE('',(#15856),#14799,.T.);
#15856 = FACE_BOUND('',#15857,.F.);
#15857 = EDGE_LOOP('',(#15858,#15859,#15860));
#15858 = ORIENTED_EDGE('',*,*,#14925,.F.);
#15859 = ORIENTED_EDGE('',*,*,#14814,.T.);
#15860 = ORIENTED_EDGE('',*,*,#14784,.F.);
#15861 = ADVANCED_FACE('',(#15862),#14854,.T.);
#15862 = FACE_BOUND('',#15863,.T.);
#15863 = EDGE_LOOP('',(#15864,#15865,#15866,#15867));
#15864 = ORIENTED_EDGE('',*,*,#14947,.F.);
#15865 = ORIENTED_EDGE('',*,*,#14838,.T.);
#15866 = ORIENTED_EDGE('',*,*,#15051,.T.);
#15867 = ORIENTED_EDGE('',*,*,#15155,.F.);
#15868 = ADVANCED_FACE('',(#15869),#14881,.T.);
#15869 = FACE_BOUND('',#15870,.T.);
#15870 = EDGE_LOOP('',(#15871,#15872,#15873));
#15871 = ORIENTED_EDGE('',*,*,#15029,.F.);
#15872 = ORIENTED_EDGE('',*,*,#14866,.T.);
#15873 = ORIENTED_EDGE('',*,*,#14900,.F.);
#15874 = ADVANCED_FACE('',(#15875),#14985,.T.);
#15875 = FACE_BOUND('',#15876,.F.);
#15876 = EDGE_LOOP('',(#15877,#15878,#15879));
#15877 = ORIENTED_EDGE('',*,*,#15004,.F.);
#15878 = ORIENTED_EDGE('',*,*,#15133,.T.);
#15879 = ORIENTED_EDGE('',*,*,#14970,.F.);
#15880 = ADVANCED_FACE('',(#15881),#15089,.T.);
#15881 = FACE_BOUND('',#15882,.T.);
#15882 = EDGE_LOOP('',(#15883,#15884,#15885));
#15883 = ORIENTED_EDGE('',*,*,#15108,.F.);
#15884 = ORIENTED_EDGE('',*,*,#15176,.T.);
#15885 = ORIENTED_EDGE('',*,*,#15074,.F.);
#15886 = ADVANCED_FACE('',(#15887),#15219,.T.);
#15887 = FACE_BOUND('',#15888,.T.);
#15888 = EDGE_LOOP('',(#15889));
#15889 = ORIENTED_EDGE('',*,*,#15202,.T.);
#15890 = ADVANCED_FACE('',(#15891),#15274,.T.);
#15891 = FACE_BOUND('',#15892,.T.);
#15892 = EDGE_LOOP('',(#15893));
#15893 = ORIENTED_EDGE('',*,*,#15257,.T.);
#15894 = ADVANCED_FACE('',(#15895),#15330,.T.);
#15895 = FACE_BOUND('',#15896,.F.);
#15896 = EDGE_LOOP('',(#15897,#15898,#15899));
#15897 = ORIENTED_EDGE('',*,*,#15456,.F.);
#15898 = ORIENTED_EDGE('',*,*,#15345,.T.);
#15899 = ORIENTED_EDGE('',*,*,#15315,.F.);
#15900 = ADVANCED_FACE('',(#15901),#15385,.T.);
#15901 = FACE_BOUND('',#15902,.T.);
#15902 = EDGE_LOOP('',(#15903,#15904,#15905,#15906));
#15903 = ORIENTED_EDGE('',*,*,#15478,.F.);
#15904 = ORIENTED_EDGE('',*,*,#15369,.T.);
#15905 = ORIENTED_EDGE('',*,*,#15582,.T.);
#15906 = ORIENTED_EDGE('',*,*,#15686,.F.);
#15907 = ADVANCED_FACE('',(#15908),#15412,.T.);
#15908 = FACE_BOUND('',#15909,.T.);
#15909 = EDGE_LOOP('',(#15910,#15911,#15912));
#15910 = ORIENTED_EDGE('',*,*,#15560,.F.);
#15911 = ORIENTED_EDGE('',*,*,#15397,.T.);
#15912 = ORIENTED_EDGE('',*,*,#15431,.F.);
#15913 = ADVANCED_FACE('',(#15914),#15516,.T.);
#15914 = FACE_BOUND('',#15915,.F.);
#15915 = EDGE_LOOP('',(#15916,#15917,#15918));
#15916 = ORIENTED_EDGE('',*,*,#15535,.F.);
#15917 = ORIENTED_EDGE('',*,*,#15664,.T.);
#15918 = ORIENTED_EDGE('',*,*,#15501,.F.);
#15919 = ADVANCED_FACE('',(#15920),#15620,.T.);
#15920 = FACE_BOUND('',#15921,.T.);
#15921 = EDGE_LOOP('',(#15922,#15923,#15924));
#15922 = ORIENTED_EDGE('',*,*,#15639,.F.);
#15923 = ORIENTED_EDGE('',*,*,#15707,.T.);
#15924 = ORIENTED_EDGE('',*,*,#15605,.F.);
#15925 = ADVANCED_FACE('',(#15926),#15750,.T.);
#15926 = FACE_BOUND('',#15927,.T.);
#15927 = EDGE_LOOP('',(#15928));
#15928 = ORIENTED_EDGE('',*,*,#15733,.T.);
#15929 = ADVANCED_FACE('',(#15930),#15805,.T.);
#15930 = FACE_BOUND('',#15931,.T.);
#15931 = EDGE_LOOP('',(#15932));
#15932 = ORIENTED_EDGE('',*,*,#15788,.T.);
#15933 = ( GEOMETRIC_REPRESENTATION_CONTEXT(3) 
GLOBAL_UNCERTAINTY_ASSIGNED_CONTEXT((#15937)) 
GLOBAL_UNIT_ASSIGNED_CONTEXT((#15934,#15935,#15936)) 
REPRESENTATION_CONTEXT('Context #1',
  '3D Context with UNIT and UNCERTAINTY') );
#15934 = ( LENGTH_UNIT() NAMED_UNIT(*) SI_UNIT(.MILLI.,.METRE.) );
#15935 = ( NAMED_UNIT(*) PLANE_ANGLE_UNIT() SI_UNIT($,.RADIAN.) );
#15936 = ( NAMED_UNIT(*) SI_UNIT($,.STERADIAN.) SOLID_ANGLE_UNIT() );
#15937 = UNCERTAINTY_MEASURE_WITH_UNIT(LENGTH_MEASURE(2.E-07),#15934,
  'distance_accuracy_value','confusion accuracy');
#15938 = PRODUCT_RELATED_PRODUCT_CATEGORY('part',$,(#7));
ENDSEC;
END-ISO-10303-21;
